Unity Editor version:    6000.0.58f2 (92dee566b325)
Branch:                  6000.0/respin/6000.0.58f2-44b8bf3a32
Build type:              Release
Batch mode:              YES
System name:             Linux
Distro version:          #1 ZEN SMP PREEMPT_DYNAMIC Sat, 11 Apr 2026 22:36:16 +0000
Kernel version:          6.19.12-zen1-1-zen
Architecture:            x86_64
Window Protocol:         Wayland (XWayland)
Available memory:        23731 MB
Using pre-set license
The selected window backend is (null) 
Desktop is 1920 x 1080 @ 60 Hz
Initialize udev device monitor.

COMMAND LINE ARGUMENTS:
Unity
-adb2
-batchMode
-noUpm
-name
AssetImportWorker1
-projectPath
/home/kastra/GenZ-Protest-Simulator
-logFile
Logs/AssetImportWorker1.log
-srvPort
46321
-job-worker-count
5
-background-job-worker-count
8
-gc-helper-count
1
Successfully changed project path to: /home/kastra/GenZ-Protest-Simulator

(Unity:9308): Gtk-CRITICAL **: 19:25:08.885: gtk_label_set_text: assertion 'GTK_IS_LABEL (label)' failed

(Unity:9308): Gtk-CRITICAL **: 19:25:08.887: gtk_label_set_text: assertion 'GTK_IS_LABEL (label)' failed
/home/kastra/GenZ-Protest-Simulator
[UnityMemory] Configuration Parameters - Can be set up in boot.config
    "memorysetup-bucket-allocator-granularity=16"
    "memorysetup-bucket-allocator-bucket-count=8"
    "memorysetup-bucket-allocator-block-size=33554432"
    "memorysetup-bucket-allocator-block-count=8"
    "memorysetup-main-allocator-block-size=16777216"
    "memorysetup-thread-allocator-block-size=16777216"
    "memorysetup-gfx-main-allocator-block-size=16777216"
    "memorysetup-gfx-thread-allocator-block-size=16777216"
    "memorysetup-cache-allocator-block-size=4194304"
    "memorysetup-typetree-allocator-block-size=2097152"
    "memorysetup-profiler-bucket-allocator-granularity=16"
    "memorysetup-profiler-bucket-allocator-bucket-count=8"
    "memorysetup-profiler-bucket-allocator-block-size=33554432"
    "memorysetup-profiler-bucket-allocator-block-count=8"
    "memorysetup-profiler-allocator-block-size=16777216"
    "memorysetup-profiler-editor-allocator-block-size=1048576"
    "memorysetup-temp-allocator-size-main=16777216"
    "memorysetup-job-temp-allocator-block-size=2097152"
    "memorysetup-job-temp-allocator-block-size-background=1048576"
    "memorysetup-job-temp-allocator-reduction-small-platforms=262144"
    "memorysetup-allocator-temp-initial-block-size-main=262144"
    "memorysetup-allocator-temp-initial-block-size-worker=262144"
    "memorysetup-temp-allocator-size-background-worker=32768"
    "memorysetup-temp-allocator-size-job-worker=262144"
    "memorysetup-temp-allocator-size-preload-manager=33554432"
    "memorysetup-temp-allocator-size-nav-mesh-worker=65536"
    "memorysetup-temp-allocator-size-audio-worker=65536"
    "memorysetup-temp-allocator-size-cloud-worker=32768"
    "memorysetup-temp-allocator-size-gi-baking-worker=262144"
    "memorysetup-temp-allocator-size-gi-baking-worker=262144"
    "memorysetup-temp-allocator-size-gi-baking-worker=262144"
    "memorysetup-temp-allocator-size-gi-baking-worker=262144"
    "memorysetup-temp-allocator-size-gi-baking-worker=262144"
    "memorysetup-temp-allocator-size-gfx=262144"
Player connection [139895290672768]  Target information:

Player connection [139895290672768]  * "[IP] 192.168.1.11 [Port] 0 [Flags] 2 [Guid] 1457972942 [EditorId] 1457972942 [Version] 1048832 [Id] LinuxEditor(16,192.168.1.11) [Debug] 1 [PackageName] LinuxEditor [ProjectName] Editor" 

Player connection [139895290672768] Host joined multi-casting on [225.0.0.222:54997]...
Player connection [139895290672768] Host joined alternative multi-casting on [225.0.0.222:34997]...
JobSystem: Creating JobQueue using job-worker-count value 5
Input System module state changed to: Initialized.
[Physics::Module] Initialized fallback backend.
[Physics::Module] Id: 0xdecafbad
Library Redirect Path: Library/
[Physics::Module] Selected backend.
[Physics::Module] Name: PhysX
[Physics::Module] Id: 0xf2b8ea05
[Physics::Module] SDK Version: 4.1.2
[Physics::Module] Integration Version: 1.0.0
[Physics::Module] Threading Mode: Multi-Threaded
Refreshing native plugins compatible for Editor in 0.83 ms, found 0 plugins.
Preloading 0 native plugins for Editor in 0.00 ms.
Initialize engine version: 6000.0.58f2 (92dee566b325)
[Subsystems] Discovering subsystems at path /home/kastra/Unity/Hub/Editor/6000.0.58f2/Editor/Data/Resources/UnitySubsystems
[Subsystems] Discovering subsystems at path /home/kastra/GenZ-Protest-Simulator/Assets
kGfxThreadingModeNonThreaded is not supported on OpenGL Core. Reverting to kGfxThreadingModeDirect instead.
GfxDevice: creating device client; kGfxThreadingModeDirect
GLX Extensions: GLX_ARB_context_flush_control GLX_ARB_create_context GLX_ARB_create_context_no_error GLX_ARB_create_context_profile GLX_ARB_create_context_robustness GLX_ARB_fbconfig_float GLX_ARB_framebuffer_sRGB GLX_ARB_get_proc_address GLX_ARB_multisample GLX_EXT_buffer_age GLX_EXT_create_context_es2_profile GLX_EXT_create_context_es_profile GLX_EXT_fbconfig_packed_float GLX_EXT_framebuffer_sRGB GLX_EXT_no_config_context GLX_EXT_swap_control GLX_EXT_swap_control_tear GLX_EXT_texture_from_pixmap GLX_EXT_visual_info GLX_EXT_visual_rating GLX_MESA_copy_sub_buffer GLX_MESA_gl_interop GLX_MESA_query_renderer GLX_MESA_swap_control GLX_OML_sync_control GLX_SGIS_multisample GLX_SGIX_fbconfig GLX_SGIX_pbuffer GLX_SGIX_visual_select_group GLX_SGI_make_current_read GLX_SGI_video_sync 
Renderer: Mesa Intel(R) UHD Graphics (ADL-S GT0.5)
Vendor:   Intel
Version:  4.6 (Core Profile) Mesa 26.0.5-arch1.1
GLES:     0
 GL_3DFX_texture_compression_FXT1 GL_AMD_conservative_depth GL_AMD_depth_clamp_separate GL_AMD_draw_buffers_blend GL_AMD_gpu_shader_int64 GL_AMD_multi_draw_indirect GL_AMD_performance_monitor GL_AMD_pinned_memory GL_AMD_query_buffer_object GL_AMD_seamless_cubemap_per_texture GL_AMD_shader_stencil_export GL_AMD_shader_trinary_minmax GL_AMD_texture_texture4 GL_AMD_vertex_shader_layer GL_AMD_vertex_shader_viewport_index GL_ANGLE_texture_compression_dxt3 GL_ANGLE_texture_compression_dxt5 GL_ARB_ES2_compatibility GL_ARB_ES3_1_compatibility GL_ARB_ES3_2_compatibility GL_ARB_ES3_compatibility GL_ARB_arrays_of_arrays GL_ARB_base_instance GL_ARB_blend_func_extended GL_ARB_buffer_storage GL_ARB_clear_buffer_object GL_ARB_clear_texture GL_ARB_clip_control GL_ARB_compressed_texture_pixel_storage GL_ARB_compute_shader GL_ARB_compute_variable_group_size GL_ARB_conditional_render_inverted GL_ARB_conservative_depth GL_ARB_copy_buffer GL_ARB_copy_image GL_ARB_cull_distance GL_ARB_debug_output GL_ARB_depth_buffer_float GL_ARB
_depth_clamp GL_ARB_derivative_control GL_ARB_direct_state_access GL_ARB_draw_buffers GL_ARB_draw_buffers_blend GL_ARB_draw_elements_base_vertex GL_ARB_draw_indirect GL_ARB_draw_instanced GL_ARB_enhanced_layouts GL_ARB_explicit_attrib_location GL_ARB_explicit_uniform_location GL_ARB_fragment_coord_conventions GL_ARB_fragment_layer_viewport GL_ARB_fragment_shader GL_ARB_fragment_shader_interlock GL_ARB_framebuffer_no_attachments GL_ARB_framebuffer_object GL_ARB_framebuffer_sRGB GL_ARB_get_program_binary GL_ARB_get_texture_sub_image GL_ARB_gl_spirv GL_ARB_gpu_shader5 GL_ARB_gpu_shader_fp64 GL_ARB_gpu_shader_int64 GL_ARB_half_float_pixel GL_ARB_half_float_vertex GL_ARB_indirect_parameters GL_ARB_instanced_arrays GL_ARB_internalformat_query GL_ARB_internalformat_query2 GL_ARB_invalidate_subdata GL_ARB_map_buffer_alignment GL_ARB_map_buffer_range GL_ARB_multi_bind GL_ARB_multi_draw_indirect GL_ARB_occlusion_query2 GL_ARB_parallel_shader_compile GL_ARB_pipeline_statistics_query GL_ARB_pixel_buffer_object GL_ARB_po
int_sprite GL_ARB_polygon_offset_clamp GL_ARB_post_depth_coverage GL_ARB_program_interface_query GL_ARB_provoking_vertex GL_ARB_query_buffer_object GL_ARB_robust_buffer_access_behavior GL_ARB_robustness GL_ARB_sample_shading GL_ARB_sampler_objects GL_ARB_seamless_cube_map GL_ARB_seamless_cubemap_per_texture GL_ARB_separate_shader_objects GL_ARB_shader_atomic_counter_ops GL_ARB_shader_atomic_counters GL_ARB_shader_ballot GL_ARB_shader_bit_encoding GL_ARB_shader_clock GL_ARB_shader_draw_parameters GL_ARB_shader_group_vote GL_ARB_shader_image_load_store GL_ARB_shader_image_size GL_ARB_shader_objects GL_ARB_shader_precision GL_ARB_shader_stencil_export GL_ARB_shader_storage_buffer_object GL_ARB_shader_subroutine GL_ARB_shader_texture_image_samples GL_ARB_shader_texture_lod GL_ARB_shader_viewport_layer_array GL_ARB_shading_language_420pack GL_ARB_shading_language_include GL_ARB_shading_language_packing GL_ARB_spirv_extensions GL_ARB_stencil_texturing GL_ARB_sync GL_ARB_tessellation_shader GL_ARB_texture_barrier G
L_ARB_texture_border_clamp GL_ARB_texture_buffer_object GL_ARB_texture_buffer_object_rgb32 GL_ARB_texture_buffer_range GL_ARB_texture_compression_bptc GL_ARB_texture_compression_rgtc GL_ARB_texture_cube_map_array GL_ARB_texture_filter_anisotropic GL_ARB_texture_filter_minmax GL_ARB_texture_float GL_ARB_texture_gather GL_ARB_texture_mirror_clamp_to_edge GL_ARB_texture_multisample GL_ARB_texture_non_power_of_two GL_ARB_texture_query_levels GL_ARB_texture_query_lod GL_ARB_texture_rectangle GL_ARB_texture_rg GL_ARB_texture_rgb10_a2ui GL_ARB_texture_stencil8 GL_ARB_texture_storage GL_ARB_texture_storage_multisample GL_ARB_texture_swizzle GL_ARB_texture_view GL_ARB_timer_query GL_ARB_transform_feedback2 GL_ARB_transform_feedback3 GL_ARB_transform_feedback_instanced GL_ARB_transform_feedback_overflow_query GL_ARB_uniform_buffer_object GL_ARB_vertex_array_bgra GL_ARB_vertex_array_object GL_ARB_vertex_attrib_64bit GL_ARB_vertex_attrib_binding GL_ARB_vertex_buffer_object GL_ARB_vertex_shader GL_ARB_vertex_type_10f_11f
_11f_rev GL_ARB_vertex_type_2_10_10_10_rev GL_ARB_viewport_array GL_ATI_blend_equation_separate GL_ATI_texture_float GL_EXT_EGL_image_storage GL_EXT_EGL_image_storage_compression GL_EXT_EGL_sync GL_EXT_abgr GL_EXT_blend_equation_separate GL_EXT_debug_label GL_EXT_demote_to_helper_invocation GL_EXT_depth_bounds_test GL_EXT_draw_buffers2 GL_EXT_draw_instanced GL_EXT_framebuffer_blit GL_EXT_framebuffer_multisample GL_EXT_framebuffer_multisample_blit_scaled GL_EXT_framebuffer_object GL_EXT_framebuffer_sRGB GL_EXT_memory_object GL_EXT_memory_object_fd GL_EXT_packed_depth_stencil GL_EXT_packed_float GL_EXT_pixel_buffer_object GL_EXT_polygon_offset_clamp GL_EXT_provoking_vertex GL_EXT_semaphore GL_EXT_semaphore_fd GL_EXT_shader_clock GL_EXT_shader_framebuffer_fetch GL_EXT_shader_framebuffer_fetch_non_coherent GL_EXT_shader_integer_mix GL_EXT_shader_samples_identical GL_EXT_texture_array GL_EXT_texture_compression_dxt1 GL_EXT_texture_compression_rgtc GL_EXT_texture_compression_s3tc GL_EXT_texture_filter_anisotropic 
GL_EXT_texture_integer GL_EXT_texture_sRGB GL_EXT_texture_sRGB_R8 GL_EXT_texture_sRGB_decode GL_EXT_texture_shadow_lod GL_EXT_texture_shared_exponent GL_EXT_texture_snorm GL_EXT_texture_storage GL_EXT_texture_swizzle GL_EXT_timer_query GL_EXT_transform_feedback GL_EXT_vertex_array_bgra GL_EXT_vertex_attrib_64bit GL_IBM_multimode_draw_arrays GL_INTEL_blackhole_render GL_INTEL_conservative_rasterization GL_INTEL_performance_query GL_INTEL_shader_atomic_float_minmax GL_INTEL_shader_integer_functions2 GL_KHR_blend_equation_advanced GL_KHR_blend_equation_advanced_coherent GL_KHR_context_flush_control GL_KHR_debug GL_KHR_no_error GL_KHR_parallel_shader_compile GL_KHR_robust_buffer_access_behavior GL_KHR_robustness GL_KHR_shader_subgroup GL_KHR_texture_compression_astc_ldr GL_KHR_texture_compression_astc_sliced_3d GL_MESA_framebuffer_flip_y GL_MESA_pack_invert GL_MESA_shader_integer_functions GL_MESA_texture_const_bandwidth GL_MESA_texture_signed_rgba GL_NV_alpha_to_coverage_dither_control GL_NV_compute_shader_deri
vatives GL_NV_conditional_render GL_NV_copy_image GL_NV_depth_clamp GL_NV_fragment_shader_interlock GL_NV_packed_depth_stencil GL_NV_texture_barrier GL_OES_EGL_image GL_S3_s3tc
OPENGL LOG: Creating OpenGL 4.6 graphics device ; Context level  <OpenGL 4.5> ; Context handle 1844631152
Shader Hidden/ProbeVolume/VoxelizeScene is not supported: GPU does not support conservative rasterization
Initialize mono
Mono path[0] = '/home/kastra/Unity/Hub/Editor/6000.0.58f2/Editor/Data/Managed'
Mono path[1] = '/home/kastra/Unity/Hub/Editor/6000.0.58f2/Editor/Data/MonoBleedingEdge/lib/mono/unityjit-linux'
Mono config path = '/home/kastra/Unity/Hub/Editor/6000.0.58f2/Editor/Data/MonoBleedingEdge/etc'
Using monoOptions --debugger-agent=transport=dt_socket,embedding=1,server=y,suspend=n,address=127.0.0.1:56308
Begin MonoManager ReloadAssembly
Registering precompiled unity dll's ...
Register platform support module: /home/kastra/Unity/Hub/Editor/6000.0.58f2/Editor/Data/PlaybackEngines/LinuxStandaloneSupport/UnityEditor.LinuxStandalone.Extensions.dll
Registered in 0.002058 seconds.
- Loaded All Assemblies, in  0.429 seconds
Native extension for LinuxStandalone target not found
Mono: successfully reloaded assembly
- Finished resetting the current domain, in  0.580 seconds
Domain Reload Profiling: 1009ms
	BeginReloadAssembly (87ms)
		ExecutionOrderSort (0ms)
		DisableScriptedObjects (0ms)
		BackupInstance (0ms)
		ReleaseScriptingObjects (0ms)
		CreateAndSetChildDomain (1ms)
	RebuildCommonClasses (50ms)
	RebuildNativeTypeToScriptingClass (12ms)
	initialDomainReloadingComplete (73ms)
	LoadAllAssembliesAndSetupDomain (207ms)
		LoadAssemblies (85ms)
		RebuildTransferFunctionScriptingTraits (0ms)
		AnalyzeDomain (204ms)
			TypeCache.Refresh (203ms)
				TypeCache.ScanAssembly (187ms)
			BuildScriptInfoCaches (0ms)
			ResolveRequiredComponents (1ms)
	FinalizeReload (580ms)
		ReleaseScriptCaches (0ms)
		RebuildScriptCaches (0ms)
		SetupLoadedEditorAssemblies (511ms)
			LogAssemblyErrors (0ms)
			InitializePlatformSupportModulesInManaged (31ms)
			SetLoadedEditorAssemblies (10ms)
			BeforeProcessingInitializeOnLoad (126ms)
			ProcessInitializeOnLoadAttributes (252ms)
			ProcessInitializeOnLoadMethodAttributes (92ms)
			AfterProcessingInitializeOnLoad (0ms)
			EditorAssembliesLoaded (0ms)
		ExecutionOrderSort2 (0ms)
		AwakeInstancesAfterBackupRestoration (0ms)
Assembly reference Packages/com.unity.cinemachine/Editor/Samples/ExposeHDRPInternals/HDRP-Editor-ref.asmref has no target assembly definition
========================================================================
Worker process is ready to serve import requests
Import Worker Mode flag is 0x00
Assembly reference Packages/com.unity.cinemachine/Editor/Samples/ExposeHDRPInternals/HDRP-Editor-ref.asmref has no target assembly definition
Assembly reference Packages/com.unity.cinemachine/Editor/Samples/ExposeHDRPInternals/HDRP-Editor-ref.asmref has no target assembly definition
Begin MonoManager ReloadAssembly
- Loaded All Assemblies, in  0.928 seconds
Assembly reference Packages/com.unity.cinemachine/Editor/Samples/ExposeHDRPInternals/HDRP-Editor-ref.asmref has no target assembly definition
'Packages/com.unity.cinemachine/Editor/Obsolete/CinemachineVirtualCameraBaseEditor.cs' contains partial class of Unity.Object, exactly 1 of the partial classes needs to be in a file with the same filename. This is to know the one that can be referenced from ie. GameObjects
'Packages/com.unity.cinemachine/Editor/Editors/CinemachineVirtualCameraBaseEditor.cs' contains partial class of Unity.Object, exactly 1 of the partial classes needs to be in a file with the same filename. This is to know the one that can be referenced from ie. GameObjects
Refreshing native plugins compatible for Editor in 0.56 ms, found 0 plugins.
Native extension for LinuxStandalone target not found
Assembly reference Packages/com.unity.cinemachine/Editor/Samples/ExposeHDRPInternals/HDRP-Editor-ref.asmref has no target assembly definition
Package Manager log level set to [2]
[Package Manager] Failed to launch server process. Reason: Unity was launched with the -noUpm command-line argument
[Package Manager] Unable to send message (not connected to server process).
[Package Manager] Cannot connect to Unity Package Manager local server
[Package Manager] Failed to launch server process. Reason: Unity was launched with the -noUpm command-line argument
[Package Manager] Unable to send message (not connected to server process).
[Package Manager] Cannot connect to Unity Package Manager local server
Refreshing native plugins compatible for Editor in 0.66 ms, found 0 plugins.
UpdateMenuTitleForLanguage: 10
[MODES] ModeService[none].Initialize
[MODES] ModeService[none].LoadModes
[MODES] Loading mode Default (0) for mode-current-id-GenZ-Protest-Simulator
Mono: successfully reloaded assembly
- Finished resetting the current domain, in  1.177 seconds
Domain Reload Profiling: 2104ms
	BeginReloadAssembly (177ms)
		ExecutionOrderSort (0ms)
		DisableScriptedObjects (8ms)
		BackupInstance (0ms)
		ReleaseScriptingObjects (0ms)
		CreateAndSetChildDomain (47ms)
	RebuildCommonClasses (48ms)
	RebuildNativeTypeToScriptingClass (11ms)
	initialDomainReloadingComplete (56ms)
	LoadAllAssembliesAndSetupDomain (634ms)
		LoadAssemblies (324ms)
		RebuildTransferFunctionScriptingTraits (0ms)
		AnalyzeDomain (376ms)
			TypeCache.Refresh (282ms)
				TypeCache.ScanAssembly (257ms)
			BuildScriptInfoCaches (75ms)
			ResolveRequiredComponents (17ms)
	FinalizeReload (1177ms)
		ReleaseScriptCaches (0ms)
		RebuildScriptCaches (0ms)
		SetupLoadedEditorAssemblies (915ms)
			LogAssemblyErrors (0ms)
			InitializePlatformSupportModulesInManaged (4ms)
			SetLoadedEditorAssemblies (6ms)
			BeforeProcessingInitializeOnLoad (188ms)
			ProcessInitializeOnLoadAttributes (551ms)
			ProcessInitializeOnLoadMethodAttributes (161ms)
			AfterProcessingInitializeOnLoad (4ms)
			EditorAssembliesLoaded (0ms)
		ExecutionOrderSort2 (0ms)
		AwakeInstancesAfterBackupRestoration (5ms)
Shader Hidden/ProbeVolume/VoxelizeScene is not supported: GPU does not support conservative rasterization
AutoLocale: current locale expects 'C' but got 'en_US.UTF-8'Launched and connected shader compiler UnityShaderCompiler after 0.01 seconds
Refreshing native plugins compatible for Editor in 0.67 ms, found 0 plugins.
Preloading 0 native plugins for Editor in 0.00 ms.
Unloading 27 Unused Serialized files (Serialized files now loaded: 0)
Unloading 7125 unused Assets / (6.2 MB). Loaded Objects now: 7827.
Memory consumption went from 133.6 MB to 127.5 MB.
Total: 14.415602 ms (FindLiveObjects: 0.718156 ms CreateObjectMapping: 0.859822 ms MarkObjects: 8.452752 ms  DeleteObjects: 4.383052 ms)

========================================================================
Received Import Request.
  Time since last request: 2086.012198 seconds.
  path: Assets/BodyGuards
  artifactKey: Guid(8242e64ef5005263698f2f9cfdfaa49b) Importer(815301076,1909f56bfc062723c751e8b465ee728b)
Start importing Assets/BodyGuards using Guid(8242e64ef5005263698f2f9cfdfaa49b) Importer(815301076,1909f56bfc062723c751e8b465ee728b) (PreviewImporter) -> (artifact id: '2c9a47cf8b9edcb801f5dfb2d15a526c') in 0.008348238 seconds
Number of updated asset objects reloaded before import = 0Number of asset objects unloaded after import = 0

========================================================================
Received Import Request.
  Time since last request: 0.000018 seconds.
  path: Assets/BodyGuards/Meshes/screen.fbx
  artifactKey: Guid(a6e4323446051b94e961883501d13337) Importer(815301076,1909f56bfc062723c751e8b465ee728b)
Start importing Assets/BodyGuards/Meshes/screen.fbx using Guid(a6e4323446051b94e961883501d13337) Importer(815301076,1909f56bfc062723c751e8b465ee728b) (PreviewImporter) -> (artifact id: 'b776256336ab9b2887585dd260bcf74f') in 0.759857616 seconds
Number of updated asset objects reloaded before import = 0Number of asset objects unloaded after import = 10

========================================================================
Received Import Request.
  Time since last request: 0.000052 seconds.
  path: Assets/BodyGuards/Meshes/Materials
  artifactKey: Guid(ee10cb82740d12056928d053c1a96af7) Importer(815301076,1909f56bfc062723c751e8b465ee728b)
Start importing Assets/BodyGuards/Meshes/Materials using Guid(ee10cb82740d12056928d053c1a96af7) Importer(815301076,1909f56bfc062723c751e8b465ee728b) (PreviewImporter) -> (artifact id: '9b02523396a0cde6e2508e7b962eb4b7') in 0.00049734 seconds
Number of updated asset objects reloaded before import = 0Number of asset objects unloaded after import = 0

========================================================================
Received Import Request.
  Time since last request: 0.000040 seconds.
  path: Assets/BodyGuards/Meshes/SkelMesh_Bodyguard_04.fbx
  artifactKey: Guid(69e0bf832ba8212478b45616cc569f75) Importer(815301076,1909f56bfc062723c751e8b465ee728b)
Start importing Assets/BodyGuards/Meshes/SkelMesh_Bodyguard_04.fbx using Guid(69e0bf832ba8212478b45616cc569f75) Importer(815301076,1909f56bfc062723c751e8b465ee728b) (PreviewImporter) -> (artifact id: '4a89004f70f7837d21158a955239f2b2') in 0.261405578 seconds
Number of updated asset objects reloaded before import = 0Number of asset objects unloaded after import = 184

========================================================================
Received Import Request.
  Time since last request: 0.000039 seconds.
  path: Assets/BodyGuards/Meshes/SkelMesh_Bodyguard_02.fbx
  artifactKey: Guid(765e2fde8c84f094e99304c6198491ea) Importer(815301076,1909f56bfc062723c751e8b465ee728b)
Start importing Assets/BodyGuards/Meshes/SkelMesh_Bodyguard_02.fbx using Guid(765e2fde8c84f094e99304c6198491ea) Importer(815301076,1909f56bfc062723c751e8b465ee728b) (PreviewImporter) -> (artifact id: '18e0ea184b3481cd8a717859a0212952') in 0.141860386 seconds
Number of updated asset objects reloaded before import = 0Number of asset objects unloaded after import = 180

========================================================================
Received Import Request.
  Time since last request: 0.000050 seconds.
  path: Assets/BodyGuards/Meshes/Materials/Boduguard_03_D.mat
  artifactKey: Guid(1c568156d9d473c42a9182ac94535a12) Importer(815301076,1909f56bfc062723c751e8b465ee728b)
Start importing Assets/BodyGuards/Meshes/Materials/Boduguard_03_D.mat using Guid(1c568156d9d473c42a9182ac94535a12) Importer(815301076,1909f56bfc062723c751e8b465ee728b) (PreviewImporter) -> (artifact id: '4d58a5caac749769db71f01e5c4f1ed4') in 0.067894294 seconds
Number of updated asset objects reloaded before import = 0Number of asset objects unloaded after import = 5

========================================================================
Received Import Request.
  Time since last request: 2.621804 seconds.
  path: Assets/BodyGuards/Textures/Boduguard_01_N.tga
  artifactKey: Guid(542c0bc0f8220ad4fa97f4ac60d10aec) Importer(815301076,1909f56bfc062723c751e8b465ee728b)
Start importing Assets/BodyGuards/Textures/Boduguard_01_N.tga using Guid(542c0bc0f8220ad4fa97f4ac60d10aec) Importer(815301076,1909f56bfc062723c751e8b465ee728b) (PreviewImporter) -> (artifact id: 'd43a115cd83bda34ee098689128cc437') in 0.059915273 seconds
Number of updated asset objects reloaded before import = 0Number of asset objects unloaded after import = 2

========================================================================
Received Import Request.
  Time since last request: 0.000040 seconds.
  path: Assets/BodyGuards/Textures/Boduguard_02_Ao.tga
  artifactKey: Guid(30afadbf948915849a277a91e4eb6d01) Importer(815301076,1909f56bfc062723c751e8b465ee728b)
Start importing Assets/BodyGuards/Textures/Boduguard_02_Ao.tga using Guid(30afadbf948915849a277a91e4eb6d01) Importer(815301076,1909f56bfc062723c751e8b465ee728b) (PreviewImporter) -> (artifact id: '2bf6346680a95aab8c72a107c43ecf0c') in 0.013296372 seconds
Number of updated asset objects reloaded before import = 0Number of asset objects unloaded after import = 2

========================================================================
Received Import Request.
  Time since last request: 0.000041 seconds.
  path: Assets/BodyGuards/Textures/Boduguard_03_Ao.tga
  artifactKey: Guid(ad84309fd7596a7449d9d8cb704b30f4) Importer(815301076,1909f56bfc062723c751e8b465ee728b)
Start importing Assets/BodyGuards/Textures/Boduguard_03_Ao.tga using Guid(ad84309fd7596a7449d9d8cb704b30f4) Importer(815301076,1909f56bfc062723c751e8b465ee728b) (PreviewImporter) -> (artifact id: '9cf27ed8b62b1e1a3a57016f90c384d8') in 0.01576692 seconds
Number of updated asset objects reloaded before import = 0Number of asset objects unloaded after import = 2

========================================================================
Received Import Request.
  Time since last request: 0.000022 seconds.
  path: Assets/BodyGuards/Textures/Boduguard_03_N.tga
  artifactKey: Guid(f22d5b607195c95459236ec533e7df06) Importer(815301076,1909f56bfc062723c751e8b465ee728b)
Start importing Assets/BodyGuards/Textures/Boduguard_03_N.tga using Guid(f22d5b607195c95459236ec533e7df06) Importer(815301076,1909f56bfc062723c751e8b465ee728b) (PreviewImporter) -> (artifact id: '320786a14589715bafb6f4e917a20f0e') in 0.012951216 seconds
Number of updated asset objects reloaded before import = 0Number of asset objects unloaded after import = 2

========================================================================
Received Import Request.
  Time since last request: 30.178196 seconds.
  path: Assets/BodyGuards/Meshes/SkelMesh_Bodyguard_02.fbx
  artifactKey: Guid(765e2fde8c84f094e99304c6198491ea) Importer(815301076,1909f56bfc062723c751e8b465ee728b)
Start importing Assets/BodyGuards/Meshes/SkelMesh_Bodyguard_02.fbx using Guid(765e2fde8c84f094e99304c6198491ea) Importer(815301076,1909f56bfc062723c751e8b465ee728b) (PreviewImporter) -> (artifact id: '4d2a2c8ef56c47ff1eeef2eb7cc8ae78') in 1.91443521 seconds
Number of updated asset objects reloaded before import = 0Number of asset objects unloaded after import = 180

========================================================================
Received Import Request.
  Time since last request: 0.000036 seconds.
  path: Assets/BodyGuards/Meshes/SkelMesh_Bodyguard_04.fbx
  artifactKey: Guid(69e0bf832ba8212478b45616cc569f75) Importer(815301076,1909f56bfc062723c751e8b465ee728b)
Start importing Assets/BodyGuards/Meshes/SkelMesh_Bodyguard_04.fbx using Guid(69e0bf832ba8212478b45616cc569f75) Importer(815301076,1909f56bfc062723c751e8b465ee728b) (PreviewImporter) -> (artifact id: '97d306b24fb04105013c58669657c24e') in 0.194251398 seconds
Number of updated asset objects reloaded before import = 0Number of asset objects unloaded after import = 184

========================================================================
Received Import Request.
  Time since last request: 7.379801 seconds.
  path: Assets/BodyGuards/Meshes/Materials/Screen.mat
  artifactKey: Guid(d96e8d03daef94649bd028f4efd2773f) Importer(815301076,1909f56bfc062723c751e8b465ee728b)
Start importing Assets/BodyGuards/Meshes/Materials/Screen.mat using Guid(d96e8d03daef94649bd028f4efd2773f) Importer(815301076,1909f56bfc062723c751e8b465ee728b) (PreviewImporter) -> (artifact id: 'e307a700916cc4e7aa7c70ecd7f0531b') in 1.541299579 seconds
Number of updated asset objects reloaded before import = 0Number of asset objects unloaded after import = 1

========================================================================
Received Import Request.
  Time since last request: 201.268342 seconds.
  path: Assets/BodyGuards/Meshes/SkelMesh_Bodyguard_01.fbx
  artifactKey: Guid(bdd7a03fd93bf2d4cb6babd63ceabee8) Importer(815301076,1909f56bfc062723c751e8b465ee728b)
Start importing Assets/BodyGuards/Meshes/SkelMesh_Bodyguard_01.fbx using Guid(bdd7a03fd93bf2d4cb6babd63ceabee8) Importer(815301076,1909f56bfc062723c751e8b465ee728b) (PreviewImporter) -> (artifact id: '1ccb13d5bdde20b1b9a6565012ef9d67') in 0.110306407 seconds
Number of updated asset objects reloaded before import = 0Number of asset objects unloaded after import = 180

========================================================================
Received Import Request.
  Time since last request: 0.000046 seconds.
  path: Assets/BodyGuards/Meshes/SkelMesh_Bodyguard_03.fbx
  artifactKey: Guid(6996385895b383749b266464bf872c69) Importer(815301076,1909f56bfc062723c751e8b465ee728b)
Start importing Assets/BodyGuards/Meshes/SkelMesh_Bodyguard_03.fbx using Guid(6996385895b383749b266464bf872c69) Importer(815301076,1909f56bfc062723c751e8b465ee728b) (PreviewImporter) -> (artifact id: '4b369c11728ccad8ab5add7460d02520') in 0.131138974 seconds
Number of updated asset objects reloaded before import = 0Number of asset objects unloaded after import = 179

========================================================================
Received Import Request.
  Time since last request: 0.000042 seconds.
  path: Assets/BodyGuards/Meshes/SkelMesh_Bodyguard_02.fbx
  artifactKey: Guid(765e2fde8c84f094e99304c6198491ea) Importer(815301076,1909f56bfc062723c751e8b465ee728b)
Start importing Assets/BodyGuards/Meshes/SkelMesh_Bodyguard_02.fbx using Guid(765e2fde8c84f094e99304c6198491ea) Importer(815301076,1909f56bfc062723c751e8b465ee728b) (PreviewImporter) -> (artifact id: 'ac9769c8d332cbe0b29d51d020626035') in 0.129098048 seconds
Number of updated asset objects reloaded before import = 0Number of asset objects unloaded after import = 180

========================================================================
Received Import Request.
  Time since last request: 815.429215 seconds.
  path: Assets/Animations
  artifactKey: Guid(54359ddaad46f65669d6e90af5476262) Importer(815301076,1909f56bfc062723c751e8b465ee728b)
Start importing Assets/Animations using Guid(54359ddaad46f65669d6e90af5476262) Importer(815301076,1909f56bfc062723c751e8b465ee728b) (PreviewImporter) -> (artifact id: '0d320db0133294af42178d3bf46304c2') in 0.000766779 seconds
Number of updated asset objects reloaded before import = 0Number of asset objects unloaded after import = 0

========================================================================
Received Import Request.
  Time since last request: 73.871608 seconds.
  path: Assets/Animations/Breathing Idle.fbx
  artifactKey: Guid(8c91fc39ec76d8041acaaef595670418) Importer(815301076,1909f56bfc062723c751e8b465ee728b)
Start importing Assets/Animations/Breathing Idle.fbx using Guid(8c91fc39ec76d8041acaaef595670418) Importer(815301076,1909f56bfc062723c751e8b465ee728b) (PreviewImporter) -> (artifact id: '65c7aa343ad1b850ef6098fdeb57b192') in 0.010190068 seconds
Number of updated asset objects reloaded before import = 0Number of asset objects unloaded after import = 135

========================================================================
Received Import Request.
  Time since last request: 0.000043 seconds.
  path: Assets/Animations/Crouching Idle.fbx
  artifactKey: Guid(83b81a2f7fbedf72b863e11d77461a72) Importer(815301076,1909f56bfc062723c751e8b465ee728b)
Start importing Assets/Animations/Crouching Idle.fbx using Guid(83b81a2f7fbedf72b863e11d77461a72) Importer(815301076,1909f56bfc062723c751e8b465ee728b) (PreviewImporter) -> (artifact id: '7330d31f80cbf73da5cea3a6de22cb85') in 0.004960158 seconds
Number of updated asset objects reloaded before import = 0Number of asset objects unloaded after import = 135

========================================================================
Received Import Request.
  Time since last request: 0.000036 seconds.
  path: Assets/Animations/Walking.fbx
  artifactKey: Guid(0f3d7a9d0693dc11cbff7413f37a9ed1) Importer(815301076,1909f56bfc062723c751e8b465ee728b)
Start importing Assets/Animations/Walking.fbx using Guid(0f3d7a9d0693dc11cbff7413f37a9ed1) Importer(815301076,1909f56bfc062723c751e8b465ee728b) (PreviewImporter) -> (artifact id: '5ba63cdbc0a5e1b183ed93a731c66eed') in 0.004878254 seconds
Number of updated asset objects reloaded before import = 0Number of asset objects unloaded after import = 135

========================================================================
Received Import Request.
  Time since last request: 401.542762 seconds.
  path: Assets/SimplePoly City - Low Poly Assets/Models/Building Sky_big_color01.fbx
  artifactKey: Guid(152095147e5492c41a9718b9b09863a4) Importer(815301076,1909f56bfc062723c751e8b465ee728b)
Start importing Assets/SimplePoly City - Low Poly Assets/Models/Building Sky_big_color01.fbx using Guid(152095147e5492c41a9718b9b09863a4) Importer(815301076,1909f56bfc062723c751e8b465ee728b) (PreviewImporter) -> (artifact id: '3f9ec993a24770b322b1a9b3943124b0') in 0.025826431 seconds
Number of updated asset objects reloaded before import = 0Number of asset objects unloaded after import = 9

========================================================================
Received Import Request.
  Time since last request: 0.002747 seconds.
  path: Assets/SimplePoly City - Low Poly Assets/Models/Building_Bakery.fbx
  artifactKey: Guid(ea9803764c3c1e74b83f6dda1cfa0885) Importer(815301076,1909f56bfc062723c751e8b465ee728b)
Start importing Assets/SimplePoly City - Low Poly Assets/Models/Building_Bakery.fbx using Guid(ea9803764c3c1e74b83f6dda1cfa0885) Importer(815301076,1909f56bfc062723c751e8b465ee728b) (PreviewImporter) -> (artifact id: '1323507dab7f436a503d8563023304b4') in 0.030750334 seconds
Number of updated asset objects reloaded before import = 0Number of asset objects unloaded after import = 9

========================================================================
Received Import Request.
  Time since last request: 0.000032 seconds.
  path: Assets/SimplePoly City - Low Poly Assets/Models/Building_Bar.fbx
  artifactKey: Guid(71baf848e76aefd4e9d729d470d2081a) Importer(815301076,1909f56bfc062723c751e8b465ee728b)
Start importing Assets/SimplePoly City - Low Poly Assets/Models/Building_Bar.fbx using Guid(71baf848e76aefd4e9d729d470d2081a) Importer(815301076,1909f56bfc062723c751e8b465ee728b) (PreviewImporter) -> (artifact id: '9511e225b1dd84a4cf87a04adf6619a9') in 0.051440235 seconds
Number of updated asset objects reloaded before import = 0Number of asset objects unloaded after import = 9

========================================================================
Received Import Request.
  Time since last request: 0.000060 seconds.
  path: Assets/SimplePoly City - Low Poly Assets/Models/Building_Auto Service.fbx
  artifactKey: Guid(c886fb979d2b589419f4cd3003261086) Importer(815301076,1909f56bfc062723c751e8b465ee728b)
Start importing Assets/SimplePoly City - Low Poly Assets/Models/Building_Auto Service.fbx using Guid(c886fb979d2b589419f4cd3003261086) Importer(815301076,1909f56bfc062723c751e8b465ee728b) (PreviewImporter) -> (artifact id: '4845c1c67e2c1a4417630e2e269ee236') in 0.03590784 seconds
Number of updated asset objects reloaded before import = 0Number of asset objects unloaded after import = 9

========================================================================
Received Import Request.
  Time since last request: 0.000036 seconds.
  path: Assets/SimplePoly City - Low Poly Assets/Models/Building_Chicken Shop.fbx
  artifactKey: Guid(83f25ee3b9f68a04faad68fee3d27b51) Importer(815301076,1909f56bfc062723c751e8b465ee728b)
Start importing Assets/SimplePoly City - Low Poly Assets/Models/Building_Chicken Shop.fbx using Guid(83f25ee3b9f68a04faad68fee3d27b51) Importer(815301076,1909f56bfc062723c751e8b465ee728b) (PreviewImporter) -> (artifact id: 'fbc972ec3149b6cfbed1821c1dc1c434') in 0.050701973 seconds
Number of updated asset objects reloaded before import = 0Number of asset objects unloaded after import = 9

========================================================================
Received Import Request.
  Time since last request: 0.000088 seconds.
  path: Assets/SimplePoly City - Low Poly Assets/Models/Building_Books Shop.fbx
  artifactKey: Guid(2c2dcc3c02224de46b4813f3110dca1f) Importer(815301076,1909f56bfc062723c751e8b465ee728b)
Start importing Assets/SimplePoly City - Low Poly Assets/Models/Building_Books Shop.fbx using Guid(2c2dcc3c02224de46b4813f3110dca1f) Importer(815301076,1909f56bfc062723c751e8b465ee728b) (PreviewImporter) -> (artifact id: '77a3f50087ab6e0644865659513aaa1a') in 0.073724843 seconds
Number of updated asset objects reloaded before import = 0Number of asset objects unloaded after import = 9

========================================================================
Received Import Request.
  Time since last request: 1.626323 seconds.
  path: Assets/SimplePoly City - Low Poly Assets/Models/Building_Clothing.fbx
  artifactKey: Guid(6f6936b8f5098f34ab9d2dbe641716f2) Importer(815301076,1909f56bfc062723c751e8b465ee728b)
Start importing Assets/SimplePoly City - Low Poly Assets/Models/Building_Clothing.fbx using Guid(6f6936b8f5098f34ab9d2dbe641716f2) Importer(815301076,1909f56bfc062723c751e8b465ee728b) (PreviewImporter) -> (artifact id: '222ad2bda4e086800d411f483e383fb2') in 0.021133031 seconds
Number of updated asset objects reloaded before import = 0Number of asset objects unloaded after import = 9

========================================================================
Received Import Request.
  Time since last request: 0.573315 seconds.
  path: Assets/SimplePoly City - Low Poly Assets/Models/Building_Drug Store.fbx
  artifactKey: Guid(1860d34e1bb20454eafce0acf664508b) Importer(815301076,1909f56bfc062723c751e8b465ee728b)
Start importing Assets/SimplePoly City - Low Poly Assets/Models/Building_Drug Store.fbx using Guid(1860d34e1bb20454eafce0acf664508b) Importer(815301076,1909f56bfc062723c751e8b465ee728b) (PreviewImporter) -> (artifact id: '0044f66eeda873a2ade80c6bb9391e3c') in 0.021742354 seconds
Number of updated asset objects reloaded before import = 0Number of asset objects unloaded after import = 9

========================================================================
Received Import Request.
  Time since last request: 0.000032 seconds.
  path: Assets/SimplePoly City - Low Poly Assets/Models/Building_Fast Food.fbx
  artifactKey: Guid(4ddf9dbec6534a14a9612193ee06f4d2) Importer(815301076,1909f56bfc062723c751e8b465ee728b)
Start importing Assets/SimplePoly City - Low Poly Assets/Models/Building_Fast Food.fbx using Guid(4ddf9dbec6534a14a9612193ee06f4d2) Importer(815301076,1909f56bfc062723c751e8b465ee728b) (PreviewImporter) -> (artifact id: 'e883fc4f0349ba41987da19461532a10') in 0.02172093 seconds
Number of updated asset objects reloaded before import = 0Number of asset objects unloaded after import = 9

========================================================================
Received Import Request.
  Time since last request: 0.147338 seconds.
  path: Assets/SimplePoly City - Low Poly Assets/Models/Building_Gas Station.fbx
  artifactKey: Guid(25449c1a4c4ca004ead70b6c0889695b) Importer(815301076,1909f56bfc062723c751e8b465ee728b)
Start importing Assets/SimplePoly City - Low Poly Assets/Models/Building_Gas Station.fbx using Guid(25449c1a4c4ca004ead70b6c0889695b) Importer(815301076,1909f56bfc062723c751e8b465ee728b) (PreviewImporter) -> (artifact id: '9927e738f88a58c7159ee4a5aaa46d3a') in 0.058728655 seconds
Number of updated asset objects reloaded before import = 0Number of asset objects unloaded after import = 9

========================================================================
Received Import Request.
  Time since last request: 0.000031 seconds.
  path: Assets/SimplePoly City - Low Poly Assets/Models/Building_House_01_color01.fbx
  artifactKey: Guid(6fddb771ca917c6498310bcc16a817e6) Importer(815301076,1909f56bfc062723c751e8b465ee728b)
Start importing Assets/SimplePoly City - Low Poly Assets/Models/Building_House_01_color01.fbx using Guid(6fddb771ca917c6498310bcc16a817e6) Importer(815301076,1909f56bfc062723c751e8b465ee728b) (PreviewImporter) -> (artifact id: '4b4caadaccf888d0a939253c143a7601') in 0.017670255 seconds
Number of updated asset objects reloaded before import = 0Number of asset objects unloaded after import = 9

========================================================================
Received Import Request.
  Time since last request: 0.199572 seconds.
  path: Assets/SimplePoly City - Low Poly Assets/Models/Building_House_03_color01.fbx
  artifactKey: Guid(4290fe0579b63f4429763c6c6d2f242d) Importer(815301076,1909f56bfc062723c751e8b465ee728b)
Start importing Assets/SimplePoly City - Low Poly Assets/Models/Building_House_03_color01.fbx using Guid(4290fe0579b63f4429763c6c6d2f242d) Importer(815301076,1909f56bfc062723c751e8b465ee728b) (PreviewImporter) -> (artifact id: 'a2039a39910ec8bf9a55cf4593d525a7') in 0.073506728 seconds
Number of updated asset objects reloaded before import = 0Number of asset objects unloaded after import = 9

========================================================================
Received Import Request.
  Time since last request: 0.000037 seconds.
  path: Assets/SimplePoly City - Low Poly Assets/Models/Building_Pizza.fbx
  artifactKey: Guid(d015ce89362e9504890f33e36733d925) Importer(815301076,1909f56bfc062723c751e8b465ee728b)
Start importing Assets/SimplePoly City - Low Poly Assets/Models/Building_Pizza.fbx using Guid(d015ce89362e9504890f33e36733d925) Importer(815301076,1909f56bfc062723c751e8b465ee728b) (PreviewImporter) -> (artifact id: 'ca01f723a702aed4f71f202be9e0b2e0') in 0.035889962 seconds
Number of updated asset objects reloaded before import = 0Number of asset objects unloaded after import = 9

========================================================================
Received Import Request.
  Time since last request: 2.609018 seconds.
  path: Assets/SimplePoly City - Low Poly Assets/Models/Building_Restaurant.fbx
  artifactKey: Guid(efc62b24c745a1f469c0d1453dfb41e3) Importer(815301076,1909f56bfc062723c751e8b465ee728b)
Start importing Assets/SimplePoly City - Low Poly Assets/Models/Building_Restaurant.fbx using Guid(efc62b24c745a1f469c0d1453dfb41e3) Importer(815301076,1909f56bfc062723c751e8b465ee728b) (PreviewImporter) -> (artifact id: 'b284a61fed1cb437e3b0a82f8a94d0da') in 0.331972075 seconds
Number of updated asset objects reloaded before import = 0Number of asset objects unloaded after import = 9

========================================================================
Received Import Request.
  Time since last request: 0.000042 seconds.
  path: Assets/SimplePoly City - Low Poly Assets/Models/Props_Roof Antenna.fbx
  artifactKey: Guid(cbdf54dd7a2ad4245a1dd6ccba9cc813) Importer(815301076,1909f56bfc062723c751e8b465ee728b)
Start importing Assets/SimplePoly City - Low Poly Assets/Models/Props_Roof Antenna.fbx using Guid(cbdf54dd7a2ad4245a1dd6ccba9cc813) Importer(815301076,1909f56bfc062723c751e8b465ee728b) (PreviewImporter) -> (artifact id: 'eab757c734dd7c166309ae36a123f49e') in 0.117040856 seconds
Number of updated asset objects reloaded before import = 0Number of asset objects unloaded after import = 9

========================================================================
Received Import Request.
  Time since last request: 0.000043 seconds.
  path: Assets/SimplePoly City - Low Poly Assets/Models/Road T_Intersection_01.fbx
  artifactKey: Guid(4026b0b37aa0fed4d95ed976da00e63f) Importer(815301076,1909f56bfc062723c751e8b465ee728b)
Start importing Assets/SimplePoly City - Low Poly Assets/Models/Road T_Intersection_01.fbx using Guid(4026b0b37aa0fed4d95ed976da00e63f) Importer(815301076,1909f56bfc062723c751e8b465ee728b) (PreviewImporter) -> (artifact id: '7e2b2243820455f4f00b6946fa474579') in 0.055533597 seconds
Number of updated asset objects reloaded before import = 0Number of asset objects unloaded after import = 9

========================================================================
Received Import Request.
  Time since last request: 0.000046 seconds.
  path: Assets/SimplePoly City - Low Poly Assets/Models/Road Corner_01.fbx
  artifactKey: Guid(17f3d60dae6c4024d980ef9e7722acaa) Importer(815301076,1909f56bfc062723c751e8b465ee728b)
Start importing Assets/SimplePoly City - Low Poly Assets/Models/Road Corner_01.fbx using Guid(17f3d60dae6c4024d980ef9e7722acaa) Importer(815301076,1909f56bfc062723c751e8b465ee728b) (PreviewImporter) -> (artifact id: 'a679f0f5aca2475cd25d24c4f850b633') in 0.111866533 seconds
Number of updated asset objects reloaded before import = 0Number of asset objects unloaded after import = 9

========================================================================
Received Import Request.
  Time since last request: 0.000041 seconds.
  path: Assets/Adventure_Character/Mesh/Man_Mesh.FBX
  artifactKey: Guid(b8a7488d12adc39498433d60811eab1a) Importer(815301076,1909f56bfc062723c751e8b465ee728b)
Start importing Assets/Adventure_Character/Mesh/Man_Mesh.FBX using Guid(b8a7488d12adc39498433d60811eab1a) Importer(815301076,1909f56bfc062723c751e8b465ee728b) (PreviewImporter) -> (artifact id: '2c506d27a611d0414ef32fb0dff87390') in 3.389234075 seconds
Number of updated asset objects reloaded before import = 0Number of asset objects unloaded after import = 189

========================================================================
Received Import Request.
  Time since last request: 0.000037 seconds.
  path: Assets/SimplePoly City - Low Poly Assets/Models/Vehicle_Pick up Truck_separate.fbx
  artifactKey: Guid(c99e98d2e12a88c42912742cf2de3eb6) Importer(815301076,1909f56bfc062723c751e8b465ee728b)
Start importing Assets/SimplePoly City - Low Poly Assets/Models/Vehicle_Pick up Truck_separate.fbx using Guid(c99e98d2e12a88c42912742cf2de3eb6) Importer(815301076,1909f56bfc062723c751e8b465ee728b) (PreviewImporter) -> (artifact id: 'a473dfc693f5c39ac7fa757968223459') in 0.164653806 seconds
Number of updated asset objects reloaded before import = 0Number of asset objects unloaded after import = 31

========================================================================
Received Import Request.
  Time since last request: 0.000023 seconds.
  path: Assets/SimplePoly City - Low Poly Assets/Models/Props_Fence.fbx
  artifactKey: Guid(4c3178e7d9864a349a71f8e4bc19a179) Importer(815301076,1909f56bfc062723c751e8b465ee728b)
Start importing Assets/SimplePoly City - Low Poly Assets/Models/Props_Fence.fbx using Guid(4c3178e7d9864a349a71f8e4bc19a179) Importer(815301076,1909f56bfc062723c751e8b465ee728b) (PreviewImporter) -> (artifact id: 'd43aa55093c32095dd14130fc5aee594') in 0.0741596 seconds
Number of updated asset objects reloaded before import = 0Number of asset objects unloaded after import = 9

========================================================================
Received Import Request.
  Time since last request: 0.000034 seconds.
  path: Assets/SimplePoly City - Low Poly Assets/Models/Props_Bench_1.fbx
  artifactKey: Guid(069faa75324807b4d99f059f6622d7c2) Importer(815301076,1909f56bfc062723c751e8b465ee728b)
Start importing Assets/SimplePoly City - Low Poly Assets/Models/Props_Bench_1.fbx using Guid(069faa75324807b4d99f059f6622d7c2) Importer(815301076,1909f56bfc062723c751e8b465ee728b) (PreviewImporter) -> (artifact id: 'ac99a11dcbd98daa72c1aca3e3ddd3f3') in 0.069815628 seconds
Number of updated asset objects reloaded before import = 0Number of asset objects unloaded after import = 9

========================================================================
Received Import Request.
  Time since last request: 0.000038 seconds.
  path: Assets/SimplePoly City - Low Poly Assets/Models/Props_Traffic Control Barrier Fence.fbx
  artifactKey: Guid(fa854a4fa7fb0b04a93f71178fcc44a7) Importer(815301076,1909f56bfc062723c751e8b465ee728b)
Start importing Assets/SimplePoly City - Low Poly Assets/Models/Props_Traffic Control Barrier Fence.fbx using Guid(fa854a4fa7fb0b04a93f71178fcc44a7) Importer(815301076,1909f56bfc062723c751e8b465ee728b) (PreviewImporter) -> (artifact id: 'c514cebb114ea119bd99cec7c5c5d9a7') in 0.084608435 seconds
Number of updated asset objects reloaded before import = 0Number of asset objects unloaded after import = 9

========================================================================
Received Import Request.
  Time since last request: 0.000031 seconds.
  path: Assets/SimplePoly City - Low Poly Assets/Models/Road Sidewalk.fbx
  artifactKey: Guid(be6b47deae1839141b5dea85228cfa3e) Importer(815301076,1909f56bfc062723c751e8b465ee728b)
Start importing Assets/SimplePoly City - Low Poly Assets/Models/Road Sidewalk.fbx using Guid(be6b47deae1839141b5dea85228cfa3e) Importer(815301076,1909f56bfc062723c751e8b465ee728b) (PreviewImporter) -> (artifact id: 'cb995165fdb682405dddf4b31c52191e') in 0.06555578 seconds
Number of updated asset objects reloaded before import = 0Number of asset objects unloaded after import = 9

========================================================================
Received Import Request.
  Time since last request: 0.000059 seconds.
  path: Assets/SimplePoly City - Low Poly Assets/Models/Natures_Pot Bush_big.fbx
  artifactKey: Guid(47c1421697edd00439084088bf4efb68) Importer(815301076,1909f56bfc062723c751e8b465ee728b)
Start importing Assets/SimplePoly City - Low Poly Assets/Models/Natures_Pot Bush_big.fbx using Guid(47c1421697edd00439084088bf4efb68) Importer(815301076,1909f56bfc062723c751e8b465ee728b) (PreviewImporter) -> (artifact id: 'bc8aeae8bc8599bd65cca1bc97d98d9e') in 0.062767019 seconds
Number of updated asset objects reloaded before import = 0Number of asset objects unloaded after import = 9

========================================================================
Received Import Request.
  Time since last request: 0.000044 seconds.
  path: Assets/SimplePoly City - Low Poly Assets/Models/Props_BillBoard_small.fbx
  artifactKey: Guid(98b9127e094001849abe00d6ae4f1c85) Importer(815301076,1909f56bfc062723c751e8b465ee728b)
Start importing Assets/SimplePoly City - Low Poly Assets/Models/Props_BillBoard_small.fbx using Guid(98b9127e094001849abe00d6ae4f1c85) Importer(815301076,1909f56bfc062723c751e8b465ee728b) (PreviewImporter) -> (artifact id: '64921bb19c2ef66f7e8905d0870eb7ee') in 0.079324719 seconds
Number of updated asset objects reloaded before import = 0Number of asset objects unloaded after import = 9

========================================================================
Received Import Request.
  Time since last request: 0.000028 seconds.
  path: Assets/SimplePoly City - Low Poly Assets/Models/Natures_Bush_02.fbx
  artifactKey: Guid(f65d01a310db1b74582d89cdcb63fe4b) Importer(815301076,1909f56bfc062723c751e8b465ee728b)
Start importing Assets/SimplePoly City - Low Poly Assets/Models/Natures_Bush_02.fbx using Guid(f65d01a310db1b74582d89cdcb63fe4b) Importer(815301076,1909f56bfc062723c751e8b465ee728b) (PreviewImporter) -> (artifact id: 'f3c11066b0b59dcecd4ec100483fc237') in 0.09121347 seconds
Number of updated asset objects reloaded before import = 0Number of asset objects unloaded after import = 9

========================================================================
Received Import Request.
  Time since last request: 0.000037 seconds.
  path: Assets/SimplePoly City - Low Poly Assets/Models/Vehicle_SUV_separate.fbx
  artifactKey: Guid(1592d15b209482a419d7871e61ae4e5e) Importer(815301076,1909f56bfc062723c751e8b465ee728b)
Start importing Assets/SimplePoly City - Low Poly Assets/Models/Vehicle_SUV_separate.fbx using Guid(1592d15b209482a419d7871e61ae4e5e) Importer(815301076,1909f56bfc062723c751e8b465ee728b) (PreviewImporter) -> (artifact id: '012e96d9fc9e94429ddceb058a9bdeab') in 0.280705022 seconds
Number of updated asset objects reloaded before import = 0Number of asset objects unloaded after import = 31

========================================================================
Received Import Request.
  Time since last request: 0.000041 seconds.
  path: Assets/SimplePoly City - Low Poly Assets/Models/Vehicle_Truck_separate.fbx
  artifactKey: Guid(4d73dd8cdf5db944da1cd14e579cee1a) Importer(815301076,1909f56bfc062723c751e8b465ee728b)
Start importing Assets/SimplePoly City - Low Poly Assets/Models/Vehicle_Truck_separate.fbx using Guid(4d73dd8cdf5db944da1cd14e579cee1a) Importer(815301076,1909f56bfc062723c751e8b465ee728b) (PreviewImporter) -> (artifact id: 'd0b565fa4f33a3a4c0318ad99f091627') in 0.283825059 seconds
Number of updated asset objects reloaded before import = 0Number of asset objects unloaded after import = 41

========================================================================
Received Import Request.
  Time since last request: 20.422201 seconds.
  path: Assets/New Terrain 1.asset
  artifactKey: Guid(3f960057eab65cc5f910c567f602fe29) Importer(2089858483,192608db42251d675da83286b1cce702)
Start importing Assets/New Terrain 1.asset using Guid(3f960057eab65cc5f910c567f602fe29) Importer(2089858483,192608db42251d675da83286b1cce702) (ScriptedImporter) -> (artifact id: '8f25dd6aed94cbd59687e090d44d0968') in 0.321031629 seconds
Number of updated asset objects reloaded before import = 0Number of asset objects unloaded after import = 1

========================================================================
Received Import Request.
  Time since last request: 0.000050 seconds.
  path: Assets/Adventure_Character/Textures/Man_Cloth_Down_Ao.tga
  artifactKey: Guid(edd22e070a7d8cd439892d92f4878181) Importer(2089858483,192608db42251d675da83286b1cce702)
Start importing Assets/Adventure_Character/Textures/Man_Cloth_Down_Ao.tga using Guid(edd22e070a7d8cd439892d92f4878181) Importer(2089858483,192608db42251d675da83286b1cce702) (ScriptedImporter) -> (artifact id: 'c3c99caa5b84c370c3847923b796c173') in 0.091060608 seconds
Number of updated asset objects reloaded before import = 0Number of asset objects unloaded after import = 1

========================================================================
Received Import Request.
  Time since last request: 0.000041 seconds.
  path: Assets/Animations/Walking.fbx
  artifactKey: Guid(0f3d7a9d0693dc11cbff7413f37a9ed1) Importer(2089858483,192608db42251d675da83286b1cce702)
Start importing Assets/Animations/Walking.fbx using Guid(0f3d7a9d0693dc11cbff7413f37a9ed1) Importer(2089858483,192608db42251d675da83286b1cce702) (ScriptedImporter) -> (artifact id: '4e1f1d78ba22d90ad2a790611da5a5b8') in 0.09924863 seconds
Number of updated asset objects reloaded before import = 0Number of asset objects unloaded after import = 135

========================================================================
Received Import Request.
  Time since last request: 0.000029 seconds.
  path: Assets/Settings/PC_RPAsset.asset
  artifactKey: Guid(4b83569d67af61e458304325a23e5dfd) Importer(2089858483,192608db42251d675da83286b1cce702)
Start importing Assets/Settings/PC_RPAsset.asset using Guid(4b83569d67af61e458304325a23e5dfd) Importer(2089858483,192608db42251d675da83286b1cce702) (ScriptedImporter) -> (artifact id: '2599edf045b614ebb2ccd4634b3d9843') in 0.075233451 seconds
Number of updated asset objects reloaded before import = 0Number of asset objects unloaded after import = 1

========================================================================
Received Import Request.
  Time since last request: 0.000029 seconds.
  path: Assets/Adventure_Character/Materials/Man_Cloth_Down_02.mat
  artifactKey: Guid(bad921bf5cea1f04687b3f7577ac9d34) Importer(2089858483,192608db42251d675da83286b1cce702)
Start importing Assets/Adventure_Character/Materials/Man_Cloth_Down_02.mat using Guid(bad921bf5cea1f04687b3f7577ac9d34) Importer(2089858483,192608db42251d675da83286b1cce702) (ScriptedImporter) -> (artifact id: 'c1440693e860dd185baf174c0ceba767') in 0.113430048 seconds
Number of updated asset objects reloaded before import = 0Number of asset objects unloaded after import = 5

========================================================================
Received Import Request.
  Time since last request: 0.000046 seconds.
  path: Assets/FantasyMedievalTown_LITE/Models/Lantern_01.fbx
  artifactKey: Guid(c80cde09c2f58844bacf5ac2bf60dee9) Importer(2089858483,192608db42251d675da83286b1cce702)
Start importing Assets/FantasyMedievalTown_LITE/Models/Lantern_01.fbx using Guid(c80cde09c2f58844bacf5ac2bf60dee9) Importer(2089858483,192608db42251d675da83286b1cce702) (ScriptedImporter) -> (artifact id: '9591c51c5fcaae82f3b3f81d2d860dbe') in 0.02103075 seconds
Number of updated asset objects reloaded before import = 0Number of asset objects unloaded after import = 20

========================================================================
Received Import Request.
  Time since last request: 0.000025 seconds.
  path: Assets/Materials/Parliament color.mat
  artifactKey: Guid(06509037f6c0682b5a1f0d32f9ff39fe) Importer(2089858483,192608db42251d675da83286b1cce702)
Start importing Assets/Materials/Parliament color.mat using Guid(06509037f6c0682b5a1f0d32f9ff39fe) Importer(2089858483,192608db42251d675da83286b1cce702) (ScriptedImporter) -> (artifact id: 'b3bdb60ee24343c9a8164d770312fd8f') in 0.004633993 seconds
Number of updated asset objects reloaded before import = 0Number of asset objects unloaded after import = 1

========================================================================
Received Import Request.
  Time since last request: 0.000035 seconds.
  path: Assets/BodyGuards/Meshes/SkelMesh_Bodyguard_04.fbx
  artifactKey: Guid(69e0bf832ba8212478b45616cc569f75) Importer(2089858483,192608db42251d675da83286b1cce702)
Start importing Assets/BodyGuards/Meshes/SkelMesh_Bodyguard_04.fbx using Guid(69e0bf832ba8212478b45616cc569f75) Importer(2089858483,192608db42251d675da83286b1cce702) (ScriptedImporter) -> (artifact id: '58aeee8a47178156b51837478139b481') in 0.032883085 seconds
Number of updated asset objects reloaded before import = 0Number of asset objects unloaded after import = 174

========================================================================
Received Import Request.
  Time since last request: 0.000027 seconds.
  path: Assets/Adventure_Character/Textures/Man_Cloth_Up_Albedo_02.tga
  artifactKey: Guid(758821f6ff36cf443ab0c41209186a93) Importer(2089858483,192608db42251d675da83286b1cce702)
Start importing Assets/Adventure_Character/Textures/Man_Cloth_Up_Albedo_02.tga using Guid(758821f6ff36cf443ab0c41209186a93) Importer(2089858483,192608db42251d675da83286b1cce702) (ScriptedImporter) -> (artifact id: 'ae4d61d2db3a9bd645ba2671f75fca6d') in 0.051050659 seconds
Number of updated asset objects reloaded before import = 0Number of asset objects unloaded after import = 1

========================================================================
Received Import Request.
  Time since last request: 0.000032 seconds.
  path: Assets/Adventure_Character/Mesh/Man_Mesh.FBX
  artifactKey: Guid(b8a7488d12adc39498433d60811eab1a) Importer(2089858483,192608db42251d675da83286b1cce702)
Start importing Assets/Adventure_Character/Mesh/Man_Mesh.FBX using Guid(b8a7488d12adc39498433d60811eab1a) Importer(2089858483,192608db42251d675da83286b1cce702) (ScriptedImporter) -> (artifact id: '0ccff0b0cfb564bf00a8f1ebdd1943c2') in 0.073432002 seconds
Number of updated asset objects reloaded before import = 0Number of asset objects unloaded after import = 189

========================================================================
Received Import Request.
  Time since last request: 0.000040 seconds.
  path: Assets/FantasyMedievalTown_LITE/Scenes/MedievalTownLite_Overview.unity
  artifactKey: Guid(aec980119bd8988438452a9fada2f0eb) Importer(2089858483,192608db42251d675da83286b1cce702)
Start importing Assets/FantasyMedievalTown_LITE/Scenes/MedievalTownLite_Overview.unity using Guid(aec980119bd8988438452a9fada2f0eb) Importer(2089858483,192608db42251d675da83286b1cce702) (ScriptedImporter) -> (artifact id: '15eca0bf12fcfabb45403e95e878a199') in 0.017809043 seconds
Number of updated asset objects reloaded before import = 0Number of asset objects unloaded after import = 1

========================================================================
Received Import Request.
  Time since last request: 0.000026 seconds.
  path: Assets/LowPolyMedievalPropsLite/Materials/LP_MedievalProps_BG.mat
  artifactKey: Guid(f890024eee83e014fbb7b54a3772c8fb) Importer(2089858483,192608db42251d675da83286b1cce702)
Start importing Assets/LowPolyMedievalPropsLite/Materials/LP_MedievalProps_BG.mat using Guid(f890024eee83e014fbb7b54a3772c8fb) Importer(2089858483,192608db42251d675da83286b1cce702) (ScriptedImporter) -> (artifact id: 'b21d224dc1c3f09b4a5f90665c04529c') in 0.007704565 seconds
Number of updated asset objects reloaded before import = 0Number of asset objects unloaded after import = 1

========================================================================
Received Import Request.
  Time since last request: 0.000030 seconds.
  path: Assets/FantasyMedievalTown_LITE/Prefabs/Lantern_01_LITE.prefab
  artifactKey: Guid(3e833f3c41837e2499848cbd3a40b527) Importer(2089858483,192608db42251d675da83286b1cce702)
Start importing Assets/FantasyMedievalTown_LITE/Prefabs/Lantern_01_LITE.prefab using Guid(3e833f3c41837e2499848cbd3a40b527) Importer(2089858483,192608db42251d675da83286b1cce702) (ScriptedImporter) -> (artifact id: '5965017663e07eb8c407fb6b2f84980f') in 0.008529259 seconds
Number of updated asset objects reloaded before import = 0Number of asset objects unloaded after import = 23

========================================================================
Received Import Request.
  Time since last request: 0.000028 seconds.
  path: Assets/FantasyMedievalTown_LITE/Prefabs/FlowerPot_03_LITE.prefab
  artifactKey: Guid(1a09ebba9d893894da11cb4098853e64) Importer(2089858483,192608db42251d675da83286b1cce702)
Start importing Assets/FantasyMedievalTown_LITE/Prefabs/FlowerPot_03_LITE.prefab using Guid(1a09ebba9d893894da11cb4098853e64) Importer(2089858483,192608db42251d675da83286b1cce702) (ScriptedImporter) -> (artifact id: 'c5e61e648b8751bae577852bef2ab8c2') in 0.007662672 seconds
Number of updated asset objects reloaded before import = 0Number of asset objects unloaded after import = 17

========================================================================
Received Import Request.
  Time since last request: 0.000023 seconds.
  path: Assets/BodyGuards/Meshes/SkelMesh_Bodyguard_03.fbx
  artifactKey: Guid(6996385895b383749b266464bf872c69) Importer(2089858483,192608db42251d675da83286b1cce702)
Start importing Assets/BodyGuards/Meshes/SkelMesh_Bodyguard_03.fbx using Guid(6996385895b383749b266464bf872c69) Importer(2089858483,192608db42251d675da83286b1cce702) (ScriptedImporter) -> (artifact id: 'da0d7e432020fb3e698377551383acd6') in 0.028621685 seconds
Number of updated asset objects reloaded before import = 0Number of asset objects unloaded after import = 174

========================================================================
Received Import Request.
  Time since last request: 0.000032 seconds.
  path: Assets/Adventure_Character/Prefabs/Man_01.prefab
  artifactKey: Guid(ebc4580c7ed532b4cb07171aed640d52) Importer(2089858483,192608db42251d675da83286b1cce702)
Start importing Assets/Adventure_Character/Prefabs/Man_01.prefab using Guid(ebc4580c7ed532b4cb07171aed640d52) Importer(2089858483,192608db42251d675da83286b1cce702) (ScriptedImporter) -> (artifact id: '3fda23bb3890d515d254060dad2e3b8b') in 0.021406347 seconds
Number of updated asset objects reloaded before import = 0Number of asset objects unloaded after import = 184

========================================================================
Received Import Request.
  Time since last request: 0.000042 seconds.
  path: Assets/FantasyMedievalTown_LITE/Models/Barrel_01.fbx
  artifactKey: Guid(cdc53b9a9d57cf0438bfb99c9c550b26) Importer(2089858483,192608db42251d675da83286b1cce702)
Start importing Assets/FantasyMedievalTown_LITE/Models/Barrel_01.fbx using Guid(cdc53b9a9d57cf0438bfb99c9c550b26) Importer(2089858483,192608db42251d675da83286b1cce702) (ScriptedImporter) -> (artifact id: '8faaaa64f2bb59510d5843ed37cf6a7e') in 0.021638476 seconds
Number of updated asset objects reloaded before import = 0Number of asset objects unloaded after import = 20

========================================================================
Received Import Request.
  Time since last request: 0.000028 seconds.
  path: Assets/FantasyMedievalTown_LITE/Materials/MedievalTownLite_MAIN.mat
  artifactKey: Guid(8ac1bd3773470b84dbf2520b9b1660e2) Importer(2089858483,192608db42251d675da83286b1cce702)
Start importing Assets/FantasyMedievalTown_LITE/Materials/MedievalTownLite_MAIN.mat using Guid(8ac1bd3773470b84dbf2520b9b1660e2) Importer(2089858483,192608db42251d675da83286b1cce702) (ScriptedImporter) -> (artifact id: 'b7cfa2758c37f4336e0aee70b8f8b927') in 0.008343934 seconds
Number of updated asset objects reloaded before import = 0Number of asset objects unloaded after import = 2

========================================================================
Received Import Request.
  Time since last request: 0.000026 seconds.
  path: Assets/FantasyMedievalTown_LITE/Models/HouseBase_03.fbx
  artifactKey: Guid(d09939746e87823448a3634191a50b4e) Importer(2089858483,192608db42251d675da83286b1cce702)
Start importing Assets/FantasyMedievalTown_LITE/Models/HouseBase_03.fbx using Guid(d09939746e87823448a3634191a50b4e) Importer(2089858483,192608db42251d675da83286b1cce702) (ScriptedImporter) -> (artifact id: 'caf04e1cc212099393a5c08b29294823') in 0.012061674 seconds
Number of updated asset objects reloaded before import = 0Number of asset objects unloaded after import = 20

========================================================================
Received Import Request.
  Time since last request: 0.000028 seconds.
  path: Assets/TENKOKU - DYNAMIC SKY/_Tenkoku_ReadMe.txt
  artifactKey: Guid(4ce9fe4b5361f5d4d8732f845380a398) Importer(2089858483,192608db42251d675da83286b1cce702)
Start importing Assets/TENKOKU - DYNAMIC SKY/_Tenkoku_ReadMe.txt using Guid(4ce9fe4b5361f5d4d8732f845380a398) Importer(2089858483,192608db42251d675da83286b1cce702) (ScriptedImporter) -> (artifact id: '9f42aa5c8874d8cd37ff77e0c80de04a') in 0.003067103 seconds
Number of updated asset objects reloaded before import = 0Number of asset objects unloaded after import = 1

========================================================================
Received Import Request.
  Time since last request: 0.000025 seconds.
  path: Assets/BodyGuards/Textures/Boduguard_01_N.tga
  artifactKey: Guid(542c0bc0f8220ad4fa97f4ac60d10aec) Importer(2089858483,192608db42251d675da83286b1cce702)
Start importing Assets/BodyGuards/Textures/Boduguard_01_N.tga using Guid(542c0bc0f8220ad4fa97f4ac60d10aec) Importer(2089858483,192608db42251d675da83286b1cce702) (ScriptedImporter) -> (artifact id: 'f60d39f5e1b9c555cee63e19d5b59724') in 0.01374602 seconds
Number of updated asset objects reloaded before import = 0Number of asset objects unloaded after import = 1

========================================================================
Received Import Request.
  Time since last request: 0.000032 seconds.
  path: Assets/FantasyMedievalTown_LITE/Prefabs/Corner_01_LITE.prefab
  artifactKey: Guid(4922535dfb84575409797fc05fc8044e) Importer(2089858483,192608db42251d675da83286b1cce702)
Start importing Assets/FantasyMedievalTown_LITE/Prefabs/Corner_01_LITE.prefab using Guid(4922535dfb84575409797fc05fc8044e) Importer(2089858483,192608db42251d675da83286b1cce702) (ScriptedImporter) -> (artifact id: '80fb98558cd07bdbdd58ceba662d460b') in 0.006021969 seconds
Number of updated asset objects reloaded before import = 0Number of asset objects unloaded after import = 23

========================================================================
Received Import Request.
  Time since last request: 0.000048 seconds.
  path: Assets/BodyGuards/Textures/Boduguard_03_N.tga
  artifactKey: Guid(f22d5b607195c95459236ec533e7df06) Importer(2089858483,192608db42251d675da83286b1cce702)
Start importing Assets/BodyGuards/Textures/Boduguard_03_N.tga using Guid(f22d5b607195c95459236ec533e7df06) Importer(2089858483,192608db42251d675da83286b1cce702) (ScriptedImporter) -> (artifact id: '995158a0084ca5d8c840648b1c344b64') in 0.010984849 seconds
Number of updated asset objects reloaded before import = 0Number of asset objects unloaded after import = 1

========================================================================
Received Import Request.
  Time since last request: 0.000027 seconds.
  path: Assets/FantasyMedievalTown_LITE/Materials/MedievalTownLite_Nature.mat
  artifactKey: Guid(c52178879e8e28e4fbbea32638564cd5) Importer(2089858483,192608db42251d675da83286b1cce702)
Start importing Assets/FantasyMedievalTown_LITE/Materials/MedievalTownLite_Nature.mat using Guid(c52178879e8e28e4fbbea32638564cd5) Importer(2089858483,192608db42251d675da83286b1cce702) (ScriptedImporter) -> (artifact id: 'c52a3955381ce93b38fe45ba0f49e0b8') in 0.007248088 seconds
Number of updated asset objects reloaded before import = 0Number of asset objects unloaded after import = 2

========================================================================
Received Import Request.
  Time since last request: 0.000032 seconds.
  path: Assets/BodyGuards/Textures/Boduguard_01_Ao.tga
  artifactKey: Guid(8bec9d2b7901f934993b6e4b4f530d2c) Importer(2089858483,192608db42251d675da83286b1cce702)
Start importing Assets/BodyGuards/Textures/Boduguard_01_Ao.tga using Guid(8bec9d2b7901f934993b6e4b4f530d2c) Importer(2089858483,192608db42251d675da83286b1cce702) (ScriptedImporter) -> (artifact id: '4d5b7f2b715a0e29f62dcff3a936543e') in 0.021107239 seconds
Number of updated asset objects reloaded before import = 0Number of asset objects unloaded after import = 1

========================================================================
Received Import Request.
  Time since last request: 0.000030 seconds.
  path: Assets/Animations/Breathing Idle.fbx
  artifactKey: Guid(8c91fc39ec76d8041acaaef595670418) Importer(2089858483,192608db42251d675da83286b1cce702)
Start importing Assets/Animations/Breathing Idle.fbx using Guid(8c91fc39ec76d8041acaaef595670418) Importer(2089858483,192608db42251d675da83286b1cce702) (ScriptedImporter) -> (artifact id: '8ec6d48aa1152d7b64489132e5177055') in 0.010941122 seconds
Number of updated asset objects reloaded before import = 0Number of asset objects unloaded after import = 135

========================================================================
Received Import Request.
  Time since last request: 0.000032 seconds.
  path: Assets/Adventure_Character/Textures/Man_Cloth_Up_Metallic.tga
  artifactKey: Guid(7fa7c458a909d1f41b606a06bbf8987f) Importer(2089858483,192608db42251d675da83286b1cce702)
Start importing Assets/Adventure_Character/Textures/Man_Cloth_Up_Metallic.tga using Guid(7fa7c458a909d1f41b606a06bbf8987f) Importer(2089858483,192608db42251d675da83286b1cce702) (ScriptedImporter) -> (artifact id: 'f7202874358d038c271f727aef06dc24') in 0.026274775 seconds
Number of updated asset objects reloaded before import = 0Number of asset objects unloaded after import = 1

========================================================================
Received Import Request.
  Time since last request: 0.000039 seconds.
  path: Assets/FantasyMedievalTown_LITE/Models/Corner_01.fbx
  artifactKey: Guid(ef0ac6ba221fc8d4c9a218702e7255ba) Importer(2089858483,192608db42251d675da83286b1cce702)
Start importing Assets/FantasyMedievalTown_LITE/Models/Corner_01.fbx using Guid(ef0ac6ba221fc8d4c9a218702e7255ba) Importer(2089858483,192608db42251d675da83286b1cce702) (ScriptedImporter) -> (artifact id: 'e58cf662c9d1c2df40414e639bc15634') in 0.012670397 seconds
Number of updated asset objects reloaded before import = 0Number of asset objects unloaded after import = 20

========================================================================
Received Import Request.
  Time since last request: 0.000040 seconds.
  path: Assets/TutorialInfo/Layout.wlt
  artifactKey: Guid(eabc9546105bf4accac1fd62a63e88e6) Importer(2089858483,192608db42251d675da83286b1cce702)
Start importing Assets/TutorialInfo/Layout.wlt using Guid(eabc9546105bf4accac1fd62a63e88e6) Importer(2089858483,192608db42251d675da83286b1cce702) (ScriptedImporter) -> (artifact id: '9c573e653f21be37a56f6ce317e65c26') in 0.003000288 seconds
Number of updated asset objects reloaded before import = 0Number of asset objects unloaded after import = 1

========================================================================
Received Import Request.
  Time since last request: 0.000022 seconds.
  path: Assets/FantasyMedievalTown_LITE/Prefabs/Stairs_01_LITE.prefab
  artifactKey: Guid(3b98afa4672041948bc8d9708f0dec82) Importer(2089858483,192608db42251d675da83286b1cce702)
Start importing Assets/FantasyMedievalTown_LITE/Prefabs/Stairs_01_LITE.prefab using Guid(3b98afa4672041948bc8d9708f0dec82) Importer(2089858483,192608db42251d675da83286b1cce702) (ScriptedImporter) -> (artifact id: 'b3697b2868002616af3a96aecd69a90d') in 0.006464261 seconds
Number of updated asset objects reloaded before import = 0Number of asset objects unloaded after import = 23

========================================================================
Received Import Request.
  Time since last request: 0.000032 seconds.
  path: Assets/Adventure_Character/Textures/Man_Cloth_Down_Albedo_02.tga
  artifactKey: Guid(0fe73a5f100981e4a96c82f0934a3df9) Importer(2089858483,192608db42251d675da83286b1cce702)
Start importing Assets/Adventure_Character/Textures/Man_Cloth_Down_Albedo_02.tga using Guid(0fe73a5f100981e4a96c82f0934a3df9) Importer(2089858483,192608db42251d675da83286b1cce702) (ScriptedImporter) -> (artifact id: 'd849d4aa0fb732256db5aee937bb3597') in 0.014338673 seconds
Number of updated asset objects reloaded before import = 0Number of asset objects unloaded after import = 1

========================================================================
Received Import Request.
  Time since last request: 0.000027 seconds.
  path: Assets/FantasyMedievalTown_LITE/Models/Stairs_01.fbx
  artifactKey: Guid(b7047bf84b3ed884c8a126e02a796faa) Importer(2089858483,192608db42251d675da83286b1cce702)
Start importing Assets/FantasyMedievalTown_LITE/Models/Stairs_01.fbx using Guid(b7047bf84b3ed884c8a126e02a796faa) Importer(2089858483,192608db42251d675da83286b1cce702) (ScriptedImporter) -> (artifact id: '176d00425272db5ed9531429169718c4') in 0.019521913 seconds
Number of updated asset objects reloaded before import = 0Number of asset objects unloaded after import = 20

========================================================================
Received Import Request.
  Time since last request: 0.000024 seconds.
  path: Assets/LowPolyMedievalPropsLite/Materials/LP_MedievalProps_MAIN.mat
  artifactKey: Guid(300ee636ab1b3b7429c61eaa1f29b0b8) Importer(2089858483,192608db42251d675da83286b1cce702)
Start importing Assets/LowPolyMedievalPropsLite/Materials/LP_MedievalProps_MAIN.mat using Guid(300ee636ab1b3b7429c61eaa1f29b0b8) Importer(2089858483,192608db42251d675da83286b1cce702) (ScriptedImporter) -> (artifact id: 'e9bea4307e09245c0e97090fecf28917') in 0.012211882 seconds
Number of updated asset objects reloaded before import = 0Number of asset objects unloaded after import = 2

========================================================================
Received Import Request.
  Time since last request: 0.000034 seconds.
  path: Assets/LowPolyMedievalPropsLite/Models/Axe_01.fbx
  artifactKey: Guid(a1f67aa07796fb24d9b3adf4cc449805) Importer(2089858483,192608db42251d675da83286b1cce702)
Start importing Assets/LowPolyMedievalPropsLite/Models/Axe_01.fbx using Guid(a1f67aa07796fb24d9b3adf4cc449805) Importer(2089858483,192608db42251d675da83286b1cce702) (ScriptedImporter) -> (artifact id: '05636a70be719840f9a1437c7e35a816') in 0.026029635 seconds
Number of updated asset objects reloaded before import = 0Number of asset objects unloaded after import = 7

========================================================================
Received Import Request.
  Time since last request: 0.000051 seconds.
  path: Assets/LowPolyMedievalPropsLite/Models/Bottle_01.fbx
  artifactKey: Guid(facb08df061266941826451fe5130b16) Importer(2089858483,192608db42251d675da83286b1cce702)
Start importing Assets/LowPolyMedievalPropsLite/Models/Bottle_01.fbx using Guid(facb08df061266941826451fe5130b16) Importer(2089858483,192608db42251d675da83286b1cce702) (ScriptedImporter) -> (artifact id: 'f5a11d5245841bd11e13e8e0c1c7d78a') in 0.014771929 seconds
Number of updated asset objects reloaded before import = 0Number of asset objects unloaded after import = 7

========================================================================
Received Import Request.
  Time since last request: 0.000039 seconds.
  path: Assets/LowPolyMedievalPropsLite/Models/Cup_01.fbx
  artifactKey: Guid(dd79d1ed7df62f648869bb9fca16062a) Importer(2089858483,192608db42251d675da83286b1cce702)
Start importing Assets/LowPolyMedievalPropsLite/Models/Cup_01.fbx using Guid(dd79d1ed7df62f648869bb9fca16062a) Importer(2089858483,192608db42251d675da83286b1cce702) (ScriptedImporter) -> (artifact id: 'cb33d4d355e402995bfa09694e1f3df3') in 0.01850298 seconds
Number of updated asset objects reloaded before import = 0Number of asset objects unloaded after import = 7

========================================================================
Received Import Request.
  Time since last request: 0.000034 seconds.
  path: Assets/LowPolyMedievalPropsLite/Prefabs/Bottle_02.prefab
  artifactKey: Guid(e8300462cc969dc4c82430a0eab04fbd) Importer(2089858483,192608db42251d675da83286b1cce702)
Start importing Assets/LowPolyMedievalPropsLite/Prefabs/Bottle_02.prefab using Guid(e8300462cc969dc4c82430a0eab04fbd) Importer(2089858483,192608db42251d675da83286b1cce702) (ScriptedImporter) -> (artifact id: '10db22d837aaeac33c80e132a1277cb6') in 0.0175145 seconds
Number of updated asset objects reloaded before import = 0Number of asset objects unloaded after import = 9

========================================================================
Received Import Request.
  Time since last request: 0.000031 seconds.
  path: Assets/LowPolyMedievalPropsLite/Prefabs/Firewood_01.prefab
  artifactKey: Guid(7c87c77e24344db44af20c4872109381) Importer(2089858483,192608db42251d675da83286b1cce702)
Start importing Assets/LowPolyMedievalPropsLite/Prefabs/Firewood_01.prefab using Guid(7c87c77e24344db44af20c4872109381) Importer(2089858483,192608db42251d675da83286b1cce702) (ScriptedImporter) -> (artifact id: '0db4b34035b8b2a62051b68f54fd9b0d') in 0.009243146 seconds
Number of updated asset objects reloaded before import = 0Number of asset objects unloaded after import = 9

========================================================================
Received Import Request.
  Time since last request: 0.000027 seconds.
  path: Assets/LowPolyMedievalPropsLite/Models/Jug_02.fbx
  artifactKey: Guid(c73650acad4060244b124f0de701ad05) Importer(2089858483,192608db42251d675da83286b1cce702)
Start importing Assets/LowPolyMedievalPropsLite/Models/Jug_02.fbx using Guid(c73650acad4060244b124f0de701ad05) Importer(2089858483,192608db42251d675da83286b1cce702) (ScriptedImporter) -> (artifact id: '0f3a20c4d88853cbdbacb3d22f51ef35') in 0.010392218 seconds
Number of updated asset objects reloaded before import = 0Number of asset objects unloaded after import = 7

========================================================================
Received Import Request.
  Time since last request: 0.000043 seconds.
  path: Assets/LowPolyMedievalPropsLite/Prefabs/Barrel_01.prefab
  artifactKey: Guid(af0251662ce5880478fc4015a2c7df13) Importer(2089858483,192608db42251d675da83286b1cce702)
Start importing Assets/LowPolyMedievalPropsLite/Prefabs/Barrel_01.prefab using Guid(af0251662ce5880478fc4015a2c7df13) Importer(2089858483,192608db42251d675da83286b1cce702) (ScriptedImporter) -> (artifact id: '9800a44653e7426fd68544af02ce3ce5') in 0.011719458 seconds
Number of updated asset objects reloaded before import = 0Number of asset objects unloaded after import = 9

========================================================================
Received Import Request.
  Time since last request: 0.000043 seconds.
  path: Assets/LowPolyMedievalPropsLite/Models/Jug_03.fbx
  artifactKey: Guid(b66f4a89823db1e43838b6eb638af923) Importer(2089858483,192608db42251d675da83286b1cce702)
Start importing Assets/LowPolyMedievalPropsLite/Models/Jug_03.fbx using Guid(b66f4a89823db1e43838b6eb638af923) Importer(2089858483,192608db42251d675da83286b1cce702) (ScriptedImporter) -> (artifact id: '62c1e11937af294cc1e81177796d947c') in 0.01438517 seconds
Number of updated asset objects reloaded before import = 0Number of asset objects unloaded after import = 7

========================================================================
Received Import Request.
  Time since last request: 0.000027 seconds.
  path: Assets/LowPolyMedievalPropsLite/Prefabs/Carpet_01.prefab
  artifactKey: Guid(ee24e119d4e40b74e82fa4ef4de7e2ec) Importer(2089858483,192608db42251d675da83286b1cce702)
Start importing Assets/LowPolyMedievalPropsLite/Prefabs/Carpet_01.prefab using Guid(ee24e119d4e40b74e82fa4ef4de7e2ec) Importer(2089858483,192608db42251d675da83286b1cce702) (ScriptedImporter) -> (artifact id: '679cf6e4747f9c1a9d053e123c972f12') in 0.008199392 seconds
Number of updated asset objects reloaded before import = 0Number of asset objects unloaded after import = 9

========================================================================
Received Import Request.
  Time since last request: 0.000025 seconds.
  path: Assets/LowPolyMedievalPropsLite/Models/Fire_01.fbx
  artifactKey: Guid(3fa6b351d2ddb3f4ab4351868875adc3) Importer(2089858483,192608db42251d675da83286b1cce702)
Start importing Assets/LowPolyMedievalPropsLite/Models/Fire_01.fbx using Guid(3fa6b351d2ddb3f4ab4351868875adc3) Importer(2089858483,192608db42251d675da83286b1cce702) (ScriptedImporter) -> (artifact id: '08717785b838bf13f7f976321decc507') in 0.019390647 seconds
Number of updated asset objects reloaded before import = 0Number of asset objects unloaded after import = 7

========================================================================
Received Import Request.
  Time since last request: 0.000029 seconds.
  path: Assets/LowPolyMedievalPropsLite/Prefabs/Food_03.prefab
  artifactKey: Guid(dae57aea7aee8914da3ecfa4dc3e092d) Importer(2089858483,192608db42251d675da83286b1cce702)
Start importing Assets/LowPolyMedievalPropsLite/Prefabs/Food_03.prefab using Guid(dae57aea7aee8914da3ecfa4dc3e092d) Importer(2089858483,192608db42251d675da83286b1cce702) (ScriptedImporter) -> (artifact id: 'c286e9929fbbeb215fceeeb8439fc202') in 0.007970857 seconds
Number of updated asset objects reloaded before import = 0Number of asset objects unloaded after import = 9

========================================================================
Received Import Request.
  Time since last request: 0.000023 seconds.
  path: Assets/LowPolyMedievalPropsLite/Prefabs/Box_01.prefab
  artifactKey: Guid(e0b2792fd3ecf274fa1b9172d6962562) Importer(2089858483,192608db42251d675da83286b1cce702)
Start importing Assets/LowPolyMedievalPropsLite/Prefabs/Box_01.prefab using Guid(e0b2792fd3ecf274fa1b9172d6962562) Importer(2089858483,192608db42251d675da83286b1cce702) (ScriptedImporter) -> (artifact id: '8499ea8d55bf83db0da4bc8beefb337e') in 0.012206048 seconds
Number of updated asset objects reloaded before import = 0Number of asset objects unloaded after import = 9

========================================================================
Received Import Request.
  Time since last request: 0.000030 seconds.
  path: Assets/LowPolyMedievalPropsLite/Models/Pointer_02.fbx
  artifactKey: Guid(9a1e64764b6eb9247813d7bd3c104271) Importer(2089858483,192608db42251d675da83286b1cce702)
Start importing Assets/LowPolyMedievalPropsLite/Models/Pointer_02.fbx using Guid(9a1e64764b6eb9247813d7bd3c104271) Importer(2089858483,192608db42251d675da83286b1cce702) (ScriptedImporter) -> (artifact id: '2f817a3decb45274015e8262a9d1a80d') in 0.015547858 seconds
Number of updated asset objects reloaded before import = 0Number of asset objects unloaded after import = 7

========================================================================
Received Import Request.
  Time since last request: 0.000049 seconds.
  path: Assets/LowPolyMedievalPropsLite/Models/WoodPlank_01.fbx
  artifactKey: Guid(1bcb6074cb3631d44acfddc621ebbeae) Importer(2089858483,192608db42251d675da83286b1cce702)
Start importing Assets/LowPolyMedievalPropsLite/Models/WoodPlank_01.fbx using Guid(1bcb6074cb3631d44acfddc621ebbeae) Importer(2089858483,192608db42251d675da83286b1cce702) (ScriptedImporter) -> (artifact id: 'c4052f9cbb7a9d8267e7651cb6254124') in 0.014697419 seconds
Number of updated asset objects reloaded before import = 0Number of asset objects unloaded after import = 7

========================================================================
Received Import Request.
  Time since last request: 0.000031 seconds.
  path: Assets/LowPolyMedievalPropsLite/Prefabs/Food_06.prefab
  artifactKey: Guid(633dca2d2047e074ebf00763cd0f7ff4) Importer(2089858483,192608db42251d675da83286b1cce702)
Start importing Assets/LowPolyMedievalPropsLite/Prefabs/Food_06.prefab using Guid(633dca2d2047e074ebf00763cd0f7ff4) Importer(2089858483,192608db42251d675da83286b1cce702) (ScriptedImporter) -> (artifact id: '52d09e212b1d80ab6156e23571563841') in 0.008828049 seconds
Number of updated asset objects reloaded before import = 0Number of asset objects unloaded after import = 9

========================================================================
Received Import Request.
  Time since last request: 0.000028 seconds.
  path: Assets/LowPolyMedievalPropsLite/Models/Stairs_01.fbx
  artifactKey: Guid(a105015d1e8ad60459051e90e8036cc1) Importer(2089858483,192608db42251d675da83286b1cce702)
Start importing Assets/LowPolyMedievalPropsLite/Models/Stairs_01.fbx using Guid(a105015d1e8ad60459051e90e8036cc1) Importer(2089858483,192608db42251d675da83286b1cce702) (ScriptedImporter) -> (artifact id: '9bb94ccb34b68c5e7fdd060fe49abbd6') in 0.022637229 seconds
Number of updated asset objects reloaded before import = 0Number of asset objects unloaded after import = 7

========================================================================
Received Import Request.
  Time since last request: 0.000024 seconds.
  path: Assets/LowPolyMedievalPropsLite/Prefabs/Fire_01.prefab
  artifactKey: Guid(2415eee8dc9a7af4bbd6563b6502cea1) Importer(2089858483,192608db42251d675da83286b1cce702)
Start importing Assets/LowPolyMedievalPropsLite/Prefabs/Fire_01.prefab using Guid(2415eee8dc9a7af4bbd6563b6502cea1) Importer(2089858483,192608db42251d675da83286b1cce702) (ScriptedImporter) -> (artifact id: '938947d9bb1ef677184466406ba02047') in 0.026231003 seconds
Number of updated asset objects reloaded before import = 0Number of asset objects unloaded after import = 17

========================================================================
Received Import Request.
  Time since last request: 0.000037 seconds.
  path: Assets/LowPolyMedievalPropsLite/Models/Pointer_03.fbx
  artifactKey: Guid(7311e36b7f5a8af48b4bed3fa6c529c4) Importer(2089858483,192608db42251d675da83286b1cce702)
Start importing Assets/LowPolyMedievalPropsLite/Models/Pointer_03.fbx using Guid(7311e36b7f5a8af48b4bed3fa6c529c4) Importer(2089858483,192608db42251d675da83286b1cce702) (ScriptedImporter) -> (artifact id: '099edfa8d4b7ebd74a000e5593714a70') in 0.023614977 seconds
Number of updated asset objects reloaded before import = 0Number of asset objects unloaded after import = 7

========================================================================
Received Import Request.
  Time since last request: 0.000050 seconds.
  path: Assets/LowPolyMedievalPropsLite/Prefabs/Fence_02.prefab
  artifactKey: Guid(7a92d70f42aca1d40aa5675904d4fb0a) Importer(2089858483,192608db42251d675da83286b1cce702)
Start importing Assets/LowPolyMedievalPropsLite/Prefabs/Fence_02.prefab using Guid(7a92d70f42aca1d40aa5675904d4fb0a) Importer(2089858483,192608db42251d675da83286b1cce702) (ScriptedImporter) -> (artifact id: 'fa0d8e80ac5c827f5186ccac3bcfe183') in 0.010578527 seconds
Number of updated asset objects reloaded before import = 0Number of asset objects unloaded after import = 9

========================================================================
Received Import Request.
  Time since last request: 0.000024 seconds.
  path: Assets/LowPolyMedievalPropsLite/Prefabs/Food_05.prefab
  artifactKey: Guid(42b182dba1d708b41921836ec2eedb83) Importer(2089858483,192608db42251d675da83286b1cce702)
Start importing Assets/LowPolyMedievalPropsLite/Prefabs/Food_05.prefab using Guid(42b182dba1d708b41921836ec2eedb83) Importer(2089858483,192608db42251d675da83286b1cce702) (ScriptedImporter) -> (artifact id: '1d87c877569ebe473f588ac25f17a293') in 0.008402956 seconds
Number of updated asset objects reloaded before import = 0Number of asset objects unloaded after import = 9

========================================================================
Received Import Request.
  Time since last request: 0.000025 seconds.
  path: Assets/LowPolyMedievalPropsLite/Prefabs/Bag_01.prefab
  artifactKey: Guid(a178e3ddd4a467d4090e2b4a7a5e394f) Importer(2089858483,192608db42251d675da83286b1cce702)
Start importing Assets/LowPolyMedievalPropsLite/Prefabs/Bag_01.prefab using Guid(a178e3ddd4a467d4090e2b4a7a5e394f) Importer(2089858483,192608db42251d675da83286b1cce702) (ScriptedImporter) -> (artifact id: '40d62c6ae087dac08cbf69099fc9aa44') in 0.009176936 seconds
Number of updated asset objects reloaded before import = 0Number of asset objects unloaded after import = 9

========================================================================
Received Import Request.
  Time since last request: 0.000026 seconds.
  path: Assets/Adventure_Character/Scenes/Demo.unity
  artifactKey: Guid(9fc0d4010bbf28b4594072e72b8655ab) Importer(2089858483,192608db42251d675da83286b1cce702)
Start importing Assets/Adventure_Character/Scenes/Demo.unity using Guid(9fc0d4010bbf28b4594072e72b8655ab) Importer(2089858483,192608db42251d675da83286b1cce702) (ScriptedImporter) -> (artifact id: '577d80941be91c4c9e374b0228e6af4d') in 0.004881989 seconds
Number of updated asset objects reloaded before import = 0Number of asset objects unloaded after import = 1

========================================================================
Received Import Request.
  Time since last request: 0.000030 seconds.
  path: Assets/LowPolyMedievalPropsLite/Models/Food_05.fbx
  artifactKey: Guid(416cb7e11aa1a4047a5209e5ade3e35c) Importer(2089858483,192608db42251d675da83286b1cce702)
Start importing Assets/LowPolyMedievalPropsLite/Models/Food_05.fbx using Guid(416cb7e11aa1a4047a5209e5ade3e35c) Importer(2089858483,192608db42251d675da83286b1cce702) (ScriptedImporter) -> (artifact id: 'b154169845d0ac5ea2fcfdd888ba9897') in 0.009802085 seconds
Number of updated asset objects reloaded before import = 0Number of asset objects unloaded after import = 7

========================================================================
Received Import Request.
  Time since last request: 0.000030 seconds.
  path: Assets/Adventure_Character/Materials/Man_Cloth_Down_03.mat
  artifactKey: Guid(a3c5be1a8d065a44ba4ad43c3c18b64e) Importer(2089858483,192608db42251d675da83286b1cce702)
Start importing Assets/Adventure_Character/Materials/Man_Cloth_Down_03.mat using Guid(a3c5be1a8d065a44ba4ad43c3c18b64e) Importer(2089858483,192608db42251d675da83286b1cce702) (ScriptedImporter) -> (artifact id: 'b3c13e1a4000b99b39287eb9d8be98de') in 0.073825829 seconds
Number of updated asset objects reloaded before import = 0Number of asset objects unloaded after import = 5

========================================================================
Received Import Request.
  Time since last request: 0.000040 seconds.
  path: Assets/Scenes/SampleScene/NavMesh-Road and Roadside.asset
  artifactKey: Guid(2e6714f93c9320acca8e326b417661e0) Importer(2089858483,192608db42251d675da83286b1cce702)
Start importing Assets/Scenes/SampleScene/NavMesh-Road and Roadside.asset using Guid(2e6714f93c9320acca8e326b417661e0) Importer(2089858483,192608db42251d675da83286b1cce702) (ScriptedImporter) -> (artifact id: '3fc9f1faf0eccab1231c792f2d6c1c52') in 0.060023145 seconds
Number of updated asset objects reloaded before import = 0Number of asset objects unloaded after import = 1

========================================================================
Received Import Request.
  Time since last request: 0.000045 seconds.
  path: Assets/SimplePoly City - Low Poly Assets/Materials/Building_Auto Service.mat
  artifactKey: Guid(38ce9279a60381844a3f6a85bac88a3e) Importer(2089858483,192608db42251d675da83286b1cce702)
Start importing Assets/SimplePoly City - Low Poly Assets/Materials/Building_Auto Service.mat using Guid(38ce9279a60381844a3f6a85bac88a3e) Importer(2089858483,192608db42251d675da83286b1cce702) (ScriptedImporter) -> (artifact id: '8216f1119cef4f7a4a4babfb058d2e01') in 0.009403517 seconds
Number of updated asset objects reloaded before import = 0Number of asset objects unloaded after import = 3

========================================================================
Received Import Request.
  Time since last request: 0.000021 seconds.
  path: Assets/LowPolyMedievalPropsLite/Prefabs/Wineglass_01.prefab
  artifactKey: Guid(675b3bbef6ce0924784ad185c6118c34) Importer(2089858483,192608db42251d675da83286b1cce702)
Start importing Assets/LowPolyMedievalPropsLite/Prefabs/Wineglass_01.prefab using Guid(675b3bbef6ce0924784ad185c6118c34) Importer(2089858483,192608db42251d675da83286b1cce702) (ScriptedImporter) -> (artifact id: '409576faa7e4623b6b3178e1dfabe4ab') in 0.014448794 seconds
Number of updated asset objects reloaded before import = 0Number of asset objects unloaded after import = 9

========================================================================
Received Import Request.
  Time since last request: 0.000025 seconds.
  path: Assets/Scenes/SampleScene/NavMesh-NavMeshSurface.asset
  artifactKey: Guid(0f27b14c37ce1e61a9b828a713c753fe) Importer(2089858483,192608db42251d675da83286b1cce702)
Start importing Assets/Scenes/SampleScene/NavMesh-NavMeshSurface.asset using Guid(0f27b14c37ce1e61a9b828a713c753fe) Importer(2089858483,192608db42251d675da83286b1cce702) (ScriptedImporter) -> (artifact id: '0bb623b5cff89dbe141f9c2e41738972') in 0.067740014 seconds
Number of updated asset objects reloaded before import = 0Number of asset objects unloaded after import = 1

========================================================================
Received Import Request.
  Time since last request: 0.000026 seconds.
  path: Assets/PBR_Grass_Textures/Textures/grass_02_ao.png
  artifactKey: Guid(05bd764f495aa1e4db12454c9facc149) Importer(2089858483,192608db42251d675da83286b1cce702)
Start importing Assets/PBR_Grass_Textures/Textures/grass_02_ao.png using Guid(05bd764f495aa1e4db12454c9facc149) Importer(2089858483,192608db42251d675da83286b1cce702) (ScriptedImporter) -> (artifact id: '1ab53f3d00b551b84f5b30d33f6624f4') in 0.015991221 seconds
Number of updated asset objects reloaded before import = 0Number of asset objects unloaded after import = 1

========================================================================
Received Import Request.
  Time since last request: 0.000034 seconds.
  path: Assets/SimplePoly City - Low Poly Assets/Materials/Building_Bar.mat
  artifactKey: Guid(1a8b38fa8ecb06d4b8eadffe456fd574) Importer(2089858483,192608db42251d675da83286b1cce702)
Start importing Assets/SimplePoly City - Low Poly Assets/Materials/Building_Bar.mat using Guid(1a8b38fa8ecb06d4b8eadffe456fd574) Importer(2089858483,192608db42251d675da83286b1cce702) (ScriptedImporter) -> (artifact id: 'bc1c663764f17d2e23448bc0ae087bb6') in 0.005233866 seconds
Number of updated asset objects reloaded before import = 0Number of asset objects unloaded after import = 3

========================================================================
Received Import Request.
  Time since last request: 0.000036 seconds.
  path: Assets/Scenes/SampleScene/NavMesh-Garden.asset
  artifactKey: Guid(4241b0466b0fe920eb3551833f342b24) Importer(2089858483,192608db42251d675da83286b1cce702)
Start importing Assets/Scenes/SampleScene/NavMesh-Garden.asset using Guid(4241b0466b0fe920eb3551833f342b24) Importer(2089858483,192608db42251d675da83286b1cce702) (ScriptedImporter) -> (artifact id: 'a7d29b7998306fd94bc425541501d855') in 0.066963421 seconds
Number of updated asset objects reloaded before import = 0Number of asset objects unloaded after import = 1

========================================================================
Received Import Request.
  Time since last request: 0.000029 seconds.
  path: Assets/PBR_Grass_Textures/Textures/grass_02_maskmap.png
  artifactKey: Guid(ba2dd3eadecc05348b2371c35a5fef36) Importer(2089858483,192608db42251d675da83286b1cce702)
Start importing Assets/PBR_Grass_Textures/Textures/grass_02_maskmap.png using Guid(ba2dd3eadecc05348b2371c35a5fef36) Importer(2089858483,192608db42251d675da83286b1cce702) (ScriptedImporter) -> (artifact id: '5ebe00d84208c3ce7b3bff7238fae456') in 0.033855294 seconds
Number of updated asset objects reloaded before import = 0Number of asset objects unloaded after import = 1

========================================================================
Received Import Request.
  Time since last request: 0.000035 seconds.
  path: Assets/SimplePoly City - Low Poly Assets/Materials/Building Sky_big_color01.mat
  artifactKey: Guid(0238b0371d23a1b4d98b05c3ff3b4df7) Importer(2089858483,192608db42251d675da83286b1cce702)
Start importing Assets/SimplePoly City - Low Poly Assets/Materials/Building Sky_big_color01.mat using Guid(0238b0371d23a1b4d98b05c3ff3b4df7) Importer(2089858483,192608db42251d675da83286b1cce702) (ScriptedImporter) -> (artifact id: '295bec93a1ca49375e6037c0d4445a80') in 0.008203952 seconds
Number of updated asset objects reloaded before import = 0Number of asset objects unloaded after import = 3

========================================================================
Received Import Request.
  Time since last request: 0.000050 seconds.
  path: Assets/LowPolyMedievalPropsLite/Prefabs/Pointer_02.prefab
  artifactKey: Guid(db548dbe1affff14da8f8444cd7a16a8) Importer(2089858483,192608db42251d675da83286b1cce702)
Start importing Assets/LowPolyMedievalPropsLite/Prefabs/Pointer_02.prefab using Guid(db548dbe1affff14da8f8444cd7a16a8) Importer(2089858483,192608db42251d675da83286b1cce702) (ScriptedImporter) -> (artifact id: '7317e7469c5cee8c6be0bb8354659896') in 0.011466354 seconds
Number of updated asset objects reloaded before import = 0Number of asset objects unloaded after import = 9

========================================================================
Received Import Request.
  Time since last request: 0.000038 seconds.
  path: Assets/PBR_Grass_Textures/Textures/grass_05.png
  artifactKey: Guid(cc86a014af55150489736f65f50668ad) Importer(2089858483,192608db42251d675da83286b1cce702)
Start importing Assets/PBR_Grass_Textures/Textures/grass_05.png using Guid(cc86a014af55150489736f65f50668ad) Importer(2089858483,192608db42251d675da83286b1cce702) (ScriptedImporter) -> (artifact id: '11498c633bd0cd2a4ec0535e0d33964c') in 0.011907804 seconds
Number of updated asset objects reloaded before import = 0Number of asset objects unloaded after import = 1

========================================================================
Received Import Request.
  Time since last request: 0.000028 seconds.
  path: Assets/PBR_Grass_Textures/Textures/grass_05_maskmap.png
  artifactKey: Guid(64ca5e4c2567f2542be0737dda0b80dc) Importer(2089858483,192608db42251d675da83286b1cce702)
Start importing Assets/PBR_Grass_Textures/Textures/grass_05_maskmap.png using Guid(64ca5e4c2567f2542be0737dda0b80dc) Importer(2089858483,192608db42251d675da83286b1cce702) (ScriptedImporter) -> (artifact id: 'cd6ff278e1d18f89105ecffe34e8f069') in 0.040499176 seconds
Number of updated asset objects reloaded before import = 0Number of asset objects unloaded after import = 1

========================================================================
Received Import Request.
  Time since last request: 0.000027 seconds.
  path: Assets/PBR_Grass_Textures/Textures/grass_02.png
  artifactKey: Guid(a462a659d1259ff418d79c9b824333f1) Importer(2089858483,192608db42251d675da83286b1cce702)
Start importing Assets/PBR_Grass_Textures/Textures/grass_02.png using Guid(a462a659d1259ff418d79c9b824333f1) Importer(2089858483,192608db42251d675da83286b1cce702) (ScriptedImporter) -> (artifact id: '4c08e428fb88d28b2b7694b74028295e') in 0.013670379 seconds
Number of updated asset objects reloaded before import = 0Number of asset objects unloaded after import = 1

========================================================================
Received Import Request.
  Time since last request: 0.000029 seconds.
  path: Assets/PBR_Grass_Textures/Textures/grass_04_smoothness.png
  artifactKey: Guid(10798f9303ad0914d9d1d2032009291a) Importer(2089858483,192608db42251d675da83286b1cce702)
Start importing Assets/PBR_Grass_Textures/Textures/grass_04_smoothness.png using Guid(10798f9303ad0914d9d1d2032009291a) Importer(2089858483,192608db42251d675da83286b1cce702) (ScriptedImporter) -> (artifact id: '9b43df0d4ec81be238d154fbc3340284') in 0.043580766 seconds
Number of updated asset objects reloaded before import = 0Number of asset objects unloaded after import = 1

========================================================================
Received Import Request.
  Time since last request: 0.000037 seconds.
  path: Assets/SimplePoly City - Low Poly Assets/Demo/SimplePoly City - Low Poly Assets_Demo SceneSettings.lighting
  artifactKey: Guid(afa1291facac6063f9411d4b2eb9b9ff) Importer(2089858483,192608db42251d675da83286b1cce702)
Start importing Assets/SimplePoly City - Low Poly Assets/Demo/SimplePoly City - Low Poly Assets_Demo SceneSettings.lighting using Guid(afa1291facac6063f9411d4b2eb9b9ff) Importer(2089858483,192608db42251d675da83286b1cce702) (ScriptedImporter) -> (artifact id: 'fc00f141fd08d6dcb5690478d544e1dc') in 0.012606325 seconds
Number of updated asset objects reloaded before import = 0Number of asset objects unloaded after import = 1

========================================================================
Received Import Request.
  Time since last request: 0.000039 seconds.
  path: Assets/LowPolyMedievalPropsLite/Prefabs/WoodPlank_01.prefab
  artifactKey: Guid(41a2edecaedc0bb4e8c1ad3055928721) Importer(2089858483,192608db42251d675da83286b1cce702)
Start importing Assets/LowPolyMedievalPropsLite/Prefabs/WoodPlank_01.prefab using Guid(41a2edecaedc0bb4e8c1ad3055928721) Importer(2089858483,192608db42251d675da83286b1cce702) (ScriptedImporter) -> (artifact id: '08aa833b9376e0aaa9aa03b18f0a0b24') in 0.009014217 seconds
Number of updated asset objects reloaded before import = 0Number of asset objects unloaded after import = 9

========================================================================
Received Import Request.
  Time since last request: 0.000029 seconds.
  path: Assets/PBR_Grass_Textures/Textures/grass_05_ao.png
  artifactKey: Guid(03c7206836b381e45a4f95c9d1f32116) Importer(2089858483,192608db42251d675da83286b1cce702)
Start importing Assets/PBR_Grass_Textures/Textures/grass_05_ao.png using Guid(03c7206836b381e45a4f95c9d1f32116) Importer(2089858483,192608db42251d675da83286b1cce702) (ScriptedImporter) -> (artifact id: 'b8c41b974e839e2a229c61c16c053a88') in 0.019573694 seconds
Number of updated asset objects reloaded before import = 0Number of asset objects unloaded after import = 1

========================================================================
Received Import Request.
  Time since last request: 0.000027 seconds.
  path: Assets/PBR_Grass_Textures/example_scene/grass_05.mat
  artifactKey: Guid(283364ac7d918e044a7eb43f60b15e0c) Importer(2089858483,192608db42251d675da83286b1cce702)
Start importing Assets/PBR_Grass_Textures/example_scene/grass_05.mat using Guid(283364ac7d918e044a7eb43f60b15e0c) Importer(2089858483,192608db42251d675da83286b1cce702) (ScriptedImporter) -> (artifact id: '9884d9c3d995c86d901b1fa7a0ccd98a') in 0.056148227 seconds
Number of updated asset objects reloaded before import = 0Number of asset objects unloaded after import = 4

========================================================================
Received Import Request.
  Time since last request: 0.000026 seconds.
  path: Assets/SimplePoly City - Low Poly Assets/Materials/Building_Books Shop.mat
  artifactKey: Guid(d2be81fdd0927fa40a4ac00be93d9bf6) Importer(2089858483,192608db42251d675da83286b1cce702)
Start importing Assets/SimplePoly City - Low Poly Assets/Materials/Building_Books Shop.mat using Guid(d2be81fdd0927fa40a4ac00be93d9bf6) Importer(2089858483,192608db42251d675da83286b1cce702) (ScriptedImporter) -> (artifact id: '4a6c4c8d65748b852be103d0a2f6d1c7') in 0.008257411 seconds
Number of updated asset objects reloaded before import = 0Number of asset objects unloaded after import = 3

========================================================================
Received Import Request.
  Time since last request: 0.000036 seconds.
  path: Assets/SimplePoly City - Low Poly Assets/Materials/Props_Props_01.mat
  artifactKey: Guid(1b96474fd045dce4a8b2ffba96618392) Importer(2089858483,192608db42251d675da83286b1cce702)
Start importing Assets/SimplePoly City - Low Poly Assets/Materials/Props_Props_01.mat using Guid(1b96474fd045dce4a8b2ffba96618392) Importer(2089858483,192608db42251d675da83286b1cce702) (ScriptedImporter) -> (artifact id: '01427f91b9bdd52b9ab5f8e752e9104d') in 0.00953308 seconds
Number of updated asset objects reloaded before import = 0Number of asset objects unloaded after import = 3

========================================================================
Received Import Request.
  Time since last request: 0.000044 seconds.
  path: Assets/SimplePoly City - Low Poly Assets/Materials/Vehicle_Car_color02.mat
  artifactKey: Guid(444598fdbae3357408ac7daa0fd9eabe) Importer(2089858483,192608db42251d675da83286b1cce702)
Start importing Assets/SimplePoly City - Low Poly Assets/Materials/Vehicle_Car_color02.mat using Guid(444598fdbae3357408ac7daa0fd9eabe) Importer(2089858483,192608db42251d675da83286b1cce702) (ScriptedImporter) -> (artifact id: 'b270b0af96634a96b226ed26f17a7c0b') in 0.090351045 seconds
Number of updated asset objects reloaded before import = 0Number of asset objects unloaded after import = 3

========================================================================
Received Import Request.
  Time since last request: 0.000025 seconds.
  path: Assets/SimplePoly City - Low Poly Assets/Materials/Vehicle_Container_color03.mat
  artifactKey: Guid(5e29c495f3970b64f9d09ce50f034ed4) Importer(2089858483,192608db42251d675da83286b1cce702)
Start importing Assets/SimplePoly City - Low Poly Assets/Materials/Vehicle_Container_color03.mat using Guid(5e29c495f3970b64f9d09ce50f034ed4) Importer(2089858483,192608db42251d675da83286b1cce702) (ScriptedImporter) -> (artifact id: 'c35c8b3df1b11159b9bf6ed86c7d55b5') in 0.006447637 seconds
Number of updated asset objects reloaded before import = 0Number of asset objects unloaded after import = 3

========================================================================
Received Import Request.
  Time since last request: 0.000028 seconds.
  path: Assets/SimplePoly City - Low Poly Assets/Materials/Vehicle_Bus_color01.mat
  artifactKey: Guid(2851e6469fffc7640a0b1333a9b2519f) Importer(2089858483,192608db42251d675da83286b1cce702)
Start importing Assets/SimplePoly City - Low Poly Assets/Materials/Vehicle_Bus_color01.mat using Guid(2851e6469fffc7640a0b1333a9b2519f) Importer(2089858483,192608db42251d675da83286b1cce702) (ScriptedImporter) -> (artifact id: '3224bd881513d7d3dbf56f0a9638866d') in 0.007405021 seconds
Number of updated asset objects reloaded before import = 0Number of asset objects unloaded after import = 3

========================================================================
Received Import Request.
  Time since last request: 0.000032 seconds.
  path: Assets/SimplePoly City - Low Poly Assets/Materials/Building_Drug Store.mat
  artifactKey: Guid(f9332e9be9cda3a4e8544e41a0366b6d) Importer(2089858483,192608db42251d675da83286b1cce702)
Start importing Assets/SimplePoly City - Low Poly Assets/Materials/Building_Drug Store.mat using Guid(f9332e9be9cda3a4e8544e41a0366b6d) Importer(2089858483,192608db42251d675da83286b1cce702) (ScriptedImporter) -> (artifact id: '769db0baf97dfed7cde44a1e0ebcbe12') in 0.005857787 seconds
Number of updated asset objects reloaded before import = 0Number of asset objects unloaded after import = 3

========================================================================
Received Import Request.
  Time since last request: 0.000043 seconds.
  path: Assets/SimplePoly City - Low Poly Assets/Materials/Building_House_02_color02.mat
  artifactKey: Guid(b66f907b85259674ca69f1732a632bcd) Importer(2089858483,192608db42251d675da83286b1cce702)
Start importing Assets/SimplePoly City - Low Poly Assets/Materials/Building_House_02_color02.mat using Guid(b66f907b85259674ca69f1732a632bcd) Importer(2089858483,192608db42251d675da83286b1cce702) (ScriptedImporter) -> (artifact id: '62a44abc2bce8e73d56193ede93bcc64') in 0.006176571 seconds
Number of updated asset objects reloaded before import = 0Number of asset objects unloaded after import = 3

========================================================================
Received Import Request.
  Time since last request: 0.000025 seconds.
  path: Assets/SimplePoly City - Low Poly Assets/Materials/Vehicle_Container_color01.mat
  artifactKey: Guid(992fb1e4bf06a5b488783670728d3f46) Importer(2089858483,192608db42251d675da83286b1cce702)
Start importing Assets/SimplePoly City - Low Poly Assets/Materials/Vehicle_Container_color01.mat using Guid(992fb1e4bf06a5b488783670728d3f46) Importer(2089858483,192608db42251d675da83286b1cce702) (ScriptedImporter) -> (artifact id: 'a265d41155819050934282afdff47d86') in 0.007612515 seconds
Number of updated asset objects reloaded before import = 0Number of asset objects unloaded after import = 3

========================================================================
Received Import Request.
  Time since last request: 0.000025 seconds.
  path: Assets/SimplePoly City - Low Poly Assets/Materials/Building_Shoes Shop.mat
  artifactKey: Guid(25119463e811d3c4c82a0d92a6e1c561) Importer(2089858483,192608db42251d675da83286b1cce702)
Start importing Assets/SimplePoly City - Low Poly Assets/Materials/Building_Shoes Shop.mat using Guid(25119463e811d3c4c82a0d92a6e1c561) Importer(2089858483,192608db42251d675da83286b1cce702) (ScriptedImporter) -> (artifact id: '1581aa664c9e98ba211f6009fada78ad') in 0.007361255 seconds
Number of updated asset objects reloaded before import = 0Number of asset objects unloaded after import = 3

========================================================================
Received Import Request.
  Time since last request: 0.000025 seconds.
  path: Assets/SimplePoly City - Low Poly Assets/Materials/Building_Restaurant.mat
  artifactKey: Guid(583621a2a9afaee4c93548c5ac08d4e3) Importer(2089858483,192608db42251d675da83286b1cce702)
Start importing Assets/SimplePoly City - Low Poly Assets/Materials/Building_Restaurant.mat using Guid(583621a2a9afaee4c93548c5ac08d4e3) Importer(2089858483,192608db42251d675da83286b1cce702) (ScriptedImporter) -> (artifact id: '02251d0c89622937ff21dae723afef88') in 0.006544671 seconds
Number of updated asset objects reloaded before import = 0Number of asset objects unloaded after import = 3

========================================================================
Received Import Request.
  Time since last request: 0.000025 seconds.
  path: Assets/SimplePoly City - Low Poly Assets/Materials/Building_House_02_color03.mat
  artifactKey: Guid(c622c6f6cb906dd47b5fd1368346e0c8) Importer(2089858483,192608db42251d675da83286b1cce702)
Start importing Assets/SimplePoly City - Low Poly Assets/Materials/Building_House_02_color03.mat using Guid(c622c6f6cb906dd47b5fd1368346e0c8) Importer(2089858483,192608db42251d675da83286b1cce702) (ScriptedImporter) -> (artifact id: '522b04eb8e9416fc33d5f3d9b839d800') in 0.005147144 seconds
Number of updated asset objects reloaded before import = 0Number of asset objects unloaded after import = 3

========================================================================
Received Import Request.
  Time since last request: 0.000029 seconds.
  path: Assets/SimplePoly City - Low Poly Assets/Materials/Building_House_03_color03.mat
  artifactKey: Guid(0ee6e621355b5ac4da1102c54fbb63d8) Importer(2089858483,192608db42251d675da83286b1cce702)
Start importing Assets/SimplePoly City - Low Poly Assets/Materials/Building_House_03_color03.mat using Guid(0ee6e621355b5ac4da1102c54fbb63d8) Importer(2089858483,192608db42251d675da83286b1cce702) (ScriptedImporter) -> (artifact id: '95e2855c734e4153096f6a2ccd9bc5d7') in 0.005398172 seconds
Number of updated asset objects reloaded before import = 0Number of asset objects unloaded after import = 3

========================================================================
Received Import Request.
  Time since last request: 0.000032 seconds.
  path: Assets/SimplePoly City - Low Poly Assets/Materials/Building_Residential_color03.mat
  artifactKey: Guid(503a5bca82bfa754d93ab882c47b76d1) Importer(2089858483,192608db42251d675da83286b1cce702)
Start importing Assets/SimplePoly City - Low Poly Assets/Materials/Building_Residential_color03.mat using Guid(503a5bca82bfa754d93ab882c47b76d1) Importer(2089858483,192608db42251d675da83286b1cce702) (ScriptedImporter) -> (artifact id: 'a70bb424d82d316d7eeebd2dc7a58179') in 0.0083374 seconds
Number of updated asset objects reloaded before import = 0Number of asset objects unloaded after import = 3

========================================================================
Received Import Request.
  Time since last request: 0.000038 seconds.
  path: Assets/SimplePoly City - Low Poly Assets/Materials/Building_House_04_color02.mat
  artifactKey: Guid(5969c1f4dba612842ac19dbf345dd211) Importer(2089858483,192608db42251d675da83286b1cce702)
Start importing Assets/SimplePoly City - Low Poly Assets/Materials/Building_House_04_color02.mat using Guid(5969c1f4dba612842ac19dbf345dd211) Importer(2089858483,192608db42251d675da83286b1cce702) (ScriptedImporter) -> (artifact id: '281b83f55e4f3b97e0b9bfd7a7593603') in 0.00572839 seconds
Number of updated asset objects reloaded before import = 0Number of asset objects unloaded after import = 3

========================================================================
Received Import Request.
  Time since last request: 0.000024 seconds.
  path: Assets/SimplePoly City - Low Poly Assets/Materials/Building_Coffee Shop.mat
  artifactKey: Guid(4967bea7482277d48955ef26a2a50c7c) Importer(2089858483,192608db42251d675da83286b1cce702)
Start importing Assets/SimplePoly City - Low Poly Assets/Materials/Building_Coffee Shop.mat using Guid(4967bea7482277d48955ef26a2a50c7c) Importer(2089858483,192608db42251d675da83286b1cce702) (ScriptedImporter) -> (artifact id: '4a8c08a21faf4268be8af7b2ea0fb812') in 0.005676521 seconds
Number of updated asset objects reloaded before import = 0Number of asset objects unloaded after import = 3

========================================================================
Received Import Request.
  Time since last request: 0.000030 seconds.
  path: Assets/PBR_Grass_Textures/Textures/grass_04_maskmap.png
  artifactKey: Guid(cd629ca419b808242a1d70610b903ae2) Importer(2089858483,192608db42251d675da83286b1cce702)
Start importing Assets/PBR_Grass_Textures/Textures/grass_04_maskmap.png using Guid(cd629ca419b808242a1d70610b903ae2) Importer(2089858483,192608db42251d675da83286b1cce702) (ScriptedImporter) -> (artifact id: 'c2fbee5086f817a7f04c9b5506ae86cc') in 0.028765875 seconds
Number of updated asset objects reloaded before import = 0Number of asset objects unloaded after import = 1

========================================================================
Received Import Request.
  Time since last request: 0.000035 seconds.
  path: Assets/SimplePoly City - Low Poly Assets/Materials/Building_Chicken Shop.mat
  artifactKey: Guid(d15e38c8ed480004fbb959137225b569) Importer(2089858483,192608db42251d675da83286b1cce702)
Start importing Assets/SimplePoly City - Low Poly Assets/Materials/Building_Chicken Shop.mat using Guid(d15e38c8ed480004fbb959137225b569) Importer(2089858483,192608db42251d675da83286b1cce702) (ScriptedImporter) -> (artifact id: '2f2b2641f5e4b3f7da75b9ffb772eca5') in 0.009110968 seconds
Number of updated asset objects reloaded before import = 0Number of asset objects unloaded after import = 3

========================================================================
Received Import Request.
  Time since last request: 0.000026 seconds.
  path: Assets/LowPolyMedievalPropsLite/Models/Wineglass_01.fbx
  artifactKey: Guid(1fd35ae0e71bd7849af4d7083c2f1454) Importer(2089858483,192608db42251d675da83286b1cce702)
Start importing Assets/LowPolyMedievalPropsLite/Models/Wineglass_01.fbx using Guid(1fd35ae0e71bd7849af4d7083c2f1454) Importer(2089858483,192608db42251d675da83286b1cce702) (ScriptedImporter) -> (artifact id: 'd69ef4017046bf5c4b24aca5726dd878') in 0.010487489 seconds
Number of updated asset objects reloaded before import = 0Number of asset objects unloaded after import = 7

========================================================================
Received Import Request.
  Time since last request: 0.000034 seconds.
  path: Assets/PBR_Grass_Textures/Textures/grass_04.png
  artifactKey: Guid(d328b36fe895dc54d82ce105d47de6c5) Importer(2089858483,192608db42251d675da83286b1cce702)
Start importing Assets/PBR_Grass_Textures/Textures/grass_04.png using Guid(d328b36fe895dc54d82ce105d47de6c5) Importer(2089858483,192608db42251d675da83286b1cce702) (ScriptedImporter) -> (artifact id: 'f2c6dddf924ca4d2a409bacc83e7a888') in 0.015389825 seconds
Number of updated asset objects reloaded before import = 0Number of asset objects unloaded after import = 1

========================================================================
Received Import Request.
  Time since last request: 0.000036 seconds.
  path: Assets/Adventure_Character/Materials/Man_Cloth_Up_01.mat
  artifactKey: Guid(b2388b7cee621b040a376272b202b6bf) Importer(2089858483,192608db42251d675da83286b1cce702)
Start importing Assets/Adventure_Character/Materials/Man_Cloth_Up_01.mat using Guid(b2388b7cee621b040a376272b202b6bf) Importer(2089858483,192608db42251d675da83286b1cce702) (ScriptedImporter) -> (artifact id: '8ccffe00cd51884f2e8bea2c826f1d32') in 0.061892551 seconds
Number of updated asset objects reloaded before import = 0Number of asset objects unloaded after import = 5

========================================================================
Received Import Request.
  Time since last request: 0.000028 seconds.
  path: Assets/SimplePoly City - Low Poly Assets/Models/Building_Music Store.fbx
  artifactKey: Guid(e6c7be1b4691ca441abe64159118907b) Importer(2089858483,192608db42251d675da83286b1cce702)
Start importing Assets/SimplePoly City - Low Poly Assets/Models/Building_Music Store.fbx using Guid(e6c7be1b4691ca441abe64159118907b) Importer(2089858483,192608db42251d675da83286b1cce702) (ScriptedImporter) -> (artifact id: 'e993f910a8cb6ae8e99387c62029ae67') in 0.012860551 seconds
Number of updated asset objects reloaded before import = 0Number of asset objects unloaded after import = 9

========================================================================
Received Import Request.
  Time since last request: 0.000024 seconds.
  path: Assets/SimplePoly City - Low Poly Assets/Models/Natures_Bush_02.fbx
  artifactKey: Guid(f65d01a310db1b74582d89cdcb63fe4b) Importer(2089858483,192608db42251d675da83286b1cce702)
Start importing Assets/SimplePoly City - Low Poly Assets/Models/Natures_Bush_02.fbx using Guid(f65d01a310db1b74582d89cdcb63fe4b) Importer(2089858483,192608db42251d675da83286b1cce702) (ScriptedImporter) -> (artifact id: '31d0ebf9f9356006970e947f95684ca0') in 0.020245999 seconds
Number of updated asset objects reloaded before import = 0Number of asset objects unloaded after import = 9

========================================================================
Received Import Request.
  Time since last request: 0.000027 seconds.
  path: Assets/SimplePoly City - Low Poly Assets/Materials/Vehicle_Taxi.mat
  artifactKey: Guid(24c20333a6b79874298a79151051f9fa) Importer(2089858483,192608db42251d675da83286b1cce702)
Start importing Assets/SimplePoly City - Low Poly Assets/Materials/Vehicle_Taxi.mat using Guid(24c20333a6b79874298a79151051f9fa) Importer(2089858483,192608db42251d675da83286b1cce702) (ScriptedImporter) -> (artifact id: 'f2f7dc8384164b655a1e03e327a4b874') in 0.008252331 seconds
Number of updated asset objects reloaded before import = 0Number of asset objects unloaded after import = 3

========================================================================
Received Import Request.
  Time since last request: 0.000044 seconds.
  path: Assets/SimplePoly City - Low Poly Assets/Models/Props_Bench_1.fbx
  artifactKey: Guid(069faa75324807b4d99f059f6622d7c2) Importer(2089858483,192608db42251d675da83286b1cce702)
Start importing Assets/SimplePoly City - Low Poly Assets/Models/Props_Bench_1.fbx using Guid(069faa75324807b4d99f059f6622d7c2) Importer(2089858483,192608db42251d675da83286b1cce702) (ScriptedImporter) -> (artifact id: 'd81fc97ea7995b1f514221e8cc056b5b') in 0.019214299 seconds
Number of updated asset objects reloaded before import = 0Number of asset objects unloaded after import = 9

========================================================================
Received Import Request.
  Time since last request: 0.000040 seconds.
  path: Assets/SimplePoly City - Low Poly Assets/Materials/Vehicle_Truck_color01.mat
  artifactKey: Guid(8d937782c962a9044a28c21514c73ffb) Importer(2089858483,192608db42251d675da83286b1cce702)
Start importing Assets/SimplePoly City - Low Poly Assets/Materials/Vehicle_Truck_color01.mat using Guid(8d937782c962a9044a28c21514c73ffb) Importer(2089858483,192608db42251d675da83286b1cce702) (ScriptedImporter) -> (artifact id: '6fe4b197d9e3d33d3e0337556a21cefb') in 0.008399275 seconds
Number of updated asset objects reloaded before import = 0Number of asset objects unloaded after import = 3

========================================================================
Received Import Request.
  Time since last request: 0.000030 seconds.
  path: Assets/SimplePoly City - Low Poly Assets/Materials/Vehicle_SUV_color03.mat
  artifactKey: Guid(66866c7f5319a2d4ab19d87f65b08692) Importer(2089858483,192608db42251d675da83286b1cce702)
Start importing Assets/SimplePoly City - Low Poly Assets/Materials/Vehicle_SUV_color03.mat using Guid(66866c7f5319a2d4ab19d87f65b08692) Importer(2089858483,192608db42251d675da83286b1cce702) (ScriptedImporter) -> (artifact id: '2d9d195b687f3094bd4261473aee7985') in 0.008706035 seconds
Number of updated asset objects reloaded before import = 0Number of asset objects unloaded after import = 3

========================================================================
Received Import Request.
  Time since last request: 0.000024 seconds.
  path: Assets/SimplePoly City - Low Poly Assets/Materials/Vehicle_Truck_color02.mat
  artifactKey: Guid(aa873d2eb05f7a249b6c4af961517216) Importer(2089858483,192608db42251d675da83286b1cce702)
Start importing Assets/SimplePoly City - Low Poly Assets/Materials/Vehicle_Truck_color02.mat using Guid(aa873d2eb05f7a249b6c4af961517216) Importer(2089858483,192608db42251d675da83286b1cce702) (ScriptedImporter) -> (artifact id: '492b61eaac0ee083bce0b06027a319da') in 0.007212461 seconds
Number of updated asset objects reloaded before import = 0Number of asset objects unloaded after import = 3

========================================================================
Received Import Request.
  Time since last request: 0.000027 seconds.
  path: Assets/SimplePoly City - Low Poly Assets/Models/Building_Fast Food.fbx
  artifactKey: Guid(4ddf9dbec6534a14a9612193ee06f4d2) Importer(2089858483,192608db42251d675da83286b1cce702)
Start importing Assets/SimplePoly City - Low Poly Assets/Models/Building_Fast Food.fbx using Guid(4ddf9dbec6534a14a9612193ee06f4d2) Importer(2089858483,192608db42251d675da83286b1cce702) (ScriptedImporter) -> (artifact id: '6cc36fa05d585142c5a312a0a333ed23') in 0.01352374 seconds
Number of updated asset objects reloaded before import = 0Number of asset objects unloaded after import = 9

========================================================================
Received Import Request.
  Time since last request: 0.000032 seconds.
  path: Assets/SimplePoly City - Low Poly Assets/Models/Building_Super Market.fbx
  artifactKey: Guid(fad753de86ef7464790653995e61e7c4) Importer(2089858483,192608db42251d675da83286b1cce702)
Start importing Assets/SimplePoly City - Low Poly Assets/Models/Building_Super Market.fbx using Guid(fad753de86ef7464790653995e61e7c4) Importer(2089858483,192608db42251d675da83286b1cce702) (ScriptedImporter) -> (artifact id: '5ca6a47da329c4ea09b91c6ecd23df7c') in 0.022450742 seconds
Number of updated asset objects reloaded before import = 0Number of asset objects unloaded after import = 9

========================================================================
Received Import Request.
  Time since last request: 0.000040 seconds.
  path: Assets/SimplePoly City - Low Poly Assets/Materials/Vehicle_SUV_color02.mat
  artifactKey: Guid(6635f2e276b1e904bb60b1e67d0853da) Importer(2089858483,192608db42251d675da83286b1cce702)
Start importing Assets/SimplePoly City - Low Poly Assets/Materials/Vehicle_SUV_color02.mat using Guid(6635f2e276b1e904bb60b1e67d0853da) Importer(2089858483,192608db42251d675da83286b1cce702) (ScriptedImporter) -> (artifact id: '19066a8c5c6907afea70137ca0d738f6') in 0.008019721 seconds
Number of updated asset objects reloaded before import = 0Number of asset objects unloaded after import = 3

========================================================================
Received Import Request.
  Time since last request: 0.000040 seconds.
  path: Assets/SimplePoly City - Low Poly Assets/Models/Natures_Grass Fence.fbx
  artifactKey: Guid(f84563c4522be5e4bbef79b6a74da743) Importer(2089858483,192608db42251d675da83286b1cce702)
Start importing Assets/SimplePoly City - Low Poly Assets/Models/Natures_Grass Fence.fbx using Guid(f84563c4522be5e4bbef79b6a74da743) Importer(2089858483,192608db42251d675da83286b1cce702) (ScriptedImporter) -> (artifact id: '44a6ca5793e5fe2a4a4b3fc15ad9ff68') in 0.013269274 seconds
Number of updated asset objects reloaded before import = 0Number of asset objects unloaded after import = 9

========================================================================
Received Import Request.
  Time since last request: 0.000030 seconds.
  path: Assets/SimplePoly City - Low Poly Assets/Materials/Vehicle_SUV_color01.mat
  artifactKey: Guid(c0172b2eebb55f74bbb355a1b1fe0557) Importer(2089858483,192608db42251d675da83286b1cce702)
Start importing Assets/SimplePoly City - Low Poly Assets/Materials/Vehicle_SUV_color01.mat using Guid(c0172b2eebb55f74bbb355a1b1fe0557) Importer(2089858483,192608db42251d675da83286b1cce702) (ScriptedImporter) -> (artifact id: 'f8cf292a07fc32e408e1c8984f786580') in 0.0106326 seconds
Number of updated asset objects reloaded before import = 0Number of asset objects unloaded after import = 3

========================================================================
Received Import Request.
  Time since last request: 0.000031 seconds.
  path: Assets/SimplePoly City - Low Poly Assets/Models/Building_Factory.fbx
  artifactKey: Guid(932be02d2912c394786d8ec1d2007f18) Importer(2089858483,192608db42251d675da83286b1cce702)
Start importing Assets/SimplePoly City - Low Poly Assets/Models/Building_Factory.fbx using Guid(932be02d2912c394786d8ec1d2007f18) Importer(2089858483,192608db42251d675da83286b1cce702) (ScriptedImporter) -> (artifact id: '1a0c87c68b194068e0a6b596901db987') in 0.018168716 seconds
Number of updated asset objects reloaded before import = 0Number of asset objects unloaded after import = 9

========================================================================
Received Import Request.
  Time since last request: 0.000030 seconds.
  path: Assets/SimplePoly City - Low Poly Assets/Models/Building_Auto Service.fbx
  artifactKey: Guid(c886fb979d2b589419f4cd3003261086) Importer(2089858483,192608db42251d675da83286b1cce702)
Start importing Assets/SimplePoly City - Low Poly Assets/Models/Building_Auto Service.fbx using Guid(c886fb979d2b589419f4cd3003261086) Importer(2089858483,192608db42251d675da83286b1cce702) (ScriptedImporter) -> (artifact id: 'fd612ba687e08fd70ac5db53d5b04770') in 0.026110007 seconds
Number of updated asset objects reloaded before import = 0Number of asset objects unloaded after import = 9

========================================================================
Received Import Request.
  Time since last request: 0.000032 seconds.
  path: Assets/SimplePoly City - Low Poly Assets/Models/Building_House_03_color01.fbx
  artifactKey: Guid(4290fe0579b63f4429763c6c6d2f242d) Importer(2089858483,192608db42251d675da83286b1cce702)
Start importing Assets/SimplePoly City - Low Poly Assets/Models/Building_House_03_color01.fbx using Guid(4290fe0579b63f4429763c6c6d2f242d) Importer(2089858483,192608db42251d675da83286b1cce702) (ScriptedImporter) -> (artifact id: 'a280ff3c66feaca67d683858fbd46c02') in 0.014316037 seconds
Number of updated asset objects reloaded before import = 0Number of asset objects unloaded after import = 9

========================================================================
Received Import Request.
  Time since last request: 0.000039 seconds.
  path: Assets/SimplePoly City - Low Poly Assets/Models/Building_Drug Store.fbx
  artifactKey: Guid(1860d34e1bb20454eafce0acf664508b) Importer(2089858483,192608db42251d675da83286b1cce702)
Start importing Assets/SimplePoly City - Low Poly Assets/Models/Building_Drug Store.fbx using Guid(1860d34e1bb20454eafce0acf664508b) Importer(2089858483,192608db42251d675da83286b1cce702) (ScriptedImporter) -> (artifact id: 'b9d6b50e322827de33370740b736468e') in 0.015434378 seconds
Number of updated asset objects reloaded before import = 0Number of asset objects unloaded after import = 9

========================================================================
Received Import Request.
  Time since last request: 0.000025 seconds.
  path: Assets/SimplePoly City - Low Poly Assets/Models/Props_Bus Stop.fbx
  artifactKey: Guid(9e6e51a480e2d6f43878a5d789bd8704) Importer(2089858483,192608db42251d675da83286b1cce702)
Start importing Assets/SimplePoly City - Low Poly Assets/Models/Props_Bus Stop.fbx using Guid(9e6e51a480e2d6f43878a5d789bd8704) Importer(2089858483,192608db42251d675da83286b1cce702) (ScriptedImporter) -> (artifact id: '50b9a2548784adc91154bcbb898b3a95') in 0.012854779 seconds
Number of updated asset objects reloaded before import = 0Number of asset objects unloaded after import = 9

========================================================================
Received Import Request.
  Time since last request: 0.000029 seconds.
  path: Assets/SimplePoly City - Low Poly Assets/Models/Natures_Rock_Big.fbx
  artifactKey: Guid(9af6d300c4b48bb4ebe9539c44d73f0c) Importer(2089858483,192608db42251d675da83286b1cce702)
Start importing Assets/SimplePoly City - Low Poly Assets/Models/Natures_Rock_Big.fbx using Guid(9af6d300c4b48bb4ebe9539c44d73f0c) Importer(2089858483,192608db42251d675da83286b1cce702) (ScriptedImporter) -> (artifact id: '39dfe32277007470c919a279f6c95b6a') in 0.030480587 seconds
Number of updated asset objects reloaded before import = 0Number of asset objects unloaded after import = 9

========================================================================
Received Import Request.
  Time since last request: 0.000028 seconds.
  path: Assets/SimplePoly City - Low Poly Assets/Models/Road T_Intersection_01.fbx
  artifactKey: Guid(4026b0b37aa0fed4d95ed976da00e63f) Importer(2089858483,192608db42251d675da83286b1cce702)
Start importing Assets/SimplePoly City - Low Poly Assets/Models/Road T_Intersection_01.fbx using Guid(4026b0b37aa0fed4d95ed976da00e63f) Importer(2089858483,192608db42251d675da83286b1cce702) (ScriptedImporter) -> (artifact id: 'f1551ca26bdd165ca42d18d04f2d9fa8') in 0.014309955 seconds
Number of updated asset objects reloaded before import = 0Number of asset objects unloaded after import = 9

========================================================================
Received Import Request.
  Time since last request: 0.000025 seconds.
  path: Assets/SimplePoly City - Low Poly Assets/Models/Vehicle_Taxi_separate.fbx
  artifactKey: Guid(76eea54e4cf71bf4dac0e3ef48ee32b7) Importer(2089858483,192608db42251d675da83286b1cce702)
Start importing Assets/SimplePoly City - Low Poly Assets/Models/Vehicle_Taxi_separate.fbx using Guid(76eea54e4cf71bf4dac0e3ef48ee32b7) Importer(2089858483,192608db42251d675da83286b1cce702) (ScriptedImporter) -> (artifact id: '84d01fd722af1d4d6d6ffb94e0ef29f7') in 0.014824361 seconds
Number of updated asset objects reloaded before import = 0Number of asset objects unloaded after import = 31

========================================================================
Received Import Request.
  Time since last request: 0.000042 seconds.
  path: Assets/SimplePoly City - Low Poly Assets/Textures/Building Sky_big_color03.png
  artifactKey: Guid(68678103389a4c1458454df2673310fc) Importer(2089858483,192608db42251d675da83286b1cce702)
Start importing Assets/SimplePoly City - Low Poly Assets/Textures/Building Sky_big_color03.png using Guid(68678103389a4c1458454df2673310fc) Importer(2089858483,192608db42251d675da83286b1cce702) (ScriptedImporter) -> (artifact id: 'c61481260eef6c34754a39ad1a8b7328') in 0.009165015 seconds
Number of updated asset objects reloaded before import = 0Number of asset objects unloaded after import = 1

========================================================================
Received Import Request.
  Time since last request: 0.000039 seconds.
  path: Assets/SimplePoly City - Low Poly Assets/Models/Props_Hydrant.fbx
  artifactKey: Guid(aa7a6aea7692eb346af29dcc7e73ee95) Importer(2089858483,192608db42251d675da83286b1cce702)
Start importing Assets/SimplePoly City - Low Poly Assets/Models/Props_Hydrant.fbx using Guid(aa7a6aea7692eb346af29dcc7e73ee95) Importer(2089858483,192608db42251d675da83286b1cce702) (ScriptedImporter) -> (artifact id: '88d4b9c012da45a182f6818f28fe9959') in 0.026497989 seconds
Number of updated asset objects reloaded before import = 0Number of asset objects unloaded after import = 9

========================================================================
Received Import Request.
  Time since last request: 0.000026 seconds.
  path: Assets/SimplePoly City - Low Poly Assets/Models/Road Intersection_01.fbx
  artifactKey: Guid(dd3c656fc0e01f746b07825c92b09beb) Importer(2089858483,192608db42251d675da83286b1cce702)
Start importing Assets/SimplePoly City - Low Poly Assets/Models/Road Intersection_01.fbx using Guid(dd3c656fc0e01f746b07825c92b09beb) Importer(2089858483,192608db42251d675da83286b1cce702) (ScriptedImporter) -> (artifact id: 'f21ca255e70a7778ce536810d1004ddd') in 0.013382466 seconds
Number of updated asset objects reloaded before import = 0Number of asset objects unloaded after import = 9

========================================================================
Received Import Request.
  Time since last request: 0.000027 seconds.
  path: Assets/SimplePoly City - Low Poly Assets/Models/Props_Roof Antenna.fbx
  artifactKey: Guid(cbdf54dd7a2ad4245a1dd6ccba9cc813) Importer(2089858483,192608db42251d675da83286b1cce702)
Start importing Assets/SimplePoly City - Low Poly Assets/Models/Props_Roof Antenna.fbx using Guid(cbdf54dd7a2ad4245a1dd6ccba9cc813) Importer(2089858483,192608db42251d675da83286b1cce702) (ScriptedImporter) -> (artifact id: 'a39a7a937c4b2009ff719aa2513d2707') in 0.01513195 seconds
Number of updated asset objects reloaded before import = 0Number of asset objects unloaded after import = 9

========================================================================
Received Import Request.
  Time since last request: 0.000023 seconds.
  path: Assets/SimplePoly City - Low Poly Assets/Models/Road Split Line.fbx
  artifactKey: Guid(63ec040e5e2c7354191119a82429932a) Importer(2089858483,192608db42251d675da83286b1cce702)
Start importing Assets/SimplePoly City - Low Poly Assets/Models/Road Split Line.fbx using Guid(63ec040e5e2c7354191119a82429932a) Importer(2089858483,192608db42251d675da83286b1cce702) (ScriptedImporter) -> (artifact id: '20850461c8ccd1a96cf997b30a9e12df') in 0.017286937 seconds
Number of updated asset objects reloaded before import = 0Number of asset objects unloaded after import = 9

========================================================================
Received Import Request.
  Time since last request: 0.000029 seconds.
  path: Assets/SimplePoly City - Low Poly Assets/Models/Road Corner_02.fbx
  artifactKey: Guid(b38a4b1b87a3b81429916ae40f4a3f6f) Importer(2089858483,192608db42251d675da83286b1cce702)
Start importing Assets/SimplePoly City - Low Poly Assets/Models/Road Corner_02.fbx using Guid(b38a4b1b87a3b81429916ae40f4a3f6f) Importer(2089858483,192608db42251d675da83286b1cce702) (ScriptedImporter) -> (artifact id: 'c1dd71504a1ea3ebf1e0598457e01053') in 0.017783798 seconds
Number of updated asset objects reloaded before import = 0Number of asset objects unloaded after import = 9

========================================================================
Received Import Request.
  Time since last request: 0.000037 seconds.
  path: Assets/SimplePoly City - Low Poly Assets/Models/Vehicle_Container.fbx
  artifactKey: Guid(af2166692e99625489131a7bf2114bd6) Importer(2089858483,192608db42251d675da83286b1cce702)
Start importing Assets/SimplePoly City - Low Poly Assets/Models/Vehicle_Container.fbx using Guid(af2166692e99625489131a7bf2114bd6) Importer(2089858483,192608db42251d675da83286b1cce702) (ScriptedImporter) -> (artifact id: 'bfa25eddb8577a9ec788b7ab7de774c8') in 0.014885653 seconds
Number of updated asset objects reloaded before import = 0Number of asset objects unloaded after import = 9

========================================================================
Received Import Request.
  Time since last request: 0.000029 seconds.
  path: Assets/SimplePoly City - Low Poly Assets/Textures/Building Sky_big_color02.png
  artifactKey: Guid(076be1fece3e1944da63c954eb29d137) Importer(2089858483,192608db42251d675da83286b1cce702)
Start importing Assets/SimplePoly City - Low Poly Assets/Textures/Building Sky_big_color02.png using Guid(076be1fece3e1944da63c954eb29d137) Importer(2089858483,192608db42251d675da83286b1cce702) (ScriptedImporter) -> (artifact id: '76cc7a545b908899c08c0a46647d92be') in 0.008280259 seconds
Number of updated asset objects reloaded before import = 0Number of asset objects unloaded after import = 1

========================================================================
Received Import Request.
  Time since last request: 0.000027 seconds.
  path: Assets/SimplePoly City - Low Poly Assets/Textures/Building Sky_small_color03.png
  artifactKey: Guid(0bfefad86ca42384bad95b74e07c5e68) Importer(2089858483,192608db42251d675da83286b1cce702)
Start importing Assets/SimplePoly City - Low Poly Assets/Textures/Building Sky_small_color03.png using Guid(0bfefad86ca42384bad95b74e07c5e68) Importer(2089858483,192608db42251d675da83286b1cce702) (ScriptedImporter) -> (artifact id: 'fe38e206e8fdd20475488b3a95707d63') in 0.011755041 seconds
Number of updated asset objects reloaded before import = 0Number of asset objects unloaded after import = 1

========================================================================
Received Import Request.
  Time since last request: 0.000029 seconds.
  path: Assets/SimplePoly City - Low Poly Assets/Models/Vehicle_SUV_separate.fbx
  artifactKey: Guid(1592d15b209482a419d7871e61ae4e5e) Importer(2089858483,192608db42251d675da83286b1cce702)
Start importing Assets/SimplePoly City - Low Poly Assets/Models/Vehicle_SUV_separate.fbx using Guid(1592d15b209482a419d7871e61ae4e5e) Importer(2089858483,192608db42251d675da83286b1cce702) (ScriptedImporter) -> (artifact id: 'd1a505227720279cbc91b356b3108118') in 0.027757959 seconds
Number of updated asset objects reloaded before import = 0Number of asset objects unloaded after import = 31

========================================================================
Received Import Request.
  Time since last request: 0.000024 seconds.
  path: Assets/SimplePoly City - Low Poly Assets/Textures/Building Sky_small_color01.png
  artifactKey: Guid(bee58bddcdaac384fbe8998755d603fb) Importer(2089858483,192608db42251d675da83286b1cce702)
Start importing Assets/SimplePoly City - Low Poly Assets/Textures/Building Sky_small_color01.png using Guid(bee58bddcdaac384fbe8998755d603fb) Importer(2089858483,192608db42251d675da83286b1cce702) (ScriptedImporter) -> (artifact id: 'cedcf2a689298694ae8416d53d94ee4a') in 0.009616212 seconds
Number of updated asset objects reloaded before import = 0Number of asset objects unloaded after import = 1

========================================================================
Received Import Request.
  Time since last request: 0.000037 seconds.
  path: Assets/SimplePoly City - Low Poly Assets/Models/Vehicle_SUV.fbx
  artifactKey: Guid(c887da5f6e3230f4aa38afe5e8e30387) Importer(2089858483,192608db42251d675da83286b1cce702)
Start importing Assets/SimplePoly City - Low Poly Assets/Models/Vehicle_SUV.fbx using Guid(c887da5f6e3230f4aa38afe5e8e30387) Importer(2089858483,192608db42251d675da83286b1cce702) (ScriptedImporter) -> (artifact id: 'bce235724313f6dd41b363ca55c36c76') in 0.017954001 seconds
Number of updated asset objects reloaded before import = 0Number of asset objects unloaded after import = 9

========================================================================
Received Import Request.
  Time since last request: 0.000040 seconds.
  path: Assets/SimplePoly City - Low Poly Assets/Models/Props_Traffic Signal_big.fbx
  artifactKey: Guid(773c211b627e8c648b96743ec461a88f) Importer(2089858483,192608db42251d675da83286b1cce702)
Start importing Assets/SimplePoly City - Low Poly Assets/Models/Props_Traffic Signal_big.fbx using Guid(773c211b627e8c648b96743ec461a88f) Importer(2089858483,192608db42251d675da83286b1cce702) (ScriptedImporter) -> (artifact id: '88d8a87a488338b9fddccf80c5737f2d') in 0.020301806 seconds
Number of updated asset objects reloaded before import = 0Number of asset objects unloaded after import = 9

========================================================================
Received Import Request.
  Time since last request: 0.000027 seconds.
  path: Assets/SimplePoly City - Low Poly Assets/Models/Vehicle_Truck.fbx
  artifactKey: Guid(0f8edee900fd5e74bb318fbd330392e4) Importer(2089858483,192608db42251d675da83286b1cce702)
Start importing Assets/SimplePoly City - Low Poly Assets/Models/Vehicle_Truck.fbx using Guid(0f8edee900fd5e74bb318fbd330392e4) Importer(2089858483,192608db42251d675da83286b1cce702) (ScriptedImporter) -> (artifact id: '41983c08a0b5a0fda12be453257706ce') in 0.028615979 seconds
Number of updated asset objects reloaded before import = 0Number of asset objects unloaded after import = 9

========================================================================
Received Import Request.
  Time since last request: 0.000027 seconds.
  path: Assets/SimplePoly City - Low Poly Assets/Models/Vehicle_Police Car.fbx
  artifactKey: Guid(c89ff10cad1be9a4e83cf49bf466e148) Importer(2089858483,192608db42251d675da83286b1cce702)
Start importing Assets/SimplePoly City - Low Poly Assets/Models/Vehicle_Police Car.fbx using Guid(c89ff10cad1be9a4e83cf49bf466e148) Importer(2089858483,192608db42251d675da83286b1cce702) (ScriptedImporter) -> (artifact id: 'c16701bebafbc6765607ba61965e81ec') in 0.012809473 seconds
Number of updated asset objects reloaded before import = 0Number of asset objects unloaded after import = 9

========================================================================
Received Import Request.
  Time since last request: 0.000026 seconds.
  path: Assets/SimplePoly City - Low Poly Assets/Textures/Building_House_04_color01.png
  artifactKey: Guid(8e78cd99b5b34a547a2ef279698e7786) Importer(2089858483,192608db42251d675da83286b1cce702)
Start importing Assets/SimplePoly City - Low Poly Assets/Textures/Building_House_04_color01.png using Guid(8e78cd99b5b34a547a2ef279698e7786) Importer(2089858483,192608db42251d675da83286b1cce702) (ScriptedImporter) -> (artifact id: 'cec69437dad8cfdb99597bbd19504707') in 0.00874869 seconds
Number of updated asset objects reloaded before import = 0Number of asset objects unloaded after import = 1

========================================================================
Received Import Request.
  Time since last request: 0.000024 seconds.
  path: Assets/SimplePoly City - Low Poly Assets/Textures/Building_House_03_color03.png
  artifactKey: Guid(e7e8298ecf8f3ff4c8c778c73cbed0d6) Importer(2089858483,192608db42251d675da83286b1cce702)
Start importing Assets/SimplePoly City - Low Poly Assets/Textures/Building_House_03_color03.png using Guid(e7e8298ecf8f3ff4c8c778c73cbed0d6) Importer(2089858483,192608db42251d675da83286b1cce702) (ScriptedImporter) -> (artifact id: '9a04c35fba76fd9b9ad5b52a8491a38f') in 0.008327834 seconds
Number of updated asset objects reloaded before import = 0Number of asset objects unloaded after import = 1

========================================================================
Received Import Request.
  Time since last request: 0.000031 seconds.
  path: Assets/SimplePoly City - Low Poly Assets/Textures/Building_Shoes Shop.png
  artifactKey: Guid(2b65a3a19e6eed944b6118802215ede0) Importer(2089858483,192608db42251d675da83286b1cce702)
Start importing Assets/SimplePoly City - Low Poly Assets/Textures/Building_Shoes Shop.png using Guid(2b65a3a19e6eed944b6118802215ede0) Importer(2089858483,192608db42251d675da83286b1cce702) (ScriptedImporter) -> (artifact id: '7869abaa9c8818bd8dcc7578a9a31e47') in 0.00819529 seconds
Number of updated asset objects reloaded before import = 0Number of asset objects unloaded after import = 1

========================================================================
Received Import Request.
  Time since last request: 0.000039 seconds.
  path: Assets/SimplePoly City - Low Poly Assets/Textures/Vehicle_Bus_3.png
  artifactKey: Guid(f6e5e6c56838a5046bcfcdbf324b0f85) Importer(2089858483,192608db42251d675da83286b1cce702)
Start importing Assets/SimplePoly City - Low Poly Assets/Textures/Vehicle_Bus_3.png using Guid(f6e5e6c56838a5046bcfcdbf324b0f85) Importer(2089858483,192608db42251d675da83286b1cce702) (ScriptedImporter) -> (artifact id: 'bf5db4feecdd861e61429cb5853673d0') in 0.008609687 seconds
Number of updated asset objects reloaded before import = 0Number of asset objects unloaded after import = 1

========================================================================
Received Import Request.
  Time since last request: 0.000024 seconds.
  path: Assets/SimplePoly City - Low Poly Assets/Textures/Road Concrete Tile.png
  artifactKey: Guid(41a8ddb58ec5ea540a8a4c19d8cda877) Importer(2089858483,192608db42251d675da83286b1cce702)
Start importing Assets/SimplePoly City - Low Poly Assets/Textures/Road Concrete Tile.png using Guid(41a8ddb58ec5ea540a8a4c19d8cda877) Importer(2089858483,192608db42251d675da83286b1cce702) (ScriptedImporter) -> (artifact id: '3a00cbbdfec98d3ef6cf3a84519c9c48') in 0.015948338 seconds
Number of updated asset objects reloaded before import = 0Number of asset objects unloaded after import = 1

========================================================================
Received Import Request.
  Time since last request: 0.000024 seconds.
  path: Assets/SimplePoly City - Low Poly Assets/Textures/Building_Drug Store.png
  artifactKey: Guid(a2ca9c84c117c3e4d9779bfccd3e1b4e) Importer(2089858483,192608db42251d675da83286b1cce702)
Start importing Assets/SimplePoly City - Low Poly Assets/Textures/Building_Drug Store.png using Guid(a2ca9c84c117c3e4d9779bfccd3e1b4e) Importer(2089858483,192608db42251d675da83286b1cce702) (ScriptedImporter) -> (artifact id: 'fbb93df88eeff34deada35666f5c387e') in 0.01436182 seconds
Number of updated asset objects reloaded before import = 0Number of asset objects unloaded after import = 1

========================================================================
Received Import Request.
  Time since last request: 0.000026 seconds.
  path: Assets/SimplePoly City - Low Poly Assets/Textures/Building_House_01_color02.png
  artifactKey: Guid(330683d110e88b7478da95a46f14a30a) Importer(2089858483,192608db42251d675da83286b1cce702)
Start importing Assets/SimplePoly City - Low Poly Assets/Textures/Building_House_01_color02.png using Guid(330683d110e88b7478da95a46f14a30a) Importer(2089858483,192608db42251d675da83286b1cce702) (ScriptedImporter) -> (artifact id: '7f4631871f5ad437741a632acde243ba') in 0.019600644 seconds
Number of updated asset objects reloaded before import = 0Number of asset objects unloaded after import = 1

========================================================================
Received Import Request.
  Time since last request: 0.000033 seconds.
  path: Assets/SimplePoly City - Low Poly Assets/Textures/Building_Bakery.png
  artifactKey: Guid(09a293ef617f8cf49983c38c3d860c82) Importer(2089858483,192608db42251d675da83286b1cce702)
Start importing Assets/SimplePoly City - Low Poly Assets/Textures/Building_Bakery.png using Guid(09a293ef617f8cf49983c38c3d860c82) Importer(2089858483,192608db42251d675da83286b1cce702) (ScriptedImporter) -> (artifact id: 'fc839a47c9389f5051505b466aa5e9d4') in 0.014842362 seconds
Number of updated asset objects reloaded before import = 0Number of asset objects unloaded after import = 1

========================================================================
Received Import Request.
  Time since last request: 0.000045 seconds.
  path: Assets/SimplePoly City - Low Poly Assets/Textures/Props_TrafficProps.png
  artifactKey: Guid(b386becb3d87aa64c8d545289379e79e) Importer(2089858483,192608db42251d675da83286b1cce702)
Start importing Assets/SimplePoly City - Low Poly Assets/Textures/Props_TrafficProps.png using Guid(b386becb3d87aa64c8d545289379e79e) Importer(2089858483,192608db42251d675da83286b1cce702) (ScriptedImporter) -> (artifact id: 'b351a7e32d9ef4bd93c6cadfa1959c89') in 0.009667001 seconds
Number of updated asset objects reloaded before import = 0Number of asset objects unloaded after import = 1

========================================================================
Received Import Request.
  Time since last request: 0.000039 seconds.
  path: Assets/SimplePoly City - Low Poly Assets/Textures/Building_Residential_color02.png
  artifactKey: Guid(84b90ff10d36543418f423d8e1f20c3c) Importer(2089858483,192608db42251d675da83286b1cce702)
Start importing Assets/SimplePoly City - Low Poly Assets/Textures/Building_Residential_color02.png using Guid(84b90ff10d36543418f423d8e1f20c3c) Importer(2089858483,192608db42251d675da83286b1cce702) (ScriptedImporter) -> (artifact id: '755ddae493ef958e1f31887be6bc858c') in 0.012854789 seconds
Number of updated asset objects reloaded before import = 0Number of asset objects unloaded after import = 1

========================================================================
Received Import Request.
  Time since last request: 0.000029 seconds.
  path: Assets/SimplePoly City - Low Poly Assets/Textures/Building_House_03_color02.png
  artifactKey: Guid(676d0d512f2b34a4a8452af3bc34a78f) Importer(2089858483,192608db42251d675da83286b1cce702)
Start importing Assets/SimplePoly City - Low Poly Assets/Textures/Building_House_03_color02.png using Guid(676d0d512f2b34a4a8452af3bc34a78f) Importer(2089858483,192608db42251d675da83286b1cce702) (ScriptedImporter) -> (artifact id: 'f116bbd248ee93b74859a89e59473a21') in 0.008150885 seconds
Number of updated asset objects reloaded before import = 0Number of asset objects unloaded after import = 1

========================================================================
Received Import Request.
  Time since last request: 0.000031 seconds.
  path: Assets/SimplePoly City - Low Poly Assets/Textures/Building_House_02_color01.png
  artifactKey: Guid(de3664eefb900b74fbdeb9a2a87c0cd9) Importer(2089858483,192608db42251d675da83286b1cce702)
Start importing Assets/SimplePoly City - Low Poly Assets/Textures/Building_House_02_color01.png using Guid(de3664eefb900b74fbdeb9a2a87c0cd9) Importer(2089858483,192608db42251d675da83286b1cce702) (ScriptedImporter) -> (artifact id: 'c323ce350303df33fc6514e3a7c0981a') in 0.012438581 seconds
Number of updated asset objects reloaded before import = 0Number of asset objects unloaded after import = 1

========================================================================
Received Import Request.
  Time since last request: 0.000033 seconds.
  path: Assets/SimplePoly City - Low Poly Assets/Textures/Props_RoofProps.png
  artifactKey: Guid(c9a153aaa15e0194b8e8f7c16cdf5be7) Importer(2089858483,192608db42251d675da83286b1cce702)
Start importing Assets/SimplePoly City - Low Poly Assets/Textures/Props_RoofProps.png using Guid(c9a153aaa15e0194b8e8f7c16cdf5be7) Importer(2089858483,192608db42251d675da83286b1cce702) (ScriptedImporter) -> (artifact id: 'f82e924c31047aa5b8fcb265e549ccf0') in 0.008705887 seconds
Number of updated asset objects reloaded before import = 0Number of asset objects unloaded after import = 1

========================================================================
Received Import Request.
  Time since last request: 0.000038 seconds.
  path: Assets/SimplePoly City - Low Poly Assets/Textures/Building_Super Market.png
  artifactKey: Guid(36aaf6a30be16934c8ba7886a9be97a5) Importer(2089858483,192608db42251d675da83286b1cce702)
Start importing Assets/SimplePoly City - Low Poly Assets/Textures/Building_Super Market.png using Guid(36aaf6a30be16934c8ba7886a9be97a5) Importer(2089858483,192608db42251d675da83286b1cce702) (ScriptedImporter) -> (artifact id: '2ca2d7836c1d8c996192178495069cfd') in 0.014322475 seconds
Number of updated asset objects reloaded before import = 0Number of asset objects unloaded after import = 1

========================================================================
Received Import Request.
  Time since last request: 0.000034 seconds.
  path: Assets/SimplePoly City - Low Poly Assets/Textures/Building_Bar.png
  artifactKey: Guid(dcf28aa94c297d441b5bb2e655c5b1a5) Importer(2089858483,192608db42251d675da83286b1cce702)
Start importing Assets/SimplePoly City - Low Poly Assets/Textures/Building_Bar.png using Guid(dcf28aa94c297d441b5bb2e655c5b1a5) Importer(2089858483,192608db42251d675da83286b1cce702) (ScriptedImporter) -> (artifact id: 'fe4a7cabfd89e5c6297beed9acdbcadd') in 0.016362869 seconds
Number of updated asset objects reloaded before import = 0Number of asset objects unloaded after import = 1

========================================================================
Received Import Request.
  Time since last request: 0.000040 seconds.
  path: Assets/SimplePoly City - Low Poly Assets/Models/Road Concrete Tile.fbx
  artifactKey: Guid(61c90ccd67ff728469bdcf9849269ad6) Importer(2089858483,192608db42251d675da83286b1cce702)
Start importing Assets/SimplePoly City - Low Poly Assets/Models/Road Concrete Tile.fbx using Guid(61c90ccd67ff728469bdcf9849269ad6) Importer(2089858483,192608db42251d675da83286b1cce702) (ScriptedImporter) -> (artifact id: '216665bb1744d543ee98e77ba097fd29') in 0.01315357 seconds
Number of updated asset objects reloaded before import = 0Number of asset objects unloaded after import = 9

========================================================================
Received Import Request.
  Time since last request: 0.000028 seconds.
  path: Assets/SimplePoly City - Low Poly Assets/Models/Road Tile Small.fbx
  artifactKey: Guid(c832ad2636f5fca47b8947e48a90fe48) Importer(2089858483,192608db42251d675da83286b1cce702)
Start importing Assets/SimplePoly City - Low Poly Assets/Models/Road Tile Small.fbx using Guid(c832ad2636f5fca47b8947e48a90fe48) Importer(2089858483,192608db42251d675da83286b1cce702) (ScriptedImporter) -> (artifact id: '67589d58561e402b360e6943c3b733ad') in 0.018894992 seconds
Number of updated asset objects reloaded before import = 0Number of asset objects unloaded after import = 9

========================================================================
Received Import Request.
  Time since last request: 0.000028 seconds.
  path: Assets/SimplePoly City - Low Poly Assets/Textures/Vehicle_Car_1.png
  artifactKey: Guid(f9deccdd55075124dbb0e6b5f710e0bb) Importer(2089858483,192608db42251d675da83286b1cce702)
Start importing Assets/SimplePoly City - Low Poly Assets/Textures/Vehicle_Car_1.png using Guid(f9deccdd55075124dbb0e6b5f710e0bb) Importer(2089858483,192608db42251d675da83286b1cce702) (ScriptedImporter) -> (artifact id: '378234b641051d7a3163e31d0cc63cd2') in 0.008527458 seconds
Number of updated asset objects reloaded before import = 0Number of asset objects unloaded after import = 1

========================================================================
Received Import Request.
  Time since last request: 0.000026 seconds.
  path: Assets/Settings/SampleSceneProfile.asset
  artifactKey: Guid(10fc4df2da32a41aaa32d77bc913491c) Importer(2089858483,192608db42251d675da83286b1cce702)
Start importing Assets/Settings/SampleSceneProfile.asset using Guid(10fc4df2da32a41aaa32d77bc913491c) Importer(2089858483,192608db42251d675da83286b1cce702) (ScriptedImporter) -> (artifact id: '69bfd438614bd37bfea742f134894eee') in 0.003734925 seconds
Number of updated asset objects reloaded before import = 0Number of asset objects unloaded after import = 1

========================================================================
Received Import Request.
  Time since last request: 0.000029 seconds.
  path: Assets/LowPolyMedievalPropsLite/Prefabs/Candle_02.prefab
  artifactKey: Guid(f4201c8f49deb8844a1d1d79b62d845d) Importer(2089858483,192608db42251d675da83286b1cce702)
Start importing Assets/LowPolyMedievalPropsLite/Prefabs/Candle_02.prefab using Guid(f4201c8f49deb8844a1d1d79b62d845d) Importer(2089858483,192608db42251d675da83286b1cce702) (ScriptedImporter) -> (artifact id: '764be92e794748f37280e789c145359b') in 0.013023896 seconds
Number of updated asset objects reloaded before import = 0Number of asset objects unloaded after import = 9

========================================================================
Received Import Request.
  Time since last request: 0.000039 seconds.
  path: Assets/TENKOKU - DYNAMIC SKY/EFFECTS/fxRainFog.prefab
  artifactKey: Guid(62a0ba30e8ecc6f4c9ad497430b9f8e2) Importer(2089858483,192608db42251d675da83286b1cce702)
Start importing Assets/TENKOKU - DYNAMIC SKY/EFFECTS/fxRainFog.prefab using Guid(62a0ba30e8ecc6f4c9ad497430b9f8e2) Importer(2089858483,192608db42251d675da83286b1cce702) (ScriptedImporter) -> (artifact id: '7d2f47cf6cafbc82af827de686539053') in 0.110888808 seconds
Number of updated asset objects reloaded before import = 0Number of asset objects unloaded after import = 6

========================================================================
Received Import Request.
  Time since last request: 0.000053 seconds.
  path: Assets/SimplePoly City - Low Poly Assets/Textures/Vehicle_Car_3.png
  artifactKey: Guid(784073a23c23d054e9378970d2771d69) Importer(2089858483,192608db42251d675da83286b1cce702)
Start importing Assets/SimplePoly City - Low Poly Assets/Textures/Vehicle_Car_3.png using Guid(784073a23c23d054e9378970d2771d69) Importer(2089858483,192608db42251d675da83286b1cce702) (ScriptedImporter) -> (artifact id: '2ffccee9a711e180c7d35cc35a49a7f9') in 0.008752026 seconds
Number of updated asset objects reloaded before import = 0Number of asset objects unloaded after import = 1

========================================================================
Received Import Request.
  Time since last request: 0.000024 seconds.
  path: Assets/TENKOKU - DYNAMIC SKY/SCRIPTS/TenkokuLightningFX.cs
  artifactKey: Guid(93e492ef270bcf340ad2c7c81f3164cb) Importer(2089858483,192608db42251d675da83286b1cce702)
Start importing Assets/TENKOKU - DYNAMIC SKY/SCRIPTS/TenkokuLightningFX.cs using Guid(93e492ef270bcf340ad2c7c81f3164cb) Importer(2089858483,192608db42251d675da83286b1cce702) (ScriptedImporter) -> (artifact id: 'd2b1d07e3bb26628f917e70e8d2063a5') in 0.003559866 seconds
Number of updated asset objects reloaded before import = 0Number of asset objects unloaded after import = 0

========================================================================
Received Import Request.
  Time since last request: 0.000031 seconds.
  path: Assets/TENKOKU - DYNAMIC SKY/SCRIPTS/TenkokuModule.cs
  artifactKey: Guid(1c655283bae7f774188bb4c7bde76095) Importer(2089858483,192608db42251d675da83286b1cce702)
Start importing Assets/TENKOKU - DYNAMIC SKY/SCRIPTS/TenkokuModule.cs using Guid(1c655283bae7f774188bb4c7bde76095) Importer(2089858483,192608db42251d675da83286b1cce702) (ScriptedImporter) -> (artifact id: 'c1766cdcf35e44d616cee93bf4f35ce0') in 0.002853272 seconds
Number of updated asset objects reloaded before import = 0Number of asset objects unloaded after import = 0

========================================================================
Received Import Request.
  Time since last request: 0.000032 seconds.
  path: Assets/TENKOKU - DYNAMIC SKY/SCRIPTS/TenkokuStarData.cs
  artifactKey: Guid(7849b8f0b55e89c4b855e07072e872e6) Importer(2089858483,192608db42251d675da83286b1cce702)
Start importing Assets/TENKOKU - DYNAMIC SKY/SCRIPTS/TenkokuStarData.cs using Guid(7849b8f0b55e89c4b855e07072e872e6) Importer(2089858483,192608db42251d675da83286b1cce702) (ScriptedImporter) -> (artifact id: '30316f40a1eced26419853045e919f92') in 0.002998177 seconds
Number of updated asset objects reloaded before import = 0Number of asset objects unloaded after import = 0

========================================================================
Received Import Request.
  Time since last request: 0.000033 seconds.
  path: Assets/TENKOKU - DYNAMIC SKY/SHADERS/Tenkoku_FX_Fog.shader
  artifactKey: Guid(aedaf62d9b35c3848abe26ad8ae5d779) Importer(2089858483,192608db42251d675da83286b1cce702)
Start importing Assets/TENKOKU - DYNAMIC SKY/SHADERS/Tenkoku_FX_Fog.shader using Guid(aedaf62d9b35c3848abe26ad8ae5d779) Importer(2089858483,192608db42251d675da83286b1cce702) (ScriptedImporter) -> (artifact id: 'bdedb8be241aedf9e3c8c1b7154e6b57') in 0.007114089 seconds
Number of updated asset objects reloaded before import = 0Number of asset objects unloaded after import = 1

========================================================================
Received Import Request.
  Time since last request: 0.000028 seconds.
  path: Assets/Stylized Door/Materials/m_door.mat
  artifactKey: Guid(c75dd344674859b4c87a8f21a6364433) Importer(2089858483,192608db42251d675da83286b1cce702)
Start importing Assets/Stylized Door/Materials/m_door.mat using Guid(c75dd344674859b4c87a8f21a6364433) Importer(2089858483,192608db42251d675da83286b1cce702) (ScriptedImporter) -> (artifact id: '69da447915b9d12e3007f0ae8b36b689') in 0.011519518 seconds
Number of updated asset objects reloaded before import = 0Number of asset objects unloaded after import = 3

========================================================================
Received Import Request.
  Time since last request: 0.000037 seconds.
  path: Assets/TENKOKU - DYNAMIC SKY/SCRIPTS/TenkokuSkyFog.cs
  artifactKey: Guid(99c429313ab7f9a428bd62057598aa53) Importer(2089858483,192608db42251d675da83286b1cce702)
Start importing Assets/TENKOKU - DYNAMIC SKY/SCRIPTS/TenkokuSkyFog.cs using Guid(99c429313ab7f9a428bd62057598aa53) Importer(2089858483,192608db42251d675da83286b1cce702) (ScriptedImporter) -> (artifact id: '89218f9ce0bfe4f2e8ee2fea7c1bb69d') in 0.004577015 seconds
Number of updated asset objects reloaded before import = 0Number of asset objects unloaded after import = 0

========================================================================
Received Import Request.
  Time since last request: 0.000040 seconds.
  path: Assets/TENKOKU - DYNAMIC SKY/SHADERS/Tenkoku_TemporalReprojection.shader
  artifactKey: Guid(ea6401cf7b246584d9aeff60352e1cbc) Importer(2089858483,192608db42251d675da83286b1cce702)
Start importing Assets/TENKOKU - DYNAMIC SKY/SHADERS/Tenkoku_TemporalReprojection.shader using Guid(ea6401cf7b246584d9aeff60352e1cbc) Importer(2089858483,192608db42251d675da83286b1cce702) (ScriptedImporter) -> (artifact id: '51260150cd18c946d5894933f5c0053f') in 0.007227322 seconds
Number of updated asset objects reloaded before import = 0Number of asset objects unloaded after import = 1

========================================================================
Received Import Request.
  Time since last request: 0.000023 seconds.
  path: Assets/Starter Assets/Runtime/Unity.StarterAssets.asmdef
  artifactKey: Guid(21046f374a25c0845adf5880bccdb30c) Importer(2089858483,192608db42251d675da83286b1cce702)
Start importing Assets/Starter Assets/Runtime/Unity.StarterAssets.asmdef using Guid(21046f374a25c0845adf5880bccdb30c) Importer(2089858483,192608db42251d675da83286b1cce702) (ScriptedImporter) -> (artifact id: 'ddb31c61c4be59e86ceeda9feb487421') in 0.003482067 seconds
Number of updated asset objects reloaded before import = 0Number of asset objects unloaded after import = 1

========================================================================
Received Import Request.
  Time since last request: 0.000036 seconds.
  path: Assets/TENKOKU - DYNAMIC SKY/SCRIPTS/TenkokuGlobalSound.cs
  artifactKey: Guid(ae3a54e3a8039cb498587d9391e7dd9f) Importer(2089858483,192608db42251d675da83286b1cce702)
Start importing Assets/TENKOKU - DYNAMIC SKY/SCRIPTS/TenkokuGlobalSound.cs using Guid(ae3a54e3a8039cb498587d9391e7dd9f) Importer(2089858483,192608db42251d675da83286b1cce702) (ScriptedImporter) -> (artifact id: '46135afc576eb8560040c87d9afdbdc2') in 0.004349362 seconds
Number of updated asset objects reloaded before import = 0Number of asset objects unloaded after import = 0

========================================================================
Received Import Request.
  Time since last request: 0.000031 seconds.
  path: Assets/Starter Assets/Editor/StarterAssetsDeployMenu.cs
  artifactKey: Guid(e75357183ea302c4d998136de2cc9669) Importer(2089858483,192608db42251d675da83286b1cce702)
Start importing Assets/Starter Assets/Editor/StarterAssetsDeployMenu.cs using Guid(e75357183ea302c4d998136de2cc9669) Importer(2089858483,192608db42251d675da83286b1cce702) (ScriptedImporter) -> (artifact id: 'e5d663037f4b79554cbbd8988032d394') in 0.003864237 seconds
Number of updated asset objects reloaded before import = 0Number of asset objects unloaded after import = 0

========================================================================
Received Import Request.
  Time since last request: 0.000024 seconds.
  path: Assets/Starter Assets/Editor/Unity.StartAssets.Editor.asmdef
  artifactKey: Guid(65197035c7dd3894d8e8f7a6513ffc01) Importer(2089858483,192608db42251d675da83286b1cce702)
Start importing Assets/Starter Assets/Editor/Unity.StartAssets.Editor.asmdef using Guid(65197035c7dd3894d8e8f7a6513ffc01) Importer(2089858483,192608db42251d675da83286b1cce702) (ScriptedImporter) -> (artifact id: '47c3b0bd5e42b3fae3ebd1f9a2b8b864') in 0.002660253 seconds
Number of updated asset objects reloaded before import = 0Number of asset objects unloaded after import = 1

========================================================================
Received Import Request.
  Time since last request: 0.000029 seconds.
  path: Assets/TENKOKU - DYNAMIC SKY/EFFECTS/fxSnow.prefab
  artifactKey: Guid(d23e69be23faab34cabd2c77f47f93cc) Importer(2089858483,192608db42251d675da83286b1cce702)
Start importing Assets/TENKOKU - DYNAMIC SKY/EFFECTS/fxSnow.prefab using Guid(d23e69be23faab34cabd2c77f47f93cc) Importer(2089858483,192608db42251d675da83286b1cce702) (ScriptedImporter) -> (artifact id: '0de7dc7034e044114299e864b9ab5b47') in 0.031602857 seconds
Number of updated asset objects reloaded before import = 0Number of asset objects unloaded after import = 6

========================================================================
Received Import Request.
  Time since last request: 0.000036 seconds.
  path: Assets/TENKOKU - DYNAMIC SKY/SOUNDS/tenkoku_windambient.wav
  artifactKey: Guid(ce802c5821452384b903eb10370dba6c) Importer(2089858483,192608db42251d675da83286b1cce702)
Start importing Assets/TENKOKU - DYNAMIC SKY/SOUNDS/tenkoku_windambient.wav using Guid(ce802c5821452384b903eb10370dba6c) Importer(2089858483,192608db42251d675da83286b1cce702) (ScriptedImporter) -> (artifact id: '2e99289512ee9bde51d86fcba736f7b4') in 0.067284008 seconds
Number of updated asset objects reloaded before import = 0Number of asset objects unloaded after import = 1

========================================================================
Received Import Request.
  Time since last request: 0.000041 seconds.
  path: Assets/TENKOKU - DYNAMIC SKY/SHADERS/Tenkoku_moonsphere.shader
  artifactKey: Guid(d094fc9c34d3dd841a3e412977fd18c7) Importer(2089858483,192608db42251d675da83286b1cce702)
Start importing Assets/TENKOKU - DYNAMIC SKY/SHADERS/Tenkoku_moonsphere.shader using Guid(d094fc9c34d3dd841a3e412977fd18c7) Importer(2089858483,192608db42251d675da83286b1cce702) (ScriptedImporter) -> (artifact id: '9eeeb760579bbd59bb4310625cc7d305') in 0.004338977 seconds
Number of updated asset objects reloaded before import = 0Number of asset objects unloaded after import = 1

========================================================================
Received Import Request.
  Time since last request: 0.000030 seconds.
  path: Assets/TENKOKU - DYNAMIC SKY/SOUNDS/tenkoku_thunder_close01.wav
  artifactKey: Guid(4825b0237aec4854a87bca38207f6684) Importer(2089858483,192608db42251d675da83286b1cce702)
Start importing Assets/TENKOKU - DYNAMIC SKY/SOUNDS/tenkoku_thunder_close01.wav using Guid(4825b0237aec4854a87bca38207f6684) Importer(2089858483,192608db42251d675da83286b1cce702) (ScriptedImporter) -> (artifact id: 'c8c69a8e918a5774a4abe550f5c0f355') in 0.029356469 seconds
Number of updated asset objects reloaded before import = 0Number of asset objects unloaded after import = 1

========================================================================
Received Import Request.
  Time since last request: 0.000024 seconds.
  path: Assets/TENKOKU - DYNAMIC SKY/SHADERS/Tenkoku_fx_particle_lightning.shader
  artifactKey: Guid(9db1d2c3bb817474a8ca9b7d3937830b) Importer(2089858483,192608db42251d675da83286b1cce702)
Start importing Assets/TENKOKU - DYNAMIC SKY/SHADERS/Tenkoku_fx_particle_lightning.shader using Guid(9db1d2c3bb817474a8ca9b7d3937830b) Importer(2089858483,192608db42251d675da83286b1cce702) (ScriptedImporter) -> (artifact id: '6c6b37259b69c731e6aafbe7d073378b') in 0.003598828 seconds
Number of updated asset objects reloaded before import = 0Number of asset objects unloaded after import = 1

========================================================================
Received Import Request.
  Time since last request: 0.000026 seconds.
  path: Assets/TENKOKU - DYNAMIC SKY/SHADERS/Tenkoku_sky_elek_scatter.shader
  artifactKey: Guid(cf241cfaf5faaeb48bf7b1c487760fea) Importer(2089858483,192608db42251d675da83286b1cce702)
Start importing Assets/TENKOKU - DYNAMIC SKY/SHADERS/Tenkoku_sky_elek_scatter.shader using Guid(cf241cfaf5faaeb48bf7b1c487760fea) Importer(2089858483,192608db42251d675da83286b1cce702) (ScriptedImporter) -> (artifact id: '613c6bf2f5135a3f7b2e661441e29a9d') in 0.003353072 seconds
Number of updated asset objects reloaded before import = 0Number of asset objects unloaded after import = 1

========================================================================
Received Import Request.
  Time since last request: 0.000025 seconds.
  path: Assets/TENKOKU - DYNAMIC SKY/SOUNDS/tenkoku_thunder_close02.wav
  artifactKey: Guid(26dd207047c091b42a3612d6cea037ff) Importer(2089858483,192608db42251d675da83286b1cce702)
Start importing Assets/TENKOKU - DYNAMIC SKY/SOUNDS/tenkoku_thunder_close02.wav using Guid(26dd207047c091b42a3612d6cea037ff) Importer(2089858483,192608db42251d675da83286b1cce702) (ScriptedImporter) -> (artifact id: 'f1975638bbc2905d20438e9ae9cd96c8') in 0.02988414 seconds
Number of updated asset objects reloaded before import = 0Number of asset objects unloaded after import = 1

========================================================================
Received Import Request.
  Time since last request: 0.000033 seconds.
  path: Assets/TENKOKU - DYNAMIC SKY/SOUNDS/tenkoku_rain.wav
  artifactKey: Guid(1fc5649946c1c1d4c9de87e7b6b74970) Importer(2089858483,192608db42251d675da83286b1cce702)
Start importing Assets/TENKOKU - DYNAMIC SKY/SOUNDS/tenkoku_rain.wav using Guid(1fc5649946c1c1d4c9de87e7b6b74970) Importer(2089858483,192608db42251d675da83286b1cce702) (ScriptedImporter) -> (artifact id: 'c7b420cfccdd090cfa75f6422911e7dc') in 0.030201711 seconds
Number of updated asset objects reloaded before import = 0Number of asset objects unloaded after import = 1

========================================================================
Received Import Request.
  Time since last request: 0.000050 seconds.
  path: Assets/TENKOKU - DYNAMIC SKY/SCRIPTS/ParticlePlanetHandler.cs
  artifactKey: Guid(5914b641c94392c48895c47cdfdd689c) Importer(2089858483,192608db42251d675da83286b1cce702)
Start importing Assets/TENKOKU - DYNAMIC SKY/SCRIPTS/ParticlePlanetHandler.cs using Guid(5914b641c94392c48895c47cdfdd689c) Importer(2089858483,192608db42251d675da83286b1cce702) (ScriptedImporter) -> (artifact id: '2a4d3447569d2d7352283e1c6fdacd1a') in 0.009754022 seconds
Number of updated asset objects reloaded before import = 0Number of asset objects unloaded after import = 0

========================================================================
Received Import Request.
  Time since last request: 0.000028 seconds.
  path: Assets/TENKOKU - DYNAMIC SKY/SCRIPTS/TenkokuCalculations.cs
  artifactKey: Guid(15a22e9446401c34f85c82ea90b4227c) Importer(2089858483,192608db42251d675da83286b1cce702)
Start importing Assets/TENKOKU - DYNAMIC SKY/SCRIPTS/TenkokuCalculations.cs using Guid(15a22e9446401c34f85c82ea90b4227c) Importer(2089858483,192608db42251d675da83286b1cce702) (ScriptedImporter) -> (artifact id: '3d5c49852db850ae04147adaece3e2ac') in 0.004199395 seconds
Number of updated asset objects reloaded before import = 0Number of asset objects unloaded after import = 0

========================================================================
Received Import Request.
  Time since last request: 0.000029 seconds.
  path: Assets/TENKOKU - DYNAMIC SKY/SOUNDS/tenkoku_windturbulence_high.wav
  artifactKey: Guid(a462ab0776d42304b9de67b11efbeee0) Importer(2089858483,192608db42251d675da83286b1cce702)
Start importing Assets/TENKOKU - DYNAMIC SKY/SOUNDS/tenkoku_windturbulence_high.wav using Guid(a462ab0776d42304b9de67b11efbeee0) Importer(2089858483,192608db42251d675da83286b1cce702) (ScriptedImporter) -> (artifact id: '169e6846cbe8c26fe99ad94ac35d4aa7') in 0.054074906 seconds
Number of updated asset objects reloaded before import = 0Number of asset objects unloaded after import = 1

========================================================================
Received Import Request.
  Time since last request: 0.000024 seconds.
  path: Assets/TENKOKU - DYNAMIC SKY/SHADERS/Tenkoku_aurora_sphere.shader
  artifactKey: Guid(c20b919d544852c41b09da975f15fc04) Importer(2089858483,192608db42251d675da83286b1cce702)
Start importing Assets/TENKOKU - DYNAMIC SKY/SHADERS/Tenkoku_aurora_sphere.shader using Guid(c20b919d544852c41b09da975f15fc04) Importer(2089858483,192608db42251d675da83286b1cce702) (ScriptedImporter) -> (artifact id: 'b4c001948ea0de23f511bac53ac86197') in 0.00342502 seconds
Number of updated asset objects reloaded before import = 0Number of asset objects unloaded after import = 1

========================================================================
Received Import Request.
  Time since last request: 0.000027 seconds.
  path: Assets/TENKOKU - DYNAMIC SKY/SCRIPTS/TenkokuSunShafts.cs
  artifactKey: Guid(e34bb5be94d27d04db5e7668c46eca45) Importer(2089858483,192608db42251d675da83286b1cce702)
Start importing Assets/TENKOKU - DYNAMIC SKY/SCRIPTS/TenkokuSunShafts.cs using Guid(e34bb5be94d27d04db5e7668c46eca45) Importer(2089858483,192608db42251d675da83286b1cce702) (ScriptedImporter) -> (artifact id: 'b7b5662858653d7c56bd9299219c23b3') in 0.003111185 seconds
Number of updated asset objects reloaded before import = 0Number of asset objects unloaded after import = 0

========================================================================
Received Import Request.
  Time since last request: 0.000034 seconds.
  path: Assets/TENKOKU - DYNAMIC SKY/SOUNDS/tenkoku_thunder_distant05.wav
  artifactKey: Guid(eed07a83017a83346a6641606b0a4f4f) Importer(2089858483,192608db42251d675da83286b1cce702)
Start importing Assets/TENKOKU - DYNAMIC SKY/SOUNDS/tenkoku_thunder_distant05.wav using Guid(eed07a83017a83346a6641606b0a4f4f) Importer(2089858483,192608db42251d675da83286b1cce702) (ScriptedImporter) -> (artifact id: '3482e937eb8a0eeedd0a3a3c7ad4dc89') in 0.032608386 seconds
Number of updated asset objects reloaded before import = 0Number of asset objects unloaded after import = 1

========================================================================
Received Import Request.
  Time since last request: 0.000041 seconds.
  path: Assets/TENKOKU - DYNAMIC SKY/TEXTURES/tex_masterRamp_original.psd
  artifactKey: Guid(1858af3341abb9443a5dc8e5448a065c) Importer(2089858483,192608db42251d675da83286b1cce702)
Start importing Assets/TENKOKU - DYNAMIC SKY/TEXTURES/tex_masterRamp_original.psd using Guid(1858af3341abb9443a5dc8e5448a065c) Importer(2089858483,192608db42251d675da83286b1cce702) (ScriptedImporter) -> (artifact id: 'ff213fd32a7fa38d925a46d108d62ec4') in 0.013057298 seconds
Number of updated asset objects reloaded before import = 0Number of asset objects unloaded after import = 1

========================================================================
Received Import Request.
  Time since last request: 0.000024 seconds.
  path: Assets/TENKOKU - DYNAMIC SKY/TEXTURES/planet_texture.psd
  artifactKey: Guid(d168289f8af24284f86eb20db44c6252) Importer(2089858483,192608db42251d675da83286b1cce702)
Start importing Assets/TENKOKU - DYNAMIC SKY/TEXTURES/planet_texture.psd using Guid(d168289f8af24284f86eb20db44c6252) Importer(2089858483,192608db42251d675da83286b1cce702) (ScriptedImporter) -> (artifact id: 'c51926d8bddf64a80b52133fd5150c8c') in 0.011498919 seconds
Number of updated asset objects reloaded before import = 0Number of asset objects unloaded after import = 1

========================================================================
Received Import Request.
  Time since last request: 0.000034 seconds.
  path: Assets/TENKOKU - DYNAMIC SKY/TEXTURES/ReflectTex_Normals.psd
  artifactKey: Guid(b81e01fb5abc67040999fa2bd1a67228) Importer(2089858483,192608db42251d675da83286b1cce702)
Start importing Assets/TENKOKU - DYNAMIC SKY/TEXTURES/ReflectTex_Normals.psd using Guid(b81e01fb5abc67040999fa2bd1a67228) Importer(2089858483,192608db42251d675da83286b1cce702) (ScriptedImporter) -> (artifact id: 'c5028bea0d625a43333e6c4783f7dabc') in 0.01928405 seconds
Number of updated asset objects reloaded before import = 0Number of asset objects unloaded after import = 1

========================================================================
Received Import Request.
  Time since last request: 0.000032 seconds.
  path: Assets/TENKOKU - DYNAMIC SKY/TEXTURES/tex_clouds_a_hires.psd
  artifactKey: Guid(6221a9b414a97254b8822d4b4d7667db) Importer(2089858483,192608db42251d675da83286b1cce702)
Start importing Assets/TENKOKU - DYNAMIC SKY/TEXTURES/tex_clouds_a_hires.psd using Guid(6221a9b414a97254b8822d4b4d7667db) Importer(2089858483,192608db42251d675da83286b1cce702) (ScriptedImporter) -> (artifact id: '4caf9515128ac1d3162e0e4240637ef4') in 0.03267907 seconds
Number of updated asset objects reloaded before import = 0Number of asset objects unloaded after import = 1

========================================================================
Received Import Request.
  Time since last request: 0.000027 seconds.
  path: Assets/TENKOKU - DYNAMIC SKY/TEXTURES/tex_BRDFLighting.psd
  artifactKey: Guid(c10569c6fc0f82b448ab46079dc0e156) Importer(2089858483,192608db42251d675da83286b1cce702)
Start importing Assets/TENKOKU - DYNAMIC SKY/TEXTURES/tex_BRDFLighting.psd using Guid(c10569c6fc0f82b448ab46079dc0e156) Importer(2089858483,192608db42251d675da83286b1cce702) (ScriptedImporter) -> (artifact id: 'a309b74c09d39c808ccf5463786b60a3') in 0.015039623 seconds
Number of updated asset objects reloaded before import = 0Number of asset objects unloaded after import = 1

========================================================================
Received Import Request.
  Time since last request: 0.000037 seconds.
  path: Assets/TENKOKU - DYNAMIC SKY/TEXTURES/mat_Lightning.mat
  artifactKey: Guid(7db72c381e9a47c4bb1b66ac396c672d) Importer(2089858483,192608db42251d675da83286b1cce702)
Start importing Assets/TENKOKU - DYNAMIC SKY/TEXTURES/mat_Lightning.mat using Guid(7db72c381e9a47c4bb1b66ac396c672d) Importer(2089858483,192608db42251d675da83286b1cce702) (ScriptedImporter) -> (artifact id: 'bfd67ea925e42b0c20af13202360041a') in 0.004160049 seconds
Number of updated asset objects reloaded before import = 0Number of asset objects unloaded after import = 2

========================================================================
Received Import Request.
  Time since last request: 0.000050 seconds.
  path: Assets/TENKOKU - DYNAMIC SKY/TEXTURES/mat_TenkokuSkyboxElek.mat
  artifactKey: Guid(124061c8abd06b84cb12b5e509acec8e) Importer(2089858483,192608db42251d675da83286b1cce702)
Start importing Assets/TENKOKU - DYNAMIC SKY/TEXTURES/mat_TenkokuSkyboxElek.mat using Guid(124061c8abd06b84cb12b5e509acec8e) Importer(2089858483,192608db42251d675da83286b1cce702) (ScriptedImporter) -> (artifact id: '2c9da0c1c00e811254dea6b3f65c4be3') in 0.004091699 seconds
Number of updated asset objects reloaded before import = 0Number of asset objects unloaded after import = 1

========================================================================
Received Import Request.
  Time since last request: 0.000023 seconds.
  path: Assets/TENKOKU - DYNAMIC SKY/TEXTURES/tex_clouds_blend.psd
  artifactKey: Guid(b7e3028a3c0a8d24d9707bc1c71f2519) Importer(2089858483,192608db42251d675da83286b1cce702)
Start importing Assets/TENKOKU - DYNAMIC SKY/TEXTURES/tex_clouds_blend.psd using Guid(b7e3028a3c0a8d24d9707bc1c71f2519) Importer(2089858483,192608db42251d675da83286b1cce702) (ScriptedImporter) -> (artifact id: '626f38fd9591b2eb6a618a04de3eb739') in 0.008715046 seconds
Number of updated asset objects reloaded before import = 0Number of asset objects unloaded after import = 1

========================================================================
Received Import Request.
  Time since last request: 0.000026 seconds.
  path: Assets/TENKOKU - DYNAMIC SKY/TEXTURES/mat_star.mat
  artifactKey: Guid(4e63ee658e037b3499518dac272cd63d) Importer(2089858483,192608db42251d675da83286b1cce702)
Start importing Assets/TENKOKU - DYNAMIC SKY/TEXTURES/mat_star.mat using Guid(4e63ee658e037b3499518dac272cd63d) Importer(2089858483,192608db42251d675da83286b1cce702) (ScriptedImporter) -> (artifact id: 'f703967cfcaeff157d27a5f1e430fc0a') in 0.004053575 seconds
Number of updated asset objects reloaded before import = 0Number of asset objects unloaded after import = 2

========================================================================
Received Import Request.
  Time since last request: 0.000024 seconds.
  path: Assets/TENKOKU - DYNAMIC SKY/RESOURCES/_stardata.txt
  artifactKey: Guid(a6cab5a47c3559c49b67733e646c3949) Importer(2089858483,192608db42251d675da83286b1cce702)
Start importing Assets/TENKOKU - DYNAMIC SKY/RESOURCES/_stardata.txt using Guid(a6cab5a47c3559c49b67733e646c3949) Importer(2089858483,192608db42251d675da83286b1cce702) (ScriptedImporter) -> (artifact id: '264033294ecbd682cd6f1287ad846475') in 0.003096587 seconds
Number of updated asset objects reloaded before import = 0Number of asset objects unloaded after import = 1

========================================================================
Received Import Request.
  Time since last request: 0.000028 seconds.
  path: Assets/TENKOKU - DYNAMIC SKY/SHADERS/Tenkoku_cloud_sphereSingle.shader
  artifactKey: Guid(647c85507319fc7479bca53f3f8f6576) Importer(2089858483,192608db42251d675da83286b1cce702)
Start importing Assets/TENKOKU - DYNAMIC SKY/SHADERS/Tenkoku_cloud_sphereSingle.shader using Guid(647c85507319fc7479bca53f3f8f6576) Importer(2089858483,192608db42251d675da83286b1cce702) (ScriptedImporter) -> (artifact id: 'f9983ee1c82fbdf3b919c1782b598a09') in 0.003744595 seconds
Number of updated asset objects reloaded before import = 0Number of asset objects unloaded after import = 1

========================================================================
Received Import Request.
  Time since last request: 0.000028 seconds.
  path: Assets/TENKOKU - DYNAMIC SKY/TEXTURES/Worley128.asset
  artifactKey: Guid(e46268ec38db56c4eb938afc0315e2b1) Importer(2089858483,192608db42251d675da83286b1cce702)
Start importing Assets/TENKOKU - DYNAMIC SKY/TEXTURES/Worley128.asset using Guid(e46268ec38db56c4eb938afc0315e2b1) Importer(2089858483,192608db42251d675da83286b1cce702) (ScriptedImporter) -> (artifact id: '786267ebeecb9e540201318b5769fbb5') in 0.039273134 seconds
Number of updated asset objects reloaded before import = 0Number of asset objects unloaded after import = 2

========================================================================
Received Import Request.
  Time since last request: 0.000028 seconds.
  path: Assets/SimplePoly City - Low Poly Assets/Textures/Vehicle_Container_3.png
  artifactKey: Guid(8eac3f6a5408bf54683eca8076ada1d7) Importer(2089858483,192608db42251d675da83286b1cce702)
Start importing Assets/SimplePoly City - Low Poly Assets/Textures/Vehicle_Container_3.png using Guid(8eac3f6a5408bf54683eca8076ada1d7) Importer(2089858483,192608db42251d675da83286b1cce702) (ScriptedImporter) -> (artifact id: '094fdf22a7ac2a22ea3dcefe54aa7ed3') in 0.015898731 seconds
Number of updated asset objects reloaded before import = 0Number of asset objects unloaded after import = 1

========================================================================
Received Import Request.
  Time since last request: 0.000041 seconds.
  path: Assets/YughuesFreeBushes2018/Meshes/Bush03.FBX
  artifactKey: Guid(3d529691bc8baa249a469045aae25cf5) Importer(2089858483,192608db42251d675da83286b1cce702)
Start importing Assets/YughuesFreeBushes2018/Meshes/Bush03.FBX using Guid(3d529691bc8baa249a469045aae25cf5) Importer(2089858483,192608db42251d675da83286b1cce702) (ScriptedImporter) -> (artifact id: 'ec059df0bdec720f847be56a954d6c19') in 0.027084517 seconds
Number of updated asset objects reloaded before import = 0Number of asset objects unloaded after import = 60

========================================================================
Received Import Request.
  Time since last request: 0.000031 seconds.
  path: Assets/YughuesFreeBushes2018/Textures/T_Bush03_ao.tga
  artifactKey: Guid(30d2e3318757c534d90937e9c4b0a1d0) Importer(2089858483,192608db42251d675da83286b1cce702)
Start importing Assets/YughuesFreeBushes2018/Textures/T_Bush03_ao.tga using Guid(30d2e3318757c534d90937e9c4b0a1d0) Importer(2089858483,192608db42251d675da83286b1cce702) (ScriptedImporter) -> (artifact id: '80a54226417a479efbbcf11c7f7a0670') in 0.009582785 seconds
Number of updated asset objects reloaded before import = 0Number of asset objects unloaded after import = 1

========================================================================
Received Import Request.
  Time since last request: 0.000024 seconds.
  path: Assets/YughuesFreeBushes2018/Materials/M_Bush04.mat
  artifactKey: Guid(8c8101c25cb4f824c8b8334e85e32af9) Importer(2089858483,192608db42251d675da83286b1cce702)
Start importing Assets/YughuesFreeBushes2018/Materials/M_Bush04.mat using Guid(8c8101c25cb4f824c8b8334e85e32af9) Importer(2089858483,192608db42251d675da83286b1cce702) (ScriptedImporter) -> (artifact id: 'dc8337e5f16eb06cfd498a79b0cdc18c') in 0.015686382 seconds
Number of updated asset objects reloaded before import = 0Number of asset objects unloaded after import = 5

========================================================================
Received Import Request.
  Time since last request: 0.000023 seconds.
  path: Assets/YughuesFreeBushes2018/Meshes/Bush02.FBX
  artifactKey: Guid(41212a0a5585e0243b25926856a1c30c) Importer(2089858483,192608db42251d675da83286b1cce702)
Start importing Assets/YughuesFreeBushes2018/Meshes/Bush02.FBX using Guid(41212a0a5585e0243b25926856a1c30c) Importer(2089858483,192608db42251d675da83286b1cce702) (ScriptedImporter) -> (artifact id: '9fe23618944ba31797f4edc59ee70297') in 0.021837738 seconds
Number of updated asset objects reloaded before import = 0Number of asset objects unloaded after import = 25

========================================================================
Received Import Request.
  Time since last request: 0.000033 seconds.
  path: Assets/YughuesFreeBushes2018/Materials/M_Bush03.mat
  artifactKey: Guid(cefe5e02e8418a04d927f43107b3558f) Importer(2089858483,192608db42251d675da83286b1cce702)
Start importing Assets/YughuesFreeBushes2018/Materials/M_Bush03.mat using Guid(cefe5e02e8418a04d927f43107b3558f) Importer(2089858483,192608db42251d675da83286b1cce702) (ScriptedImporter) -> (artifact id: 'c604b7e82313d6ce990bf642e8fc2534') in 0.019503911 seconds
Number of updated asset objects reloaded before import = 0Number of asset objects unloaded after import = 5

========================================================================
Received Import Request.
  Time since last request: 0.000045 seconds.
  path: Assets/YughuesFreeBushes2018/Textures/T_Bush02_ao.tga
  artifactKey: Guid(8c02304d46c7bb64a9176fef074b31f2) Importer(2089858483,192608db42251d675da83286b1cce702)
Start importing Assets/YughuesFreeBushes2018/Textures/T_Bush02_ao.tga using Guid(8c02304d46c7bb64a9176fef074b31f2) Importer(2089858483,192608db42251d675da83286b1cce702) (ScriptedImporter) -> (artifact id: 'b0491b575a23861d468940477cd3fa1f') in 0.009920942 seconds
Number of updated asset objects reloaded before import = 0Number of asset objects unloaded after import = 1

========================================================================
Received Import Request.
  Time since last request: 0.000024 seconds.
  path: Assets/TENKOKU - DYNAMIC SKY/_DEMO/_Tenkoku_Demo_Scene.unity
  artifactKey: Guid(9a0d3a046e93b9944826062d65e58c45) Importer(2089858483,192608db42251d675da83286b1cce702)
Start importing Assets/TENKOKU - DYNAMIC SKY/_DEMO/_Tenkoku_Demo_Scene.unity using Guid(9a0d3a046e93b9944826062d65e58c45) Importer(2089858483,192608db42251d675da83286b1cce702) (ScriptedImporter) -> (artifact id: '1ea09c1fc94f86fee62babf5b2b41c2c') in 0.028606918 seconds
Number of updated asset objects reloaded before import = 0Number of asset objects unloaded after import = 1

========================================================================
Received Import Request.
  Time since last request: 0.000026 seconds.
  path: Assets/YughuesFreeBushes2018/Prefabs/P_Bush04.prefab
  artifactKey: Guid(e334e6614ad50f749b0a37528784c614) Importer(2089858483,192608db42251d675da83286b1cce702)
Start importing Assets/YughuesFreeBushes2018/Prefabs/P_Bush04.prefab using Guid(e334e6614ad50f749b0a37528784c614) Importer(2089858483,192608db42251d675da83286b1cce702) (ScriptedImporter) -> (artifact id: 'af4fb6d48e4db2d10a5992960b4e332e') in 0.005378727 seconds
Number of updated asset objects reloaded before import = 0Number of asset objects unloaded after import = 29

========================================================================
Received Import Request.
  Time since last request: 0.000025 seconds.
  path: Assets/YughuesFreeBushes2018/Textures/T_Bush03_s.tga
  artifactKey: Guid(4bfe9193652e18845a23e04c93712e9e) Importer(2089858483,192608db42251d675da83286b1cce702)
Start importing Assets/YughuesFreeBushes2018/Textures/T_Bush03_s.tga using Guid(4bfe9193652e18845a23e04c93712e9e) Importer(2089858483,192608db42251d675da83286b1cce702) (ScriptedImporter) -> (artifact id: 'dfccf1b0d5816c5c6fdca60065d64839') in 0.008095927 seconds
Number of updated asset objects reloaded before import = 0Number of asset objects unloaded after import = 1

========================================================================
Received Import Request.
  Time since last request: 0.000032 seconds.
  path: Assets/TENKOKU - DYNAMIC SKY/SHADERS/TenkokuBlur.shader
  artifactKey: Guid(2ddfd648d87c41741bfca0fa875ef44f) Importer(2089858483,192608db42251d675da83286b1cce702)
Start importing Assets/TENKOKU - DYNAMIC SKY/SHADERS/TenkokuBlur.shader using Guid(2ddfd648d87c41741bfca0fa875ef44f) Importer(2089858483,192608db42251d675da83286b1cce702) (ScriptedImporter) -> (artifact id: '08a8212938bf5b74cd216ec9b2397e1c') in 0.00641471 seconds
Number of updated asset objects reloaded before import = 0Number of asset objects unloaded after import = 1

========================================================================
Received Import Request.
  Time since last request: 0.000024 seconds.
  path: Assets/TENKOKU - DYNAMIC SKY/SOUNDS/tenkoku_thunder_distant04.wav
  artifactKey: Guid(8758d15ef40ee2941b0131c000b03b30) Importer(2089858483,192608db42251d675da83286b1cce702)
Start importing Assets/TENKOKU - DYNAMIC SKY/SOUNDS/tenkoku_thunder_distant04.wav using Guid(8758d15ef40ee2941b0131c000b03b30) Importer(2089858483,192608db42251d675da83286b1cce702) (ScriptedImporter) -> (artifact id: '2b8c55db22d9666dd2c7fa4667158673') in 0.023132661 seconds
Number of updated asset objects reloaded before import = 0Number of asset objects unloaded after import = 1

========================================================================
Received Import Request.
  Time since last request: 0.000030 seconds.
  path: Assets/TENKOKU - DYNAMIC SKY/_DEMO/_Tenkoku_Demo_SceneSettings.lighting
  artifactKey: Guid(1d67fda2d6157e09daaed1cf362ac234) Importer(2089858483,192608db42251d675da83286b1cce702)
Start importing Assets/TENKOKU - DYNAMIC SKY/_DEMO/_Tenkoku_Demo_SceneSettings.lighting using Guid(1d67fda2d6157e09daaed1cf362ac234) Importer(2089858483,192608db42251d675da83286b1cce702) (ScriptedImporter) -> (artifact id: 'fb3b118bd1835882b6f0e9d02bb5ef4a') in 0.005956735 seconds
Number of updated asset objects reloaded before import = 0Number of asset objects unloaded after import = 1

========================================================================
Received Import Request.
  Time since last request: 0.000054 seconds.
  path: Assets/TENKOKU - DYNAMIC SKY/TEXTURES/TenkokuMesh.fbx
  artifactKey: Guid(73c1cf5d36c80ad4884916bed041d428) Importer(2089858483,192608db42251d675da83286b1cce702)
Start importing Assets/TENKOKU - DYNAMIC SKY/TEXTURES/TenkokuMesh.fbx using Guid(73c1cf5d36c80ad4884916bed041d428) Importer(2089858483,192608db42251d675da83286b1cce702) (ScriptedImporter) -> (artifact id: '2ef82e38eb7677d57889e9f9b4a8ef6d') in 0.01264003 seconds
Number of updated asset objects reloaded before import = 0Number of asset objects unloaded after import = 16

========================================================================
Received Import Request.
  Time since last request: 0.000030 seconds.
  path: Assets/YughuesFreeBushes2018/Textures/T_Bush05_ao.tga
  artifactKey: Guid(0d0dc078d5df69540bf846e62e1e490b) Importer(2089858483,192608db42251d675da83286b1cce702)
Start importing Assets/YughuesFreeBushes2018/Textures/T_Bush05_ao.tga using Guid(0d0dc078d5df69540bf846e62e1e490b) Importer(2089858483,192608db42251d675da83286b1cce702) (ScriptedImporter) -> (artifact id: '917ea1cf7f3a2c5cb051ac97b96a385a') in 0.008637155 seconds
Number of updated asset objects reloaded before import = 0Number of asset objects unloaded after import = 1

========================================================================
Received Import Request.
  Time since last request: 0.000024 seconds.
  path: Assets/Dnk_Dev/Brick_Fence/Prefab/P_Brick_Fence_03b.prefab
  artifactKey: Guid(b87d6ca0773b9c045934dc8695f8b668) Importer(2089858483,192608db42251d675da83286b1cce702)
Start importing Assets/Dnk_Dev/Brick_Fence/Prefab/P_Brick_Fence_03b.prefab using Guid(b87d6ca0773b9c045934dc8695f8b668) Importer(2089858483,192608db42251d675da83286b1cce702) (ScriptedImporter) -> (artifact id: '9628972e75b6a4710fd6a88d720ff6e8') in 0.004026089 seconds
Number of updated asset objects reloaded before import = 0Number of asset objects unloaded after import = 10

========================================================================
Received Import Request.
  Time since last request: 0.000026 seconds.
  path: Assets/Dnk_Dev/Brick_Fence/Models/SM_Brick_Fence_02b.FBX
  artifactKey: Guid(f7138d9be778db347a419d5234a5a7a0) Importer(2089858483,192608db42251d675da83286b1cce702)
Start importing Assets/Dnk_Dev/Brick_Fence/Models/SM_Brick_Fence_02b.FBX using Guid(f7138d9be778db347a419d5234a5a7a0) Importer(2089858483,192608db42251d675da83286b1cce702) (ScriptedImporter) -> (artifact id: '998973196d33ed45f299b438fa45a11a') in 0.016603433 seconds
Number of updated asset objects reloaded before import = 0Number of asset objects unloaded after import = 14

========================================================================
Received Import Request.
  Time since last request: 0.000027 seconds.
  path: Assets/Dnk_Dev/Brick_Fence/Prefab/P_Brick_BigGate_01.prefab
  artifactKey: Guid(64cefbcd8a06eb0438d916f5ef8269b0) Importer(2089858483,192608db42251d675da83286b1cce702)
Start importing Assets/Dnk_Dev/Brick_Fence/Prefab/P_Brick_BigGate_01.prefab using Guid(64cefbcd8a06eb0438d916f5ef8269b0) Importer(2089858483,192608db42251d675da83286b1cce702) (ScriptedImporter) -> (artifact id: 'e7572315c7a7066d5ebaa68fcd766d38') in 0.008333677 seconds
Number of updated asset objects reloaded before import = 0Number of asset objects unloaded after import = 32

========================================================================
Received Import Request.
  Time since last request: 0.000029 seconds.
  path: Assets/YughuesFreeBushes2018/Textures/T_Bush05_n.tga
  artifactKey: Guid(f806c4f41a3a09e41a05d701470cc59d) Importer(2089858483,192608db42251d675da83286b1cce702)
Start importing Assets/YughuesFreeBushes2018/Textures/T_Bush05_n.tga using Guid(f806c4f41a3a09e41a05d701470cc59d) Importer(2089858483,192608db42251d675da83286b1cce702) (ScriptedImporter) -> (artifact id: '69bebf72aa24ab1f465fba90fd84768b') in 0.012404147 seconds
Number of updated asset objects reloaded before import = 0Number of asset objects unloaded after import = 1

========================================================================
Received Import Request.
  Time since last request: 0.000036 seconds.
  path: Assets/TENKOKU - DYNAMIC SKY/SHADERS/Tenkoku_suneclipse.shader
  artifactKey: Guid(63d41c767b8641743adb9a7b43bf3794) Importer(2089858483,192608db42251d675da83286b1cce702)
Start importing Assets/TENKOKU - DYNAMIC SKY/SHADERS/Tenkoku_suneclipse.shader using Guid(63d41c767b8641743adb9a7b43bf3794) Importer(2089858483,192608db42251d675da83286b1cce702) (ScriptedImporter) -> (artifact id: '5ce86213a22326ef148b11f060313664') in 0.003324393 seconds
Number of updated asset objects reloaded before import = 0Number of asset objects unloaded after import = 1

========================================================================
Received Import Request.
  Time since last request: 0.000024 seconds.
  path: Assets/TENKOKU - DYNAMIC SKY/TEXTURES/mat_moon.mat
  artifactKey: Guid(1597bd8d00826d343b850ca8098f380b) Importer(2089858483,192608db42251d675da83286b1cce702)
Start importing Assets/TENKOKU - DYNAMIC SKY/TEXTURES/mat_moon.mat using Guid(1597bd8d00826d343b850ca8098f380b) Importer(2089858483,192608db42251d675da83286b1cce702) (ScriptedImporter) -> (artifact id: '3ec8dcc8f21096ff25c015c2c9fcd45d') in 0.006249138 seconds
Number of updated asset objects reloaded before import = 0Number of asset objects unloaded after import = 1

========================================================================
Received Import Request.
  Time since last request: 0.000031 seconds.
  path: Assets/Dnk_Dev/Brick_Fence/Textures/T_Brick_BigGate_01_N.tga
  artifactKey: Guid(81413cfb489a98c4c92a371122298eb2) Importer(2089858483,192608db42251d675da83286b1cce702)
Start importing Assets/Dnk_Dev/Brick_Fence/Textures/T_Brick_BigGate_01_N.tga using Guid(81413cfb489a98c4c92a371122298eb2) Importer(2089858483,192608db42251d675da83286b1cce702) (ScriptedImporter) -> (artifact id: '7932f57b97078b6b74f489395624e252') in 0.016642504 seconds
Number of updated asset objects reloaded before import = 0Number of asset objects unloaded after import = 1

========================================================================
Received Import Request.
  Time since last request: 0.000026 seconds.
  path: Assets/Dnk_Dev/Brick_Fence/Models/SM_Brick_Fence_01b.FBX
  artifactKey: Guid(f5d4e99060e5e0b4e898c458761b32fc) Importer(2089858483,192608db42251d675da83286b1cce702)
Start importing Assets/Dnk_Dev/Brick_Fence/Models/SM_Brick_Fence_01b.FBX using Guid(f5d4e99060e5e0b4e898c458761b32fc) Importer(2089858483,192608db42251d675da83286b1cce702) (ScriptedImporter) -> (artifact id: '1615b06940d14264793936486eedfacd') in 0.015293646 seconds
Number of updated asset objects reloaded before import = 0Number of asset objects unloaded after import = 19

========================================================================
Received Import Request.
  Time since last request: 0.000029 seconds.
  path: Assets/YughuesFreeBushes2018/Textures/T_Bush01_n.tga
  artifactKey: Guid(2f1e681c00689bf429eece67c03d8635) Importer(2089858483,192608db42251d675da83286b1cce702)
Start importing Assets/YughuesFreeBushes2018/Textures/T_Bush01_n.tga using Guid(2f1e681c00689bf429eece67c03d8635) Importer(2089858483,192608db42251d675da83286b1cce702) (ScriptedImporter) -> (artifact id: 'bc6b0921331228e6e8cbc6c1d1b68dec') in 0.008719811 seconds
Number of updated asset objects reloaded before import = 0Number of asset objects unloaded after import = 1

========================================================================
Received Import Request.
  Time since last request: 0.000038 seconds.
  path: Assets/FantasyMedievalTown_LITE/Models/HouseDoor_01.fbx
  artifactKey: Guid(b4270f43d7c790c44847a6b451b2bc45) Importer(2089858483,192608db42251d675da83286b1cce702)
Start importing Assets/FantasyMedievalTown_LITE/Models/HouseDoor_01.fbx using Guid(b4270f43d7c790c44847a6b451b2bc45) Importer(2089858483,192608db42251d675da83286b1cce702) (ScriptedImporter) -> (artifact id: '66bac70c1e3999e0328574dadb3ea85b') in 0.014839133 seconds
Number of updated asset objects reloaded before import = 0Number of asset objects unloaded after import = 20

========================================================================
Received Import Request.
  Time since last request: 0.000038 seconds.
  path: Assets/LowPolyMedievalPropsLite/Models/Plate_02.fbx
  artifactKey: Guid(9e57ca39a27249d44b5f600c1d24cd5d) Importer(2089858483,192608db42251d675da83286b1cce702)
Start importing Assets/LowPolyMedievalPropsLite/Models/Plate_02.fbx using Guid(9e57ca39a27249d44b5f600c1d24cd5d) Importer(2089858483,192608db42251d675da83286b1cce702) (ScriptedImporter) -> (artifact id: '133a11db6d2d5fae7b0b2ccbfad93d8f') in 0.013853695 seconds
Number of updated asset objects reloaded before import = 0Number of asset objects unloaded after import = 7

========================================================================
Received Import Request.
  Time since last request: 0.000023 seconds.
  path: Assets/BodyGuards/Meshes/Materials/Screen.mat
  artifactKey: Guid(d96e8d03daef94649bd028f4efd2773f) Importer(2089858483,192608db42251d675da83286b1cce702)
Start importing Assets/BodyGuards/Meshes/Materials/Screen.mat using Guid(d96e8d03daef94649bd028f4efd2773f) Importer(2089858483,192608db42251d675da83286b1cce702) (ScriptedImporter) -> (artifact id: '952449dc470741da8313a466eb8bb15d') in 0.004256227 seconds
Number of updated asset objects reloaded before import = 0Number of asset objects unloaded after import = 1

========================================================================
Received Import Request.
  Time since last request: 0.000026 seconds.
  path: Assets/SimplePoly City - Low Poly Assets/Materials/Road Concrete Tile.mat
  artifactKey: Guid(791087fbdef01f44fb204ef3dc5e6db8) Importer(2089858483,192608db42251d675da83286b1cce702)
Start importing Assets/SimplePoly City - Low Poly Assets/Materials/Road Concrete Tile.mat using Guid(791087fbdef01f44fb204ef3dc5e6db8) Importer(2089858483,192608db42251d675da83286b1cce702) (ScriptedImporter) -> (artifact id: '401a0641d77766db40b580330aadaf1f') in 0.005246245 seconds
Number of updated asset objects reloaded before import = 0Number of asset objects unloaded after import = 3

========================================================================
Received Import Request.
  Time since last request: 0.000024 seconds.
  path: Assets/LowPolyMedievalPropsLite/Prefabs/Plate_04.prefab
  artifactKey: Guid(4c48cf7d06fb67248992c3758b08c410) Importer(2089858483,192608db42251d675da83286b1cce702)
Start importing Assets/LowPolyMedievalPropsLite/Prefabs/Plate_04.prefab using Guid(4c48cf7d06fb67248992c3758b08c410) Importer(2089858483,192608db42251d675da83286b1cce702) (ScriptedImporter) -> (artifact id: '920fdc8431fe21618ab664c0c7491400') in 0.009881996 seconds
Number of updated asset objects reloaded before import = 0Number of asset objects unloaded after import = 9

========================================================================
Received Import Request.
  Time since last request: 0.000038 seconds.
  path: Assets/SimplePoly City - Low Poly Assets/Prefab/Buildings/Building_Gas Station.prefab
  artifactKey: Guid(260808cfd9b21994d8c3007a7bc9934c) Importer(2089858483,192608db42251d675da83286b1cce702)
Start importing Assets/SimplePoly City - Low Poly Assets/Prefab/Buildings/Building_Gas Station.prefab using Guid(260808cfd9b21994d8c3007a7bc9934c) Importer(2089858483,192608db42251d675da83286b1cce702) (ScriptedImporter) -> (artifact id: '757e518e53b47fc0dd0e9f7a14d769e7') in 0.006945763 seconds
Number of updated asset objects reloaded before import = 0Number of asset objects unloaded after import = 8

========================================================================
Received Import Request.
  Time since last request: 0.000025 seconds.
  path: Assets/SimplePoly City - Low Poly Assets/Prefab/Buildings/Building_Drug Store.prefab
  artifactKey: Guid(5dd9f8de2583df543859013bcdc56639) Importer(2089858483,192608db42251d675da83286b1cce702)
Start importing Assets/SimplePoly City - Low Poly Assets/Prefab/Buildings/Building_Drug Store.prefab using Guid(5dd9f8de2583df543859013bcdc56639) Importer(2089858483,192608db42251d675da83286b1cce702) (ScriptedImporter) -> (artifact id: 'f4d4de217cfe4212fddb1e173a619639') in 0.00675937 seconds
Number of updated asset objects reloaded before import = 0Number of asset objects unloaded after import = 8

========================================================================
Received Import Request.
  Time since last request: 0.000029 seconds.
  path: Assets/SimplePoly City - Low Poly Assets/Prefab/Buildings/Building Sky_big_color01.prefab
  artifactKey: Guid(22106dc63dce41746ad234a91af2d657) Importer(2089858483,192608db42251d675da83286b1cce702)
Start importing Assets/SimplePoly City - Low Poly Assets/Prefab/Buildings/Building Sky_big_color01.prefab using Guid(22106dc63dce41746ad234a91af2d657) Importer(2089858483,192608db42251d675da83286b1cce702) (ScriptedImporter) -> (artifact id: 'f508d9cc334b73c3c2100393f697c486') in 0.006951019 seconds
Number of updated asset objects reloaded before import = 0Number of asset objects unloaded after import = 8

========================================================================
Received Import Request.
  Time since last request: 0.000040 seconds.
  path: Assets/SimplePoly City - Low Poly Assets/Prefab/Buildings/Building_Coffee Shop.prefab
  artifactKey: Guid(e1d9101af5d96d94ca99efe2de0bac21) Importer(2089858483,192608db42251d675da83286b1cce702)
Start importing Assets/SimplePoly City - Low Poly Assets/Prefab/Buildings/Building_Coffee Shop.prefab using Guid(e1d9101af5d96d94ca99efe2de0bac21) Importer(2089858483,192608db42251d675da83286b1cce702) (ScriptedImporter) -> (artifact id: 'e72c7330ae7658475f1d73658582ed36') in 0.010200971 seconds
Number of updated asset objects reloaded before import = 0Number of asset objects unloaded after import = 8

========================================================================
Received Import Request.
  Time since last request: 0.000025 seconds.
  path: Assets/GVOZDY/Round Four-Tier Water Fountain/Materials/M_Fountain_4_light.mat
  artifactKey: Guid(6bf3ccfd69b28764e91132ed6e454ac4) Importer(2089858483,192608db42251d675da83286b1cce702)
Start importing Assets/GVOZDY/Round Four-Tier Water Fountain/Materials/M_Fountain_4_light.mat using Guid(6bf3ccfd69b28764e91132ed6e454ac4) Importer(2089858483,192608db42251d675da83286b1cce702) (ScriptedImporter) -> (artifact id: '06d14aea12d87457785627a724784f7c') in 0.019881146 seconds
Number of updated asset objects reloaded before import = 0Number of asset objects unloaded after import = 5

========================================================================
Received Import Request.
  Time since last request: 0.000026 seconds.
  path: Assets/Dnk_Dev/Brick_Fence/Textures/T_Brick_Fence_01_N.tga
  artifactKey: Guid(ade757d6a29b6b848993c55f436bd610) Importer(2089858483,192608db42251d675da83286b1cce702)
Start importing Assets/Dnk_Dev/Brick_Fence/Textures/T_Brick_Fence_01_N.tga using Guid(ade757d6a29b6b848993c55f436bd610) Importer(2089858483,192608db42251d675da83286b1cce702) (ScriptedImporter) -> (artifact id: '4be2d7a8d68b91eb1d1f1f057ba68b17') in 0.026648052 seconds
Number of updated asset objects reloaded before import = 0Number of asset objects unloaded after import = 1

========================================================================
Received Import Request.
  Time since last request: 0.000025 seconds.
  path: Assets/GVOZDY/Round Four-Tier Water Fountain/Textures/T_fountain_4_light_Normal.png
  artifactKey: Guid(307c0e04c575de149939203dd75d6350) Importer(2089858483,192608db42251d675da83286b1cce702)
Start importing Assets/GVOZDY/Round Four-Tier Water Fountain/Textures/T_fountain_4_light_Normal.png using Guid(307c0e04c575de149939203dd75d6350) Importer(2089858483,192608db42251d675da83286b1cce702) (ScriptedImporter) -> (artifact id: '43d7e0ea5ce805c21579ba289e62be6f') in 0.011332744 seconds
Number of updated asset objects reloaded before import = 0Number of asset objects unloaded after import = 1

========================================================================
Received Import Request.
  Time since last request: 0.000026 seconds.
  path: Assets/SimplePoly City - Low Poly Assets/Prefab/Buildings/Building_Bar.prefab
  artifactKey: Guid(3667b1c4d7f532647b9156782c0c80f0) Importer(2089858483,192608db42251d675da83286b1cce702)
Start importing Assets/SimplePoly City - Low Poly Assets/Prefab/Buildings/Building_Bar.prefab using Guid(3667b1c4d7f532647b9156782c0c80f0) Importer(2089858483,192608db42251d675da83286b1cce702) (ScriptedImporter) -> (artifact id: '63a3b764f46bd3e9496610fa401f2a78') in 0.01005437 seconds
Number of updated asset objects reloaded before import = 0Number of asset objects unloaded after import = 10

========================================================================
Received Import Request.
  Time since last request: 0.000031 seconds.
  path: Assets/SimplePoly City - Low Poly Assets/Prefab/Buildings/Building_Gift Shop.prefab
  artifactKey: Guid(9ccda285cd5f1ce4fa00133b50ba5cbc) Importer(2089858483,192608db42251d675da83286b1cce702)
Start importing Assets/SimplePoly City - Low Poly Assets/Prefab/Buildings/Building_Gift Shop.prefab using Guid(9ccda285cd5f1ce4fa00133b50ba5cbc) Importer(2089858483,192608db42251d675da83286b1cce702) (ScriptedImporter) -> (artifact id: '6fe683ad6d4b0041ae3daacd52c3b40b') in 0.007080586 seconds
Number of updated asset objects reloaded before import = 0Number of asset objects unloaded after import = 8

========================================================================
Received Import Request.
  Time since last request: 0.000038 seconds.
  path: Assets/GVOZDY/Round Four-Tier Water Fountain/Geometry/Fountain_4.fbx
  artifactKey: Guid(38ae520c3c8a8d54b8d9f8e43aa89dd3) Importer(2089858483,192608db42251d675da83286b1cce702)
Start importing Assets/GVOZDY/Round Four-Tier Water Fountain/Geometry/Fountain_4.fbx using Guid(38ae520c3c8a8d54b8d9f8e43aa89dd3) Importer(2089858483,192608db42251d675da83286b1cce702) (ScriptedImporter) -> (artifact id: 'b35d877c831b805e9856f327932bcc51') in 0.012251408 seconds
Number of updated asset objects reloaded before import = 0Number of asset objects unloaded after import = 8

========================================================================
Received Import Request.
  Time since last request: 0.000030 seconds.
  path: Assets/LowPolyMedievalPropsLite/Prefabs/Cup_02.prefab
  artifactKey: Guid(bb470d63914d5214081b7cf78b5bf7cf) Importer(2089858483,192608db42251d675da83286b1cce702)
Start importing Assets/LowPolyMedievalPropsLite/Prefabs/Cup_02.prefab using Guid(bb470d63914d5214081b7cf78b5bf7cf) Importer(2089858483,192608db42251d675da83286b1cce702) (ScriptedImporter) -> (artifact id: '49b3b11206f2878be0eeb1e18c63d12f') in 0.009704601 seconds
Number of updated asset objects reloaded before import = 0Number of asset objects unloaded after import = 9

========================================================================
Received Import Request.
  Time since last request: 0.000036 seconds.
  path: Assets/LowPolyMedievalPropsLite/Models/Bottle_03.fbx
  artifactKey: Guid(4d19b51c95d71784f9d606a01f2b05d5) Importer(2089858483,192608db42251d675da83286b1cce702)
Start importing Assets/LowPolyMedievalPropsLite/Models/Bottle_03.fbx using Guid(4d19b51c95d71784f9d606a01f2b05d5) Importer(2089858483,192608db42251d675da83286b1cce702) (ScriptedImporter) -> (artifact id: 'e8d5276629d951d96111d7ee18af5961') in 0.009976358 seconds
Number of updated asset objects reloaded before import = 0Number of asset objects unloaded after import = 7

========================================================================
Received Import Request.
  Time since last request: 0.000026 seconds.
  path: Assets/SimplePoly City - Low Poly Assets/Prefab/Buildings/Building Sky_big_color02.prefab
  artifactKey: Guid(694e1313d3f12e84aaf959ff6960ddaf) Importer(2089858483,192608db42251d675da83286b1cce702)
Start importing Assets/SimplePoly City - Low Poly Assets/Prefab/Buildings/Building Sky_big_color02.prefab using Guid(694e1313d3f12e84aaf959ff6960ddaf) Importer(2089858483,192608db42251d675da83286b1cce702) (ScriptedImporter) -> (artifact id: '6be30de77cd39e475e17c30d28145e51') in 0.016338917 seconds
Number of updated asset objects reloaded before import = 0Number of asset objects unloaded after import = 8

========================================================================
Received Import Request.
  Time since last request: 0.000029 seconds.
  path: Assets/YughuesFreeBushes2018/demo/Preview.unity
  artifactKey: Guid(c661d40d64ddc05418ed9b62d3705ab5) Importer(2089858483,192608db42251d675da83286b1cce702)
Start importing Assets/YughuesFreeBushes2018/demo/Preview.unity using Guid(c661d40d64ddc05418ed9b62d3705ab5) Importer(2089858483,192608db42251d675da83286b1cce702) (ScriptedImporter) -> (artifact id: '6628191c167d15e08a5f56355605bfc2') in 0.00397666 seconds
Number of updated asset objects reloaded before import = 0Number of asset objects unloaded after import = 1

========================================================================
Received Import Request.
  Time since last request: 0.000033 seconds.
  path: Assets/SimplePoly City - Low Poly Assets/Prefab/Buildings/Building_House_03_color01.prefab
  artifactKey: Guid(11c264ca1bac5d74d883c776435fa684) Importer(2089858483,192608db42251d675da83286b1cce702)
Start importing Assets/SimplePoly City - Low Poly Assets/Prefab/Buildings/Building_House_03_color01.prefab using Guid(11c264ca1bac5d74d883c776435fa684) Importer(2089858483,192608db42251d675da83286b1cce702) (ScriptedImporter) -> (artifact id: '8fdc0c21ca1366e79c19bdbeb63e2286') in 0.009797304 seconds
Number of updated asset objects reloaded before import = 0Number of asset objects unloaded after import = 8

========================================================================
Received Import Request.
  Time since last request: 0.000041 seconds.
  path: Assets/SimplePoly City - Low Poly Assets/Prefab/Natures/Natures_Bush_02.prefab
  artifactKey: Guid(f75f232634166cc459a69e7fd7a30880) Importer(2089858483,192608db42251d675da83286b1cce702)
Start importing Assets/SimplePoly City - Low Poly Assets/Prefab/Natures/Natures_Bush_02.prefab using Guid(f75f232634166cc459a69e7fd7a30880) Importer(2089858483,192608db42251d675da83286b1cce702) (ScriptedImporter) -> (artifact id: 'ceeef3a9a63f1646be4255f214ff2af5') in 0.007388502 seconds
Number of updated asset objects reloaded before import = 0Number of asset objects unloaded after import = 8

========================================================================
Received Import Request.
  Time since last request: 0.000024 seconds.
  path: Assets/SimplePoly City - Low Poly Assets/Prefab/Buildings/Building_Stadium.prefab
  artifactKey: Guid(00b78b03851cb0748b61d9005fb73b49) Importer(2089858483,192608db42251d675da83286b1cce702)
Start importing Assets/SimplePoly City - Low Poly Assets/Prefab/Buildings/Building_Stadium.prefab using Guid(00b78b03851cb0748b61d9005fb73b49) Importer(2089858483,192608db42251d675da83286b1cce702) (ScriptedImporter) -> (artifact id: '21554ee5167575548ac4163c651e5171') in 0.007778504 seconds
Number of updated asset objects reloaded before import = 0Number of asset objects unloaded after import = 8

========================================================================
Received Import Request.
  Time since last request: 0.000027 seconds.
  path: Assets/SimplePoly City - Low Poly Assets/Prefab/Buildings/Building_Music Store.prefab
  artifactKey: Guid(1682119d19a954f4a8020f36112606ed) Importer(2089858483,192608db42251d675da83286b1cce702)
Start importing Assets/SimplePoly City - Low Poly Assets/Prefab/Buildings/Building_Music Store.prefab using Guid(1682119d19a954f4a8020f36112606ed) Importer(2089858483,192608db42251d675da83286b1cce702) (ScriptedImporter) -> (artifact id: '86f3b70a96bd37ec219397e6b2cfc3ab') in 0.008519606 seconds
Number of updated asset objects reloaded before import = 0Number of asset objects unloaded after import = 10

========================================================================
Received Import Request.
  Time since last request: 0.000024 seconds.
  path: Assets/SimplePoly City - Low Poly Assets/Prefab/Natures/Natures_Pot Bush_big.prefab
  artifactKey: Guid(0ee6d569ec3227e40888e8151b331e0f) Importer(2089858483,192608db42251d675da83286b1cce702)
Start importing Assets/SimplePoly City - Low Poly Assets/Prefab/Natures/Natures_Pot Bush_big.prefab using Guid(0ee6d569ec3227e40888e8151b331e0f) Importer(2089858483,192608db42251d675da83286b1cce702) (ScriptedImporter) -> (artifact id: '9174bcf1b2d526937f61c0ea8ae9c9af') in 0.009496729 seconds
Number of updated asset objects reloaded before import = 0Number of asset objects unloaded after import = 8

========================================================================
Received Import Request.
  Time since last request: 0.000026 seconds.
  path: Assets/SimplePoly City - Low Poly Assets/Prefab/Buildings/Building_Residential_color02.prefab
  artifactKey: Guid(246bcb60ae5be3744a4ea86bab749f44) Importer(2089858483,192608db42251d675da83286b1cce702)
Start importing Assets/SimplePoly City - Low Poly Assets/Prefab/Buildings/Building_Residential_color02.prefab using Guid(246bcb60ae5be3744a4ea86bab749f44) Importer(2089858483,192608db42251d675da83286b1cce702) (ScriptedImporter) -> (artifact id: '96ed67682b607cf9337b41d0caa340ed') in 0.010089465 seconds
Number of updated asset objects reloaded before import = 0Number of asset objects unloaded after import = 8

========================================================================
Received Import Request.
  Time since last request: 0.000030 seconds.
  path: Assets/SimplePoly City - Low Poly Assets/Prefab/Buildings/Building_Residential_color03.prefab
  artifactKey: Guid(0064eb002f3790247969e12119bbf9d2) Importer(2089858483,192608db42251d675da83286b1cce702)
Start importing Assets/SimplePoly City - Low Poly Assets/Prefab/Buildings/Building_Residential_color03.prefab using Guid(0064eb002f3790247969e12119bbf9d2) Importer(2089858483,192608db42251d675da83286b1cce702) (ScriptedImporter) -> (artifact id: '9439468f8e7bcbe0e500c3219f0eac74') in 0.010232466 seconds
Number of updated asset objects reloaded before import = 0Number of asset objects unloaded after import = 8

========================================================================
Received Import Request.
  Time since last request: 0.000032 seconds.
  path: Assets/SimplePoly City - Low Poly Assets/Prefab/Props/Props_Bus Stop.prefab
  artifactKey: Guid(8fa324388c16b5c4eac9846338b35b17) Importer(2089858483,192608db42251d675da83286b1cce702)
Start importing Assets/SimplePoly City - Low Poly Assets/Prefab/Props/Props_Bus Stop.prefab using Guid(8fa324388c16b5c4eac9846338b35b17) Importer(2089858483,192608db42251d675da83286b1cce702) (ScriptedImporter) -> (artifact id: '2a75e7c6fcaefaf619408f690885cf83') in 0.010130092 seconds
Number of updated asset objects reloaded before import = 0Number of asset objects unloaded after import = 8

========================================================================
Received Import Request.
  Time since last request: 0.000044 seconds.
  path: Assets/SimplePoly City - Low Poly Assets/Prefab/Buildings/Building_House_04_color03.prefab
  artifactKey: Guid(b8365ae9a93a2e8498ae3c2646f3c455) Importer(2089858483,192608db42251d675da83286b1cce702)
Start importing Assets/SimplePoly City - Low Poly Assets/Prefab/Buildings/Building_House_04_color03.prefab using Guid(b8365ae9a93a2e8498ae3c2646f3c455) Importer(2089858483,192608db42251d675da83286b1cce702) (ScriptedImporter) -> (artifact id: 'd128741a6866474e2eb53ac771328c91') in 0.011613102 seconds
Number of updated asset objects reloaded before import = 0Number of asset objects unloaded after import = 8

========================================================================
Received Import Request.
  Time since last request: 0.000024 seconds.
  path: Assets/SimplePoly City - Low Poly Assets/Prefab/Props/Props_Bench_2.prefab
  artifactKey: Guid(6458a4c9f91f22741a5064b5b7cfd892) Importer(2089858483,192608db42251d675da83286b1cce702)
Start importing Assets/SimplePoly City - Low Poly Assets/Prefab/Props/Props_Bench_2.prefab using Guid(6458a4c9f91f22741a5064b5b7cfd892) Importer(2089858483,192608db42251d675da83286b1cce702) (ScriptedImporter) -> (artifact id: '840e7daf9450ad173de982c5b117101d') in 0.00671015 seconds
Number of updated asset objects reloaded before import = 0Number of asset objects unloaded after import = 8

========================================================================
Received Import Request.
  Time since last request: 0.000038 seconds.
  path: Assets/Dnk_Dev/Brick_Fence/Models/SM_Brick_BigGate_01.FBX
  artifactKey: Guid(1031352e06449434ab7c3ba79eee9918) Importer(2089858483,192608db42251d675da83286b1cce702)
Start importing Assets/Dnk_Dev/Brick_Fence/Models/SM_Brick_BigGate_01.FBX using Guid(1031352e06449434ab7c3ba79eee9918) Importer(2089858483,192608db42251d675da83286b1cce702) (ScriptedImporter) -> (artifact id: 'ddba60b1e9debfc51680b47d67332f5b') in 0.01295565 seconds
Number of updated asset objects reloaded before import = 0Number of asset objects unloaded after import = 29

========================================================================
Received Import Request.
  Time since last request: 0.000024 seconds.
  path: Assets/YughuesFreeBushes2018/Textures/T_Bush04_n.tga
  artifactKey: Guid(fd90dc93bb966f343bcf6302c2c8c0b5) Importer(2089858483,192608db42251d675da83286b1cce702)
Start importing Assets/YughuesFreeBushes2018/Textures/T_Bush04_n.tga using Guid(fd90dc93bb966f343bcf6302c2c8c0b5) Importer(2089858483,192608db42251d675da83286b1cce702) (ScriptedImporter) -> (artifact id: '3776b63860d7065e54ace1787528dc0f') in 0.008822865 seconds
Number of updated asset objects reloaded before import = 0Number of asset objects unloaded after import = 1

========================================================================
Received Import Request.
  Time since last request: 0.000026 seconds.
  path: Assets/SimplePoly City - Low Poly Assets/Prefab/Buildings/Building_Factory.prefab
  artifactKey: Guid(f6674c1362ba984468bc1e71a2323d66) Importer(2089858483,192608db42251d675da83286b1cce702)
Start importing Assets/SimplePoly City - Low Poly Assets/Prefab/Buildings/Building_Factory.prefab using Guid(f6674c1362ba984468bc1e71a2323d66) Importer(2089858483,192608db42251d675da83286b1cce702) (ScriptedImporter) -> (artifact id: '14b6de3ca7d5a348dccdb27961a87543') in 0.007152908 seconds
Number of updated asset objects reloaded before import = 0Number of asset objects unloaded after import = 8

========================================================================
Received Import Request.
  Time since last request: 0.000027 seconds.
  path: Assets/YughuesFreeBushes2018/Textures/T_Bush04_ao.tga
  artifactKey: Guid(5b92c84bc0de36e4aae4b22d552d92b3) Importer(2089858483,192608db42251d675da83286b1cce702)
Start importing Assets/YughuesFreeBushes2018/Textures/T_Bush04_ao.tga using Guid(5b92c84bc0de36e4aae4b22d552d92b3) Importer(2089858483,192608db42251d675da83286b1cce702) (ScriptedImporter) -> (artifact id: 'ed871d4b2fd92c6f53c7e348fc1133e6') in 0.008481437 seconds
Number of updated asset objects reloaded before import = 0Number of asset objects unloaded after import = 1

========================================================================
Received Import Request.
  Time since last request: 0.000040 seconds.
  path: Assets/Dnk_Dev/Brick_Fence/Textures/T_Brick_fence_03.TGA
  artifactKey: Guid(64074f0267b4b5e41b88ef0e4d2eb280) Importer(2089858483,192608db42251d675da83286b1cce702)
Start importing Assets/Dnk_Dev/Brick_Fence/Textures/T_Brick_fence_03.TGA using Guid(64074f0267b4b5e41b88ef0e4d2eb280) Importer(2089858483,192608db42251d675da83286b1cce702) (ScriptedImporter) -> (artifact id: '7ac33c059b0c007b03a0d997ba2ad794') in 0.009795625 seconds
Number of updated asset objects reloaded before import = 0Number of asset objects unloaded after import = 1

========================================================================
Received Import Request.
  Time since last request: 0.000038 seconds.
  path: Assets/SimplePoly City - Low Poly Assets/Prefab/Props/Props_Dustbin.prefab
  artifactKey: Guid(d59a4f6080634af41a616bc51af1d2d9) Importer(2089858483,192608db42251d675da83286b1cce702)
Start importing Assets/SimplePoly City - Low Poly Assets/Prefab/Props/Props_Dustbin.prefab using Guid(d59a4f6080634af41a616bc51af1d2d9) Importer(2089858483,192608db42251d675da83286b1cce702) (ScriptedImporter) -> (artifact id: 'e1a0abcb888073d332de400c9c0f8b06') in 0.010536281 seconds
Number of updated asset objects reloaded before import = 0Number of asset objects unloaded after import = 8

========================================================================
Received Import Request.
  Time since last request: 0.000028 seconds.
  path: Assets/SimplePoly City - Low Poly Assets/Prefab/Roads/Road T_Intersection_01.prefab
  artifactKey: Guid(cbc86bb57f673ba45a8426789eb0fac0) Importer(2089858483,192608db42251d675da83286b1cce702)
Start importing Assets/SimplePoly City - Low Poly Assets/Prefab/Roads/Road T_Intersection_01.prefab using Guid(cbc86bb57f673ba45a8426789eb0fac0) Importer(2089858483,192608db42251d675da83286b1cce702) (ScriptedImporter) -> (artifact id: '6a6efb21facb434b6b1c5d5c628181cc') in 0.016646904 seconds
Number of updated asset objects reloaded before import = 0Number of asset objects unloaded after import = 8

========================================================================
Received Import Request.
  Time since last request: 0.000024 seconds.
  path: Assets/Starter Assets/Runtime/InputSystem/StarterAssets.inputactions
  artifactKey: Guid(4419d82f33d36e848b3ed5af4c8da37e) Importer(2089858483,192608db42251d675da83286b1cce702)
Start importing Assets/Starter Assets/Runtime/InputSystem/StarterAssets.inputactions using Guid(4419d82f33d36e848b3ed5af4c8da37e) Importer(2089858483,192608db42251d675da83286b1cce702) (ScriptedImporter) -> (artifact id: 'cb6249c4673a721f14bc4d367900286b') in 0.238847333 seconds
Number of updated asset objects reloaded before import = 0Number of asset objects unloaded after import = 7

========================================================================
Received Import Request.
  Time since last request: 0.000031 seconds.
  path: Assets/SimplePoly City - Low Poly Assets/Prefab/Props/Props_Traffic Sign_stop.prefab
  artifactKey: Guid(6c862cab8ca035a448da05df5868553a) Importer(2089858483,192608db42251d675da83286b1cce702)
Start importing Assets/SimplePoly City - Low Poly Assets/Prefab/Props/Props_Traffic Sign_stop.prefab using Guid(6c862cab8ca035a448da05df5868553a) Importer(2089858483,192608db42251d675da83286b1cce702) (ScriptedImporter) -> (artifact id: '04a146c26854fac05c03d8507b4f4a06') in 0.007162755 seconds
Number of updated asset objects reloaded before import = 0Number of asset objects unloaded after import = 8

========================================================================
Received Import Request.
  Time since last request: 0.000040 seconds.
  path: Assets/SimplePoly City - Low Poly Assets/Prefab/Props/Props_Traffic Signal_big.prefab
  artifactKey: Guid(d4cfcf659200d7548b90a5580c3ab18f) Importer(2089858483,192608db42251d675da83286b1cce702)
Start importing Assets/SimplePoly City - Low Poly Assets/Prefab/Props/Props_Traffic Signal_big.prefab using Guid(d4cfcf659200d7548b90a5580c3ab18f) Importer(2089858483,192608db42251d675da83286b1cce702) (ScriptedImporter) -> (artifact id: 'f64e7aeecdb50b7a9468278160d14afa') in 0.006700082 seconds
Number of updated asset objects reloaded before import = 0Number of asset objects unloaded after import = 8

========================================================================
Received Import Request.
  Time since last request: 0.000032 seconds.
  path: Assets/Starter Assets/Runtime/Settings/DefaultVolumeProfile.asset
  artifactKey: Guid(ea00d09ed05d3f443b3320fa54ec4b74) Importer(2089858483,192608db42251d675da83286b1cce702)
Start importing Assets/Starter Assets/Runtime/Settings/DefaultVolumeProfile.asset using Guid(ea00d09ed05d3f443b3320fa54ec4b74) Importer(2089858483,192608db42251d675da83286b1cce702) (ScriptedImporter) -> (artifact id: 'f4ce834347e84ebef0f4219cd14e2de1') in 0.007824082 seconds
Number of updated asset objects reloaded before import = 0Number of asset objects unloaded after import = 20

========================================================================
Received Import Request.
  Time since last request: 0.000031 seconds.
  path: Assets/Starter Assets/Runtime/InputSystem/StarterAssets.inputsettings.asset
  artifactKey: Guid(9e7be553448fa2546aea5752021cbcf7) Importer(2089858483,192608db42251d675da83286b1cce702)
Start importing Assets/Starter Assets/Runtime/InputSystem/StarterAssets.inputsettings.asset using Guid(9e7be553448fa2546aea5752021cbcf7) Importer(2089858483,192608db42251d675da83286b1cce702) (ScriptedImporter) -> (artifact id: '27e9d2947e1a1785ba53e597a857032f') in 0.011185425 seconds
Number of updated asset objects reloaded before import = 0Number of asset objects unloaded after import = 1

========================================================================
Received Import Request.
  Time since last request: 0.000030 seconds.
  path: Assets/Starter Assets/Editor/URPWizard/URPWizard.cs
  artifactKey: Guid(6c1ba780f87ca5a4ea89d3330464ecf5) Importer(2089858483,192608db42251d675da83286b1cce702)
Start importing Assets/Starter Assets/Editor/URPWizard/URPWizard.cs using Guid(6c1ba780f87ca5a4ea89d3330464ecf5) Importer(2089858483,192608db42251d675da83286b1cce702) (ScriptedImporter) -> (artifact id: '1ed4ff737cde2d3b364171ee764571ef') in 0.002834197 seconds
Number of updated asset objects reloaded before import = 0Number of asset objects unloaded after import = 0

========================================================================
Received Import Request.
  Time since last request: 0.000029 seconds.
  path: Assets/SimplePoly City - Low Poly Assets/Prefab/Props/Props_Fence.prefab
  artifactKey: Guid(d2100f10c342364479e7a527f9ef5429) Importer(2089858483,192608db42251d675da83286b1cce702)
Start importing Assets/SimplePoly City - Low Poly Assets/Prefab/Props/Props_Fence.prefab using Guid(d2100f10c342364479e7a527f9ef5429) Importer(2089858483,192608db42251d675da83286b1cce702) (ScriptedImporter) -> (artifact id: '32d291b27e63dbb04b1f742f29fc69f4') in 0.013020078 seconds
Number of updated asset objects reloaded before import = 0Number of asset objects unloaded after import = 10

========================================================================
Received Import Request.
  Time since last request: 0.000029 seconds.
  path: Assets/SimplePoly City - Low Poly Assets/Prefab/Roads/Road Lane Half.prefab
  artifactKey: Guid(87cc36a45a321ad478c47c9fec13dbd3) Importer(2089858483,192608db42251d675da83286b1cce702)
Start importing Assets/SimplePoly City - Low Poly Assets/Prefab/Roads/Road Lane Half.prefab using Guid(87cc36a45a321ad478c47c9fec13dbd3) Importer(2089858483,192608db42251d675da83286b1cce702) (ScriptedImporter) -> (artifact id: 'bb004f9dbfc1a27fef2c802bbc2aa6f7') in 0.006991019 seconds
Number of updated asset objects reloaded before import = 0Number of asset objects unloaded after import = 8

========================================================================
Received Import Request.
  Time since last request: 0.000039 seconds.
  path: Assets/Starter Assets/Sample/ThirdPersonController/Playground.unity
  artifactKey: Guid(e9017d5f96b9f09489b4b37e1d6eb914) Importer(2089858483,192608db42251d675da83286b1cce702)
Start importing Assets/Starter Assets/Sample/ThirdPersonController/Playground.unity using Guid(e9017d5f96b9f09489b4b37e1d6eb914) Importer(2089858483,192608db42251d675da83286b1cce702) (ScriptedImporter) -> (artifact id: 'e3c6c705a0d4c51a6610d61fc2551f75') in 0.005611438 seconds
Number of updated asset objects reloaded before import = 0Number of asset objects unloaded after import = 1

========================================================================
Received Import Request.
  Time since last request: 0.000046 seconds.
  path: Assets/Starter Assets/Runtime/Settings/Ultra_PipelineAsset_ForwardRenderer.asset
  artifactKey: Guid(4ee808e09c6774436b0c2a048e53e708) Importer(2089858483,192608db42251d675da83286b1cce702)
Start importing Assets/Starter Assets/Runtime/Settings/Ultra_PipelineAsset_ForwardRenderer.asset using Guid(4ee808e09c6774436b0c2a048e53e708) Importer(2089858483,192608db42251d675da83286b1cce702) (ScriptedImporter) -> (artifact id: 'af92caaf9213a135e0c0843bf0632a35') in 0.042812434 seconds
Number of updated asset objects reloaded before import = 0Number of asset objects unloaded after import = 1

========================================================================
Received Import Request.
  Time since last request: 0.000025 seconds.
  path: Assets/TENKOKU - DYNAMIC SKY/RESOURCES/textures/gui_tex_tenkoku_divhorz.psd
  artifactKey: Guid(c0a11b59e01c2704190adf8e2bed3aa9) Importer(2089858483,192608db42251d675da83286b1cce702)
Start importing Assets/TENKOKU - DYNAMIC SKY/RESOURCES/textures/gui_tex_tenkoku_divhorz.psd using Guid(c0a11b59e01c2704190adf8e2bed3aa9) Importer(2089858483,192608db42251d675da83286b1cce702) (ScriptedImporter) -> (artifact id: 'ddcb9429f335cdefb0aa01f1e3e9a08c') in 0.017517842 seconds
Number of updated asset objects reloaded before import = 0Number of asset objects unloaded after import = 1

========================================================================
Received Import Request.
  Time since last request: 0.000040 seconds.
  path: Assets/TENKOKU - DYNAMIC SKY/TEXTURES/LIGHTFLARES/flareMoon.flare
  artifactKey: Guid(e06fd8e1b9d03884c9b2e0a5225b0641) Importer(2089858483,192608db42251d675da83286b1cce702)
Start importing Assets/TENKOKU - DYNAMIC SKY/TEXTURES/LIGHTFLARES/flareMoon.flare using Guid(e06fd8e1b9d03884c9b2e0a5225b0641) Importer(2089858483,192608db42251d675da83286b1cce702) (ScriptedImporter) -> (artifact id: 'd63e7021dc955c55c8881d2c35325252') in 0.006156707 seconds
Number of updated asset objects reloaded before import = 0Number of asset objects unloaded after import = 2

========================================================================
Received Import Request.
  Time since last request: 0.000030 seconds.
  path: Assets/TENKOKU - DYNAMIC SKY/RESOURCES/textures/gui_tex_tenkokulogo.png
  artifactKey: Guid(233ad955106ad0e4a843c30bcddb55d4) Importer(2089858483,192608db42251d675da83286b1cce702)
Start importing Assets/TENKOKU - DYNAMIC SKY/RESOURCES/textures/gui_tex_tenkokulogo.png using Guid(233ad955106ad0e4a843c30bcddb55d4) Importer(2089858483,192608db42251d675da83286b1cce702) (ScriptedImporter) -> (artifact id: '59dec5aa4531f12388a666772da56ced') in 0.011772387 seconds
Number of updated asset objects reloaded before import = 0Number of asset objects unloaded after import = 1

========================================================================
Received Import Request.
  Time since last request: 0.000037 seconds.
  path: Assets/TENKOKU - DYNAMIC SKY/SCRIPTS/NoiseTools/NoiseGeneratorBase.cs
  artifactKey: Guid(3ecf91b8b971d4d08b0c1a27c74b08e8) Importer(2089858483,192608db42251d675da83286b1cce702)
Start importing Assets/TENKOKU - DYNAMIC SKY/SCRIPTS/NoiseTools/NoiseGeneratorBase.cs using Guid(3ecf91b8b971d4d08b0c1a27c74b08e8) Importer(2089858483,192608db42251d675da83286b1cce702) (ScriptedImporter) -> (artifact id: '581ae62d03859f5bf49155d9dbe74579') in 0.003071619 seconds
Number of updated asset objects reloaded before import = 0Number of asset objects unloaded after import = 0

========================================================================
Received Import Request.
  Time since last request: 0.000044 seconds.
  path: Assets/TENKOKU - DYNAMIC SKY/EFFECTS/Textures/mat_fx_rainSplash.mat
  artifactKey: Guid(70379c24f2abeee43bcde68f4cede7de) Importer(2089858483,192608db42251d675da83286b1cce702)
Start importing Assets/TENKOKU - DYNAMIC SKY/EFFECTS/Textures/mat_fx_rainSplash.mat using Guid(70379c24f2abeee43bcde68f4cede7de) Importer(2089858483,192608db42251d675da83286b1cce702) (ScriptedImporter) -> (artifact id: '289855dbe245014e3bf6de319f099d6f') in 0.004460673 seconds
Number of updated asset objects reloaded before import = 0Number of asset objects unloaded after import = 2

========================================================================
Received Import Request.
  Time since last request: 0.000026 seconds.
  path: Assets/TENKOKU - DYNAMIC SKY/EFFECTS/Textures/mat_fx_rain.mat
  artifactKey: Guid(11ff248363d5dd04d84295569f93944b) Importer(2089858483,192608db42251d675da83286b1cce702)
Start importing Assets/TENKOKU - DYNAMIC SKY/EFFECTS/Textures/mat_fx_rain.mat using Guid(11ff248363d5dd04d84295569f93944b) Importer(2089858483,192608db42251d675da83286b1cce702) (ScriptedImporter) -> (artifact id: '38f63ac4438e7c8f7b5113c4dd2ffc13') in 0.004361673 seconds
Number of updated asset objects reloaded before import = 0Number of asset objects unloaded after import = 2

========================================================================
Received Import Request.
  Time since last request: 0.000026 seconds.
  path: Assets/TENKOKU - DYNAMIC SKY/EFFECTS/Textures/tex_fx_mist.psd
  artifactKey: Guid(049e1c7514867f4439d54455571bb143) Importer(2089858483,192608db42251d675da83286b1cce702)
Start importing Assets/TENKOKU - DYNAMIC SKY/EFFECTS/Textures/tex_fx_mist.psd using Guid(049e1c7514867f4439d54455571bb143) Importer(2089858483,192608db42251d675da83286b1cce702) (ScriptedImporter) -> (artifact id: '491b6c85713e27fc77be0a7397a0c9a7') in 0.009099347 seconds
Number of updated asset objects reloaded before import = 0Number of asset objects unloaded after import = 1

========================================================================
Received Import Request.
  Time since last request: 0.000025 seconds.
  path: Assets/TENKOKU - DYNAMIC SKY/EFFECTS/Textures/tex_fxSnowSheet.psd
  artifactKey: Guid(dc2b86b75f92c7142a85a369dd553acb) Importer(2089858483,192608db42251d675da83286b1cce702)
Start importing Assets/TENKOKU - DYNAMIC SKY/EFFECTS/Textures/tex_fxSnowSheet.psd using Guid(dc2b86b75f92c7142a85a369dd553acb) Importer(2089858483,192608db42251d675da83286b1cce702) (ScriptedImporter) -> (artifact id: 'd08e89f80e391444958f1c2c652bca2d') in 0.008634306 seconds
Number of updated asset objects reloaded before import = 0Number of asset objects unloaded after import = 1

========================================================================
Received Import Request.
  Time since last request: 0.000027 seconds.
  path: Assets/Starter Assets/Sample/FirstPersonController/PlaygroundSettings.lighting
  artifactKey: Guid(027dc98253d80d849acc2271be9bffaf) Importer(2089858483,192608db42251d675da83286b1cce702)
Start importing Assets/Starter Assets/Sample/FirstPersonController/PlaygroundSettings.lighting using Guid(027dc98253d80d849acc2271be9bffaf) Importer(2089858483,192608db42251d675da83286b1cce702) (ScriptedImporter) -> (artifact id: 'c6b1cbec50040224edb3e086cf7fc616') in 0.005335874 seconds
Number of updated asset objects reloaded before import = 0Number of asset objects unloaded after import = 1

========================================================================
Received Import Request.
  Time since last request: 0.000036 seconds.
  path: Assets/SimplePoly City - Low Poly Assets/Prefab/Buildings/Building_House_01_color02.prefab
  artifactKey: Guid(1f284b42849610642bfb5d418a57840b) Importer(2089858483,192608db42251d675da83286b1cce702)
Start importing Assets/SimplePoly City - Low Poly Assets/Prefab/Buildings/Building_House_01_color02.prefab using Guid(1f284b42849610642bfb5d418a57840b) Importer(2089858483,192608db42251d675da83286b1cce702) (ScriptedImporter) -> (artifact id: '79cf2b66b5ebe5ab05dfc7be0dc1c868') in 0.007317528 seconds
Number of updated asset objects reloaded before import = 0Number of asset objects unloaded after import = 8

========================================================================
Received Import Request.
  Time since last request: 0.000031 seconds.
  path: Assets/GVOZDY/Round Four-Tier Water Fountain/Textures/T_fountain_4_dark_MetallicSmoothness.png
  artifactKey: Guid(6cd5006c09c93154a9011e53568f1145) Importer(2089858483,192608db42251d675da83286b1cce702)
Start importing Assets/GVOZDY/Round Four-Tier Water Fountain/Textures/T_fountain_4_dark_MetallicSmoothness.png using Guid(6cd5006c09c93154a9011e53568f1145) Importer(2089858483,192608db42251d675da83286b1cce702) (ScriptedImporter) -> (artifact id: '8998ab835f381b79b50779047cc70b36') in 0.014012174 seconds
Number of updated asset objects reloaded before import = 0Number of asset objects unloaded after import = 1

========================================================================
Received Import Request.
  Time since last request: 0.000036 seconds.
  path: Assets/Dnk_Dev/Brick_Fence/Models/Materials/Mat_Brick_BigGate_03.mat
  artifactKey: Guid(c7225c96adac32c438ea990062f787d4) Importer(2089858483,192608db42251d675da83286b1cce702)
Start importing Assets/Dnk_Dev/Brick_Fence/Models/Materials/Mat_Brick_BigGate_03.mat using Guid(c7225c96adac32c438ea990062f787d4) Importer(2089858483,192608db42251d675da83286b1cce702) (ScriptedImporter) -> (artifact id: '26b6bbfc77ab8d70994b688e63d6d4f8') in 0.013460324 seconds
Number of updated asset objects reloaded before import = 0Number of asset objects unloaded after import = 3

========================================================================
Received Import Request.
  Time since last request: 0.000024 seconds.
  path: Assets/Dnk_Dev/Brick_Fence/Models/Materials/Mat_Brick_BigGate_02.mat
  artifactKey: Guid(bcdc3a5ee10ef634e9aee3bd81f52e75) Importer(2089858483,192608db42251d675da83286b1cce702)
Start importing Assets/Dnk_Dev/Brick_Fence/Models/Materials/Mat_Brick_BigGate_02.mat using Guid(bcdc3a5ee10ef634e9aee3bd81f52e75) Importer(2089858483,192608db42251d675da83286b1cce702) (ScriptedImporter) -> (artifact id: '4be78a0dc6b66412a10c50ff2d7fb80e') in 0.01341758 seconds
Number of updated asset objects reloaded before import = 0Number of asset objects unloaded after import = 3

========================================================================
Received Import Request.
  Time since last request: 0.000024 seconds.
  path: Assets/Tree_Packs/URP_Tree_Pack/Scene/URP_Tree_Model_Sample.unity
  artifactKey: Guid(7f3412947a5e982458e774670d849cc1) Importer(2089858483,192608db42251d675da83286b1cce702)
Start importing Assets/Tree_Packs/URP_Tree_Pack/Scene/URP_Tree_Model_Sample.unity using Guid(7f3412947a5e982458e774670d849cc1) Importer(2089858483,192608db42251d675da83286b1cce702) (ScriptedImporter) -> (artifact id: '42d5a09a8a572b0e184bc80adb79a61e') in 0.004742678 seconds
Number of updated asset objects reloaded before import = 0Number of asset objects unloaded after import = 1

========================================================================
Received Import Request.
  Time since last request: 0.000025 seconds.
  path: Assets/TENKOKU - DYNAMIC SKY/_DEMO/TEXTURES/mat_object_metal.mat
  artifactKey: Guid(0e42ba58c0cf778469f7be93b3f2c6aa) Importer(2089858483,192608db42251d675da83286b1cce702)
Start importing Assets/TENKOKU - DYNAMIC SKY/_DEMO/TEXTURES/mat_object_metal.mat using Guid(0e42ba58c0cf778469f7be93b3f2c6aa) Importer(2089858483,192608db42251d675da83286b1cce702) (ScriptedImporter) -> (artifact id: '93a08742eb488419c088c7afacd3a15a') in 0.004282265 seconds
Number of updated asset objects reloaded before import = 0Number of asset objects unloaded after import = 1

========================================================================
Received Import Request.
  Time since last request: 0.000029 seconds.
  path: Assets/Tree_Packs/URP_Tree_Pack/Scripts/Tree_Packs.cs
  artifactKey: Guid(0447bde6a836ff8469f99c2ba035cdac) Importer(2089858483,192608db42251d675da83286b1cce702)
Start importing Assets/Tree_Packs/URP_Tree_Pack/Scripts/Tree_Packs.cs using Guid(0447bde6a836ff8469f99c2ba035cdac) Importer(2089858483,192608db42251d675da83286b1cce702) (ScriptedImporter) -> (artifact id: '7c96857688a146e1cda2e3eaf14861df') in 0.002929779 seconds
Number of updated asset objects reloaded before import = 0Number of asset objects unloaded after import = 0

========================================================================
Received Import Request.
  Time since last request: 0.000028 seconds.
  path: Assets/YughuesFreeBushes2018/Meshes/OLD/bush_03.obj
  artifactKey: Guid(622cd4aba51b9004bafb09b503395868) Importer(2089858483,192608db42251d675da83286b1cce702)
Start importing Assets/YughuesFreeBushes2018/Meshes/OLD/bush_03.obj using Guid(622cd4aba51b9004bafb09b503395868) Importer(2089858483,192608db42251d675da83286b1cce702) (ScriptedImporter) -> (artifact id: '44706ecb475e4f6800d8cf7bbe3a4cf3') in 0.015314944 seconds
Number of updated asset objects reloaded before import = 0Number of asset objects unloaded after import = 22

========================================================================
Received Import Request.
  Time since last request: 0.000038 seconds.
  path: Assets/Dnk_Dev/Brick_Fence/Models/Materials/Mat_Brick_Fence_01Grill.mat
  artifactKey: Guid(ee61a593ddfca0d41811b813ac2d6f03) Importer(2089858483,192608db42251d675da83286b1cce702)
Start importing Assets/Dnk_Dev/Brick_Fence/Models/Materials/Mat_Brick_Fence_01Grill.mat using Guid(ee61a593ddfca0d41811b813ac2d6f03) Importer(2089858483,192608db42251d675da83286b1cce702) (ScriptedImporter) -> (artifact id: '0e86f69471c031b8d1b79d3749c95041') in 0.010021986 seconds
Number of updated asset objects reloaded before import = 0Number of asset objects unloaded after import = 3

========================================================================
Received Import Request.
  Time since last request: 0.000039 seconds.
  path: Assets/TutorialInfo/Scripts/Editor/ReadmeEditor.cs
  artifactKey: Guid(476cc7d7cd9874016adc216baab94a0a) Importer(2089858483,192608db42251d675da83286b1cce702)
Start importing Assets/TutorialInfo/Scripts/Editor/ReadmeEditor.cs using Guid(476cc7d7cd9874016adc216baab94a0a) Importer(2089858483,192608db42251d675da83286b1cce702) (ScriptedImporter) -> (artifact id: 'bc89ef5d92ad21e6745819d37e7f3744') in 0.003006707 seconds
Number of updated asset objects reloaded before import = 0Number of asset objects unloaded after import = 0

========================================================================
Received Import Request.
  Time since last request: 0.000025 seconds.
  path: Assets/Tree_Packs/URP_Tree_Pack/Prefabs/URP_Tree_1.prefab
  artifactKey: Guid(022485ff60e4a26418217d8ab778a812) Importer(2089858483,192608db42251d675da83286b1cce702)
Start importing Assets/Tree_Packs/URP_Tree_Pack/Prefabs/URP_Tree_1.prefab using Guid(022485ff60e4a26418217d8ab778a812) Importer(2089858483,192608db42251d675da83286b1cce702) (ScriptedImporter) -> (artifact id: 'c913562f84a3d4228edbcbf3e143a32e') in 0.006329406 seconds
Number of updated asset objects reloaded before import = 0Number of asset objects unloaded after import = 25

========================================================================
Received Import Request.
  Time since last request: 0.000025 seconds.
  path: Assets/Tree_Packs/URP_Tree_Pack/Prefabs/URP_Tree_2.prefab
  artifactKey: Guid(40cc2dd6b744b344a9a4ea56076c47fb) Importer(2089858483,192608db42251d675da83286b1cce702)
Start importing Assets/Tree_Packs/URP_Tree_Pack/Prefabs/URP_Tree_2.prefab using Guid(40cc2dd6b744b344a9a4ea56076c47fb) Importer(2089858483,192608db42251d675da83286b1cce702) (ScriptedImporter) -> (artifact id: 'e8a66844ead7529b753db72d5bc2ed98') in 0.012957101 seconds
Number of updated asset objects reloaded before import = 0Number of asset objects unloaded after import = 25

========================================================================
Received Import Request.
  Time since last request: 0.000029 seconds.
  path: Assets/Tree_Packs/URP_Tree_Pack/Doc/1_Readme.txt
  artifactKey: Guid(11bed03e83f28874094ffca65f9694e3) Importer(2089858483,192608db42251d675da83286b1cce702)
Start importing Assets/Tree_Packs/URP_Tree_Pack/Doc/1_Readme.txt using Guid(11bed03e83f28874094ffca65f9694e3) Importer(2089858483,192608db42251d675da83286b1cce702) (ScriptedImporter) -> (artifact id: 'c9e524e8a6a08c61d7907449b6f43e16') in 0.002920306 seconds
Number of updated asset objects reloaded before import = 0Number of asset objects unloaded after import = 1

========================================================================
Received Import Request.
  Time since last request: 0.000029 seconds.
  path: Assets/TENKOKU - DYNAMIC SKY/_DEMO/TEXTURES/tex_TenkokuLogo.png
  artifactKey: Guid(cb90e2e7ff0bfb447a9eb35359d6f68a) Importer(2089858483,192608db42251d675da83286b1cce702)
Start importing Assets/TENKOKU - DYNAMIC SKY/_DEMO/TEXTURES/tex_TenkokuLogo.png using Guid(cb90e2e7ff0bfb447a9eb35359d6f68a) Importer(2089858483,192608db42251d675da83286b1cce702) (ScriptedImporter) -> (artifact id: '4ca190bcefbe4bf75ac6291b018ced24') in 0.027777014 seconds
Number of updated asset objects reloaded before import = 0Number of asset objects unloaded after import = 3

========================================================================
Received Import Request.
  Time since last request: 0.000026 seconds.
  path: Assets/TENKOKU - DYNAMIC SKY/_DEMO/TEXTURES/mat_object_dielectricrough.mat
  artifactKey: Guid(e0a5ccec33dbe5d4e8f6de5822ef8dd8) Importer(2089858483,192608db42251d675da83286b1cce702)
Start importing Assets/TENKOKU - DYNAMIC SKY/_DEMO/TEXTURES/mat_object_dielectricrough.mat using Guid(e0a5ccec33dbe5d4e8f6de5822ef8dd8) Importer(2089858483,192608db42251d675da83286b1cce702) (ScriptedImporter) -> (artifact id: 'de44cfd46395929268d83216c97626a2') in 0.008311255 seconds
Number of updated asset objects reloaded before import = 0Number of asset objects unloaded after import = 1

========================================================================
Received Import Request.
  Time since last request: 0.000032 seconds.
  path: Assets/TENKOKU - DYNAMIC SKY/RESOURCES/textures/tex_distortion.psd
  artifactKey: Guid(f67c814b5e4f2e042a8c81fd5b507a37) Importer(2089858483,192608db42251d675da83286b1cce702)
Start importing Assets/TENKOKU - DYNAMIC SKY/RESOURCES/textures/tex_distortion.psd using Guid(f67c814b5e4f2e042a8c81fd5b507a37) Importer(2089858483,192608db42251d675da83286b1cce702) (ScriptedImporter) -> (artifact id: 'db4a16b06825f81f4bb5dee2216542b4') in 0.012381357 seconds
Number of updated asset objects reloaded before import = 0Number of asset objects unloaded after import = 1

========================================================================
Received Import Request.
  Time since last request: 0.000071 seconds.
  path: Assets/Tree_Packs/URP_Tree_Pack/Settings/SampleSceneProfile.asset
  artifactKey: Guid(acae3a13020e22e45bc0cbc8bb127d7e) Importer(2089858483,192608db42251d675da83286b1cce702)
Start importing Assets/Tree_Packs/URP_Tree_Pack/Settings/SampleSceneProfile.asset using Guid(acae3a13020e22e45bc0cbc8bb127d7e) Importer(2089858483,192608db42251d675da83286b1cce702) (ScriptedImporter) -> (artifact id: '51bab4022b7d4dde1676f21a8b2ccc3f') in 0.003921413 seconds
Number of updated asset objects reloaded before import = 0Number of asset objects unloaded after import = 4

========================================================================
Received Import Request.
  Time since last request: 0.000026 seconds.
  path: Assets/YughuesFreeBushes2018/Textures/T_Bush02_n.tga
  artifactKey: Guid(11821533c3f1535419549afbeccb9bff) Importer(2089858483,192608db42251d675da83286b1cce702)
Start importing Assets/YughuesFreeBushes2018/Textures/T_Bush02_n.tga using Guid(11821533c3f1535419549afbeccb9bff) Importer(2089858483,192608db42251d675da83286b1cce702) (ScriptedImporter) -> (artifact id: '3d9c95fcc307cf5612b670a45f9013b6') in 0.013602233 seconds
Number of updated asset objects reloaded before import = 0Number of asset objects unloaded after import = 1

========================================================================
Received Import Request.
  Time since last request: 0.000026 seconds.
  path: Assets/YughuesFreeBushes2018/Meshes/OLD/bush_04.obj
  artifactKey: Guid(fa75c78e130ad4c4899a874e0daff72d) Importer(2089858483,192608db42251d675da83286b1cce702)
Start importing Assets/YughuesFreeBushes2018/Meshes/OLD/bush_04.obj using Guid(fa75c78e130ad4c4899a874e0daff72d) Importer(2089858483,192608db42251d675da83286b1cce702) (ScriptedImporter) -> (artifact id: '79d40320d4a24bb10958db7a0af86d86') in 0.011964925 seconds
Number of updated asset objects reloaded before import = 0Number of asset objects unloaded after import = 10

========================================================================
Received Import Request.
  Time since last request: 0.000025 seconds.
  path: Assets/SimplePoly City - Low Poly Assets/Prefab/Vehicles/Vehicle with Separated Wheels/Vehicle_Bus_color01_separate.prefab
  artifactKey: Guid(de535534204e83f4e84497ac553192eb) Importer(2089858483,192608db42251d675da83286b1cce702)
Start importing Assets/SimplePoly City - Low Poly Assets/Prefab/Vehicles/Vehicle with Separated Wheels/Vehicle_Bus_color01_separate.prefab using Guid(de535534204e83f4e84497ac553192eb) Importer(2089858483,192608db42251d675da83286b1cce702) (ScriptedImporter) -> (artifact id: 'f341eb1a0867f769f04c7fed2a6b19c2') in 0.00842059 seconds
Number of updated asset objects reloaded before import = 0Number of asset objects unloaded after import = 29

========================================================================
Received Import Request.
  Time since last request: 0.000026 seconds.
  path: Assets/SimplePoly City - Low Poly Assets/Prefab/Vehicles/Vehicle with Static Wheels/Vehicle_Bus_color02.prefab
  artifactKey: Guid(79ef5961b86276943ab5da38ae9f2e4b) Importer(2089858483,192608db42251d675da83286b1cce702)
Start importing Assets/SimplePoly City - Low Poly Assets/Prefab/Vehicles/Vehicle with Static Wheels/Vehicle_Bus_color02.prefab using Guid(79ef5961b86276943ab5da38ae9f2e4b) Importer(2089858483,192608db42251d675da83286b1cce702) (ScriptedImporter) -> (artifact id: '2a24e5fa0507790dc388c2103db107e4') in 0.007610584 seconds
Number of updated asset objects reloaded before import = 0Number of asset objects unloaded after import = 8

========================================================================
Received Import Request.
  Time since last request: 0.000030 seconds.
  path: Assets/SimplePoly City - Low Poly Assets/Prefab/Vehicles/Vehicle with Separated Wheels/Vehicle_SUV_color02_separate.prefab
  artifactKey: Guid(a7cd9ad30e9d4c146986aa1e6694b9e5) Importer(2089858483,192608db42251d675da83286b1cce702)
Start importing Assets/SimplePoly City - Low Poly Assets/Prefab/Vehicles/Vehicle with Separated Wheels/Vehicle_SUV_color02_separate.prefab using Guid(a7cd9ad30e9d4c146986aa1e6694b9e5) Importer(2089858483,192608db42251d675da83286b1cce702) (ScriptedImporter) -> (artifact id: '36799dea7a3e36597cf283588092b84d') in 0.006563 seconds
Number of updated asset objects reloaded before import = 0Number of asset objects unloaded after import = 29

========================================================================
Received Import Request.
  Time since last request: 0.000030 seconds.
  path: Assets/SimplePoly City - Low Poly Assets/Prefab/Vehicles/Vehicle with Separated Wheels/Vehicle_Container_color01_separate.prefab
  artifactKey: Guid(b836817eff26a034bbd13884590ce648) Importer(2089858483,192608db42251d675da83286b1cce702)
Start importing Assets/SimplePoly City - Low Poly Assets/Prefab/Vehicles/Vehicle with Separated Wheels/Vehicle_Container_color01_separate.prefab using Guid(b836817eff26a034bbd13884590ce648) Importer(2089858483,192608db42251d675da83286b1cce702) (ScriptedImporter) -> (artifact id: '66942ea65174c6530a6c4e6332c98002') in 0.006048938 seconds
Number of updated asset objects reloaded before import = 0Number of asset objects unloaded after import = 39

========================================================================
Received Import Request.
  Time since last request: 0.000043 seconds.
  path: Assets/SimplePoly City - Low Poly Assets/Prefab/Vehicles/Vehicle with Static Wheels/Vehicle_Taxi.prefab
  artifactKey: Guid(05aec82adc02f16409639716322b1673) Importer(2089858483,192608db42251d675da83286b1cce702)
Start importing Assets/SimplePoly City - Low Poly Assets/Prefab/Vehicles/Vehicle with Static Wheels/Vehicle_Taxi.prefab using Guid(05aec82adc02f16409639716322b1673) Importer(2089858483,192608db42251d675da83286b1cce702) (ScriptedImporter) -> (artifact id: 'a6d817afeb88d9e72138d29758cdc760') in 0.006706228 seconds
Number of updated asset objects reloaded before import = 0Number of asset objects unloaded after import = 8

========================================================================
Received Import Request.
  Time since last request: 0.000028 seconds.
  path: Assets/SimplePoly City - Low Poly Assets/Prefab/Vehicles/Vehicle with Separated Wheels/Vehicle_Truck_color01_separate.prefab
  artifactKey: Guid(636cb627739652c418fcc4f683a138b1) Importer(2089858483,192608db42251d675da83286b1cce702)
Start importing Assets/SimplePoly City - Low Poly Assets/Prefab/Vehicles/Vehicle with Separated Wheels/Vehicle_Truck_color01_separate.prefab using Guid(636cb627739652c418fcc4f683a138b1) Importer(2089858483,192608db42251d675da83286b1cce702) (ScriptedImporter) -> (artifact id: 'ec6a195a84108a4a391e65c49560a858') in 0.006633582 seconds
Number of updated asset objects reloaded before import = 0Number of asset objects unloaded after import = 39

========================================================================
Received Import Request.
  Time since last request: 0.000026 seconds.
  path: Assets/SimplePoly City - Low Poly Assets/Prefab/Vehicles/Vehicle with Separated Wheels/Vehicle_Pick up Truck_color01_separate.prefab
  artifactKey: Guid(fc2b2b65264c13f48a615fa7dbc2ef24) Importer(2089858483,192608db42251d675da83286b1cce702)
Start importing Assets/SimplePoly City - Low Poly Assets/Prefab/Vehicles/Vehicle with Separated Wheels/Vehicle_Pick up Truck_color01_separate.prefab using Guid(fc2b2b65264c13f48a615fa7dbc2ef24) Importer(2089858483,192608db42251d675da83286b1cce702) (ScriptedImporter) -> (artifact id: 'b824c856746423a680d2aee61c2c3ba3') in 0.007079938 seconds
Number of updated asset objects reloaded before import = 0Number of asset objects unloaded after import = 29

========================================================================
Received Import Request.
  Time since last request: 0.000027 seconds.
  path: Assets/SimplePoly City - Low Poly Assets/Prefab/Vehicles/Vehicle with Static Wheels/Vehicle_Car_color01.prefab
  artifactKey: Guid(a119eb0fa059db34bbaef286c1af1696) Importer(2089858483,192608db42251d675da83286b1cce702)
Start importing Assets/SimplePoly City - Low Poly Assets/Prefab/Vehicles/Vehicle with Static Wheels/Vehicle_Car_color01.prefab using Guid(a119eb0fa059db34bbaef286c1af1696) Importer(2089858483,192608db42251d675da83286b1cce702) (ScriptedImporter) -> (artifact id: '2cb3d18ea15245db82331daa67a31336') in 0.020154486 seconds
Number of updated asset objects reloaded before import = 0Number of asset objects unloaded after import = 8

========================================================================
Received Import Request.
  Time since last request: 0.000026 seconds.
  path: Assets/SimplePoly City - Low Poly Assets/Prefab/Vehicles/Vehicle with Static Wheels/Vehicle_Ambulance.prefab
  artifactKey: Guid(9b25e71fd5b7ac6469539d930c6dc2e6) Importer(2089858483,192608db42251d675da83286b1cce702)
Start importing Assets/SimplePoly City - Low Poly Assets/Prefab/Vehicles/Vehicle with Static Wheels/Vehicle_Ambulance.prefab using Guid(9b25e71fd5b7ac6469539d930c6dc2e6) Importer(2089858483,192608db42251d675da83286b1cce702) (ScriptedImporter) -> (artifact id: '4bd9c925a18d9bc1dc062f7bf538ebb4') in 0.007013008 seconds
Number of updated asset objects reloaded before import = 0Number of asset objects unloaded after import = 8

========================================================================
Received Import Request.
  Time since last request: 0.000028 seconds.
  path: Assets/SimplePoly City - Low Poly Assets/Prefab/Vehicles/Vehicle with Static Wheels/Vehicle_Bus_color01.prefab
  artifactKey: Guid(9500f0cdde0097a4aac35ced7c1935d7) Importer(2089858483,192608db42251d675da83286b1cce702)
Start importing Assets/SimplePoly City - Low Poly Assets/Prefab/Vehicles/Vehicle with Static Wheels/Vehicle_Bus_color01.prefab using Guid(9500f0cdde0097a4aac35ced7c1935d7) Importer(2089858483,192608db42251d675da83286b1cce702) (ScriptedImporter) -> (artifact id: 'a0bbad054b3735b0f3ec864de2d5d1fe') in 0.006866122 seconds
Number of updated asset objects reloaded before import = 0Number of asset objects unloaded after import = 8

========================================================================
Received Import Request.
  Time since last request: 0.000039 seconds.
  path: Assets/SimplePoly City - Low Poly Assets/Prefab/Vehicles/Vehicle with Static Wheels/Vehicle_Car_color02.prefab
  artifactKey: Guid(81835658bbd378143a0f525b8552f557) Importer(2089858483,192608db42251d675da83286b1cce702)
Start importing Assets/SimplePoly City - Low Poly Assets/Prefab/Vehicles/Vehicle with Static Wheels/Vehicle_Car_color02.prefab using Guid(81835658bbd378143a0f525b8552f557) Importer(2089858483,192608db42251d675da83286b1cce702) (ScriptedImporter) -> (artifact id: 'cc972b41f2817b511d5edc6f5bc7493e') in 0.00985999 seconds
Number of updated asset objects reloaded before import = 0Number of asset objects unloaded after import = 8

========================================================================
Received Import Request.
  Time since last request: 0.000025 seconds.
  path: Assets/SimplePoly City - Low Poly Assets/Prefab/Vehicles/Vehicle with Static Wheels/Vehicle_Container_color02.prefab
  artifactKey: Guid(6fa2aa0a1d56aba4a8884471618de9e4) Importer(2089858483,192608db42251d675da83286b1cce702)
Start importing Assets/SimplePoly City - Low Poly Assets/Prefab/Vehicles/Vehicle with Static Wheels/Vehicle_Container_color02.prefab using Guid(6fa2aa0a1d56aba4a8884471618de9e4) Importer(2089858483,192608db42251d675da83286b1cce702) (ScriptedImporter) -> (artifact id: '2cb42533438a00262215975ab9347b1a') in 0.008981242 seconds
Number of updated asset objects reloaded before import = 0Number of asset objects unloaded after import = 8

========================================================================
Received Import Request.
  Time since last request: 0.000036 seconds.
  path: Assets/SimplePoly City - Low Poly Assets/Prefab/Vehicles/Vehicle with Static Wheels/Vehicle_Truck_color02.prefab
  artifactKey: Guid(e218686c5655fad46a02ebfb004972ee) Importer(2089858483,192608db42251d675da83286b1cce702)
Start importing Assets/SimplePoly City - Low Poly Assets/Prefab/Vehicles/Vehicle with Static Wheels/Vehicle_Truck_color02.prefab using Guid(e218686c5655fad46a02ebfb004972ee) Importer(2089858483,192608db42251d675da83286b1cce702) (ScriptedImporter) -> (artifact id: '62c210e8d57a53af852d93e804989fd1') in 0.01041056 seconds
Number of updated asset objects reloaded before import = 0Number of asset objects unloaded after import = 8

========================================================================
Received Import Request.
  Time since last request: 0.000024 seconds.
  path: Assets/SimplePoly City - Low Poly Assets/Prefab/Vehicles/Vehicle with Separated Wheels/Vehicle_Container_color03_separate.prefab
  artifactKey: Guid(a8a6e2e210e71bc4ab5ba85122928ac8) Importer(2089858483,192608db42251d675da83286b1cce702)
Start importing Assets/SimplePoly City - Low Poly Assets/Prefab/Vehicles/Vehicle with Separated Wheels/Vehicle_Container_color03_separate.prefab using Guid(a8a6e2e210e71bc4ab5ba85122928ac8) Importer(2089858483,192608db42251d675da83286b1cce702) (ScriptedImporter) -> (artifact id: 'fb174063b64fa7102157d2f93d0b6294') in 0.006775726 seconds
Number of updated asset objects reloaded before import = 0Number of asset objects unloaded after import = 39

========================================================================
Received Import Request.
  Time since last request: 0.000027 seconds.
  path: Assets/Starter Assets/Runtime/FirstPersonController/Prefabs/PlayerFollowCamera.prefab
  artifactKey: Guid(9c489a8547f4d9e4387da15a4ff82c81) Importer(2089858483,192608db42251d675da83286b1cce702)
Start importing Assets/Starter Assets/Runtime/FirstPersonController/Prefabs/PlayerFollowCamera.prefab using Guid(9c489a8547f4d9e4387da15a4ff82c81) Importer(2089858483,192608db42251d675da83286b1cce702) (ScriptedImporter) -> (artifact id: 'aa450a55a5ad461dc60fb29d5eb45f24') in 0.022625698 seconds
Number of updated asset objects reloaded before import = 0Number of asset objects unloaded after import = 11

========================================================================
Received Import Request.
  Time since last request: 0.000033 seconds.
  path: Assets/Starter Assets/Sample/Environment/Prefabs/Tunnel_Prefab.prefab
  artifactKey: Guid(e5d7b87d422ee0f478ee09eb32e24f4e) Importer(2089858483,192608db42251d675da83286b1cce702)
Start importing Assets/Starter Assets/Sample/Environment/Prefabs/Tunnel_Prefab.prefab using Guid(e5d7b87d422ee0f478ee09eb32e24f4e) Importer(2089858483,192608db42251d675da83286b1cce702) (ScriptedImporter) -> (artifact id: '2782d69c76ea998318cfb4ff24cfead7') in 0.015299934 seconds
Number of updated asset objects reloaded before import = 0Number of asset objects unloaded after import = 11

========================================================================
Received Import Request.
  Time since last request: 0.000039 seconds.
  path: Assets/Starter Assets/Runtime/ThirdPersonController/Prefabs/MainCamera.prefab
  artifactKey: Guid(f6d148d888ffbf54b9afe9936dfaec1f) Importer(2089858483,192608db42251d675da83286b1cce702)
Start importing Assets/Starter Assets/Runtime/ThirdPersonController/Prefabs/MainCamera.prefab using Guid(f6d148d888ffbf54b9afe9936dfaec1f) Importer(2089858483,192608db42251d675da83286b1cce702) (ScriptedImporter) -> (artifact id: '14153c1e22bdc0e3417c69b5b6f05612') in 0.053313864 seconds
Number of updated asset objects reloaded before import = 0Number of asset objects unloaded after import = 8

========================================================================
Received Import Request.
  Time since last request: 0.000030 seconds.
  path: Assets/Starter Assets/Runtime/Mobile/UI/TouchScreenInputUI.uxml
  artifactKey: Guid(ccd45339dc8ff154fbbe578856089eaf) Importer(2089858483,192608db42251d675da83286b1cce702)
Start importing Assets/Starter Assets/Runtime/Mobile/UI/TouchScreenInputUI.uxml using Guid(ccd45339dc8ff154fbbe578856089eaf) Importer(2089858483,192608db42251d675da83286b1cce702) (ScriptedImporter) -> (artifact id: '2b7009e522788ef06a0f664c6db8be88') in 0.068566898 seconds
Number of updated asset objects reloaded before import = 0Number of asset objects unloaded after import = 9

========================================================================
Received Import Request.
  Time since last request: 0.000028 seconds.
  path: Assets/SimplePoly City - Low Poly Assets/Prefab/Vehicles/Vehicle with Static Wheels/Vehicle_Truck_color03.prefab
  artifactKey: Guid(993432d7809c9bf489a5a96006618fef) Importer(2089858483,192608db42251d675da83286b1cce702)
Start importing Assets/SimplePoly City - Low Poly Assets/Prefab/Vehicles/Vehicle with Static Wheels/Vehicle_Truck_color03.prefab using Guid(993432d7809c9bf489a5a96006618fef) Importer(2089858483,192608db42251d675da83286b1cce702) (ScriptedImporter) -> (artifact id: '5257ccb4c62e436da223a7c82d89c6c2') in 0.007669237 seconds
Number of updated asset objects reloaded before import = 0Number of asset objects unloaded after import = 8

========================================================================
Received Import Request.
  Time since last request: 0.000041 seconds.
  path: Assets/Starter Assets/Sample/Environment/RenderPipelineProfiles/StarterAssetsURPRenderer.asset
  artifactKey: Guid(14d1d515dbdfb4206ae3afd891bf975b) Importer(2089858483,192608db42251d675da83286b1cce702)
Start importing Assets/Starter Assets/Sample/Environment/RenderPipelineProfiles/StarterAssetsURPRenderer.asset using Guid(14d1d515dbdfb4206ae3afd891bf975b) Importer(2089858483,192608db42251d675da83286b1cce702) (ScriptedImporter) -> (artifact id: '187b809b25d21bf77c435d00e26d9277') in 0.007010104 seconds
Number of updated asset objects reloaded before import = 0Number of asset objects unloaded after import = 1

========================================================================
Received Import Request.
  Time since last request: 0.000050 seconds.
  path: Assets/Starter Assets/Runtime/ThirdPersonController/Prefabs/NestedParentCapsule_Unpack.prefab
  artifactKey: Guid(212907312655a4443a025a304442c17c) Importer(2089858483,192608db42251d675da83286b1cce702)
Start importing Assets/Starter Assets/Runtime/ThirdPersonController/Prefabs/NestedParentCapsule_Unpack.prefab using Guid(212907312655a4443a025a304442c17c) Importer(2089858483,192608db42251d675da83286b1cce702) (ScriptedImporter) -> (artifact id: '6d9cad6a773c4b983fdc0fa69d46eb44') in 0.02054303 seconds
Number of updated asset objects reloaded before import = 0Number of asset objects unloaded after import = 49

========================================================================
Received Import Request.
  Time since last request: 0.000027 seconds.
  path: Assets/Starter Assets/Sample/Environment/RenderPipelineProfiles/StarterAssetsURPAsset.asset
  artifactKey: Guid(f48f873ae78af40b9a7b8220a8c6f95f) Importer(2089858483,192608db42251d675da83286b1cce702)
Start importing Assets/Starter Assets/Sample/Environment/RenderPipelineProfiles/StarterAssetsURPAsset.asset using Guid(f48f873ae78af40b9a7b8220a8c6f95f) Importer(2089858483,192608db42251d675da83286b1cce702) (ScriptedImporter) -> (artifact id: '30c1fc2db161143ab01a37d9ef80ef6b') in 0.050966285 seconds
Number of updated asset objects reloaded before import = 0Number of asset objects unloaded after import = 2

========================================================================
Received Import Request.
  Time since last request: 0.000028 seconds.
  path: Assets/Starter Assets/Runtime/ThirdPersonController/Prefabs/PlayerCapsule.prefab
  artifactKey: Guid(2553cec8fdb3eb643bbe9f2ec880c472) Importer(2089858483,192608db42251d675da83286b1cce702)
Start importing Assets/Starter Assets/Runtime/ThirdPersonController/Prefabs/PlayerCapsule.prefab using Guid(2553cec8fdb3eb643bbe9f2ec880c472) Importer(2089858483,192608db42251d675da83286b1cce702) (ScriptedImporter) -> (artifact id: '53359803fe0c2023077ad9f9cbf5808d') in 0.044695965 seconds
Number of updated asset objects reloaded before import = 0Number of asset objects unloaded after import = 18

========================================================================
Received Import Request.
  Time since last request: 0.000026 seconds.
  path: Assets/Starter Assets/Sample/FirstPersonController/Playground/ReflectionProbe-2.exr
  artifactKey: Guid(c49ef192a57a5af42a728163b2468c8a) Importer(2089858483,192608db42251d675da83286b1cce702)
Start importing Assets/Starter Assets/Sample/FirstPersonController/Playground/ReflectionProbe-2.exr using Guid(c49ef192a57a5af42a728163b2468c8a) Importer(2089858483,192608db42251d675da83286b1cce702) (ScriptedImporter) -> (artifact id: 'b6fb6f9251ab03b78a837d36c9f5611b') in 0.01230814 seconds
Number of updated asset objects reloaded before import = 0Number of asset objects unloaded after import = 1

========================================================================
Received Import Request.
  Time since last request: 0.000043 seconds.
  path: Assets/TENKOKU - DYNAMIC SKY/_DEMO/TERRAIN/GROUND/tex_grnd_cliff.png
  artifactKey: Guid(f57d924043a260b45b652a9389005f1f) Importer(2089858483,192608db42251d675da83286b1cce702)
Start importing Assets/TENKOKU - DYNAMIC SKY/_DEMO/TERRAIN/GROUND/tex_grnd_cliff.png using Guid(f57d924043a260b45b652a9389005f1f) Importer(2089858483,192608db42251d675da83286b1cce702) (ScriptedImporter) -> (artifact id: 'd9983198331db1ead8f68d5363a12b9a') in 0.0153064 seconds
Number of updated asset objects reloaded before import = 0Number of asset objects unloaded after import = 1

========================================================================
Received Import Request.
  Time since last request: 0.000024 seconds.
  path: Assets/TENKOKU - DYNAMIC SKY/_DEMO/SCRIPTS/CONTROLLER/ten_demo_ControllerMaster.cs
  artifactKey: Guid(e8615c21bfc9c8d43868c36eac9ce5e6) Importer(2089858483,192608db42251d675da83286b1cce702)
Start importing Assets/TENKOKU - DYNAMIC SKY/_DEMO/SCRIPTS/CONTROLLER/ten_demo_ControllerMaster.cs using Guid(e8615c21bfc9c8d43868c36eac9ce5e6) Importer(2089858483,192608db42251d675da83286b1cce702) (ScriptedImporter) -> (artifact id: 'efdf4fb5eada882a23ea5ee4c4719b41') in 0.003003106 seconds
Number of updated asset objects reloaded before import = 0Number of asset objects unloaded after import = 0

========================================================================
Received Import Request.
  Time since last request: 0.000023 seconds.
  path: Assets/TENKOKU - DYNAMIC SKY/_DEMO/TERRAIN/GROUND/tex_grnd_cliff_n.png
  artifactKey: Guid(1852a9f77c7e1e54e81e24073fa51083) Importer(2089858483,192608db42251d675da83286b1cce702)
Start importing Assets/TENKOKU - DYNAMIC SKY/_DEMO/TERRAIN/GROUND/tex_grnd_cliff_n.png using Guid(1852a9f77c7e1e54e81e24073fa51083) Importer(2089858483,192608db42251d675da83286b1cce702) (ScriptedImporter) -> (artifact id: '923fba71d8f73dbb1505d9bf8a5f30c0') in 0.010949003 seconds
Number of updated asset objects reloaded before import = 0Number of asset objects unloaded after import = 1

========================================================================
Received Import Request.
  Time since last request: 0.000033 seconds.
  path: Assets/Tree_Packs/URP_Tree_Pack/Models/URP_Tree_1/URP_Tree_1_LOD_1.fbx
  artifactKey: Guid(fc8ec91f9ed53ab4b8302d063cc89ae6) Importer(2089858483,192608db42251d675da83286b1cce702)
Start importing Assets/Tree_Packs/URP_Tree_Pack/Models/URP_Tree_1/URP_Tree_1_LOD_1.fbx using Guid(fc8ec91f9ed53ab4b8302d063cc89ae6) Importer(2089858483,192608db42251d675da83286b1cce702) (ScriptedImporter) -> (artifact id: '7e67f8804163644f2451a8b460dc2ea3') in 0.015816067 seconds
Number of updated asset objects reloaded before import = 0Number of asset objects unloaded after import = 9

========================================================================
Received Import Request.
  Time since last request: 0.000028 seconds.
  path: Assets/Tree_Packs/URP_Tree_Pack/Textures/Global/501-free-hdri-skies-com.hdr
  artifactKey: Guid(0a5be2fdf196bca48b0ea83ffbf90357) Importer(2089858483,192608db42251d675da83286b1cce702)
Start importing Assets/Tree_Packs/URP_Tree_Pack/Textures/Global/501-free-hdri-skies-com.hdr using Guid(0a5be2fdf196bca48b0ea83ffbf90357) Importer(2089858483,192608db42251d675da83286b1cce702) (ScriptedImporter) -> (artifact id: 'c6a26e828cf1f8e87d82a5b2d44e086a') in 0.515442798 seconds
Number of updated asset objects reloaded before import = 0Number of asset objects unloaded after import = 1

========================================================================
Received Import Request.
  Time since last request: 0.000034 seconds.
  path: Assets/Tree_Packs/URP_Tree_Pack/Textures/Trunk/URP_3_Trunk.png
  artifactKey: Guid(40e021bcdeb33fe4686c63f05609328e) Importer(2089858483,192608db42251d675da83286b1cce702)
Start importing Assets/Tree_Packs/URP_Tree_Pack/Textures/Trunk/URP_3_Trunk.png using Guid(40e021bcdeb33fe4686c63f05609328e) Importer(2089858483,192608db42251d675da83286b1cce702) (ScriptedImporter) -> (artifact id: '5612d1c5e3a8a7c169139f0415607fe6') in 0.015012657 seconds
Number of updated asset objects reloaded before import = 0Number of asset objects unloaded after import = 1

========================================================================
Received Import Request.
  Time since last request: 0.000041 seconds.
  path: Assets/Starter Assets/Runtime/Mobile/UI/Images/UI_Icon_Move.png
  artifactKey: Guid(ff7bfa7addf40784d86f62b8e4a034a6) Importer(2089858483,192608db42251d675da83286b1cce702)
Start importing Assets/Starter Assets/Runtime/Mobile/UI/Images/UI_Icon_Move.png using Guid(ff7bfa7addf40784d86f62b8e4a034a6) Importer(2089858483,192608db42251d675da83286b1cce702) (ScriptedImporter) -> (artifact id: '1d62079ff45b5a2225f0c2ded4641d5d') in 0.023383361 seconds
Number of updated asset objects reloaded before import = 0Number of asset objects unloaded after import = 3

========================================================================
Received Import Request.
  Time since last request: 0.000021 seconds.
  path: Assets/Tree_Packs/URP_Tree_Pack/Textures/Leaf/URP_2_Leaf.png
  artifactKey: Guid(eff71e4f80e0e1f46ac9d63ca9a9993f) Importer(2089858483,192608db42251d675da83286b1cce702)
Start importing Assets/Tree_Packs/URP_Tree_Pack/Textures/Leaf/URP_2_Leaf.png using Guid(eff71e4f80e0e1f46ac9d63ca9a9993f) Importer(2089858483,192608db42251d675da83286b1cce702) (ScriptedImporter) -> (artifact id: '1b7c45b58bfbf561cf29aa551daf44a2') in 0.016738516 seconds
Number of updated asset objects reloaded before import = 0Number of asset objects unloaded after import = 1

========================================================================
Received Import Request.
  Time since last request: 0.000031 seconds.
  path: Assets/Starter Assets/Runtime/ThirdPersonController/Character/Animations/StarterAssetsThirdPerson.controller
  artifactKey: Guid(40db3173a05ae3242b1c182a09b0a183) Importer(2089858483,192608db42251d675da83286b1cce702)
Start importing Assets/Starter Assets/Runtime/ThirdPersonController/Character/Animations/StarterAssetsThirdPerson.controller using Guid(40db3173a05ae3242b1c182a09b0a183) Importer(2089858483,192608db42251d675da83286b1cce702) (ScriptedImporter) -> (artifact id: 'ca47546c41739829b2e032d567fe4887') in 0.021907426 seconds
Number of updated asset objects reloaded before import = 0Number of asset objects unloaded after import = 21

========================================================================
Received Import Request.
  Time since last request: 0.000027 seconds.
  path: Assets/Starter Assets/Runtime/ThirdPersonController/Character/Animations/Locomotion--Run_S.anim.fbx
  artifactKey: Guid(a073c604c44135e438eeeaef77058ac5) Importer(2089858483,192608db42251d675da83286b1cce702)
Start importing Assets/Starter Assets/Runtime/ThirdPersonController/Character/Animations/Locomotion--Run_S.anim.fbx using Guid(a073c604c44135e438eeeaef77058ac5) Importer(2089858483,192608db42251d675da83286b1cce702) (ScriptedImporter) -> (artifact id: '0de20f31cf36f041dee86ca260df9e60') in 0.022142463 seconds
Number of updated asset objects reloaded before import = 0Number of asset objects unloaded after import = 144

========================================================================
Received Import Request.
  Time since last request: 0.000030 seconds.
  path: Assets/Starter Assets/Sample/ThirdPersonController/Playground/LightingData.asset
  artifactKey: Guid(51e8050f26ab504469d218c927558c5e) Importer(2089858483,192608db42251d675da83286b1cce702)
Start importing Assets/Starter Assets/Sample/ThirdPersonController/Playground/LightingData.asset using Guid(51e8050f26ab504469d218c927558c5e) Importer(2089858483,192608db42251d675da83286b1cce702) (ScriptedImporter) -> (artifact id: '949dad7645a1b8b1ae5b6845d29f8dd5') in 0.005495567 seconds
Number of updated asset objects reloaded before import = 0Number of asset objects unloaded after import = 2

========================================================================
Received Import Request.
  Time since last request: 0.000034 seconds.
  path: Assets/Starter Assets/Runtime/Mobile/UI/Images/UI_Circle_Bevel_Base.png
  artifactKey: Guid(b74c31d447d2f5d41a61081bdf5e7126) Importer(2089858483,192608db42251d675da83286b1cce702)
Start importing Assets/Starter Assets/Runtime/Mobile/UI/Images/UI_Circle_Bevel_Base.png using Guid(b74c31d447d2f5d41a61081bdf5e7126) Importer(2089858483,192608db42251d675da83286b1cce702) (ScriptedImporter) -> (artifact id: 'c5e422ad5574a12b28f0309c7dc1293d') in 0.017781497 seconds
Number of updated asset objects reloaded before import = 0Number of asset objects unloaded after import = 3

========================================================================
Received Import Request.
  Time since last request: 0.000022 seconds.
  path: Assets/Tree_Packs/URP_Tree_Pack/Models/URP_Tree_2/URP_Tree_2_LOD_3.fbx
  artifactKey: Guid(f87f29b06ec5e694f8847aa35cb746e3) Importer(2089858483,192608db42251d675da83286b1cce702)
Start importing Assets/Tree_Packs/URP_Tree_Pack/Models/URP_Tree_2/URP_Tree_2_LOD_3.fbx using Guid(f87f29b06ec5e694f8847aa35cb746e3) Importer(2089858483,192608db42251d675da83286b1cce702) (ScriptedImporter) -> (artifact id: '37253c8d24d45d8fcc729029c3514384') in 0.014561322 seconds
Number of updated asset objects reloaded before import = 0Number of asset objects unloaded after import = 9

========================================================================
Received Import Request.
  Time since last request: 0.000026 seconds.
  path: Assets/Starter Assets/Runtime/ThirdPersonController/Character/Materials/M_Armature_Legs.mat
  artifactKey: Guid(8b25e99361ac31d4e9ae83c46aee69ea) Importer(2089858483,192608db42251d675da83286b1cce702)
Start importing Assets/Starter Assets/Runtime/ThirdPersonController/Character/Materials/M_Armature_Legs.mat using Guid(8b25e99361ac31d4e9ae83c46aee69ea) Importer(2089858483,192608db42251d675da83286b1cce702) (ScriptedImporter) -> (artifact id: '517119d5cc17a0fb509432502fda40cc') in 0.017788676 seconds
Number of updated asset objects reloaded before import = 0Number of asset objects unloaded after import = 4

========================================================================
Received Import Request.
  Time since last request: 0.000029 seconds.
  path: Assets/Starter Assets/Runtime/ThirdPersonController/Character/Textures/Armature_Arms_AlbedoTransparency.tif
  artifactKey: Guid(c6dc62700fa06274b9608a9fce8ed21b) Importer(2089858483,192608db42251d675da83286b1cce702)
Start importing Assets/Starter Assets/Runtime/ThirdPersonController/Character/Textures/Armature_Arms_AlbedoTransparency.tif using Guid(c6dc62700fa06274b9608a9fce8ed21b) Importer(2089858483,192608db42251d675da83286b1cce702) (ScriptedImporter) -> (artifact id: 'bd34bbed77ac06a298faf4aaba575467') in 0.011995689 seconds
Number of updated asset objects reloaded before import = 0Number of asset objects unloaded after import = 1

========================================================================
Received Import Request.
  Time since last request: 0.000023 seconds.
  path: Assets/Starter Assets/Runtime/ThirdPersonController/Character/Textures/Armature_Body_RGB.tif
  artifactKey: Guid(a95378e0fd5828442a6ed903fb3b0bf7) Importer(2089858483,192608db42251d675da83286b1cce702)
Start importing Assets/Starter Assets/Runtime/ThirdPersonController/Character/Textures/Armature_Body_RGB.tif using Guid(a95378e0fd5828442a6ed903fb3b0bf7) Importer(2089858483,192608db42251d675da83286b1cce702) (ScriptedImporter) -> (artifact id: '61073db15858cfaa609ea7c18e434520') in 0.026797543 seconds
Number of updated asset objects reloaded before import = 0Number of asset objects unloaded after import = 1

========================================================================
Received Import Request.
  Time since last request: 0.000036 seconds.
  path: Assets/Starter Assets/Runtime/ThirdPersonController/Character/Materials/M_Armature_Arms.mat
  artifactKey: Guid(766fd3ff04aab4745a764d33daac86fa) Importer(2089858483,192608db42251d675da83286b1cce702)
Start importing Assets/Starter Assets/Runtime/ThirdPersonController/Character/Materials/M_Armature_Arms.mat using Guid(766fd3ff04aab4745a764d33daac86fa) Importer(2089858483,192608db42251d675da83286b1cce702) (ScriptedImporter) -> (artifact id: '876bf31d332645d1067f081d3b0a1992') in 0.019674825 seconds
Number of updated asset objects reloaded before import = 0Number of asset objects unloaded after import = 4

========================================================================
Received Import Request.
  Time since last request: 0.000044 seconds.
  path: Assets/Starter Assets/Sample/Environment/Art/Materials/GridOrange_01_Mat.mat
  artifactKey: Guid(7ab977a21c92388468ee65ad1c0e5a78) Importer(2089858483,192608db42251d675da83286b1cce702)
Start importing Assets/Starter Assets/Sample/Environment/Art/Materials/GridOrange_01_Mat.mat using Guid(7ab977a21c92388468ee65ad1c0e5a78) Importer(2089858483,192608db42251d675da83286b1cce702) (ScriptedImporter) -> (artifact id: 'a7598b47a1799c71fd9d6313d1dc25e4') in 0.011079892 seconds
Number of updated asset objects reloaded before import = 0Number of asset objects unloaded after import = 4

========================================================================
Received Import Request.
  Time since last request: 0.000022 seconds.
  path: Assets/Starter Assets/Runtime/ThirdPersonController/Character/Textures/Armature_Legs_Normal.tif
  artifactKey: Guid(b2c5d9c39850da946ae135dcb57faaea) Importer(2089858483,192608db42251d675da83286b1cce702)
Start importing Assets/Starter Assets/Runtime/ThirdPersonController/Character/Textures/Armature_Legs_Normal.tif using Guid(b2c5d9c39850da946ae135dcb57faaea) Importer(2089858483,192608db42251d675da83286b1cce702) (ScriptedImporter) -> (artifact id: '031c04767c564898fe4276af293aa58e') in 0.011551025 seconds
Number of updated asset objects reloaded before import = 0Number of asset objects unloaded after import = 1

========================================================================
Received Import Request.
  Time since last request: 0.000022 seconds.
  path: Assets/Starter Assets/Sample/Environment/Art/Models/Box_350x250x300_Mesh.fbx
  artifactKey: Guid(d2f0da3998423f44594868ffed55c3e6) Importer(2089858483,192608db42251d675da83286b1cce702)
Start importing Assets/Starter Assets/Sample/Environment/Art/Models/Box_350x250x300_Mesh.fbx using Guid(d2f0da3998423f44594868ffed55c3e6) Importer(2089858483,192608db42251d675da83286b1cce702) (ScriptedImporter) -> (artifact id: 'a73697f89434d48cd6da9f0db895d6ae') in 0.012023924 seconds
Number of updated asset objects reloaded before import = 0Number of asset objects unloaded after import = 8

========================================================================
Received Import Request.
  Time since last request: 0.000023 seconds.
  path: Assets/Starter Assets/Runtime/ThirdPersonController/Character/Textures/Armature_Arms_RGB.tif
  artifactKey: Guid(9b46b2c2f21deb843b7ac9242d5f13e6) Importer(2089858483,192608db42251d675da83286b1cce702)
Start importing Assets/Starter Assets/Runtime/ThirdPersonController/Character/Textures/Armature_Arms_RGB.tif using Guid(9b46b2c2f21deb843b7ac9242d5f13e6) Importer(2089858483,192608db42251d675da83286b1cce702) (ScriptedImporter) -> (artifact id: 'fb5c7fd7bc3c977d1d2d2d90c4b8fd67') in 0.01418616 seconds
Number of updated asset objects reloaded before import = 0Number of asset objects unloaded after import = 1

========================================================================
Received Import Request.
  Time since last request: 0.000023 seconds.
  path: Assets/Starter Assets/Sample/Environment/Art/Materials/GreyBlue_Mat.mat
  artifactKey: Guid(6b911390c5825014e8377183a7837d3f) Importer(2089858483,192608db42251d675da83286b1cce702)
Start importing Assets/Starter Assets/Sample/Environment/Art/Materials/GreyBlue_Mat.mat using Guid(6b911390c5825014e8377183a7837d3f) Importer(2089858483,192608db42251d675da83286b1cce702) (ScriptedImporter) -> (artifact id: '262d278392f4537d2588ea3de917a7ac') in 0.00468712 seconds
Number of updated asset objects reloaded before import = 0Number of asset objects unloaded after import = 1

========================================================================
Received Import Request.
  Time since last request: 0.000022 seconds.
  path: Assets/Starter Assets/Runtime/ThirdPersonController/Character/Animations/Locomotion--Run_N_Land.anim.fbx
  artifactKey: Guid(3c033631149b9c541bcf155cd94cccba) Importer(2089858483,192608db42251d675da83286b1cce702)
Start importing Assets/Starter Assets/Runtime/ThirdPersonController/Character/Animations/Locomotion--Run_N_Land.anim.fbx using Guid(3c033631149b9c541bcf155cd94cccba) Importer(2089858483,192608db42251d675da83286b1cce702) (ScriptedImporter) -> (artifact id: '3ab7117589704eacf3d911a8c389c161') in 0.013214228 seconds
Number of updated asset objects reloaded before import = 0Number of asset objects unloaded after import = 144

========================================================================
Received Import Request.
  Time since last request: 0.000036 seconds.
  path: Assets/Dnk_Dev/Brick_Fence/Models/SM_Brick_Fence_03.obj
  artifactKey: Guid(93f8f90b2b57c3f4980bafa841d4f8f1) Importer(2089858483,192608db42251d675da83286b1cce702)
Start importing Assets/Dnk_Dev/Brick_Fence/Models/SM_Brick_Fence_03.obj using Guid(93f8f90b2b57c3f4980bafa841d4f8f1) Importer(2089858483,192608db42251d675da83286b1cce702) (ScriptedImporter) -> (artifact id: '351d6ab04e4a1c5fe84aeef32d25b3a2') in 0.012036232 seconds
Number of updated asset objects reloaded before import = 0Number of asset objects unloaded after import = 9

========================================================================
Received Import Request.
  Time since last request: 0.000039 seconds.
  path: Assets/SimplePoly City - Low Poly Assets/Prefab/Props/Props_Traffic Sign_speed limit.prefab
  artifactKey: Guid(6ade71c5c1c1d014895f70f40ed67ed5) Importer(2089858483,192608db42251d675da83286b1cce702)
Start importing Assets/SimplePoly City - Low Poly Assets/Prefab/Props/Props_Traffic Sign_speed limit.prefab using Guid(6ade71c5c1c1d014895f70f40ed67ed5) Importer(2089858483,192608db42251d675da83286b1cce702) (ScriptedImporter) -> (artifact id: '3d351270cff9462a3e239ea86754d99a') in 0.01283257 seconds
Number of updated asset objects reloaded before import = 0Number of asset objects unloaded after import = 8

========================================================================
Received Import Request.
  Time since last request: 0.000024 seconds.
  path: Assets/TENKOKU - DYNAMIC SKY/SHADERS/Tenkoku_sky_legacy.shader
  artifactKey: Guid(47e42fe5492cba54b983609f5be3f4d0) Importer(2089858483,192608db42251d675da83286b1cce702)
Start importing Assets/TENKOKU - DYNAMIC SKY/SHADERS/Tenkoku_sky_legacy.shader using Guid(47e42fe5492cba54b983609f5be3f4d0) Importer(2089858483,192608db42251d675da83286b1cce702) (ScriptedImporter) -> (artifact id: '8e3114ee175bdcd108bf7652ef06506f') in 0.003746272 seconds
Number of updated asset objects reloaded before import = 0Number of asset objects unloaded after import = 1

========================================================================
Received Import Request.
  Time since last request: 0.000024 seconds.
  path: Assets/SimplePoly City - Low Poly Assets/Prefab/Roads/Road Sidewalk.prefab
  artifactKey: Guid(3181f15579d1b0c46872c9980226268b) Importer(2089858483,192608db42251d675da83286b1cce702)
Start importing Assets/SimplePoly City - Low Poly Assets/Prefab/Roads/Road Sidewalk.prefab using Guid(3181f15579d1b0c46872c9980226268b) Importer(2089858483,192608db42251d675da83286b1cce702) (ScriptedImporter) -> (artifact id: '87e9bb94b9c5d798cd9212f4520281b6') in 0.007058911 seconds
Number of updated asset objects reloaded before import = 0Number of asset objects unloaded after import = 8

========================================================================
Received Import Request.
  Time since last request: 0.000021 seconds.
  path: Assets/SimplePoly City - Low Poly Assets/Prefab/Natures/Natures_Grass Tile Small.prefab
  artifactKey: Guid(1b0084fb56aeb6e4e90f88a0def84cf0) Importer(2089858483,192608db42251d675da83286b1cce702)
Start importing Assets/SimplePoly City - Low Poly Assets/Prefab/Natures/Natures_Grass Tile Small.prefab using Guid(1b0084fb56aeb6e4e90f88a0def84cf0) Importer(2089858483,192608db42251d675da83286b1cce702) (ScriptedImporter) -> (artifact id: '8dbe7f952623ea516fc4b917e81f7c1b') in 0.007064801 seconds
Number of updated asset objects reloaded before import = 0Number of asset objects unloaded after import = 8

========================================================================
Received Import Request.
  Time since last request: 0.000023 seconds.
  path: Assets/Dnk_Dev/Brick_Fence/Textures/T_Brick_BigGate_03.TGA
  artifactKey: Guid(53fc560662499db4c985c33cc1d72945) Importer(2089858483,192608db42251d675da83286b1cce702)
Start importing Assets/Dnk_Dev/Brick_Fence/Textures/T_Brick_BigGate_03.TGA using Guid(53fc560662499db4c985c33cc1d72945) Importer(2089858483,192608db42251d675da83286b1cce702) (ScriptedImporter) -> (artifact id: '9b39e3c03580c610a68ac7717233002f') in 0.010931598 seconds
Number of updated asset objects reloaded before import = 0Number of asset objects unloaded after import = 1

========================================================================
Received Import Request.
  Time since last request: 0.000030 seconds.
  path: Assets/Tree_Packs/URP_Tree_Pack/Models/URP_Tree_2/Materials/Leaf.mat
  artifactKey: Guid(7b70eedbfdda69340a0654a023bbfa72) Importer(2089858483,192608db42251d675da83286b1cce702)
Start importing Assets/Tree_Packs/URP_Tree_Pack/Models/URP_Tree_2/Materials/Leaf.mat using Guid(7b70eedbfdda69340a0654a023bbfa72) Importer(2089858483,192608db42251d675da83286b1cce702) (ScriptedImporter) -> (artifact id: '1c667010218c4ac85220ff288c7174bc') in 0.005795611 seconds
Number of updated asset objects reloaded before import = 0Number of asset objects unloaded after import = 2

========================================================================
Received Import Request.
  Time since last request: 0.000028 seconds.
  path: Assets/Starter Assets/Runtime/ThirdPersonController/Character/Materials/Built-in_RP/M_ArmatureColor_Body.mat
  artifactKey: Guid(9564d3bbc73fcb64792156cb4e2758a4) Importer(2089858483,192608db42251d675da83286b1cce702)
Start importing Assets/Starter Assets/Runtime/ThirdPersonController/Character/Materials/Built-in_RP/M_ArmatureColor_Body.mat using Guid(9564d3bbc73fcb64792156cb4e2758a4) Importer(2089858483,192608db42251d675da83286b1cce702) (ScriptedImporter) -> (artifact id: '34cbce891bf609aa207fee5f7728c40f') in 0.061098488 seconds
Number of updated asset objects reloaded before import = 0Number of asset objects unloaded after import = 5

========================================================================
Received Import Request.
  Time since last request: 0.000037 seconds.
  path: Assets/Starter Assets/Sample/Environment/Art/Textures/Grid_01_BaseMap.png
  artifactKey: Guid(d1118dda59970a2449ee890fa247c4c5) Importer(2089858483,192608db42251d675da83286b1cce702)
Start importing Assets/Starter Assets/Sample/Environment/Art/Textures/Grid_01_BaseMap.png using Guid(d1118dda59970a2449ee890fa247c4c5) Importer(2089858483,192608db42251d675da83286b1cce702) (ScriptedImporter) -> (artifact id: '9393be96712a15122dc1ecad37e65819') in 0.010403578 seconds
Number of updated asset objects reloaded before import = 0Number of asset objects unloaded after import = 1

========================================================================
Received Import Request.
  Time since last request: 0.000026 seconds.
  path: Assets/Starter Assets/Sample/Environment/Art/Materials/Built-in_RP/BuiltInTriplanar_01_Mat.mat
  artifactKey: Guid(3300a5c4710bac244815734e484b3b90) Importer(2089858483,192608db42251d675da83286b1cce702)
Start importing Assets/Starter Assets/Sample/Environment/Art/Materials/Built-in_RP/BuiltInTriplanar_01_Mat.mat using Guid(3300a5c4710bac244815734e484b3b90) Importer(2089858483,192608db42251d675da83286b1cce702) (ScriptedImporter) -> (artifact id: '8efe3be5c5425d89ae0165067bfa9628') in 0.013369611 seconds
Number of updated asset objects reloaded before import = 0Number of asset objects unloaded after import = 3

========================================================================
Received Import Request.
  Time since last request: 0.000034 seconds.
  path: Assets/Starter Assets/Sample/Environment/Art/Models/Tunnel_Mesh.fbx
  artifactKey: Guid(f712806514868e54699156ec05dcb749) Importer(2089858483,192608db42251d675da83286b1cce702)
Start importing Assets/Starter Assets/Sample/Environment/Art/Models/Tunnel_Mesh.fbx using Guid(f712806514868e54699156ec05dcb749) Importer(2089858483,192608db42251d675da83286b1cce702) (ScriptedImporter) -> (artifact id: '688d9cef9aa15fb0c726eced4e673da1') in 0.020908827 seconds
Number of updated asset objects reloaded before import = 0Number of asset objects unloaded after import = 8

========================================================================
Received Import Request.
  Time since last request: 0.000034 seconds.
  path: Assets/Tree_Packs/URP_Tree_Pack/Models/URP_Tree_3/Materials/Leaf.mat
  artifactKey: Guid(6a3720bc3012dca4fbea486b3c6854dd) Importer(2089858483,192608db42251d675da83286b1cce702)
Start importing Assets/Tree_Packs/URP_Tree_Pack/Models/URP_Tree_3/Materials/Leaf.mat using Guid(6a3720bc3012dca4fbea486b3c6854dd) Importer(2089858483,192608db42251d675da83286b1cce702) (ScriptedImporter) -> (artifact id: 'ab4600b133edf6e38e42e662a597b733') in 0.007868103 seconds
Number of updated asset objects reloaded before import = 0Number of asset objects unloaded after import = 2

========================================================================
Received Import Request.
  Time since last request: 0.000034 seconds.
  path: Assets/Tree_Packs/URP_Tree_Pack/Models/URP_Tree_1/Materials/Leaf.mat
  artifactKey: Guid(ceb4d366f02dab3489e36a95ffb3e9e4) Importer(2089858483,192608db42251d675da83286b1cce702)
Start importing Assets/Tree_Packs/URP_Tree_Pack/Models/URP_Tree_1/Materials/Leaf.mat using Guid(ceb4d366f02dab3489e36a95ffb3e9e4) Importer(2089858483,192608db42251d675da83286b1cce702) (ScriptedImporter) -> (artifact id: '29b82206240e3ded501e8c0385fed96d') in 0.011155062 seconds
Number of updated asset objects reloaded before import = 0Number of asset objects unloaded after import = 2

========================================================================
Received Import Request.
  Time since last request: 0.000037 seconds.
  path: Assets/Starter Assets/Sample/Environment/Art/Models/Ramp_Mesh.fbx
  artifactKey: Guid(426a2785f8a940049aac2c246661cf09) Importer(2089858483,192608db42251d675da83286b1cce702)
Start importing Assets/Starter Assets/Sample/Environment/Art/Models/Ramp_Mesh.fbx using Guid(426a2785f8a940049aac2c246661cf09) Importer(2089858483,192608db42251d675da83286b1cce702) (ScriptedImporter) -> (artifact id: '6911a3c6af1d6bb0c92dd6455e0cc242') in 0.012371343 seconds
Number of updated asset objects reloaded before import = 0Number of asset objects unloaded after import = 8

========================================================================
Received Import Request.
  Time since last request: 0.000023 seconds.
  path: Assets/Starter Assets/Sample/Environment/Shaders/Built-in_RP/Triplanar.shader
  artifactKey: Guid(e61aeb7487ccb5e4fb6d45036e33fb7b) Importer(2089858483,192608db42251d675da83286b1cce702)
Start importing Assets/Starter Assets/Sample/Environment/Shaders/Built-in_RP/Triplanar.shader using Guid(e61aeb7487ccb5e4fb6d45036e33fb7b) Importer(2089858483,192608db42251d675da83286b1cce702) (ScriptedImporter) -> (artifact id: '569a71ede6b96622950950e6c5ea2473') in 0.004172868 seconds
Number of updated asset objects reloaded before import = 0Number of asset objects unloaded after import = 1

========================================================================
Received Import Request.
  Time since last request: 0.000025 seconds.
  path: Assets/Starter Assets/Sample/Environment/Art/Textures/Grid_02_BaseMap.png
  artifactKey: Guid(d9c0dd5cdac07b145be73329e489869a) Importer(2089858483,192608db42251d675da83286b1cce702)
Start importing Assets/Starter Assets/Sample/Environment/Art/Textures/Grid_02_BaseMap.png using Guid(d9c0dd5cdac07b145be73329e489869a) Importer(2089858483,192608db42251d675da83286b1cce702) (ScriptedImporter) -> (artifact id: '94053812a42d3827660de642f4f561d9') in 0.009469065 seconds
Number of updated asset objects reloaded before import = 0Number of asset objects unloaded after import = 1

========================================================================
Received Import Request.
  Time since last request: 0.000025 seconds.
  path: Assets/Starter Assets/Sample/Environment/Shaders/Built-in_RP/ArmatureShader.shader
  artifactKey: Guid(6d99c6e0a8f8bf44bb8bcb6e5a056d01) Importer(2089858483,192608db42251d675da83286b1cce702)
Start importing Assets/Starter Assets/Sample/Environment/Shaders/Built-in_RP/ArmatureShader.shader using Guid(6d99c6e0a8f8bf44bb8bcb6e5a056d01) Importer(2089858483,192608db42251d675da83286b1cce702) (ScriptedImporter) -> (artifact id: 'd7aa5837c58c8592b666d0dde8043657') in 0.004173895 seconds
Number of updated asset objects reloaded before import = 0Number of asset objects unloaded after import = 1

========================================================================
Received Import Request.
  Time since last request: 0.000025 seconds.
  path: Assets/Starter Assets/Sample/Environment/Art/Models/Stairs_650_400_300_Mesh.fbx
  artifactKey: Guid(7e0223e1d3e1733499accfa5ebffb67e) Importer(2089858483,192608db42251d675da83286b1cce702)
Start importing Assets/Starter Assets/Sample/Environment/Art/Models/Stairs_650_400_300_Mesh.fbx using Guid(7e0223e1d3e1733499accfa5ebffb67e) Importer(2089858483,192608db42251d675da83286b1cce702) (ScriptedImporter) -> (artifact id: '5ea1a378264d428514485527ecec4204') in 0.015169328 seconds
Number of updated asset objects reloaded before import = 0Number of asset objects unloaded after import = 16

========================================================================
Received Import Request.
  Time since last request: 0.000024 seconds.
  path: Assets/Starter Assets/Runtime/Settings/High_PipelineAsset_ForwardRenderer.asset
  artifactKey: Guid(3845c0ed313b24e138f25ec5f2faacf0) Importer(2089858483,192608db42251d675da83286b1cce702)
Start importing Assets/Starter Assets/Runtime/Settings/High_PipelineAsset_ForwardRenderer.asset using Guid(3845c0ed313b24e138f25ec5f2faacf0) Importer(2089858483,192608db42251d675da83286b1cce702) (ScriptedImporter) -> (artifact id: '54029806f2b2fd650f4b3a78a5a624ee') in 0.006576269 seconds
Number of updated asset objects reloaded before import = 0Number of asset objects unloaded after import = 1

========================================================================
Received Import Request.
  Time since last request: 0.000029 seconds.
  path: Assets/Tree_Packs/URP_Tree_Pack/Models/URP_Tree_2/URP_Tree_2_LOD_1.fbx
  artifactKey: Guid(423b693f7a3fb7b47827a61a7ad4d009) Importer(2089858483,192608db42251d675da83286b1cce702)
Start importing Assets/Tree_Packs/URP_Tree_Pack/Models/URP_Tree_2/URP_Tree_2_LOD_1.fbx using Guid(423b693f7a3fb7b47827a61a7ad4d009) Importer(2089858483,192608db42251d675da83286b1cce702) (ScriptedImporter) -> (artifact id: 'c999a82006e9e1e3284d253dfc0bf7e4') in 0.014574417 seconds
Number of updated asset objects reloaded before import = 0Number of asset objects unloaded after import = 9

========================================================================
Received Import Request.
  Time since last request: 0.000034 seconds.
  path: Assets/TENKOKU - DYNAMIC SKY/EFFECTS/Textures/tex_fxRainSplash.psd
  artifactKey: Guid(3aaa6c36f31e2b54aae2b4fd2831c3a5) Importer(2089858483,192608db42251d675da83286b1cce702)
Start importing Assets/TENKOKU - DYNAMIC SKY/EFFECTS/Textures/tex_fxRainSplash.psd using Guid(3aaa6c36f31e2b54aae2b4fd2831c3a5) Importer(2089858483,192608db42251d675da83286b1cce702) (ScriptedImporter) -> (artifact id: '278aa71fc502e7ab0bb9138140d122c8') in 0.015083161 seconds
Number of updated asset objects reloaded before import = 0Number of asset objects unloaded after import = 1

========================================================================
Received Import Request.
  Time since last request: 0.000023 seconds.
  path: Assets/TENKOKU - DYNAMIC SKY/SCRIPTS/Tenkoku_VelocityBuffer.cs
  artifactKey: Guid(5a0ad0f8ed7c9e0449b47628282cba10) Importer(2089858483,192608db42251d675da83286b1cce702)
Start importing Assets/TENKOKU - DYNAMIC SKY/SCRIPTS/Tenkoku_VelocityBuffer.cs using Guid(5a0ad0f8ed7c9e0449b47628282cba10) Importer(2089858483,192608db42251d675da83286b1cce702) (ScriptedImporter) -> (artifact id: 'c201eb229ff7c1acf58e077ebe0030a8') in 0.005262115 seconds
Number of updated asset objects reloaded before import = 0Number of asset objects unloaded after import = 0

========================================================================
Received Import Request.
  Time since last request: 0.000029 seconds.
  path: Assets/Starter Assets/Editor/ThirdPersonStarterAssetsDeployMenu.cs
  artifactKey: Guid(b70f45aa92a641feb261c5d55ce46edf) Importer(2089858483,192608db42251d675da83286b1cce702)
Start importing Assets/Starter Assets/Editor/ThirdPersonStarterAssetsDeployMenu.cs using Guid(b70f45aa92a641feb261c5d55ce46edf) Importer(2089858483,192608db42251d675da83286b1cce702) (ScriptedImporter) -> (artifact id: '0c20edd22f435d060025227ef695f72d') in 0.004350844 seconds
Number of updated asset objects reloaded before import = 0Number of asset objects unloaded after import = 0

========================================================================
Received Import Request.
  Time since last request: 0.000023 seconds.
  path: Assets/Starter Assets/TutorialInfo/Readme.asset
  artifactKey: Guid(4181bfe715a83e843b7538d750dc57cc) Importer(2089858483,192608db42251d675da83286b1cce702)
Start importing Assets/Starter Assets/TutorialInfo/Readme.asset using Guid(4181bfe715a83e843b7538d750dc57cc) Importer(2089858483,192608db42251d675da83286b1cce702) (ScriptedImporter) -> (artifact id: 'b4a8ea0c0ebb293e36386db96ba7ef8a') in 0.006689006 seconds
Number of updated asset objects reloaded before import = 0Number of asset objects unloaded after import = 2

========================================================================
Received Import Request.
  Time since last request: 0.000023 seconds.
  path: Assets/SimplePoly City - Low Poly Assets/Prefab/Natures/Natures_Fir Tree.prefab
  artifactKey: Guid(2509cc5763ca17f4598bf61fd585a93e) Importer(2089858483,192608db42251d675da83286b1cce702)
Start importing Assets/SimplePoly City - Low Poly Assets/Prefab/Natures/Natures_Fir Tree.prefab using Guid(2509cc5763ca17f4598bf61fd585a93e) Importer(2089858483,192608db42251d675da83286b1cce702) (ScriptedImporter) -> (artifact id: '204ec09e8ee1eb1907b5703dcbb1d1bd') in 0.011908102 seconds
Number of updated asset objects reloaded before import = 0Number of asset objects unloaded after import = 8

========================================================================
Received Import Request.
  Time since last request: 0.000023 seconds.
  path: Assets/Starter Assets/Runtime/Mobile/Scripts/TouchscreenInput.cs
  artifactKey: Guid(6d7e4e4868ed5df4b928c22423c690a0) Importer(2089858483,192608db42251d675da83286b1cce702)
Start importing Assets/Starter Assets/Runtime/Mobile/Scripts/TouchscreenInput.cs using Guid(6d7e4e4868ed5df4b928c22423c690a0) Importer(2089858483,192608db42251d675da83286b1cce702) (ScriptedImporter) -> (artifact id: 'cbdb3ed10b2699ee3fded98b6bd4f885') in 0.007143512 seconds
Number of updated asset objects reloaded before import = 0Number of asset objects unloaded after import = 0

========================================================================
Received Import Request.
  Time since last request: 0.000056 seconds.
  path: Assets/SimplePoly City - Low Poly Assets/Materials/Building_House_03_color02.mat
  artifactKey: Guid(759ae00b1dd8b674794d18b46f674c55) Importer(2089858483,192608db42251d675da83286b1cce702)
Start importing Assets/SimplePoly City - Low Poly Assets/Materials/Building_House_03_color02.mat using Guid(759ae00b1dd8b674794d18b46f674c55) Importer(2089858483,192608db42251d675da83286b1cce702) (ScriptedImporter) -> (artifact id: '850b54c5d412ec9542bd768d64743d7d') in 0.005337328 seconds
Number of updated asset objects reloaded before import = 0Number of asset objects unloaded after import = 3

========================================================================
Received Import Request.
  Time since last request: 0.000036 seconds.
  path: Assets/SimplePoly City - Low Poly Assets/Prefab/Buildings/Building Sky_small_color02.prefab
  artifactKey: Guid(cc0981408e7c8db4f9f80a57938fd5e3) Importer(2089858483,192608db42251d675da83286b1cce702)
Start importing Assets/SimplePoly City - Low Poly Assets/Prefab/Buildings/Building Sky_small_color02.prefab using Guid(cc0981408e7c8db4f9f80a57938fd5e3) Importer(2089858483,192608db42251d675da83286b1cce702) (ScriptedImporter) -> (artifact id: '1e1d343c1258475ebc25e2b4c70ba526') in 0.007895336 seconds
Number of updated asset objects reloaded before import = 0Number of asset objects unloaded after import = 8

========================================================================
Received Import Request.
  Time since last request: 0.000020 seconds.
  path: Assets/SimplePoly City - Low Poly Assets/Models/Props_Roof_prop.fbx
  artifactKey: Guid(46c5f3202ef79174c9c96903bbae627a) Importer(2089858483,192608db42251d675da83286b1cce702)
Start importing Assets/SimplePoly City - Low Poly Assets/Models/Props_Roof_prop.fbx using Guid(46c5f3202ef79174c9c96903bbae627a) Importer(2089858483,192608db42251d675da83286b1cce702) (ScriptedImporter) -> (artifact id: 'c8250a004a4913881f51bfdcadce6448') in 0.012959948 seconds
Number of updated asset objects reloaded before import = 0Number of asset objects unloaded after import = 9

========================================================================
Received Import Request.
  Time since last request: 0.000024 seconds.
  path: Assets/Dnk_Dev/Brick_Fence/Textures/T_Brick_Fence_02B.TGA
  artifactKey: Guid(10ed0014f0bba5c42b5dfde630c634a9) Importer(2089858483,192608db42251d675da83286b1cce702)
Start importing Assets/Dnk_Dev/Brick_Fence/Textures/T_Brick_Fence_02B.TGA using Guid(10ed0014f0bba5c42b5dfde630c634a9) Importer(2089858483,192608db42251d675da83286b1cce702) (ScriptedImporter) -> (artifact id: '378524813a225970893e65d6a4203267') in 0.012690839 seconds
Number of updated asset objects reloaded before import = 0Number of asset objects unloaded after import = 1

========================================================================
Received Import Request.
  Time since last request: 0.000027 seconds.
  path: Assets/Materials/windows color.mat
  artifactKey: Guid(4fe0d6341a8f2364ba3bfad53761c912) Importer(2089858483,192608db42251d675da83286b1cce702)
Start importing Assets/Materials/windows color.mat using Guid(4fe0d6341a8f2364ba3bfad53761c912) Importer(2089858483,192608db42251d675da83286b1cce702) (ScriptedImporter) -> (artifact id: 'f062e338c19374d74051f25b57477f99') in 0.005166921 seconds
Number of updated asset objects reloaded before import = 0Number of asset objects unloaded after import = 1

========================================================================
Received Import Request.
  Time since last request: 0.000027 seconds.
  path: Assets/SimplePoly City - Low Poly Assets/Materials/Props_TrafficProps.mat
  artifactKey: Guid(0ea03c6aa98d5224cb797d69c8ef34ca) Importer(2089858483,192608db42251d675da83286b1cce702)
Start importing Assets/SimplePoly City - Low Poly Assets/Materials/Props_TrafficProps.mat using Guid(0ea03c6aa98d5224cb797d69c8ef34ca) Importer(2089858483,192608db42251d675da83286b1cce702) (ScriptedImporter) -> (artifact id: '2650d58dcafd9f40341d855bac4b637c') in 0.006980264 seconds
Number of updated asset objects reloaded before import = 0Number of asset objects unloaded after import = 3

========================================================================
Received Import Request.
  Time since last request: 0.000033 seconds.
  path: Assets/SimplePoly City - Low Poly Assets/Prefab/Natures/Natures_Grass Fence.prefab
  artifactKey: Guid(b14aef9a05449784da6735de9ec90b24) Importer(2089858483,192608db42251d675da83286b1cce702)
Start importing Assets/SimplePoly City - Low Poly Assets/Prefab/Natures/Natures_Grass Fence.prefab using Guid(b14aef9a05449784da6735de9ec90b24) Importer(2089858483,192608db42251d675da83286b1cce702) (ScriptedImporter) -> (artifact id: '072562ca421d63e8b182523a271ee7b1') in 0.009554849 seconds
Number of updated asset objects reloaded before import = 0Number of asset objects unloaded after import = 8

========================================================================
Received Import Request.
  Time since last request: 0.000042 seconds.
  path: Assets/TENKOKU - DYNAMIC SKY/SCRIPTS/NoiseTools/XXHash.cs
  artifactKey: Guid(fa7ace50a3c53473f930fe2f09f4152c) Importer(2089858483,192608db42251d675da83286b1cce702)
Start importing Assets/TENKOKU - DYNAMIC SKY/SCRIPTS/NoiseTools/XXHash.cs using Guid(fa7ace50a3c53473f930fe2f09f4152c) Importer(2089858483,192608db42251d675da83286b1cce702) (ScriptedImporter) -> (artifact id: '7b33710fdf9d60798e3d55ae2891cc10') in 0.003387685 seconds
Number of updated asset objects reloaded before import = 0Number of asset objects unloaded after import = 0

========================================================================
Received Import Request.
  Time since last request: 0.000027 seconds.
  path: Assets/SimplePoly City - Low Poly Assets/Prefab/Buildings/Building_House_04_color01.prefab
  artifactKey: Guid(63243ce2fd6113e4384abc2d949cb799) Importer(2089858483,192608db42251d675da83286b1cce702)
Start importing Assets/SimplePoly City - Low Poly Assets/Prefab/Buildings/Building_House_04_color01.prefab using Guid(63243ce2fd6113e4384abc2d949cb799) Importer(2089858483,192608db42251d675da83286b1cce702) (ScriptedImporter) -> (artifact id: '5dbaf54524e6f4013f7d8af765ecd507') in 0.013039288 seconds
Number of updated asset objects reloaded before import = 0Number of asset objects unloaded after import = 8

========================================================================
Received Import Request.
  Time since last request: 0.000024 seconds.
  path: Assets/PBR_Grass_Textures/example_scene/grass_01.mat
  artifactKey: Guid(9212c0db92a2b6b4191ee4bd0a08ffab) Importer(2089858483,192608db42251d675da83286b1cce702)
Start importing Assets/PBR_Grass_Textures/example_scene/grass_01.mat using Guid(9212c0db92a2b6b4191ee4bd0a08ffab) Importer(2089858483,192608db42251d675da83286b1cce702) (ScriptedImporter) -> (artifact id: '5812f243881bfe424682c1ee940beea3') in 0.019749928 seconds
Number of updated asset objects reloaded before import = 0Number of asset objects unloaded after import = 4

========================================================================
Received Import Request.
  Time since last request: 0.000024 seconds.
  path: Assets/Starter Assets/Runtime/ThirdPersonController/Prefabs/PlayerArmature.prefab
  artifactKey: Guid(64dce48905ffd9b4293e595fa6941544) Importer(2089858483,192608db42251d675da83286b1cce702)
Start importing Assets/Starter Assets/Runtime/ThirdPersonController/Prefabs/PlayerArmature.prefab using Guid(64dce48905ffd9b4293e595fa6941544) Importer(2089858483,192608db42251d675da83286b1cce702) (ScriptedImporter) -> (artifact id: 'd0626202c0d10916139a4c3ceb60dec5') in 0.034491338 seconds
Number of updated asset objects reloaded before import = 0Number of asset objects unloaded after import = 181

========================================================================
Received Import Request.
  Time since last request: 0.000036 seconds.
  path: Assets/Starter Assets/Sample/Environment/Art/Models/Stairs_200x100x200_Mesh.fbx
  artifactKey: Guid(fce3bf5a5b603db45ab0048fb6ab44df) Importer(2089858483,192608db42251d675da83286b1cce702)
Start importing Assets/Starter Assets/Sample/Environment/Art/Models/Stairs_200x100x200_Mesh.fbx using Guid(fce3bf5a5b603db45ab0048fb6ab44df) Importer(2089858483,192608db42251d675da83286b1cce702) (ScriptedImporter) -> (artifact id: 'cdea8a9cfd1444e27b70ea65df292b21') in 0.011971109 seconds
Number of updated asset objects reloaded before import = 0Number of asset objects unloaded after import = 15

========================================================================
Received Import Request.
  Time since last request: 0.000043 seconds.
  path: Assets/LowPolyMedievalPropsLite/Models/Plate_03.fbx
  artifactKey: Guid(befb704e1bab15444936e737a981ae6b) Importer(2089858483,192608db42251d675da83286b1cce702)
Start importing Assets/LowPolyMedievalPropsLite/Models/Plate_03.fbx using Guid(befb704e1bab15444936e737a981ae6b) Importer(2089858483,192608db42251d675da83286b1cce702) (ScriptedImporter) -> (artifact id: 'e584546b6a32634e7d89b6bf48cffcad') in 0.010457373 seconds
Number of updated asset objects reloaded before import = 0Number of asset objects unloaded after import = 7

========================================================================
Received Import Request.
  Time since last request: 0.000023 seconds.
  path: Assets/BodyGuards/BodyGuardsScene.unity
  artifactKey: Guid(67a05a7a676f7cc438c5e95580a1a9d6) Importer(2089858483,192608db42251d675da83286b1cce702)
Start importing Assets/BodyGuards/BodyGuardsScene.unity using Guid(67a05a7a676f7cc438c5e95580a1a9d6) Importer(2089858483,192608db42251d675da83286b1cce702) (ScriptedImporter) -> (artifact id: '19d6be70d860777051b45c193520cef7') in 0.003275666 seconds
Number of updated asset objects reloaded before import = 0Number of asset objects unloaded after import = 1

========================================================================
Received Import Request.
  Time since last request: 0.000024 seconds.
  path: Assets/SimplePoly City - Low Poly Assets/Prefab/Props/Props_Street Light.prefab
  artifactKey: Guid(b8ee657c6800ab849bb30b4375d02323) Importer(2089858483,192608db42251d675da83286b1cce702)
Start importing Assets/SimplePoly City - Low Poly Assets/Prefab/Props/Props_Street Light.prefab using Guid(b8ee657c6800ab849bb30b4375d02323) Importer(2089858483,192608db42251d675da83286b1cce702) (ScriptedImporter) -> (artifact id: 'be14dac566eabed2644c82aa03d64cd2') in 0.011369478 seconds
Number of updated asset objects reloaded before import = 0Number of asset objects unloaded after import = 8

========================================================================
Received Import Request.
  Time since last request: 0.000024 seconds.
  path: Assets/SimplePoly City - Low Poly Assets/Prefab/Buildings/Building_House_02_color03.prefab
  artifactKey: Guid(3a0bc997d3424474696ad8d2e7d684ab) Importer(2089858483,192608db42251d675da83286b1cce702)
Start importing Assets/SimplePoly City - Low Poly Assets/Prefab/Buildings/Building_House_02_color03.prefab using Guid(3a0bc997d3424474696ad8d2e7d684ab) Importer(2089858483,192608db42251d675da83286b1cce702) (ScriptedImporter) -> (artifact id: 'efb18187109cb9f9dc891df932a6b3bb') in 0.010879173 seconds
Number of updated asset objects reloaded before import = 0Number of asset objects unloaded after import = 8

========================================================================
Received Import Request.
  Time since last request: 721.316425 seconds.
  path: Assets/Starter Assets/Sample/ThirdPersonController/Playground/ReflectionProbe-0.exr
  artifactKey: Guid(b65762d7243eb714e903b585ed68a576) Importer(815301076,1909f56bfc062723c751e8b465ee728b)
Start importing Assets/Starter Assets/Sample/ThirdPersonController/Playground/ReflectionProbe-0.exr using Guid(b65762d7243eb714e903b585ed68a576) Importer(815301076,1909f56bfc062723c751e8b465ee728b) (PreviewImporter) -> (artifact id: 'f304d53dbd3c1f71973848e424ac6f0a') in 0.062346872 seconds
Number of updated asset objects reloaded before import = 0Number of asset objects unloaded after import = 1

========================================================================
Received Import Request.
  Time since last request: 0.000038 seconds.
  path: Assets/Starter Assets/Sample/ThirdPersonController/Playground/ReflectionProbe-1.exr
  artifactKey: Guid(1b8a4de7469ad774c80dd6678d94e6b9) Importer(815301076,1909f56bfc062723c751e8b465ee728b)
Start importing Assets/Starter Assets/Sample/ThirdPersonController/Playground/ReflectionProbe-1.exr using Guid(1b8a4de7469ad774c80dd6678d94e6b9) Importer(815301076,1909f56bfc062723c751e8b465ee728b) (PreviewImporter) -> (artifact id: 'aeca2f7f3be8c9b0c36ff59d02a7106f') in 0.024155238 seconds
Number of updated asset objects reloaded before import = 0Number of asset objects unloaded after import = 1

========================================================================
Received Prepare
'Packages/com.unity.cinemachine/Editor/Obsolete/CinemachineVirtualCameraBaseEditor.cs' contains partial class of Unity.Object, exactly 1 of the partial classes needs to be in a file with the same filename. This is to know the one that can be referenced from ie. GameObjects
'Packages/com.unity.cinemachine/Editor/Editors/CinemachineVirtualCameraBaseEditor.cs' contains partial class of Unity.Object, exactly 1 of the partial classes needs to be in a file with the same filename. This is to know the one that can be referenced from ie. GameObjects
Shader Hidden/ProbeVolume/VoxelizeScene is not supported: GPU does not support conservative rasterization
Refreshing native plugins compatible for Editor in 0.67 ms, found 0 plugins.
Preloading 0 native plugins for Editor in 0.00 ms.
Unloading 27 Unused Serialized files (Serialized files now loaded: 0)
Unloading 7113 unused Assets / (7.0 MB). Loaded Objects now: 8041.
Memory consumption went from 144.6 MB to 137.6 MB.
Total: 24.329868 ms (FindLiveObjects: 0.706049 ms CreateObjectMapping: 1.178070 ms MarkObjects: 17.137920 ms  DeleteObjects: 5.306220 ms)

Prepare: number of updated asset objects reloaded= 0
========================================================================
Received Prepare
Assembly reference Packages/com.unity.cinemachine/Editor/Samples/ExposeHDRPInternals/HDRP-Editor-ref.asmref has no target assembly definition
Assembly reference Packages/com.unity.cinemachine/Editor/Samples/ExposeHDRPInternals/HDRP-Editor-ref.asmref has no target assembly definition
Begin MonoManager ReloadAssembly
- Loaded All Assemblies, in  0.971 seconds
Assembly reference Packages/com.unity.cinemachine/Editor/Samples/ExposeHDRPInternals/HDRP-Editor-ref.asmref has no target assembly definition
'Packages/com.unity.cinemachine/Editor/Obsolete/CinemachineVirtualCameraBaseEditor.cs' contains partial class of Unity.Object, exactly 1 of the partial classes needs to be in a file with the same filename. This is to know the one that can be referenced from ie. GameObjects
'Packages/com.unity.cinemachine/Editor/Editors/CinemachineVirtualCameraBaseEditor.cs' contains partial class of Unity.Object, exactly 1 of the partial classes needs to be in a file with the same filename. This is to know the one that can be referenced from ie. GameObjects
Refreshing native plugins compatible for Editor in 0.61 ms, found 0 plugins.
Native extension for LinuxStandalone target not found
Assembly reference Packages/com.unity.cinemachine/Editor/Samples/ExposeHDRPInternals/HDRP-Editor-ref.asmref has no target assembly definition
[Package Manager] Failed to launch server process. Reason: Unity was launched with the -noUpm command-line argument
[Package Manager] Unable to send message (not connected to server process).
[Package Manager] Cannot connect to Unity Package Manager local server
[Package Manager] Failed to launch server process. Reason: Unity was launched with the -noUpm command-line argument
[Package Manager] Unable to send message (not connected to server process).
[Package Manager] Cannot connect to Unity Package Manager local server
Refreshing native plugins compatible for Editor in 0.93 ms, found 0 plugins.
[MODES] ModeService[none].Initialize
[MODES] ModeService[none].LoadModes
Mono: successfully reloaded assembly
- Finished resetting the current domain, in  1.207 seconds
Domain Reload Profiling: 2182ms
	BeginReloadAssembly (299ms)
		ExecutionOrderSort (0ms)
		DisableScriptedObjects (9ms)
		BackupInstance (0ms)
		ReleaseScriptingObjects (0ms)
		CreateAndSetChildDomain (145ms)
	RebuildCommonClasses (57ms)
	RebuildNativeTypeToScriptingClass (14ms)
	initialDomainReloadingComplete (41ms)
	LoadAllAssembliesAndSetupDomain (564ms)
		LoadAssemblies (352ms)
		RebuildTransferFunctionScriptingTraits (0ms)
		AnalyzeDomain (275ms)
			TypeCache.Refresh (14ms)
				TypeCache.ScanAssembly (1ms)
			BuildScriptInfoCaches (243ms)
			ResolveRequiredComponents (15ms)
	FinalizeReload (1208ms)
		ReleaseScriptCaches (0ms)
		RebuildScriptCaches (0ms)
		SetupLoadedEditorAssemblies (971ms)
			LogAssemblyErrors (0ms)
			InitializePlatformSupportModulesInManaged (4ms)
			SetLoadedEditorAssemblies (8ms)
			BeforeProcessingInitializeOnLoad (201ms)
			ProcessInitializeOnLoadAttributes (610ms)
			ProcessInitializeOnLoadMethodAttributes (143ms)
			AfterProcessingInitializeOnLoad (4ms)
			EditorAssembliesLoaded (0ms)
		ExecutionOrderSort2 (0ms)
		AwakeInstancesAfterBackupRestoration (16ms)
Shader Hidden/ProbeVolume/VoxelizeScene is not supported: GPU does not support conservative rasterization
Refreshing native plugins compatible for Editor in 0.64 ms, found 0 plugins.
Preloading 0 native plugins for Editor in 0.00 ms.
Unloading 27 Unused Serialized files (Serialized files now loaded: 0)
Unloading 7124 unused Assets / (6.7 MB). Loaded Objects now: 7940.
Memory consumption went from 151.3 MB to 144.6 MB.
Total: 12.907262 ms (FindLiveObjects: 0.680454 ms CreateObjectMapping: 0.618332 ms MarkObjects: 7.652982 ms  DeleteObjects: 3.953745 ms)

Prepare: number of updated asset objects reloaded= 0
========================================================================
Received Prepare
'Packages/com.unity.cinemachine/Editor/Obsolete/CinemachineVirtualCameraBaseEditor.cs' contains partial class of Unity.Object, exactly 1 of the partial classes needs to be in a file with the same filename. This is to know the one that can be referenced from ie. GameObjects
'Packages/com.unity.cinemachine/Editor/Editors/CinemachineVirtualCameraBaseEditor.cs' contains partial class of Unity.Object, exactly 1 of the partial classes needs to be in a file with the same filename. This is to know the one that can be referenced from ie. GameObjects
Shader Hidden/ProbeVolume/VoxelizeScene is not supported: GPU does not support conservative rasterization
Refreshing native plugins compatible for Editor in 0.68 ms, found 0 plugins.
Preloading 0 native plugins for Editor in 0.00 ms.
Unloading 27 Unused Serialized files (Serialized files now loaded: 0)
Unloading 7112 unused Assets / (7.3 MB). Loaded Objects now: 7940.
Memory consumption went from 151.3 MB to 144.0 MB.
Total: 13.797851 ms (FindLiveObjects: 0.707112 ms CreateObjectMapping: 0.713895 ms MarkObjects: 7.781235 ms  DeleteObjects: 4.594124 ms)

Prepare: number of updated asset objects reloaded= 0
========================================================================
Received Import Request.
  Time since last request: 103.715080 seconds.
  path: Assets/Scripts/CrouchController.cs
  artifactKey: Guid(0101beaee686b1241b9264ef050c780a) Importer(815301076,1909f56bfc062723c751e8b465ee728b)
Start importing Assets/Scripts/CrouchController.cs using Guid(0101beaee686b1241b9264ef050c780a) Importer(815301076,1909f56bfc062723c751e8b465ee728b) (PreviewImporter) -> (artifact id: 'b56b3dbb053e08edd86735e1605e2480') in 0.002363346 seconds
Number of updated asset objects reloaded before import = 0Number of asset objects unloaded after import = 0

========================================================================
Received Prepare
Assembly reference Packages/com.unity.cinemachine/Editor/Samples/ExposeHDRPInternals/HDRP-Editor-ref.asmref has no target assembly definition
Assembly reference Packages/com.unity.cinemachine/Editor/Samples/ExposeHDRPInternals/HDRP-Editor-ref.asmref has no target assembly definition
Begin MonoManager ReloadAssembly
- Loaded All Assemblies, in  0.862 seconds
Assembly reference Packages/com.unity.cinemachine/Editor/Samples/ExposeHDRPInternals/HDRP-Editor-ref.asmref has no target assembly definition
'Packages/com.unity.cinemachine/Editor/Obsolete/CinemachineVirtualCameraBaseEditor.cs' contains partial class of Unity.Object, exactly 1 of the partial classes needs to be in a file with the same filename. This is to know the one that can be referenced from ie. GameObjects
'Packages/com.unity.cinemachine/Editor/Editors/CinemachineVirtualCameraBaseEditor.cs' contains partial class of Unity.Object, exactly 1 of the partial classes needs to be in a file with the same filename. This is to know the one that can be referenced from ie. GameObjects
Refreshing native plugins compatible for Editor in 0.62 ms, found 0 plugins.
Native extension for LinuxStandalone target not found
Assembly reference Packages/com.unity.cinemachine/Editor/Samples/ExposeHDRPInternals/HDRP-Editor-ref.asmref has no target assembly definition
[Package Manager] Failed to launch server process. Reason: Unity was launched with the -noUpm command-line argument
[Package Manager] Unable to send message (not connected to server process).
[Package Manager] Cannot connect to Unity Package Manager local server
[Package Manager] Failed to launch server process. Reason: Unity was launched with the -noUpm command-line argument
[Package Manager] Unable to send message (not connected to server process).
[Package Manager] Cannot connect to Unity Package Manager local server
Refreshing native plugins compatible for Editor in 0.68 ms, found 0 plugins.
[MODES] ModeService[none].Initialize
[MODES] ModeService[none].LoadModes
Mono: successfully reloaded assembly
- Finished resetting the current domain, in  1.041 seconds
Domain Reload Profiling: 1908ms
	BeginReloadAssembly (199ms)
		ExecutionOrderSort (0ms)
		DisableScriptedObjects (7ms)
		BackupInstance (0ms)
		ReleaseScriptingObjects (0ms)
		CreateAndSetChildDomain (61ms)
	RebuildCommonClasses (54ms)
	RebuildNativeTypeToScriptingClass (14ms)
	initialDomainReloadingComplete (37ms)
	LoadAllAssembliesAndSetupDomain (562ms)
		LoadAssemblies (350ms)
		RebuildTransferFunctionScriptingTraits (0ms)
		AnalyzeDomain (271ms)
			TypeCache.Refresh (14ms)
				TypeCache.ScanAssembly (1ms)
			BuildScriptInfoCaches (238ms)
			ResolveRequiredComponents (16ms)
	FinalizeReload (1042ms)
		ReleaseScriptCaches (0ms)
		RebuildScriptCaches (0ms)
		SetupLoadedEditorAssemblies (812ms)
			LogAssemblyErrors (0ms)
			InitializePlatformSupportModulesInManaged (4ms)
			SetLoadedEditorAssemblies (8ms)
			BeforeProcessingInitializeOnLoad (150ms)
			ProcessInitializeOnLoadAttributes (518ms)
			ProcessInitializeOnLoadMethodAttributes (128ms)
			AfterProcessingInitializeOnLoad (4ms)
			EditorAssembliesLoaded (0ms)
		ExecutionOrderSort2 (0ms)
		AwakeInstancesAfterBackupRestoration (19ms)
Shader Hidden/ProbeVolume/VoxelizeScene is not supported: GPU does not support conservative rasterization
Refreshing native plugins compatible for Editor in 0.71 ms, found 0 plugins.
Preloading 0 native plugins for Editor in 0.00 ms.
Unloading 27 Unused Serialized files (Serialized files now loaded: 0)
Unloading 7124 unused Assets / (7.2 MB). Loaded Objects now: 7943.
Memory consumption went from 151.2 MB to 144.0 MB.
Total: 13.433441 ms (FindLiveObjects: 0.643127 ms CreateObjectMapping: 0.742384 ms MarkObjects: 7.766404 ms  DeleteObjects: 4.279178 ms)

Prepare: number of updated asset objects reloaded= 0
========================================================================
Received Import Request.
  Time since last request: 11.936037 seconds.
  path: Assets/Scripts/CrouchController.cs
  artifactKey: Guid(0101beaee686b1241b9264ef050c780a) Importer(815301076,1909f56bfc062723c751e8b465ee728b)
Start importing Assets/Scripts/CrouchController.cs using Guid(0101beaee686b1241b9264ef050c780a) Importer(815301076,1909f56bfc062723c751e8b465ee728b) (PreviewImporter) -> (artifact id: '22d90329f71400309f94db66002be918') in 0.002252919 seconds
Number of updated asset objects reloaded before import = 0Number of asset objects unloaded after import = 0

========================================================================
Received Prepare
Assembly reference Packages/com.unity.cinemachine/Editor/Samples/ExposeHDRPInternals/HDRP-Editor-ref.asmref has no target assembly definition
Assembly reference Packages/com.unity.cinemachine/Editor/Samples/ExposeHDRPInternals/HDRP-Editor-ref.asmref has no target assembly definition
Begin MonoManager ReloadAssembly
- Loaded All Assemblies, in  0.947 seconds
Assembly reference Packages/com.unity.cinemachine/Editor/Samples/ExposeHDRPInternals/HDRP-Editor-ref.asmref has no target assembly definition
'Packages/com.unity.cinemachine/Editor/Obsolete/CinemachineVirtualCameraBaseEditor.cs' contains partial class of Unity.Object, exactly 1 of the partial classes needs to be in a file with the same filename. This is to know the one that can be referenced from ie. GameObjects
'Packages/com.unity.cinemachine/Editor/Editors/CinemachineVirtualCameraBaseEditor.cs' contains partial class of Unity.Object, exactly 1 of the partial classes needs to be in a file with the same filename. This is to know the one that can be referenced from ie. GameObjects
Refreshing native plugins compatible for Editor in 0.58 ms, found 0 plugins.
Native extension for LinuxStandalone target not found
Assembly reference Packages/com.unity.cinemachine/Editor/Samples/ExposeHDRPInternals/HDRP-Editor-ref.asmref has no target assembly definition
[Package Manager] Failed to launch server process. Reason: Unity was launched with the -noUpm command-line argument
[Package Manager] Unable to send message (not connected to server process).
[Package Manager] Cannot connect to Unity Package Manager local server
[Package Manager] Failed to launch server process. Reason: Unity was launched with the -noUpm command-line argument
[Package Manager] Unable to send message (not connected to server process).
[Package Manager] Cannot connect to Unity Package Manager local server
Refreshing native plugins compatible for Editor in 0.73 ms, found 0 plugins.
[MODES] ModeService[none].Initialize
[MODES] ModeService[none].LoadModes
Mono: successfully reloaded assembly
- Finished resetting the current domain, in  1.122 seconds
Domain Reload Profiling: 2072ms
	BeginReloadAssembly (258ms)
		ExecutionOrderSort (0ms)
		DisableScriptedObjects (7ms)
		BackupInstance (0ms)
		ReleaseScriptingObjects (0ms)
		CreateAndSetChildDomain (95ms)
	RebuildCommonClasses (50ms)
	RebuildNativeTypeToScriptingClass (13ms)
	initialDomainReloadingComplete (40ms)
	LoadAllAssembliesAndSetupDomain (588ms)
		LoadAssemblies (375ms)
		RebuildTransferFunctionScriptingTraits (0ms)
		AnalyzeDomain (295ms)
			TypeCache.Refresh (15ms)
				TypeCache.ScanAssembly (1ms)
			BuildScriptInfoCaches (261ms)
			ResolveRequiredComponents (17ms)
	FinalizeReload (1123ms)
		ReleaseScriptCaches (0ms)
		RebuildScriptCaches (0ms)
		SetupLoadedEditorAssemblies (895ms)
			LogAssemblyErrors (0ms)
			InitializePlatformSupportModulesInManaged (4ms)
			SetLoadedEditorAssemblies (7ms)
			BeforeProcessingInitializeOnLoad (179ms)
			ProcessInitializeOnLoadAttributes (578ms)
			ProcessInitializeOnLoadMethodAttributes (123ms)
			AfterProcessingInitializeOnLoad (4ms)
			EditorAssembliesLoaded (0ms)
		ExecutionOrderSort2 (0ms)
		AwakeInstancesAfterBackupRestoration (20ms)
Shader Hidden/ProbeVolume/VoxelizeScene is not supported: GPU does not support conservative rasterization
Refreshing native plugins compatible for Editor in 0.64 ms, found 0 plugins.
Preloading 0 native plugins for Editor in 0.00 ms.
Unloading 27 Unused Serialized files (Serialized files now loaded: 0)
Unloading 7124 unused Assets / (6.8 MB). Loaded Objects now: 7946.
Memory consumption went from 151.3 MB to 144.5 MB.
Total: 13.832829 ms (FindLiveObjects: 0.730013 ms CreateObjectMapping: 0.725228 ms MarkObjects: 7.942623 ms  DeleteObjects: 4.432193 ms)

Prepare: number of updated asset objects reloaded= 0
========================================================================
Received Import Request.
  Time since last request: 40.040624 seconds.
  path: Assets/Scripts/CrouchController.cs
  artifactKey: Guid(0101beaee686b1241b9264ef050c780a) Importer(815301076,1909f56bfc062723c751e8b465ee728b)
Start importing Assets/Scripts/CrouchController.cs using Guid(0101beaee686b1241b9264ef050c780a) Importer(815301076,1909f56bfc062723c751e8b465ee728b) (PreviewImporter) -> (artifact id: 'add9ace1b30886a61b84eab5909c3ddc') in 0.002201678 seconds
Number of updated asset objects reloaded before import = 0Number of asset objects unloaded after import = 0

========================================================================
Received Import Request.
  Time since last request: 186.796654 seconds.
  path: Assets/Starter Assets/Runtime/ThirdPersonController/Character/Animations/Jump--Jump.anim.fbx
  artifactKey: Guid(98f277b0c8055e143b2fcf058d3c27dc) Importer(815301076,1909f56bfc062723c751e8b465ee728b)
Start importing Assets/Starter Assets/Runtime/ThirdPersonController/Character/Animations/Jump--Jump.anim.fbx using Guid(98f277b0c8055e143b2fcf058d3c27dc) Importer(815301076,1909f56bfc062723c751e8b465ee728b) (PreviewImporter) -> (artifact id: '5a8eb4d93a2c0ea2425a5ef35039bb97') in 0.08091649 seconds
Number of updated asset objects reloaded before import = 0Number of asset objects unloaded after import = 144

========================================================================
Received Import Request.
  Time since last request: 0.000032 seconds.
  path: Assets/Starter Assets/Runtime/ThirdPersonController/Character/Animations/Locomotion--Run_N_Land.anim.fbx
  artifactKey: Guid(3c033631149b9c541bcf155cd94cccba) Importer(815301076,1909f56bfc062723c751e8b465ee728b)
Start importing Assets/Starter Assets/Runtime/ThirdPersonController/Character/Animations/Locomotion--Run_N_Land.anim.fbx using Guid(3c033631149b9c541bcf155cd94cccba) Importer(815301076,1909f56bfc062723c751e8b465ee728b) (PreviewImporter) -> (artifact id: '1a6a48117ae116103558754de66b7518') in 0.005183686 seconds
Number of updated asset objects reloaded before import = 0Number of asset objects unloaded after import = 143

========================================================================
Received Import Request.
  Time since last request: 0.000041 seconds.
  path: Assets/Starter Assets/Runtime/ThirdPersonController/Character/Animations/Stand--Idle.anim.fbx
  artifactKey: Guid(12e52e465ed793a4d801955e9f964a82) Importer(815301076,1909f56bfc062723c751e8b465ee728b)
Start importing Assets/Starter Assets/Runtime/ThirdPersonController/Character/Animations/Stand--Idle.anim.fbx using Guid(12e52e465ed793a4d801955e9f964a82) Importer(815301076,1909f56bfc062723c751e8b465ee728b) (PreviewImporter) -> (artifact id: 'a1d02df4e4e1b23df9ed3b40f88d645e') in 0.00473005 seconds
Number of updated asset objects reloaded before import = 0Number of asset objects unloaded after import = 143

========================================================================
Received Import Request.
  Time since last request: 0.000023 seconds.
  path: Assets/Starter Assets/Runtime/ThirdPersonController/Character/Animations/Locomotion--Run_S.anim.fbx
  artifactKey: Guid(a073c604c44135e438eeeaef77058ac5) Importer(815301076,1909f56bfc062723c751e8b465ee728b)
Start importing Assets/Starter Assets/Runtime/ThirdPersonController/Character/Animations/Locomotion--Run_S.anim.fbx using Guid(a073c604c44135e438eeeaef77058ac5) Importer(815301076,1909f56bfc062723c751e8b465ee728b) (PreviewImporter) -> (artifact id: 'e20ae0ac5b246b4bb8e4440807d4a3da') in 0.004067161 seconds
Number of updated asset objects reloaded before import = 0Number of asset objects unloaded after import = 143

Editor requested this worker to shutdown with reason: Scaling down because of idle timeout
AssetImportWorker is now disconnected from the server
Process exiting

SDL leaked 2 allocations
Internal: Possible leak. All render target surfaces should be removed from IdMap when destructed using RenderTargetMap::Remove(RenderSurfaceBase* rs).
