Unity Editor version:    6000.0.58f2 (92dee566b325)
Branch:                  6000.0/respin/6000.0.58f2-44b8bf3a32
Build type:              Release
Batch mode:              YES
System name:             Linux
Distro version:          #1 ZEN SMP PREEMPT_DYNAMIC Sat, 11 Apr 2026 22:36:16 +0000
Kernel version:          6.19.12-zen1-1-zen
Architecture:            x86_64
Window Protocol:         Wayland (XWayland)
Available memory:        23731 MB
Using pre-set license
The selected window backend is (null) 
Desktop is 1920 x 1080 @ 60 Hz
Initialize udev device monitor.

COMMAND LINE ARGUMENTS:
Unity
-adb2
-batchMode
-noUpm
-name
AssetImportWorker3
-projectPath
/home/kastra/GenZ-Protest-Simulator
-logFile
Logs/AssetImportWorker3.log
-srvPort
46321
-job-worker-count
5
-background-job-worker-count
8
-gc-helper-count
1
Successfully changed project path to: /home/kastra/GenZ-Protest-Simulator

(Unity:9955): Gtk-CRITICAL **: 19:29:21.729: gtk_label_set_text: assertion 'GTK_IS_LABEL (label)' failed

(Unity:9955): Gtk-CRITICAL **: 19:29:21.734: gtk_label_set_text: assertion 'GTK_IS_LABEL (label)' failed
/home/kastra/GenZ-Protest-Simulator
[UnityMemory] Configuration Parameters - Can be set up in boot.config
    "memorysetup-bucket-allocator-granularity=16"
    "memorysetup-bucket-allocator-bucket-count=8"
    "memorysetup-bucket-allocator-block-size=33554432"
    "memorysetup-bucket-allocator-block-count=8"
    "memorysetup-main-allocator-block-size=16777216"
    "memorysetup-thread-allocator-block-size=16777216"
    "memorysetup-gfx-main-allocator-block-size=16777216"
    "memorysetup-gfx-thread-allocator-block-size=16777216"
    "memorysetup-cache-allocator-block-size=4194304"
    "memorysetup-typetree-allocator-block-size=2097152"
    "memorysetup-profiler-bucket-allocator-granularity=16"
    "memorysetup-profiler-bucket-allocator-bucket-count=8"
    "memorysetup-profiler-bucket-allocator-block-size=33554432"
    "memorysetup-profiler-bucket-allocator-block-count=8"
    "memorysetup-profiler-allocator-block-size=16777216"
    "memorysetup-profiler-editor-allocator-block-size=1048576"
    "memorysetup-temp-allocator-size-main=16777216"
    "memorysetup-job-temp-allocator-block-size=2097152"
    "memorysetup-job-temp-allocator-block-size-background=1048576"
    "memorysetup-job-temp-allocator-reduction-small-platforms=262144"
    "memorysetup-allocator-temp-initial-block-size-main=262144"
    "memorysetup-allocator-temp-initial-block-size-worker=262144"
    "memorysetup-temp-allocator-size-background-worker=32768"
    "memorysetup-temp-allocator-size-job-worker=262144"
    "memorysetup-temp-allocator-size-preload-manager=33554432"
    "memorysetup-temp-allocator-size-nav-mesh-worker=65536"
    "memorysetup-temp-allocator-size-audio-worker=65536"
    "memorysetup-temp-allocator-size-cloud-worker=32768"
    "memorysetup-temp-allocator-size-gi-baking-worker=262144"
    "memorysetup-temp-allocator-size-gi-baking-worker=262144"
    "memorysetup-temp-allocator-size-gi-baking-worker=262144"
    "memorysetup-temp-allocator-size-gi-baking-worker=262144"
    "memorysetup-temp-allocator-size-gi-baking-worker=262144"
    "memorysetup-temp-allocator-size-gfx=262144"
Player connection [139759688029824]  Target information:

Player connection [139759688029824]  * "[IP] 192.168.1.11 [Port] 0 [Flags] 2 [Guid] 1124548276 [EditorId] 1124548276 [Version] 1048832 [Id] LinuxEditor(16,192.168.1.11) [Debug] 1 [PackageName] LinuxEditor [ProjectName] Editor" 

Player connection [139759688029824] Host joined multi-casting on [225.0.0.222:54997]...
Player connection [139759688029824] Host joined alternative multi-casting on [225.0.0.222:34997]...
JobSystem: Creating JobQueue using job-worker-count value 5
Input System module state changed to: Initialized.
[Physics::Module] Initialized fallback backend.
[Physics::Module] Id: 0xdecafbad
Library Redirect Path: Library/
[Physics::Module] Selected backend.
[Physics::Module] Name: PhysX
[Physics::Module] Id: 0xf2b8ea05
[Physics::Module] SDK Version: 4.1.2
[Physics::Module] Integration Version: 1.0.0
[Physics::Module] Threading Mode: Multi-Threaded
Refreshing native plugins compatible for Editor in 0.81 ms, found 0 plugins.
Preloading 0 native plugins for Editor in 0.00 ms.
Initialize engine version: 6000.0.58f2 (92dee566b325)
[Subsystems] Discovering subsystems at path /home/kastra/Unity/Hub/Editor/6000.0.58f2/Editor/Data/Resources/UnitySubsystems
[Subsystems] Discovering subsystems at path /home/kastra/GenZ-Protest-Simulator/Assets
kGfxThreadingModeNonThreaded is not supported on OpenGL Core. Reverting to kGfxThreadingModeDirect instead.
GfxDevice: creating device client; kGfxThreadingModeDirect
GLX Extensions: GLX_ARB_context_flush_control GLX_ARB_create_context GLX_ARB_create_context_no_error GLX_ARB_create_context_profile GLX_ARB_create_context_robustness GLX_ARB_fbconfig_float GLX_ARB_framebuffer_sRGB GLX_ARB_get_proc_address GLX_ARB_multisample GLX_EXT_buffer_age GLX_EXT_create_context_es2_profile GLX_EXT_create_context_es_profile GLX_EXT_fbconfig_packed_float GLX_EXT_framebuffer_sRGB GLX_EXT_no_config_context GLX_EXT_swap_control GLX_EXT_swap_control_tear GLX_EXT_texture_from_pixmap GLX_EXT_visual_info GLX_EXT_visual_rating GLX_MESA_copy_sub_buffer GLX_MESA_gl_interop GLX_MESA_query_renderer GLX_MESA_swap_control GLX_OML_sync_control GLX_SGIS_multisample GLX_SGIX_fbconfig GLX_SGIX_pbuffer GLX_SGIX_visual_select_group GLX_SGI_make_current_read GLX_SGI_video_sync 
Renderer: Mesa Intel(R) UHD Graphics (ADL-S GT0.5)
Vendor:   Intel
Version:  4.6 (Core Profile) Mesa 26.0.5-arch1.1
GLES:     0
 GL_3DFX_texture_compression_FXT1 GL_AMD_conservative_depth GL_AMD_depth_clamp_separate GL_AMD_draw_buffers_blend GL_AMD_gpu_shader_int64 GL_AMD_multi_draw_indirect GL_AMD_performance_monitor GL_AMD_pinned_memory GL_AMD_query_buffer_object GL_AMD_seamless_cubemap_per_texture GL_AMD_shader_stencil_export GL_AMD_shader_trinary_minmax GL_AMD_texture_texture4 GL_AMD_vertex_shader_layer GL_AMD_vertex_shader_viewport_index GL_ANGLE_texture_compression_dxt3 GL_ANGLE_texture_compression_dxt5 GL_ARB_ES2_compatibility GL_ARB_ES3_1_compatibility GL_ARB_ES3_2_compatibility GL_ARB_ES3_compatibility GL_ARB_arrays_of_arrays GL_ARB_base_instance GL_ARB_blend_func_extended GL_ARB_buffer_storage GL_ARB_clear_buffer_object GL_ARB_clear_texture GL_ARB_clip_control GL_ARB_compressed_texture_pixel_storage GL_ARB_compute_shader GL_ARB_compute_variable_group_size GL_ARB_conditional_render_inverted GL_ARB_conservative_depth GL_ARB_copy_buffer GL_ARB_copy_image GL_ARB_cull_distance GL_ARB_debug_output GL_ARB_depth_buffer_float GL_ARB
_depth_clamp GL_ARB_derivative_control GL_ARB_direct_state_access GL_ARB_draw_buffers GL_ARB_draw_buffers_blend GL_ARB_draw_elements_base_vertex GL_ARB_draw_indirect GL_ARB_draw_instanced GL_ARB_enhanced_layouts GL_ARB_explicit_attrib_location GL_ARB_explicit_uniform_location GL_ARB_fragment_coord_conventions GL_ARB_fragment_layer_viewport GL_ARB_fragment_shader GL_ARB_fragment_shader_interlock GL_ARB_framebuffer_no_attachments GL_ARB_framebuffer_object GL_ARB_framebuffer_sRGB GL_ARB_get_program_binary GL_ARB_get_texture_sub_image GL_ARB_gl_spirv GL_ARB_gpu_shader5 GL_ARB_gpu_shader_fp64 GL_ARB_gpu_shader_int64 GL_ARB_half_float_pixel GL_ARB_half_float_vertex GL_ARB_indirect_parameters GL_ARB_instanced_arrays GL_ARB_internalformat_query GL_ARB_internalformat_query2 GL_ARB_invalidate_subdata GL_ARB_map_buffer_alignment GL_ARB_map_buffer_range GL_ARB_multi_bind GL_ARB_multi_draw_indirect GL_ARB_occlusion_query2 GL_ARB_parallel_shader_compile GL_ARB_pipeline_statistics_query GL_ARB_pixel_buffer_object GL_ARB_po
int_sprite GL_ARB_polygon_offset_clamp GL_ARB_post_depth_coverage GL_ARB_program_interface_query GL_ARB_provoking_vertex GL_ARB_query_buffer_object GL_ARB_robust_buffer_access_behavior GL_ARB_robustness GL_ARB_sample_shading GL_ARB_sampler_objects GL_ARB_seamless_cube_map GL_ARB_seamless_cubemap_per_texture GL_ARB_separate_shader_objects GL_ARB_shader_atomic_counter_ops GL_ARB_shader_atomic_counters GL_ARB_shader_ballot GL_ARB_shader_bit_encoding GL_ARB_shader_clock GL_ARB_shader_draw_parameters GL_ARB_shader_group_vote GL_ARB_shader_image_load_store GL_ARB_shader_image_size GL_ARB_shader_objects GL_ARB_shader_precision GL_ARB_shader_stencil_export GL_ARB_shader_storage_buffer_object GL_ARB_shader_subroutine GL_ARB_shader_texture_image_samples GL_ARB_shader_texture_lod GL_ARB_shader_viewport_layer_array GL_ARB_shading_language_420pack GL_ARB_shading_language_include GL_ARB_shading_language_packing GL_ARB_spirv_extensions GL_ARB_stencil_texturing GL_ARB_sync GL_ARB_tessellation_shader GL_ARB_texture_barrier G
L_ARB_texture_border_clamp GL_ARB_texture_buffer_object GL_ARB_texture_buffer_object_rgb32 GL_ARB_texture_buffer_range GL_ARB_texture_compression_bptc GL_ARB_texture_compression_rgtc GL_ARB_texture_cube_map_array GL_ARB_texture_filter_anisotropic GL_ARB_texture_filter_minmax GL_ARB_texture_float GL_ARB_texture_gather GL_ARB_texture_mirror_clamp_to_edge GL_ARB_texture_multisample GL_ARB_texture_non_power_of_two GL_ARB_texture_query_levels GL_ARB_texture_query_lod GL_ARB_texture_rectangle GL_ARB_texture_rg GL_ARB_texture_rgb10_a2ui GL_ARB_texture_stencil8 GL_ARB_texture_storage GL_ARB_texture_storage_multisample GL_ARB_texture_swizzle GL_ARB_texture_view GL_ARB_timer_query GL_ARB_transform_feedback2 GL_ARB_transform_feedback3 GL_ARB_transform_feedback_instanced GL_ARB_transform_feedback_overflow_query GL_ARB_uniform_buffer_object GL_ARB_vertex_array_bgra GL_ARB_vertex_array_object GL_ARB_vertex_attrib_64bit GL_ARB_vertex_attrib_binding GL_ARB_vertex_buffer_object GL_ARB_vertex_shader GL_ARB_vertex_type_10f_11f
_11f_rev GL_ARB_vertex_type_2_10_10_10_rev GL_ARB_viewport_array GL_ATI_blend_equation_separate GL_ATI_texture_float GL_EXT_EGL_image_storage GL_EXT_EGL_image_storage_compression GL_EXT_EGL_sync GL_EXT_abgr GL_EXT_blend_equation_separate GL_EXT_debug_label GL_EXT_demote_to_helper_invocation GL_EXT_depth_bounds_test GL_EXT_draw_buffers2 GL_EXT_draw_instanced GL_EXT_framebuffer_blit GL_EXT_framebuffer_multisample GL_EXT_framebuffer_multisample_blit_scaled GL_EXT_framebuffer_object GL_EXT_framebuffer_sRGB GL_EXT_memory_object GL_EXT_memory_object_fd GL_EXT_packed_depth_stencil GL_EXT_packed_float GL_EXT_pixel_buffer_object GL_EXT_polygon_offset_clamp GL_EXT_provoking_vertex GL_EXT_semaphore GL_EXT_semaphore_fd GL_EXT_shader_clock GL_EXT_shader_framebuffer_fetch GL_EXT_shader_framebuffer_fetch_non_coherent GL_EXT_shader_integer_mix GL_EXT_shader_samples_identical GL_EXT_texture_array GL_EXT_texture_compression_dxt1 GL_EXT_texture_compression_rgtc GL_EXT_texture_compression_s3tc GL_EXT_texture_filter_anisotropic 
GL_EXT_texture_integer GL_EXT_texture_sRGB GL_EXT_texture_sRGB_R8 GL_EXT_texture_sRGB_decode GL_EXT_texture_shadow_lod GL_EXT_texture_shared_exponent GL_EXT_texture_snorm GL_EXT_texture_storage GL_EXT_texture_swizzle GL_EXT_timer_query GL_EXT_transform_feedback GL_EXT_vertex_array_bgra GL_EXT_vertex_attrib_64bit GL_IBM_multimode_draw_arrays GL_INTEL_blackhole_render GL_INTEL_conservative_rasterization GL_INTEL_performance_query GL_INTEL_shader_atomic_float_minmax GL_INTEL_shader_integer_functions2 GL_KHR_blend_equation_advanced GL_KHR_blend_equation_advanced_coherent GL_KHR_context_flush_control GL_KHR_debug GL_KHR_no_error GL_KHR_parallel_shader_compile GL_KHR_robust_buffer_access_behavior GL_KHR_robustness GL_KHR_shader_subgroup GL_KHR_texture_compression_astc_ldr GL_KHR_texture_compression_astc_sliced_3d GL_MESA_framebuffer_flip_y GL_MESA_pack_invert GL_MESA_shader_integer_functions GL_MESA_texture_const_bandwidth GL_MESA_texture_signed_rgba GL_NV_alpha_to_coverage_dither_control GL_NV_compute_shader_deri
vatives GL_NV_conditional_render GL_NV_copy_image GL_NV_depth_clamp GL_NV_fragment_shader_interlock GL_NV_packed_depth_stencil GL_NV_texture_barrier GL_OES_EGL_image GL_S3_s3tc
OPENGL LOG: Creating OpenGL 4.6 graphics device ; Context level  <OpenGL 4.5> ; Context handle -1940489312
Shader Hidden/ProbeVolume/VoxelizeScene is not supported: GPU does not support conservative rasterization
Initialize mono
Mono path[0] = '/home/kastra/Unity/Hub/Editor/6000.0.58f2/Editor/Data/Managed'
Mono path[1] = '/home/kastra/Unity/Hub/Editor/6000.0.58f2/Editor/Data/MonoBleedingEdge/lib/mono/unityjit-linux'
Mono config path = '/home/kastra/Unity/Hub/Editor/6000.0.58f2/Editor/Data/MonoBleedingEdge/etc'
Using monoOptions --debugger-agent=transport=dt_socket,embedding=1,server=y,suspend=n,address=127.0.0.1:56955
Begin MonoManager ReloadAssembly
Registering precompiled unity dll's ...
Register platform support module: /home/kastra/Unity/Hub/Editor/6000.0.58f2/Editor/Data/PlaybackEngines/LinuxStandaloneSupport/UnityEditor.LinuxStandalone.Extensions.dll
Registered in 0.002733 seconds.
- Loaded All Assemblies, in  0.451 seconds
Native extension for LinuxStandalone target not found
Mono: successfully reloaded assembly
- Finished resetting the current domain, in  0.520 seconds
Domain Reload Profiling: 971ms
	BeginReloadAssembly (86ms)
		ExecutionOrderSort (0ms)
		DisableScriptedObjects (0ms)
		BackupInstance (0ms)
		ReleaseScriptingObjects (0ms)
		CreateAndSetChildDomain (1ms)
	RebuildCommonClasses (48ms)
	RebuildNativeTypeToScriptingClass (11ms)
	initialDomainReloadingComplete (109ms)
	LoadAllAssembliesAndSetupDomain (196ms)
		LoadAssemblies (85ms)
		RebuildTransferFunctionScriptingTraits (0ms)
		AnalyzeDomain (190ms)
			TypeCache.Refresh (189ms)
				TypeCache.ScanAssembly (172ms)
			BuildScriptInfoCaches (0ms)
			ResolveRequiredComponents (1ms)
	FinalizeReload (520ms)
		ReleaseScriptCaches (0ms)
		RebuildScriptCaches (0ms)
		SetupLoadedEditorAssemblies (454ms)
			LogAssemblyErrors (0ms)
			InitializePlatformSupportModulesInManaged (38ms)
			SetLoadedEditorAssemblies (13ms)
			BeforeProcessingInitializeOnLoad (96ms)
			ProcessInitializeOnLoadAttributes (220ms)
			ProcessInitializeOnLoadMethodAttributes (86ms)
			AfterProcessingInitializeOnLoad (0ms)
			EditorAssembliesLoaded (0ms)
		ExecutionOrderSort2 (0ms)
		AwakeInstancesAfterBackupRestoration (0ms)
Assembly reference Packages/com.unity.cinemachine/Editor/Samples/ExposeHDRPInternals/HDRP-Editor-ref.asmref has no target assembly definition
========================================================================
Worker process is ready to serve import requests
Import Worker Mode flag is 0x00
Assembly reference Packages/com.unity.cinemachine/Editor/Samples/ExposeHDRPInternals/HDRP-Editor-ref.asmref has no target assembly definition
Assembly reference Packages/com.unity.cinemachine/Editor/Samples/ExposeHDRPInternals/HDRP-Editor-ref.asmref has no target assembly definition
Begin MonoManager ReloadAssembly
- Loaded All Assemblies, in  0.878 seconds
Assembly reference Packages/com.unity.cinemachine/Editor/Samples/ExposeHDRPInternals/HDRP-Editor-ref.asmref has no target assembly definition
'Packages/com.unity.cinemachine/Editor/Obsolete/CinemachineVirtualCameraBaseEditor.cs' contains partial class of Unity.Object, exactly 1 of the partial classes needs to be in a file with the same filename. This is to know the one that can be referenced from ie. GameObjects
'Packages/com.unity.cinemachine/Editor/Editors/CinemachineVirtualCameraBaseEditor.cs' contains partial class of Unity.Object, exactly 1 of the partial classes needs to be in a file with the same filename. This is to know the one that can be referenced from ie. GameObjects
Refreshing native plugins compatible for Editor in 0.56 ms, found 0 plugins.
Native extension for LinuxStandalone target not found
Assembly reference Packages/com.unity.cinemachine/Editor/Samples/ExposeHDRPInternals/HDRP-Editor-ref.asmref has no target assembly definition
Package Manager log level set to [2]
[Package Manager] Failed to launch server process. Reason: Unity was launched with the -noUpm command-line argument
[Package Manager] Unable to send message (not connected to server process).
[Package Manager] Cannot connect to Unity Package Manager local server
[Package Manager] Failed to launch server process. Reason: Unity was launched with the -noUpm command-line argument
[Package Manager] Unable to send message (not connected to server process).
[Package Manager] Cannot connect to Unity Package Manager local server
Refreshing native plugins compatible for Editor in 0.69 ms, found 0 plugins.
UpdateMenuTitleForLanguage: 10
[MODES] ModeService[none].Initialize
[MODES] ModeService[none].LoadModes
[MODES] Loading mode Default (0) for mode-current-id-GenZ-Protest-Simulator
Mono: successfully reloaded assembly
- Finished resetting the current domain, in  1.078 seconds
Domain Reload Profiling: 1955ms
	BeginReloadAssembly (180ms)
		ExecutionOrderSort (0ms)
		DisableScriptedObjects (8ms)
		BackupInstance (0ms)
		ReleaseScriptingObjects (0ms)
		CreateAndSetChildDomain (42ms)
	RebuildCommonClasses (46ms)
	RebuildNativeTypeToScriptingClass (11ms)
	initialDomainReloadingComplete (52ms)
	LoadAllAssembliesAndSetupDomain (587ms)
		LoadAssemblies (297ms)
		RebuildTransferFunctionScriptingTraits (0ms)
		AnalyzeDomain (359ms)
			TypeCache.Refresh (271ms)
				TypeCache.ScanAssembly (252ms)
			BuildScriptInfoCaches (70ms)
			ResolveRequiredComponents (16ms)
	FinalizeReload (1079ms)
		ReleaseScriptCaches (0ms)
		RebuildScriptCaches (0ms)
		SetupLoadedEditorAssemblies (835ms)
			LogAssemblyErrors (0ms)
			InitializePlatformSupportModulesInManaged (4ms)
			SetLoadedEditorAssemblies (7ms)
			BeforeProcessingInitializeOnLoad (149ms)
			ProcessInitializeOnLoadAttributes (545ms)
			ProcessInitializeOnLoadMethodAttributes (126ms)
			AfterProcessingInitializeOnLoad (3ms)
			EditorAssembliesLoaded (0ms)
		ExecutionOrderSort2 (0ms)
		AwakeInstancesAfterBackupRestoration (5ms)
Shader Hidden/ProbeVolume/VoxelizeScene is not supported: GPU does not support conservative rasterization
AutoLocale: current locale expects 'C' but got 'en_US.UTF-8'Launched and connected shader compiler UnityShaderCompiler after 0.01 seconds
Refreshing native plugins compatible for Editor in 0.70 ms, found 0 plugins.
Preloading 0 native plugins for Editor in 0.00 ms.
Unloading 27 Unused Serialized files (Serialized files now loaded: 0)
Unloading 7125 unused Assets / (8.1 MB). Loaded Objects now: 7828.
Memory consumption went from 134.0 MB to 126.0 MB.
Total: 15.969710 ms (FindLiveObjects: 0.654417 ms CreateObjectMapping: 0.684670 ms MarkObjects: 8.826885 ms  DeleteObjects: 5.800545 ms)

========================================================================
Received Import Request.
  Time since last request: 3222.783535 seconds.
  path: Assets/Animations/Crouched Walking.fbx
  artifactKey: Guid(0ee3aaa6c6792314f84b7bb4ed1f7c9c) Importer(815301076,1909f56bfc062723c751e8b465ee728b)
Start importing Assets/Animations/Crouched Walking.fbx using Guid(0ee3aaa6c6792314f84b7bb4ed1f7c9c) Importer(815301076,1909f56bfc062723c751e8b465ee728b) (PreviewImporter) -> (artifact id: '5f7d0be88f6a0ecff85baeed342bc7d8') in 0.072466215 seconds
Number of updated asset objects reloaded before import = 0Number of asset objects unloaded after import = 135

========================================================================
Received Import Request.
  Time since last request: 401.557816 seconds.
  path: Assets/SimplePoly City - Low Poly Assets/Models/Building Sky_small_color01.fbx
  artifactKey: Guid(47a83e21f77098142be8ace3346172ed) Importer(815301076,1909f56bfc062723c751e8b465ee728b)
Start importing Assets/SimplePoly City - Low Poly Assets/Models/Building Sky_small_color01.fbx using Guid(47a83e21f77098142be8ace3346172ed) Importer(815301076,1909f56bfc062723c751e8b465ee728b) (PreviewImporter) -> (artifact id: '79790078df6663e2f32c28963a77ce39') in 1.020174491 seconds
Number of updated asset objects reloaded before import = 0Number of asset objects unloaded after import = 9

========================================================================
Received Import Request.
  Time since last request: 1.165552 seconds.
  path: Assets/SimplePoly City - Low Poly Assets/Models/Building_Coffee Shop.fbx
  artifactKey: Guid(a120bc9095fe23d458dc299a94dc00a8) Importer(815301076,1909f56bfc062723c751e8b465ee728b)
Start importing Assets/SimplePoly City - Low Poly Assets/Models/Building_Coffee Shop.fbx using Guid(a120bc9095fe23d458dc299a94dc00a8) Importer(815301076,1909f56bfc062723c751e8b465ee728b) (PreviewImporter) -> (artifact id: 'a2c845a0d22442d6cf1daa7581327589') in 0.020605862 seconds
Number of updated asset objects reloaded before import = 0Number of asset objects unloaded after import = 9

========================================================================
Received Import Request.
  Time since last request: 0.568319 seconds.
  path: Assets/SimplePoly City - Low Poly Assets/Models/Building_Factory.fbx
  artifactKey: Guid(932be02d2912c394786d8ec1d2007f18) Importer(815301076,1909f56bfc062723c751e8b465ee728b)
Start importing Assets/SimplePoly City - Low Poly Assets/Models/Building_Factory.fbx using Guid(932be02d2912c394786d8ec1d2007f18) Importer(815301076,1909f56bfc062723c751e8b465ee728b) (PreviewImporter) -> (artifact id: 'bd698bb5d1efbd6fe324b71b9c5f2260') in 0.023807161 seconds
Number of updated asset objects reloaded before import = 0Number of asset objects unloaded after import = 9

========================================================================
Received Import Request.
  Time since last request: 0.000026 seconds.
  path: Assets/SimplePoly City - Low Poly Assets/Models/Building_Fruits  Shop.fbx
  artifactKey: Guid(0f5d2e6533e3fb44fbd094c173ba3f32) Importer(815301076,1909f56bfc062723c751e8b465ee728b)
Start importing Assets/SimplePoly City - Low Poly Assets/Models/Building_Fruits  Shop.fbx using Guid(0f5d2e6533e3fb44fbd094c173ba3f32) Importer(815301076,1909f56bfc062723c751e8b465ee728b) (PreviewImporter) -> (artifact id: '7792b8abce51abc3089facdccb4f73ea') in 0.021352135 seconds
Number of updated asset objects reloaded before import = 0Number of asset objects unloaded after import = 9

========================================================================
Received Import Request.
  Time since last request: 0.150293 seconds.
  path: Assets/SimplePoly City - Low Poly Assets/Models/Building_Gift Shop.fbx
  artifactKey: Guid(4a3db8768f20288458711d0f979974bd) Importer(815301076,1909f56bfc062723c751e8b465ee728b)
Start importing Assets/SimplePoly City - Low Poly Assets/Models/Building_Gift Shop.fbx using Guid(4a3db8768f20288458711d0f979974bd) Importer(815301076,1909f56bfc062723c751e8b465ee728b) (PreviewImporter) -> (artifact id: 'cb550b315a408e9800a2d93a85706b76') in 0.054459063 seconds
Number of updated asset objects reloaded before import = 0Number of asset objects unloaded after import = 9

========================================================================
Received Import Request.
  Time since last request: 0.000034 seconds.
  path: Assets/SimplePoly City - Low Poly Assets/Models/Building_House_02_color01.fbx
  artifactKey: Guid(8cb6d953267a0884288df6a274f09c40) Importer(815301076,1909f56bfc062723c751e8b465ee728b)
Start importing Assets/SimplePoly City - Low Poly Assets/Models/Building_House_02_color01.fbx using Guid(8cb6d953267a0884288df6a274f09c40) Importer(815301076,1909f56bfc062723c751e8b465ee728b) (PreviewImporter) -> (artifact id: '508c3c775334b0f0a38dff30b27c0b11') in 0.022075015 seconds
Number of updated asset objects reloaded before import = 0Number of asset objects unloaded after import = 9

========================================================================
Received Import Request.
  Time since last request: 0.197665 seconds.
  path: Assets/SimplePoly City - Low Poly Assets/Models/Building_House_04_color01.fbx
  artifactKey: Guid(600c276288a996744bd73e53635eba4c) Importer(815301076,1909f56bfc062723c751e8b465ee728b)
Start importing Assets/SimplePoly City - Low Poly Assets/Models/Building_House_04_color01.fbx using Guid(600c276288a996744bd73e53635eba4c) Importer(815301076,1909f56bfc062723c751e8b465ee728b) (PreviewImporter) -> (artifact id: '38593a3c042513729719c0f87fda8e26') in 0.073177113 seconds
Number of updated asset objects reloaded before import = 0Number of asset objects unloaded after import = 9

========================================================================
Received Import Request.
  Time since last request: 0.000031 seconds.
  path: Assets/SimplePoly City - Low Poly Assets/Models/Building_Music Store.fbx
  artifactKey: Guid(e6c7be1b4691ca441abe64159118907b) Importer(815301076,1909f56bfc062723c751e8b465ee728b)
Start importing Assets/SimplePoly City - Low Poly Assets/Models/Building_Music Store.fbx using Guid(e6c7be1b4691ca441abe64159118907b) Importer(815301076,1909f56bfc062723c751e8b465ee728b) (PreviewImporter) -> (artifact id: 'c4de689a208e26ee016e28d3b53ce244') in 0.050557622 seconds
Number of updated asset objects reloaded before import = 0Number of asset objects unloaded after import = 9

========================================================================
Received Import Request.
  Time since last request: 2.597714 seconds.
  path: Assets/SimplePoly City - Low Poly Assets/Models/Building_Shoes Shop.fbx
  artifactKey: Guid(27c09c8008c0ada409e024a1dc2186c0) Importer(815301076,1909f56bfc062723c751e8b465ee728b)
Start importing Assets/SimplePoly City - Low Poly Assets/Models/Building_Shoes Shop.fbx using Guid(27c09c8008c0ada409e024a1dc2186c0) Importer(815301076,1909f56bfc062723c751e8b465ee728b) (PreviewImporter) -> (artifact id: '8a2a1df552494c180218631b96639856') in 0.32746836 seconds
Number of updated asset objects reloaded before import = 0Number of asset objects unloaded after import = 9

========================================================================
Received Import Request.
  Time since last request: 0.000036 seconds.
  path: Assets/SimplePoly City - Low Poly Assets/Models/Props_Coffee shop chair.fbx
  artifactKey: Guid(23816e0039304184c9d9f74b067ca30e) Importer(815301076,1909f56bfc062723c751e8b465ee728b)
Start importing Assets/SimplePoly City - Low Poly Assets/Models/Props_Coffee shop chair.fbx using Guid(23816e0039304184c9d9f74b067ca30e) Importer(815301076,1909f56bfc062723c751e8b465ee728b) (PreviewImporter) -> (artifact id: '8be71949659ee195f8416da51e6c4a4a') in 0.055658829 seconds
Number of updated asset objects reloaded before import = 0Number of asset objects unloaded after import = 9

========================================================================
Received Import Request.
  Time since last request: 0.000038 seconds.
  path: Assets/SimplePoly City - Low Poly Assets/Models/Props_Bench_2.fbx
  artifactKey: Guid(fb901750ec5d32f46ad8179f6fb99b8a) Importer(815301076,1909f56bfc062723c751e8b465ee728b)
Start importing Assets/SimplePoly City - Low Poly Assets/Models/Props_Bench_2.fbx using Guid(fb901750ec5d32f46ad8179f6fb99b8a) Importer(815301076,1909f56bfc062723c751e8b465ee728b) (PreviewImporter) -> (artifact id: '30b552be5bc5dbd3f5eae5509837f431') in 0.080001329 seconds
Number of updated asset objects reloaded before import = 0Number of asset objects unloaded after import = 9

========================================================================
Received Import Request.
  Time since last request: 0.000024 seconds.
  path: Assets/SimplePoly City - Low Poly Assets/Models/Props_Traffic Signal_small.fbx
  artifactKey: Guid(fbe896a67df88784abb1f38733468a13) Importer(815301076,1909f56bfc062723c751e8b465ee728b)
Start importing Assets/SimplePoly City - Low Poly Assets/Models/Props_Traffic Signal_small.fbx using Guid(fbe896a67df88784abb1f38733468a13) Importer(815301076,1909f56bfc062723c751e8b465ee728b) (PreviewImporter) -> (artifact id: 'cd67fc3528bca8d40a2109fa2d0a1235') in 0.052632741 seconds
Number of updated asset objects reloaded before import = 0Number of asset objects unloaded after import = 9

========================================================================
Received Import Request.
  Time since last request: 0.000028 seconds.
  path: Assets/SimplePoly City - Low Poly Assets/Models/Natures_House Floor.fbx
  artifactKey: Guid(c7327ddbb4f55824eb37461c53fdd55d) Importer(815301076,1909f56bfc062723c751e8b465ee728b)
Start importing Assets/SimplePoly City - Low Poly Assets/Models/Natures_House Floor.fbx using Guid(c7327ddbb4f55824eb37461c53fdd55d) Importer(815301076,1909f56bfc062723c751e8b465ee728b) (PreviewImporter) -> (artifact id: 'c6ad058283f0fab974f8fa534102733b') in 0.095909289 seconds
Number of updated asset objects reloaded before import = 0Number of asset objects unloaded after import = 9

========================================================================
Received Import Request.
  Time since last request: 0.000029 seconds.
  path: Assets/TENKOKU - DYNAMIC SKY/TEXTURES/TenkokuMesh.fbx
  artifactKey: Guid(73c1cf5d36c80ad4884916bed041d428) Importer(815301076,1909f56bfc062723c751e8b465ee728b)
Start importing Assets/TENKOKU - DYNAMIC SKY/TEXTURES/TenkokuMesh.fbx using Guid(73c1cf5d36c80ad4884916bed041d428) Importer(815301076,1909f56bfc062723c751e8b465ee728b) (PreviewImporter) -> (artifact id: 'a1cfa893ebbfe8dc43ccc8b06932480c') in 0.108063097 seconds
Number of updated asset objects reloaded before import = 0Number of asset objects unloaded after import = 16

========================================================================
Received Import Request.
  Time since last request: 0.000035 seconds.
  path: Assets/SimplePoly City - Low Poly Assets/Models/Natures_Big Tree.fbx
  artifactKey: Guid(b8b93a0c79396d54ea72d1eecb7bf246) Importer(815301076,1909f56bfc062723c751e8b465ee728b)
Start importing Assets/SimplePoly City - Low Poly Assets/Models/Natures_Big Tree.fbx using Guid(b8b93a0c79396d54ea72d1eecb7bf246) Importer(815301076,1909f56bfc062723c751e8b465ee728b) (PreviewImporter) -> (artifact id: 'dd4779f911d523415401953826b26d33') in 0.137250728 seconds
Number of updated asset objects reloaded before import = 0Number of asset objects unloaded after import = 9

========================================================================
Received Import Request.
  Time since last request: 0.000025 seconds.
  path: Assets/SimplePoly City - Low Poly Assets/Models/Natures_Bush_03.fbx
  artifactKey: Guid(878eb4575d3db2143bff9ebf5c266974) Importer(815301076,1909f56bfc062723c751e8b465ee728b)
Start importing Assets/SimplePoly City - Low Poly Assets/Models/Natures_Bush_03.fbx using Guid(878eb4575d3db2143bff9ebf5c266974) Importer(815301076,1909f56bfc062723c751e8b465ee728b) (PreviewImporter) -> (artifact id: '5f833fec72469b792725e8eee21f2f87') in 0.037246903 seconds
Number of updated asset objects reloaded before import = 0Number of asset objects unloaded after import = 9

========================================================================
Received Import Request.
  Time since last request: 0.000038 seconds.
  path: Assets/SimplePoly City - Low Poly Assets/Models/Road Lane_03.fbx
  artifactKey: Guid(ea4072799b7e8ef4d84f4a2cd70bb115) Importer(815301076,1909f56bfc062723c751e8b465ee728b)
Start importing Assets/SimplePoly City - Low Poly Assets/Models/Road Lane_03.fbx using Guid(ea4072799b7e8ef4d84f4a2cd70bb115) Importer(815301076,1909f56bfc062723c751e8b465ee728b) (PreviewImporter) -> (artifact id: '9ae1016afde4da21fd6f7e931a2137ce') in 0.09310775 seconds
Number of updated asset objects reloaded before import = 0Number of asset objects unloaded after import = 9

========================================================================
Received Import Request.
  Time since last request: 0.000081 seconds.
  path: Assets/SimplePoly City - Low Poly Assets/Models/Props_Traffic Sign_speed limit.fbx
  artifactKey: Guid(0954ad29f79c9c045bc4a3317ef3f978) Importer(815301076,1909f56bfc062723c751e8b465ee728b)
Start importing Assets/SimplePoly City - Low Poly Assets/Models/Props_Traffic Sign_speed limit.fbx using Guid(0954ad29f79c9c045bc4a3317ef3f978) Importer(815301076,1909f56bfc062723c751e8b465ee728b) (PreviewImporter) -> (artifact id: 'c748f591f6cde56dec0ff577b2056671') in 0.049777457 seconds
Number of updated asset objects reloaded before import = 0Number of asset objects unloaded after import = 9

========================================================================
Received Import Request.
  Time since last request: 0.000031 seconds.
  path: Assets/SimplePoly City - Low Poly Assets/Models/Vehicle_Car_separate.fbx
  artifactKey: Guid(62742ca8cd0c30a44b9301b3fae00884) Importer(815301076,1909f56bfc062723c751e8b465ee728b)
Start importing Assets/SimplePoly City - Low Poly Assets/Models/Vehicle_Car_separate.fbx using Guid(62742ca8cd0c30a44b9301b3fae00884) Importer(815301076,1909f56bfc062723c751e8b465ee728b) (PreviewImporter) -> (artifact id: '5aaa216af4be4a6367785acbd6b45e81') in 0.440746939 seconds
Number of updated asset objects reloaded before import = 0Number of asset objects unloaded after import = 31

========================================================================
Received Import Request.
  Time since last request: 0.000040 seconds.
  path: Assets/SimplePoly City - Low Poly Assets/Models/Props_Roof_prop.fbx
  artifactKey: Guid(46c5f3202ef79174c9c96903bbae627a) Importer(815301076,1909f56bfc062723c751e8b465ee728b)
Start importing Assets/SimplePoly City - Low Poly Assets/Models/Props_Roof_prop.fbx using Guid(46c5f3202ef79174c9c96903bbae627a) Importer(815301076,1909f56bfc062723c751e8b465ee728b) (PreviewImporter) -> (artifact id: '5c346db387159ef816908062b4f81118') in 0.110276232 seconds
Number of updated asset objects reloaded before import = 0Number of asset objects unloaded after import = 9

========================================================================
Received Import Request.
  Time since last request: 0.000041 seconds.
  path: Assets/SimplePoly City - Low Poly Assets/Models/Building_Super Market.fbx
  artifactKey: Guid(fad753de86ef7464790653995e61e7c4) Importer(815301076,1909f56bfc062723c751e8b465ee728b)
Start importing Assets/SimplePoly City - Low Poly Assets/Models/Building_Super Market.fbx using Guid(fad753de86ef7464790653995e61e7c4) Importer(815301076,1909f56bfc062723c751e8b465ee728b) (PreviewImporter) -> (artifact id: '5e6535a1883a232b113b8d83a4d14b37') in 0.095002006 seconds
Number of updated asset objects reloaded before import = 0Number of asset objects unloaded after import = 9

========================================================================
Received Import Request.
  Time since last request: 0.000030 seconds.
  path: Assets/SimplePoly City - Low Poly Assets/Models/Building_Stadium.fbx
  artifactKey: Guid(8d799610519b6274c8bb35a7fd95f5f5) Importer(815301076,1909f56bfc062723c751e8b465ee728b)
Start importing Assets/SimplePoly City - Low Poly Assets/Models/Building_Stadium.fbx using Guid(8d799610519b6274c8bb35a7fd95f5f5) Importer(815301076,1909f56bfc062723c751e8b465ee728b) (PreviewImporter) -> (artifact id: '680664bd73223e3f2a5188f83fc7a5c5') in 0.106701581 seconds
Number of updated asset objects reloaded before import = 0Number of asset objects unloaded after import = 9

========================================================================
Received Import Request.
  Time since last request: 0.000035 seconds.
  path: Assets/SimplePoly City - Low Poly Assets/Models/Road Corner_02.fbx
  artifactKey: Guid(b38a4b1b87a3b81429916ae40f4a3f6f) Importer(815301076,1909f56bfc062723c751e8b465ee728b)
Start importing Assets/SimplePoly City - Low Poly Assets/Models/Road Corner_02.fbx using Guid(b38a4b1b87a3b81429916ae40f4a3f6f) Importer(815301076,1909f56bfc062723c751e8b465ee728b) (PreviewImporter) -> (artifact id: 'c7ffb6c582c07ce985eff39ac443074a') in 0.045080433 seconds
Number of updated asset objects reloaded before import = 0Number of asset objects unloaded after import = 9

========================================================================
Received Import Request.
  Time since last request: 0.000040 seconds.
  path: Assets/SimplePoly City - Low Poly Assets/Models/Natures_Grass Fence.fbx
  artifactKey: Guid(f84563c4522be5e4bbef79b6a74da743) Importer(815301076,1909f56bfc062723c751e8b465ee728b)
Start importing Assets/SimplePoly City - Low Poly Assets/Models/Natures_Grass Fence.fbx using Guid(f84563c4522be5e4bbef79b6a74da743) Importer(815301076,1909f56bfc062723c751e8b465ee728b) (PreviewImporter) -> (artifact id: 'c2a6e13804357977d66ec8214d83a97b') in 0.068642858 seconds
Number of updated asset objects reloaded before import = 0Number of asset objects unloaded after import = 9

========================================================================
Received Import Request.
  Time since last request: 0.000034 seconds.
  path: Assets/SimplePoly City - Low Poly Assets/Models/Road Intersection_02.fbx
  artifactKey: Guid(e99a120d866554343b007e93ab80eb6a) Importer(815301076,1909f56bfc062723c751e8b465ee728b)
Start importing Assets/SimplePoly City - Low Poly Assets/Models/Road Intersection_02.fbx using Guid(e99a120d866554343b007e93ab80eb6a) Importer(815301076,1909f56bfc062723c751e8b465ee728b) (PreviewImporter) -> (artifact id: '31482d70b8b3590d4616fcd16325027c') in 0.059074494 seconds
Number of updated asset objects reloaded before import = 0Number of asset objects unloaded after import = 9

========================================================================
Received Import Request.
  Time since last request: 0.000058 seconds.
  path: Assets/SimplePoly City - Low Poly Assets/Models/Vehicle_Police Car_separate.fbx
  artifactKey: Guid(9cfaa27d2ed0cb5489d16d0b33a850bb) Importer(815301076,1909f56bfc062723c751e8b465ee728b)
Start importing Assets/SimplePoly City - Low Poly Assets/Models/Vehicle_Police Car_separate.fbx using Guid(9cfaa27d2ed0cb5489d16d0b33a850bb) Importer(815301076,1909f56bfc062723c751e8b465ee728b) (PreviewImporter) -> (artifact id: '00d098ef832fd613c0ce57ac10d3659c') in 0.260636469 seconds
Number of updated asset objects reloaded before import = 0Number of asset objects unloaded after import = 31

========================================================================
Received Import Request.
  Time since last request: 0.000041 seconds.
  path: Assets/SimplePoly City - Low Poly Assets/Models/Road Tile.fbx
  artifactKey: Guid(7b654bd76adcefd44b4799d4290822fb) Importer(815301076,1909f56bfc062723c751e8b465ee728b)
Start importing Assets/SimplePoly City - Low Poly Assets/Models/Road Tile.fbx using Guid(7b654bd76adcefd44b4799d4290822fb) Importer(815301076,1909f56bfc062723c751e8b465ee728b) (PreviewImporter) -> (artifact id: '47a9a15f8899e7cf16e64751d5862b9d') in 0.04539443 seconds
Number of updated asset objects reloaded before import = 0Number of asset objects unloaded after import = 9

========================================================================
Received Import Request.
  Time since last request: 0.000026 seconds.
  path: Assets/SimplePoly City - Low Poly Assets/Models/Props_Roof Solar Panel.fbx
  artifactKey: Guid(033999da19ac9074d84c50be8da3917e) Importer(815301076,1909f56bfc062723c751e8b465ee728b)
Start importing Assets/SimplePoly City - Low Poly Assets/Models/Props_Roof Solar Panel.fbx using Guid(033999da19ac9074d84c50be8da3917e) Importer(815301076,1909f56bfc062723c751e8b465ee728b) (PreviewImporter) -> (artifact id: 'c308ffcc775c998275a7af2708997968') in 0.055626252 seconds
Number of updated asset objects reloaded before import = 0Number of asset objects unloaded after import = 9

========================================================================
Received Import Request.
  Time since last request: 0.000032 seconds.
  path: Assets/SimplePoly City - Low Poly Assets/Models/Props_BillBoard_medium.fbx
  artifactKey: Guid(9cd32fb6a80b79741880fce089ce77f6) Importer(815301076,1909f56bfc062723c751e8b465ee728b)
Start importing Assets/SimplePoly City - Low Poly Assets/Models/Props_BillBoard_medium.fbx using Guid(9cd32fb6a80b79741880fce089ce77f6) Importer(815301076,1909f56bfc062723c751e8b465ee728b) (PreviewImporter) -> (artifact id: '843616fe3f4af65caf08cc39e0c61e83') in 0.125881777 seconds
Number of updated asset objects reloaded before import = 0Number of asset objects unloaded after import = 9

========================================================================
Received Import Request.
  Time since last request: 0.000057 seconds.
  path: Assets/SimplePoly City - Low Poly Assets/Models/Vehicle_Ambulance_separate.fbx
  artifactKey: Guid(1acbee872179ec040aac4503ec160fd9) Importer(815301076,1909f56bfc062723c751e8b465ee728b)
Start importing Assets/SimplePoly City - Low Poly Assets/Models/Vehicle_Ambulance_separate.fbx using Guid(1acbee872179ec040aac4503ec160fd9) Importer(815301076,1909f56bfc062723c751e8b465ee728b) (PreviewImporter) -> (artifact id: '4fdbbb6ac5b2e404adbde4e8787626d8') in 0.955770191 seconds
Number of updated asset objects reloaded before import = 0Number of asset objects unloaded after import = 31

========================================================================
Received Import Request.
  Time since last request: 0.000052 seconds.
  path: Assets/SimplePoly City - Low Poly Assets/Models/Vehicle_Car.fbx
  artifactKey: Guid(49fee4c5907e33545a3b2db2e9d66675) Importer(815301076,1909f56bfc062723c751e8b465ee728b)
Start importing Assets/SimplePoly City - Low Poly Assets/Models/Vehicle_Car.fbx using Guid(49fee4c5907e33545a3b2db2e9d66675) Importer(815301076,1909f56bfc062723c751e8b465ee728b) (PreviewImporter) -> (artifact id: 'e396f8b05b6c9349e03391bb1a01589a') in 0.052859841 seconds
Number of updated asset objects reloaded before import = 0Number of asset objects unloaded after import = 9

========================================================================
Received Import Request.
  Time since last request: 0.000031 seconds.
  path: Assets/SimplePoly City - Low Poly Assets/Models/Vehicle_Taxi_separate.fbx
  artifactKey: Guid(76eea54e4cf71bf4dac0e3ef48ee32b7) Importer(815301076,1909f56bfc062723c751e8b465ee728b)
Start importing Assets/SimplePoly City - Low Poly Assets/Models/Vehicle_Taxi_separate.fbx using Guid(76eea54e4cf71bf4dac0e3ef48ee32b7) Importer(815301076,1909f56bfc062723c751e8b465ee728b) (PreviewImporter) -> (artifact id: '933d63c04c387c5c27e77c58c7f65aa7') in 0.179628632 seconds
Number of updated asset objects reloaded before import = 0Number of asset objects unloaded after import = 31

========================================================================
Received Import Request.
  Time since last request: 0.000031 seconds.
  path: Assets/SimplePoly City - Low Poly Assets/Models/Props_Street Light.fbx
  artifactKey: Guid(ab761d05302615348a9aed34ccd58dd7) Importer(815301076,1909f56bfc062723c751e8b465ee728b)
Start importing Assets/SimplePoly City - Low Poly Assets/Models/Props_Street Light.fbx using Guid(ab761d05302615348a9aed34ccd58dd7) Importer(815301076,1909f56bfc062723c751e8b465ee728b) (PreviewImporter) -> (artifact id: 'f8085b04e219b45bdc29d9263fc07a95') in 0.077021559 seconds
Number of updated asset objects reloaded before import = 0Number of asset objects unloaded after import = 9

========================================================================
Received Import Request.
  Time since last request: 0.000079 seconds.
  path: Assets/SimplePoly City - Low Poly Assets/Models/Props_Hydrant.fbx
  artifactKey: Guid(aa7a6aea7692eb346af29dcc7e73ee95) Importer(815301076,1909f56bfc062723c751e8b465ee728b)
Start importing Assets/SimplePoly City - Low Poly Assets/Models/Props_Hydrant.fbx using Guid(aa7a6aea7692eb346af29dcc7e73ee95) Importer(815301076,1909f56bfc062723c751e8b465ee728b) (PreviewImporter) -> (artifact id: 'e8662547b1882120f5ab892db390a406') in 0.076792685 seconds
Number of updated asset objects reloaded before import = 0Number of asset objects unloaded after import = 9

========================================================================
Received Import Request.
  Time since last request: 0.000033 seconds.
  path: Assets/SimplePoly City - Low Poly Assets/Models/Road Concrete Tile.fbx
  artifactKey: Guid(61c90ccd67ff728469bdcf9849269ad6) Importer(815301076,1909f56bfc062723c751e8b465ee728b)
Start importing Assets/SimplePoly City - Low Poly Assets/Models/Road Concrete Tile.fbx using Guid(61c90ccd67ff728469bdcf9849269ad6) Importer(815301076,1909f56bfc062723c751e8b465ee728b) (PreviewImporter) -> (artifact id: '4d340091e4ab72dccf0bbf2255b091e2') in 0.066710958 seconds
Number of updated asset objects reloaded before import = 0Number of asset objects unloaded after import = 9

========================================================================
Received Import Request.
  Time since last request: 0.000075 seconds.
  path: Assets/SimplePoly City - Low Poly Assets/Models/Natures_Grass Tile Small.fbx
  artifactKey: Guid(3163f2c03b1dac0419001ac5e42f8c0b) Importer(815301076,1909f56bfc062723c751e8b465ee728b)
Start importing Assets/SimplePoly City - Low Poly Assets/Models/Natures_Grass Tile Small.fbx using Guid(3163f2c03b1dac0419001ac5e42f8c0b) Importer(815301076,1909f56bfc062723c751e8b465ee728b) (PreviewImporter) -> (artifact id: '3a6c4f048e0396aeab2bcae6741fcdf6') in 0.062832362 seconds
Number of updated asset objects reloaded before import = 0Number of asset objects unloaded after import = 9

========================================================================
Received Import Request.
  Time since last request: 0.000069 seconds.
  path: Assets/SimplePoly City - Low Poly Assets/Models/Vehicle_Bus_separate.fbx
  artifactKey: Guid(bec0886ced73844469c2edf3ebb4b047) Importer(815301076,1909f56bfc062723c751e8b465ee728b)
Start importing Assets/SimplePoly City - Low Poly Assets/Models/Vehicle_Bus_separate.fbx using Guid(bec0886ced73844469c2edf3ebb4b047) Importer(815301076,1909f56bfc062723c751e8b465ee728b) (PreviewImporter) -> (artifact id: '1df9beee00df1e6e6c5eb8360b812bb9') in 0.347999905 seconds
Number of updated asset objects reloaded before import = 0Number of asset objects unloaded after import = 31

========================================================================
Received Import Request.
  Time since last request: 0.000036 seconds.
  path: Assets/SimplePoly City - Low Poly Assets/Models/Vehicle_Truck.fbx
  artifactKey: Guid(0f8edee900fd5e74bb318fbd330392e4) Importer(815301076,1909f56bfc062723c751e8b465ee728b)
Start importing Assets/SimplePoly City - Low Poly Assets/Models/Vehicle_Truck.fbx using Guid(0f8edee900fd5e74bb318fbd330392e4) Importer(815301076,1909f56bfc062723c751e8b465ee728b) (PreviewImporter) -> (artifact id: '0f7440b000ef1e05b16a67fefa25a57e') in 0.06910702 seconds
Number of updated asset objects reloaded before import = 0Number of asset objects unloaded after import = 9

========================================================================
Received Import Request.
  Time since last request: 0.000054 seconds.
  path: Assets/SimplePoly City - Low Poly Assets/Models/Natures_Grass Bar.fbx
  artifactKey: Guid(60550932e430af1479cebb05e97130ae) Importer(815301076,1909f56bfc062723c751e8b465ee728b)
Start importing Assets/SimplePoly City - Low Poly Assets/Models/Natures_Grass Bar.fbx using Guid(60550932e430af1479cebb05e97130ae) Importer(815301076,1909f56bfc062723c751e8b465ee728b) (PreviewImporter) -> (artifact id: 'a8e580f84e8dd3025f311e6898a64d84') in 0.04165379 seconds
Number of updated asset objects reloaded before import = 0Number of asset objects unloaded after import = 9

========================================================================
Received Import Request.
  Time since last request: 0.000037 seconds.
  path: Assets/SimplePoly City - Low Poly Assets/Models/Road Concrete Tile Small.fbx
  artifactKey: Guid(d4f2e69b8ed6aed4885772810d0f4a20) Importer(815301076,1909f56bfc062723c751e8b465ee728b)
Start importing Assets/SimplePoly City - Low Poly Assets/Models/Road Concrete Tile Small.fbx using Guid(d4f2e69b8ed6aed4885772810d0f4a20) Importer(815301076,1909f56bfc062723c751e8b465ee728b) (PreviewImporter) -> (artifact id: 'aafd362a848aa433c117742a52be6d7d') in 0.045548793 seconds
Number of updated asset objects reloaded before import = 0Number of asset objects unloaded after import = 9

========================================================================
Received Import Request.
  Time since last request: 20.660382 seconds.
  path: Assets/New Terrain.asset
  artifactKey: Guid(456560ffdc88a2d4cb990ba5ed8e5450) Importer(2089858483,192608db42251d675da83286b1cce702)
Start importing Assets/New Terrain.asset using Guid(456560ffdc88a2d4cb990ba5ed8e5450) Importer(2089858483,192608db42251d675da83286b1cce702) (ScriptedImporter) -> (artifact id: 'e36f0bd14536e4942c5239b8f66435d7') in 0.314187588 seconds
Number of updated asset objects reloaded before import = 0Number of asset objects unloaded after import = 1

========================================================================
Received Import Request.
  Time since last request: 0.000032 seconds.
  path: Assets/BodyGuards/ReadMe.txt.txt
  artifactKey: Guid(1ebe39182b265494aae2966f6501f052) Importer(2089858483,192608db42251d675da83286b1cce702)
Start importing Assets/BodyGuards/ReadMe.txt.txt using Guid(1ebe39182b265494aae2966f6501f052) Importer(2089858483,192608db42251d675da83286b1cce702) (ScriptedImporter) -> (artifact id: 'ebd16e080eb05ae7eb3ac7fff6e45472') in 0.00294093 seconds
Number of updated asset objects reloaded before import = 0Number of asset objects unloaded after import = 1

========================================================================
Received Import Request.
  Time since last request: 0.000050 seconds.
  path: Assets/Adventure_Character/Textures/Man_Cloth_Down_Albedo_01.tga
  artifactKey: Guid(cf214826ff270a248b58074124311876) Importer(2089858483,192608db42251d675da83286b1cce702)
Start importing Assets/Adventure_Character/Textures/Man_Cloth_Down_Albedo_01.tga using Guid(cf214826ff270a248b58074124311876) Importer(2089858483,192608db42251d675da83286b1cce702) (ScriptedImporter) -> (artifact id: 'c0658c13d820df338597c0463adfeeb0') in 0.073278613 seconds
Number of updated asset objects reloaded before import = 0Number of asset objects unloaded after import = 1

========================================================================
Received Import Request.
  Time since last request: 0.000025 seconds.
  path: Assets/Adventure_Character/Prefabs/Man_04.prefab
  artifactKey: Guid(889d24f8fc349cf45b463fb9b13b0143) Importer(2089858483,192608db42251d675da83286b1cce702)
Start importing Assets/Adventure_Character/Prefabs/Man_04.prefab using Guid(889d24f8fc349cf45b463fb9b13b0143) Importer(2089858483,192608db42251d675da83286b1cce702) (ScriptedImporter) -> (artifact id: '1ba35378bddbd8d9f3f4a203ce97ee51') in 0.053184625 seconds
Number of updated asset objects reloaded before import = 0Number of asset objects unloaded after import = 184

========================================================================
Received Import Request.
  Time since last request: 0.000029 seconds.
  path: Assets/Materials/grass_05.png
  artifactKey: Guid(c93a895715410ed4483bbad352ee01d5) Importer(2089858483,192608db42251d675da83286b1cce702)
Start importing Assets/Materials/grass_05.png using Guid(c93a895715410ed4483bbad352ee01d5) Importer(2089858483,192608db42251d675da83286b1cce702) (ScriptedImporter) -> (artifact id: '7594d1f4d1d87646c45c473a5a74b2d1') in 0.01407569 seconds
Number of updated asset objects reloaded before import = 0Number of asset objects unloaded after import = 1

========================================================================
Received Import Request.
  Time since last request: 0.000035 seconds.
  path: Assets/BodyGuards/Meshes/SkelMesh_Bodyguard_01.fbx
  artifactKey: Guid(bdd7a03fd93bf2d4cb6babd63ceabee8) Importer(2089858483,192608db42251d675da83286b1cce702)
Start importing Assets/BodyGuards/Meshes/SkelMesh_Bodyguard_01.fbx using Guid(bdd7a03fd93bf2d4cb6babd63ceabee8) Importer(2089858483,192608db42251d675da83286b1cce702) (ScriptedImporter) -> (artifact id: 'ac5ebeb12fbc6caff763b77138edfd93') in 0.091601217 seconds
Number of updated asset objects reloaded before import = 0Number of asset objects unloaded after import = 175

========================================================================
Received Import Request.
  Time since last request: 0.000043 seconds.
  path: Assets/BodyGuards/Textures/Boduguard_01_S.tga
  artifactKey: Guid(5b3c912b65d23a74cb3e721f3f7090b0) Importer(2089858483,192608db42251d675da83286b1cce702)
Start importing Assets/BodyGuards/Textures/Boduguard_01_S.tga using Guid(5b3c912b65d23a74cb3e721f3f7090b0) Importer(2089858483,192608db42251d675da83286b1cce702) (ScriptedImporter) -> (artifact id: '2706bf5137c3e3049d3b4e4290b7bae9') in 0.012980131 seconds
Number of updated asset objects reloaded before import = 0Number of asset objects unloaded after import = 1

========================================================================
Received Import Request.
  Time since last request: 0.000025 seconds.
  path: Assets/BodyGuards/Textures/Boduguard_03_D.tga
  artifactKey: Guid(ea0477d0fedaf194584b96f19b534c3e) Importer(2089858483,192608db42251d675da83286b1cce702)
Start importing Assets/BodyGuards/Textures/Boduguard_03_D.tga using Guid(ea0477d0fedaf194584b96f19b534c3e) Importer(2089858483,192608db42251d675da83286b1cce702) (ScriptedImporter) -> (artifact id: '10ace2f118e1f443979a737ee182738f') in 0.012484532 seconds
Number of updated asset objects reloaded before import = 0Number of asset objects unloaded after import = 1

========================================================================
Received Import Request.
  Time since last request: 0.000038 seconds.
  path: Assets/BodyGuards/Meshes/screen.fbx
  artifactKey: Guid(a6e4323446051b94e961883501d13337) Importer(2089858483,192608db42251d675da83286b1cce702)
Start importing Assets/BodyGuards/Meshes/screen.fbx using Guid(a6e4323446051b94e961883501d13337) Importer(2089858483,192608db42251d675da83286b1cce702) (ScriptedImporter) -> (artifact id: '066f3f87c05e8c62739907012e110520') in 0.055540814 seconds
Number of updated asset objects reloaded before import = 0Number of asset objects unloaded after import = 10

========================================================================
Received Import Request.
  Time since last request: 0.000030 seconds.
  path: Assets/Adventure_Character/Materials/Man_Cloth_Down_01.mat
  artifactKey: Guid(3de4d0b74e6a35c4eb1d6331940920e3) Importer(2089858483,192608db42251d675da83286b1cce702)
Start importing Assets/Adventure_Character/Materials/Man_Cloth_Down_01.mat using Guid(3de4d0b74e6a35c4eb1d6331940920e3) Importer(2089858483,192608db42251d675da83286b1cce702) (ScriptedImporter) -> (artifact id: '381fcdf9660346b477c0c024e1000e80') in 0.074369163 seconds
Number of updated asset objects reloaded before import = 0Number of asset objects unloaded after import = 5

========================================================================
Received Import Request.
  Time since last request: 0.000043 seconds.
  path: Assets/Materials/PathWay.mat
  artifactKey: Guid(568d5a97feabb604b991c18a839e416d) Importer(2089858483,192608db42251d675da83286b1cce702)
Start importing Assets/Materials/PathWay.mat using Guid(568d5a97feabb604b991c18a839e416d) Importer(2089858483,192608db42251d675da83286b1cce702) (ScriptedImporter) -> (artifact id: '38ddda03861490796d744a533984cf99') in 0.005052258 seconds
Number of updated asset objects reloaded before import = 0Number of asset objects unloaded after import = 1

========================================================================
Received Import Request.
  Time since last request: 0.000040 seconds.
  path: Assets/Settings/Mobile_Renderer.asset
  artifactKey: Guid(65bc7dbf4170f435aa868c779acfb082) Importer(2089858483,192608db42251d675da83286b1cce702)
Start importing Assets/Settings/Mobile_Renderer.asset using Guid(65bc7dbf4170f435aa868c779acfb082) Importer(2089858483,192608db42251d675da83286b1cce702) (ScriptedImporter) -> (artifact id: 'e8763231a236f4fc332d03f21e53342c') in 0.052426393 seconds
Number of updated asset objects reloaded before import = 0Number of asset objects unloaded after import = 1

========================================================================
Received Import Request.
  Time since last request: 0.000035 seconds.
  path: Assets/Adventure_Character/Textures/Man_Cloth_Up_Ao.tga
  artifactKey: Guid(eded4b4cdcba5c444b98bc1734e3f36b) Importer(2089858483,192608db42251d675da83286b1cce702)
Start importing Assets/Adventure_Character/Textures/Man_Cloth_Up_Ao.tga using Guid(eded4b4cdcba5c444b98bc1734e3f36b) Importer(2089858483,192608db42251d675da83286b1cce702) (ScriptedImporter) -> (artifact id: '5bf9e537aabde539e50903a39a8057bd') in 0.024019087 seconds
Number of updated asset objects reloaded before import = 0Number of asset objects unloaded after import = 1

========================================================================
Received Import Request.
  Time since last request: 0.000026 seconds.
  path: Assets/Adventure_Character/Textures/Man_Body_Ao.tga
  artifactKey: Guid(d5db1c8cea8400c4bb5b207f289ca945) Importer(2089858483,192608db42251d675da83286b1cce702)
Start importing Assets/Adventure_Character/Textures/Man_Body_Ao.tga using Guid(d5db1c8cea8400c4bb5b207f289ca945) Importer(2089858483,192608db42251d675da83286b1cce702) (ScriptedImporter) -> (artifact id: '4fb0e3992ab58406557549b8ef4cd4e7') in 0.015639099 seconds
Number of updated asset objects reloaded before import = 0Number of asset objects unloaded after import = 1

========================================================================
Received Import Request.
  Time since last request: 0.000027 seconds.
  path: Assets/LowPolyMedievalPropsLite/Models/Bag_01.fbx
  artifactKey: Guid(19c13fc8ef9d2fa41bde4b3ad2b32f8e) Importer(2089858483,192608db42251d675da83286b1cce702)
Start importing Assets/LowPolyMedievalPropsLite/Models/Bag_01.fbx using Guid(19c13fc8ef9d2fa41bde4b3ad2b32f8e) Importer(2089858483,192608db42251d675da83286b1cce702) (ScriptedImporter) -> (artifact id: 'bce449237a9db36c39437be9986b946b') in 0.010552836 seconds
Number of updated asset objects reloaded before import = 0Number of asset objects unloaded after import = 7

========================================================================
Received Import Request.
  Time since last request: 0.000030 seconds.
  path: Assets/FantasyMedievalTown_LITE/Prefabs/House_01_LITE.prefab
  artifactKey: Guid(e8261a97a7f761c4e8efce96a79a4a28) Importer(2089858483,192608db42251d675da83286b1cce702)
Start importing Assets/FantasyMedievalTown_LITE/Prefabs/House_01_LITE.prefab using Guid(e8261a97a7f761c4e8efce96a79a4a28) Importer(2089858483,192608db42251d675da83286b1cce702) (ScriptedImporter) -> (artifact id: '42d7b6151a58c083af50610553c0ae66') in 0.018559452 seconds
Number of updated asset objects reloaded before import = 0Number of asset objects unloaded after import = 438

========================================================================
Received Import Request.
  Time since last request: 0.000049 seconds.
  path: Assets/FantasyMedievalTown_LITE/Prefabs/HouseBase_03_LITE.prefab
  artifactKey: Guid(3cf57bb0c3bf0e14dae5d174e1c87e3a) Importer(2089858483,192608db42251d675da83286b1cce702)
Start importing Assets/FantasyMedievalTown_LITE/Prefabs/HouseBase_03_LITE.prefab using Guid(3cf57bb0c3bf0e14dae5d174e1c87e3a) Importer(2089858483,192608db42251d675da83286b1cce702) (ScriptedImporter) -> (artifact id: 'fb306348cc68a03d0a26a8753660cd54') in 0.007831938 seconds
Number of updated asset objects reloaded before import = 0Number of asset objects unloaded after import = 23

========================================================================
Received Import Request.
  Time since last request: 0.000022 seconds.
  path: Assets/FantasyMedievalTown_LITE/Prefabs/Rock_01_LITE.prefab
  artifactKey: Guid(5371aaf51314ad747b8b8e8dab484623) Importer(2089858483,192608db42251d675da83286b1cce702)
Start importing Assets/FantasyMedievalTown_LITE/Prefabs/Rock_01_LITE.prefab using Guid(5371aaf51314ad747b8b8e8dab484623) Importer(2089858483,192608db42251d675da83286b1cce702) (ScriptedImporter) -> (artifact id: '50c34b8f23fc9d11cdf938f00fc4831c') in 0.006170167 seconds
Number of updated asset objects reloaded before import = 0Number of asset objects unloaded after import = 17

========================================================================
Received Import Request.
  Time since last request: 0.000026 seconds.
  path: Assets/FantasyMedievalTown_LITE/Materials/MedievalTownLite_Glass.mat
  artifactKey: Guid(3496f79c550bdcb4e90cf3ef4ef56e57) Importer(2089858483,192608db42251d675da83286b1cce702)
Start importing Assets/FantasyMedievalTown_LITE/Materials/MedievalTownLite_Glass.mat using Guid(3496f79c550bdcb4e90cf3ef4ef56e57) Importer(2089858483,192608db42251d675da83286b1cce702) (ScriptedImporter) -> (artifact id: '49a9232efa75e3ebff3de6ea07df74aa') in 0.005078067 seconds
Number of updated asset objects reloaded before import = 0Number of asset objects unloaded after import = 1

========================================================================
Received Import Request.
  Time since last request: 0.000023 seconds.
  path: Assets/Settings/PC_Renderer.asset
  artifactKey: Guid(f288ae1f4751b564a96ac7587541f7a2) Importer(2089858483,192608db42251d675da83286b1cce702)
Start importing Assets/Settings/PC_Renderer.asset using Guid(f288ae1f4751b564a96ac7587541f7a2) Importer(2089858483,192608db42251d675da83286b1cce702) (ScriptedImporter) -> (artifact id: '8ce4647a670a5ee4d383eb38ac139ced') in 0.013898928 seconds
Number of updated asset objects reloaded before import = 0Number of asset objects unloaded after import = 1

========================================================================
Received Import Request.
  Time since last request: 0.000026 seconds.
  path: Assets/Adventure_Character/Materials/Man_Cloth_Up_03.mat
  artifactKey: Guid(d8545fb76914297488e63ac18a80c3a2) Importer(2089858483,192608db42251d675da83286b1cce702)
Start importing Assets/Adventure_Character/Materials/Man_Cloth_Up_03.mat using Guid(d8545fb76914297488e63ac18a80c3a2) Importer(2089858483,192608db42251d675da83286b1cce702) (ScriptedImporter) -> (artifact id: 'f01a7b387de1b6f31637bccdf6830e42') in 0.086045042 seconds
Number of updated asset objects reloaded before import = 0Number of asset objects unloaded after import = 5

========================================================================
Received Import Request.
  Time since last request: 0.000048 seconds.
  path: Assets/FantasyMedievalTown_LITE/Materials/MedievalTownLite_BG.mat
  artifactKey: Guid(c55940cfd2c671c46be1df371d6b8662) Importer(2089858483,192608db42251d675da83286b1cce702)
Start importing Assets/FantasyMedievalTown_LITE/Materials/MedievalTownLite_BG.mat using Guid(c55940cfd2c671c46be1df371d6b8662) Importer(2089858483,192608db42251d675da83286b1cce702) (ScriptedImporter) -> (artifact id: 'd7e460a68601afa7c457cf063692e155') in 0.004575661 seconds
Number of updated asset objects reloaded before import = 0Number of asset objects unloaded after import = 1

========================================================================
Received Import Request.
  Time since last request: 0.000052 seconds.
  path: Assets/BodyGuards/Meshes/SkelMesh_Bodyguard_02.fbx
  artifactKey: Guid(765e2fde8c84f094e99304c6198491ea) Importer(2089858483,192608db42251d675da83286b1cce702)
Start importing Assets/BodyGuards/Meshes/SkelMesh_Bodyguard_02.fbx using Guid(765e2fde8c84f094e99304c6198491ea) Importer(2089858483,192608db42251d675da83286b1cce702) (ScriptedImporter) -> (artifact id: '3ffb07057fb843a2e2227b2a02728480') in 0.022021224 seconds
Number of updated asset objects reloaded before import = 0Number of asset objects unloaded after import = 175

========================================================================
Received Import Request.
  Time since last request: 0.000028 seconds.
  path: Assets/BodyGuards/Textures/Boduguard_02_S.tga
  artifactKey: Guid(8be71c89d8f17fb49857815df64070ed) Importer(2089858483,192608db42251d675da83286b1cce702)
Start importing Assets/BodyGuards/Textures/Boduguard_02_S.tga using Guid(8be71c89d8f17fb49857815df64070ed) Importer(2089858483,192608db42251d675da83286b1cce702) (ScriptedImporter) -> (artifact id: 'bf896eb18953f0324597206ba955ef29') in 0.011619001 seconds
Number of updated asset objects reloaded before import = 0Number of asset objects unloaded after import = 1

========================================================================
Received Import Request.
  Time since last request: 0.000030 seconds.
  path: Assets/FantasyMedievalTown_LITE/Models/HouseWall_11.fbx
  artifactKey: Guid(aeb30b4f810979547bd01a37bbad12e6) Importer(2089858483,192608db42251d675da83286b1cce702)
Start importing Assets/FantasyMedievalTown_LITE/Models/HouseWall_11.fbx using Guid(aeb30b4f810979547bd01a37bbad12e6) Importer(2089858483,192608db42251d675da83286b1cce702) (ScriptedImporter) -> (artifact id: '3d3197bc2f21d5c9a740966c4b3e737e') in 0.016888059 seconds
Number of updated asset objects reloaded before import = 0Number of asset objects unloaded after import = 15

========================================================================
Received Import Request.
  Time since last request: 0.000027 seconds.
  path: Assets/Adventure_Character/Prefabs/Man_02.prefab
  artifactKey: Guid(7ee9a881584999e498cd568894ff4b39) Importer(2089858483,192608db42251d675da83286b1cce702)
Start importing Assets/Adventure_Character/Prefabs/Man_02.prefab using Guid(7ee9a881584999e498cd568894ff4b39) Importer(2089858483,192608db42251d675da83286b1cce702) (ScriptedImporter) -> (artifact id: 'fce93cc46b92842d2573c19632c4f29d') in 0.019752902 seconds
Number of updated asset objects reloaded before import = 0Number of asset objects unloaded after import = 184

========================================================================
Received Import Request.
  Time since last request: 0.000027 seconds.
  path: Assets/Stylized Door/Scene.unity
  artifactKey: Guid(bf3bffe53fd906a4a964635861603703) Importer(2089858483,192608db42251d675da83286b1cce702)
Start importing Assets/Stylized Door/Scene.unity using Guid(bf3bffe53fd906a4a964635861603703) Importer(2089858483,192608db42251d675da83286b1cce702) (ScriptedImporter) -> (artifact id: '539f944c93f6c8331b29a47cae3ef11b') in 0.003494892 seconds
Number of updated asset objects reloaded before import = 0Number of asset objects unloaded after import = 1

========================================================================
Received Import Request.
  Time since last request: 0.000031 seconds.
  path: Assets/LowPolyMedievalPropsLite/Materials/LP_MedievalProps_BG2.mat
  artifactKey: Guid(37b2df931519e8c4f91d8633a8b45261) Importer(2089858483,192608db42251d675da83286b1cce702)
Start importing Assets/LowPolyMedievalPropsLite/Materials/LP_MedievalProps_BG2.mat using Guid(37b2df931519e8c4f91d8633a8b45261) Importer(2089858483,192608db42251d675da83286b1cce702) (ScriptedImporter) -> (artifact id: '9355ccd23125202d7c767d92663614ec') in 0.004997327 seconds
Number of updated asset objects reloaded before import = 0Number of asset objects unloaded after import = 1

========================================================================
Received Import Request.
  Time since last request: 0.000040 seconds.
  path: Assets/BodyGuards/Textures/Boduguard_02_D.tga
  artifactKey: Guid(d8505e7e18d338c4fba1e1250fefbf6f) Importer(2089858483,192608db42251d675da83286b1cce702)
Start importing Assets/BodyGuards/Textures/Boduguard_02_D.tga using Guid(d8505e7e18d338c4fba1e1250fefbf6f) Importer(2089858483,192608db42251d675da83286b1cce702) (ScriptedImporter) -> (artifact id: '4a250431aebef4fbf0f1beb525a539f6') in 0.010759112 seconds
Number of updated asset objects reloaded before import = 0Number of asset objects unloaded after import = 1

========================================================================
Received Import Request.
  Time since last request: 0.000024 seconds.
  path: Assets/Scenes/SampleScene.unity
  artifactKey: Guid(99c9720ab356a0642a771bea13969a05) Importer(2089858483,192608db42251d675da83286b1cce702)
Start importing Assets/Scenes/SampleScene.unity using Guid(99c9720ab356a0642a771bea13969a05) Importer(2089858483,192608db42251d675da83286b1cce702) (ScriptedImporter) -> (artifact id: '2a2c70d2aa5b413d1656b31d916efc2d') in 0.045017259 seconds
Number of updated asset objects reloaded before import = 0Number of asset objects unloaded after import = 1

========================================================================
Received Import Request.
  Time since last request: 0.000027 seconds.
  path: Assets/FantasyMedievalTown_LITE/Prefabs/HouseWall_02_LITE.prefab
  artifactKey: Guid(ca12e4d3b8ba552408c001532eecb3ac) Importer(2089858483,192608db42251d675da83286b1cce702)
Start importing Assets/FantasyMedievalTown_LITE/Prefabs/HouseWall_02_LITE.prefab using Guid(ca12e4d3b8ba552408c001532eecb3ac) Importer(2089858483,192608db42251d675da83286b1cce702) (ScriptedImporter) -> (artifact id: 'e027257c568360bcefad26954239e07e') in 0.00724177 seconds
Number of updated asset objects reloaded before import = 0Number of asset objects unloaded after import = 17

========================================================================
Received Import Request.
  Time since last request: 0.000034 seconds.
  path: Assets/FantasyMedievalTown_LITE/Prefabs/Fence_01_LITE.prefab
  artifactKey: Guid(2733d4365aba6ef4ca4d5a4495cdaa07) Importer(2089858483,192608db42251d675da83286b1cce702)
Start importing Assets/FantasyMedievalTown_LITE/Prefabs/Fence_01_LITE.prefab using Guid(2733d4365aba6ef4ca4d5a4495cdaa07) Importer(2089858483,192608db42251d675da83286b1cce702) (ScriptedImporter) -> (artifact id: '682fc2ea028270e6bcfa15688f314652') in 0.007117654 seconds
Number of updated asset objects reloaded before import = 0Number of asset objects unloaded after import = 23

========================================================================
Received Import Request.
  Time since last request: 0.000026 seconds.
  path: Assets/FantasyMedievalTown_LITE/Textures/CartoonTownLite_Texture_01.png
  artifactKey: Guid(8ae098f12a8d453439ed9182a67f0521) Importer(2089858483,192608db42251d675da83286b1cce702)
Start importing Assets/FantasyMedievalTown_LITE/Textures/CartoonTownLite_Texture_01.png using Guid(8ae098f12a8d453439ed9182a67f0521) Importer(2089858483,192608db42251d675da83286b1cce702) (ScriptedImporter) -> (artifact id: '70e6e486c8d3258cd172d03824830be3') in 0.016495157 seconds
Number of updated asset objects reloaded before import = 0Number of asset objects unloaded after import = 1

========================================================================
Received Import Request.
  Time since last request: 0.000034 seconds.
  path: Assets/Adventure_Character/Textures/Man_Cloth_Down_Normals.tga
  artifactKey: Guid(f2e1f6178c8683c4ba8c0a575ab45e0f) Importer(2089858483,192608db42251d675da83286b1cce702)
Start importing Assets/Adventure_Character/Textures/Man_Cloth_Down_Normals.tga using Guid(f2e1f6178c8683c4ba8c0a575ab45e0f) Importer(2089858483,192608db42251d675da83286b1cce702) (ScriptedImporter) -> (artifact id: 'e17241f9ee7546bac6ed1f347922c876') in 0.0288073 seconds
Number of updated asset objects reloaded before import = 0Number of asset objects unloaded after import = 1

========================================================================
Received Import Request.
  Time since last request: 0.000044 seconds.
  path: Assets/Readme.asset
  artifactKey: Guid(8105016687592461f977c054a80ce2f2) Importer(2089858483,192608db42251d675da83286b1cce702)
Start importing Assets/Readme.asset using Guid(8105016687592461f977c054a80ce2f2) Importer(2089858483,192608db42251d675da83286b1cce702) (ScriptedImporter) -> (artifact id: '4f17f8767e604fdd698d7498056bfc27') in 0.005544164 seconds
Number of updated asset objects reloaded before import = 0Number of asset objects unloaded after import = 2

========================================================================
Received Import Request.
  Time since last request: 0.000025 seconds.
  path: Assets/Adventure_Character/Textures/Man_Cloth_Up_Albedo_03.tga
  artifactKey: Guid(af9d8bdb5bff58c449c7fa4f414869f3) Importer(2089858483,192608db42251d675da83286b1cce702)
Start importing Assets/Adventure_Character/Textures/Man_Cloth_Up_Albedo_03.tga using Guid(af9d8bdb5bff58c449c7fa4f414869f3) Importer(2089858483,192608db42251d675da83286b1cce702) (ScriptedImporter) -> (artifact id: '6b7ea3c83d4c929552032427f47a03db') in 0.015833583 seconds
Number of updated asset objects reloaded before import = 0Number of asset objects unloaded after import = 1

========================================================================
Received Import Request.
  Time since last request: 0.000024 seconds.
  path: Assets/Materials/New Material.mat
  artifactKey: Guid(369b4784ec98cfb42b30e1316bd84d05) Importer(2089858483,192608db42251d675da83286b1cce702)
Start importing Assets/Materials/New Material.mat using Guid(369b4784ec98cfb42b30e1316bd84d05) Importer(2089858483,192608db42251d675da83286b1cce702) (ScriptedImporter) -> (artifact id: 'faeca06ddb47f5e8f8bf3f3c3ddadd3e') in 0.004710282 seconds
Number of updated asset objects reloaded before import = 0Number of asset objects unloaded after import = 1

========================================================================
Received Import Request.
  Time since last request: 0.000025 seconds.
  path: Assets/Adventure_Character/Textures/Man_Cloth_Down_Albedo_03.tga
  artifactKey: Guid(71aeb812376f4044b868498af0c5a09e) Importer(2089858483,192608db42251d675da83286b1cce702)
Start importing Assets/Adventure_Character/Textures/Man_Cloth_Down_Albedo_03.tga using Guid(71aeb812376f4044b868498af0c5a09e) Importer(2089858483,192608db42251d675da83286b1cce702) (ScriptedImporter) -> (artifact id: 'cc769075de25014cf1bee97876634509') in 0.033375818 seconds
Number of updated asset objects reloaded before import = 0Number of asset objects unloaded after import = 1

========================================================================
Received Import Request.
  Time since last request: 0.000026 seconds.
  path: Assets/LowPolyMedievalPropsLite/Models/Furniture_01.fbx
  artifactKey: Guid(76437dde85b553a448feac48309ee249) Importer(2089858483,192608db42251d675da83286b1cce702)
Start importing Assets/LowPolyMedievalPropsLite/Models/Furniture_01.fbx using Guid(76437dde85b553a448feac48309ee249) Importer(2089858483,192608db42251d675da83286b1cce702) (ScriptedImporter) -> (artifact id: '61fa13c4b7e9af3c7189ceaa521b7f43') in 0.012105617 seconds
Number of updated asset objects reloaded before import = 0Number of asset objects unloaded after import = 7

========================================================================
Received Import Request.
  Time since last request: 0.000033 seconds.
  path: Assets/LowPolyMedievalPropsLite/Models/Stone_01.fbx
  artifactKey: Guid(35cc935db4dfe094dabfc21eb7852564) Importer(2089858483,192608db42251d675da83286b1cce702)
Start importing Assets/LowPolyMedievalPropsLite/Models/Stone_01.fbx using Guid(35cc935db4dfe094dabfc21eb7852564) Importer(2089858483,192608db42251d675da83286b1cce702) (ScriptedImporter) -> (artifact id: '98c717bf4069712a3ca2db8affc70824') in 0.010605731 seconds
Number of updated asset objects reloaded before import = 0Number of asset objects unloaded after import = 7

========================================================================
Received Import Request.
  Time since last request: 0.000042 seconds.
  path: Assets/LowPolyMedievalPropsLite/Models/Coin_02.fbx
  artifactKey: Guid(9f092d3d1215931439ad14ba738af38e) Importer(2089858483,192608db42251d675da83286b1cce702)
Start importing Assets/LowPolyMedievalPropsLite/Models/Coin_02.fbx using Guid(9f092d3d1215931439ad14ba738af38e) Importer(2089858483,192608db42251d675da83286b1cce702) (ScriptedImporter) -> (artifact id: '9b2ec54f9c15b0241a7cb66896d026f6') in 0.027763138 seconds
Number of updated asset objects reloaded before import = 0Number of asset objects unloaded after import = 7

========================================================================
Received Import Request.
  Time since last request: 0.000031 seconds.
  path: Assets/LowPolyMedievalPropsLite/Models/Food_03.fbx
  artifactKey: Guid(9831a843c0fcb604c98a6ca97736e043) Importer(2089858483,192608db42251d675da83286b1cce702)
Start importing Assets/LowPolyMedievalPropsLite/Models/Food_03.fbx using Guid(9831a843c0fcb604c98a6ca97736e043) Importer(2089858483,192608db42251d675da83286b1cce702) (ScriptedImporter) -> (artifact id: '30b75c0ad9e5d327d78517f5fb68060c') in 0.016165792 seconds
Number of updated asset objects reloaded before import = 0Number of asset objects unloaded after import = 7

========================================================================
Received Import Request.
  Time since last request: 0.000023 seconds.
  path: Assets/LowPolyMedievalPropsLite/Prefabs/Food_04.prefab
  artifactKey: Guid(2ff5148f5d004674992fef3fffecde31) Importer(2089858483,192608db42251d675da83286b1cce702)
Start importing Assets/LowPolyMedievalPropsLite/Prefabs/Food_04.prefab using Guid(2ff5148f5d004674992fef3fffecde31) Importer(2089858483,192608db42251d675da83286b1cce702) (ScriptedImporter) -> (artifact id: '8ed8914e419589069d13af48de5b2b84') in 0.01704657 seconds
Number of updated asset objects reloaded before import = 0Number of asset objects unloaded after import = 9

========================================================================
Received Import Request.
  Time since last request: 0.000024 seconds.
  path: Assets/LowPolyMedievalPropsLite/Models/Furniture_03.fbx
  artifactKey: Guid(5bd5826050924dd409e479e212a4eeb4) Importer(2089858483,192608db42251d675da83286b1cce702)
Start importing Assets/LowPolyMedievalPropsLite/Models/Furniture_03.fbx using Guid(5bd5826050924dd409e479e212a4eeb4) Importer(2089858483,192608db42251d675da83286b1cce702) (ScriptedImporter) -> (artifact id: '1fc2d031b2281f29f4d4db161b1d9887') in 0.012313447 seconds
Number of updated asset objects reloaded before import = 0Number of asset objects unloaded after import = 7

========================================================================
Received Import Request.
  Time since last request: 0.000032 seconds.
  path: Assets/LowPolyMedievalPropsLite/Models/Coin_03.fbx
  artifactKey: Guid(d49e7ca80a40b5943b92c8b1621f5411) Importer(2089858483,192608db42251d675da83286b1cce702)
Start importing Assets/LowPolyMedievalPropsLite/Models/Coin_03.fbx using Guid(d49e7ca80a40b5943b92c8b1621f5411) Importer(2089858483,192608db42251d675da83286b1cce702) (ScriptedImporter) -> (artifact id: '0f63d9b33a3aa0051b8d88f4e746ade1') in 0.010818211 seconds
Number of updated asset objects reloaded before import = 0Number of asset objects unloaded after import = 7

========================================================================
Received Import Request.
  Time since last request: 0.000050 seconds.
  path: Assets/LowPolyMedievalPropsLite/Prefabs/Coin_02.prefab
  artifactKey: Guid(09605bc47ca2dbb43a4e2174e6f8a924) Importer(2089858483,192608db42251d675da83286b1cce702)
Start importing Assets/LowPolyMedievalPropsLite/Prefabs/Coin_02.prefab using Guid(09605bc47ca2dbb43a4e2174e6f8a924) Importer(2089858483,192608db42251d675da83286b1cce702) (ScriptedImporter) -> (artifact id: 'ae2ba92d017db6e8202214c503dba99f') in 0.015332242 seconds
Number of updated asset objects reloaded before import = 0Number of asset objects unloaded after import = 9

========================================================================
Received Import Request.
  Time since last request: 0.000022 seconds.
  path: Assets/LowPolyMedievalPropsLite/Models/Food_06.fbx
  artifactKey: Guid(0551f82b6f53c0741a8aa56baa66b40f) Importer(2089858483,192608db42251d675da83286b1cce702)
Start importing Assets/LowPolyMedievalPropsLite/Models/Food_06.fbx using Guid(0551f82b6f53c0741a8aa56baa66b40f) Importer(2089858483,192608db42251d675da83286b1cce702) (ScriptedImporter) -> (artifact id: 'b2c69bffc2d6b43883ce279ba377e2b7') in 0.022454549 seconds
Number of updated asset objects reloaded before import = 0Number of asset objects unloaded after import = 7

========================================================================
Received Import Request.
  Time since last request: 0.000025 seconds.
  path: Assets/LowPolyMedievalPropsLite/Models/WoodPlank_02.fbx
  artifactKey: Guid(9ce009a7b8367224b9de363b72ff042b) Importer(2089858483,192608db42251d675da83286b1cce702)
Start importing Assets/LowPolyMedievalPropsLite/Models/WoodPlank_02.fbx using Guid(9ce009a7b8367224b9de363b72ff042b) Importer(2089858483,192608db42251d675da83286b1cce702) (ScriptedImporter) -> (artifact id: '499391ded3bb35a35e49384d6aa6234c') in 0.015656152 seconds
Number of updated asset objects reloaded before import = 0Number of asset objects unloaded after import = 7

========================================================================
Received Import Request.
  Time since last request: 0.000030 seconds.
  path: Assets/LowPolyMedievalPropsLite/Models/WoodPlank_03.fbx
  artifactKey: Guid(bb951294ce1af384fa25422039d2609f) Importer(2089858483,192608db42251d675da83286b1cce702)
Start importing Assets/LowPolyMedievalPropsLite/Models/WoodPlank_03.fbx using Guid(bb951294ce1af384fa25422039d2609f) Importer(2089858483,192608db42251d675da83286b1cce702) (ScriptedImporter) -> (artifact id: '3ca9dabdfd20444ac907526770b7f487') in 0.01073119 seconds
Number of updated asset objects reloaded before import = 0Number of asset objects unloaded after import = 7

========================================================================
Received Import Request.
  Time since last request: 0.000029 seconds.
  path: Assets/LowPolyMedievalPropsLite/Prefabs/Axe_01.prefab
  artifactKey: Guid(4778fb0ebd4d7554887f2bd7e6fa39c1) Importer(2089858483,192608db42251d675da83286b1cce702)
Start importing Assets/LowPolyMedievalPropsLite/Prefabs/Axe_01.prefab using Guid(4778fb0ebd4d7554887f2bd7e6fa39c1) Importer(2089858483,192608db42251d675da83286b1cce702) (ScriptedImporter) -> (artifact id: '6ef069b2b26feae9bf27d6a1b18b6078') in 0.009883563 seconds
Number of updated asset objects reloaded before import = 0Number of asset objects unloaded after import = 9

========================================================================
Received Import Request.
  Time since last request: 0.000050 seconds.
  path: Assets/LowPolyMedievalPropsLite/Prefabs/Food_01.prefab
  artifactKey: Guid(53a440911d2c3a54e980d8098965d99f) Importer(2089858483,192608db42251d675da83286b1cce702)
Start importing Assets/LowPolyMedievalPropsLite/Prefabs/Food_01.prefab using Guid(53a440911d2c3a54e980d8098965d99f) Importer(2089858483,192608db42251d675da83286b1cce702) (ScriptedImporter) -> (artifact id: '19c45e64628f4adc0c6d400f60cd4d03') in 0.008773229 seconds
Number of updated asset objects reloaded before import = 0Number of asset objects unloaded after import = 9

========================================================================
Received Import Request.
  Time since last request: 0.000025 seconds.
  path: Assets/LowPolyMedievalPropsLite/Models/Food_01.fbx
  artifactKey: Guid(6fd11993b5248a4428c9af6a3180861a) Importer(2089858483,192608db42251d675da83286b1cce702)
Start importing Assets/LowPolyMedievalPropsLite/Models/Food_01.fbx using Guid(6fd11993b5248a4428c9af6a3180861a) Importer(2089858483,192608db42251d675da83286b1cce702) (ScriptedImporter) -> (artifact id: '7c32a165dae1f6214f4a03b618ee6397') in 0.013486521 seconds
Number of updated asset objects reloaded before import = 0Number of asset objects unloaded after import = 7

========================================================================
Received Import Request.
  Time since last request: 0.000025 seconds.
  path: Assets/LowPolyMedievalPropsLite/Models/Plate_01.fbx
  artifactKey: Guid(16b6f277b2d633845aee28a5d6b6c129) Importer(2089858483,192608db42251d675da83286b1cce702)
Start importing Assets/LowPolyMedievalPropsLite/Models/Plate_01.fbx using Guid(16b6f277b2d633845aee28a5d6b6c129) Importer(2089858483,192608db42251d675da83286b1cce702) (ScriptedImporter) -> (artifact id: '68fbb4810ced7e868f1741005f845c6b') in 0.015712306 seconds
Number of updated asset objects reloaded before import = 0Number of asset objects unloaded after import = 7

========================================================================
Received Import Request.
  Time since last request: 0.000026 seconds.
  path: Assets/LowPolyMedievalPropsLite/Prefabs/Furniture_03.prefab
  artifactKey: Guid(426f5685ee9aca84491d8c314be1350f) Importer(2089858483,192608db42251d675da83286b1cce702)
Start importing Assets/LowPolyMedievalPropsLite/Prefabs/Furniture_03.prefab using Guid(426f5685ee9aca84491d8c314be1350f) Importer(2089858483,192608db42251d675da83286b1cce702) (ScriptedImporter) -> (artifact id: 'cec0530a1bae3ae2c3288947dffc03cc') in 0.011539819 seconds
Number of updated asset objects reloaded before import = 0Number of asset objects unloaded after import = 9

========================================================================
Received Import Request.
  Time since last request: 0.000031 seconds.
  path: Assets/LowPolyMedievalPropsLite/Prefabs/Jug_01.prefab
  artifactKey: Guid(0c49d14f67533cd46946f65d18bf9bd3) Importer(2089858483,192608db42251d675da83286b1cce702)
Start importing Assets/LowPolyMedievalPropsLite/Prefabs/Jug_01.prefab using Guid(0c49d14f67533cd46946f65d18bf9bd3) Importer(2089858483,192608db42251d675da83286b1cce702) (ScriptedImporter) -> (artifact id: '9b64cf34593e3df2973f207c2523b2d9') in 0.011597676 seconds
Number of updated asset objects reloaded before import = 0Number of asset objects unloaded after import = 9

========================================================================
Received Import Request.
  Time since last request: 0.000042 seconds.
  path: Assets/LowPolyMedievalPropsLite/Models/Food_04.fbx
  artifactKey: Guid(b75052460f939504bb8234a900cbd411) Importer(2089858483,192608db42251d675da83286b1cce702)
Start importing Assets/LowPolyMedievalPropsLite/Models/Food_04.fbx using Guid(b75052460f939504bb8234a900cbd411) Importer(2089858483,192608db42251d675da83286b1cce702) (ScriptedImporter) -> (artifact id: 'c31892918d8ace742ec45c2b826b66e2') in 0.012068772 seconds
Number of updated asset objects reloaded before import = 0Number of asset objects unloaded after import = 7

========================================================================
Received Import Request.
  Time since last request: 0.000040 seconds.
  path: Assets/LowPolyMedievalPropsLite/Models/Fence_02.fbx
  artifactKey: Guid(9e2a01ecda5258e4590bff3ba5b0393f) Importer(2089858483,192608db42251d675da83286b1cce702)
Start importing Assets/LowPolyMedievalPropsLite/Models/Fence_02.fbx using Guid(9e2a01ecda5258e4590bff3ba5b0393f) Importer(2089858483,192608db42251d675da83286b1cce702) (ScriptedImporter) -> (artifact id: '694424837f156c4757ee0df5dc382aed') in 0.010980088 seconds
Number of updated asset objects reloaded before import = 0Number of asset objects unloaded after import = 7

========================================================================
Received Import Request.
  Time since last request: 0.000041 seconds.
  path: Assets/Adventure_Character/Textures/Man_Body_Metallic.tga
  artifactKey: Guid(72cb5a51a442407438404bf56648f700) Importer(2089858483,192608db42251d675da83286b1cce702)
Start importing Assets/Adventure_Character/Textures/Man_Body_Metallic.tga using Guid(72cb5a51a442407438404bf56648f700) Importer(2089858483,192608db42251d675da83286b1cce702) (ScriptedImporter) -> (artifact id: '11fe9140b94b6862c449328e4c322652') in 0.028407166 seconds
Number of updated asset objects reloaded before import = 0Number of asset objects unloaded after import = 1

========================================================================
Received Import Request.
  Time since last request: 0.000032 seconds.
  path: Assets/Adventure_Character/Materials/Man_Body.mat
  artifactKey: Guid(215fc7c8e2d87c8438088b27a1600878) Importer(2089858483,192608db42251d675da83286b1cce702)
Start importing Assets/Adventure_Character/Materials/Man_Body.mat using Guid(215fc7c8e2d87c8438088b27a1600878) Importer(2089858483,192608db42251d675da83286b1cce702) (ScriptedImporter) -> (artifact id: 'bf7cb02657f629fbc5e4b341d0840ebf') in 0.102121606 seconds
Number of updated asset objects reloaded before import = 0Number of asset objects unloaded after import = 5

========================================================================
Received Import Request.
  Time since last request: 0.000045 seconds.
  path: Assets/LowPolyMedievalPropsLite/Scenes/MedievalPropsLite_Demo.unity
  artifactKey: Guid(7a5bbec1c3009264f9c83de34dab247e) Importer(2089858483,192608db42251d675da83286b1cce702)
Start importing Assets/LowPolyMedievalPropsLite/Scenes/MedievalPropsLite_Demo.unity using Guid(7a5bbec1c3009264f9c83de34dab247e) Importer(2089858483,192608db42251d675da83286b1cce702) (ScriptedImporter) -> (artifact id: '970b8829d23856d07bb9dd9843ce7bf9') in 0.012002283 seconds
Number of updated asset objects reloaded before import = 0Number of asset objects unloaded after import = 1

========================================================================
Received Import Request.
  Time since last request: 0.000042 seconds.
  path: Assets/SimplePoly City - Low Poly Assets/Materials/Building Sky_small_color02.mat
  artifactKey: Guid(c16376cb5b7e25b429aa618d4386f4ea) Importer(2089858483,192608db42251d675da83286b1cce702)
Start importing Assets/SimplePoly City - Low Poly Assets/Materials/Building Sky_small_color02.mat using Guid(c16376cb5b7e25b429aa618d4386f4ea) Importer(2089858483,192608db42251d675da83286b1cce702) (ScriptedImporter) -> (artifact id: '159f5ba1674b483858670e2658ad9ed4') in 0.006499763 seconds
Number of updated asset objects reloaded before import = 0Number of asset objects unloaded after import = 3

========================================================================
Received Import Request.
  Time since last request: 0.000023 seconds.
  path: Assets/LowPolyMedievalPropsLite/Prefabs/Stairs_01.prefab
  artifactKey: Guid(55950e8fd9760f0488b64073fdf74021) Importer(2089858483,192608db42251d675da83286b1cce702)
Start importing Assets/LowPolyMedievalPropsLite/Prefabs/Stairs_01.prefab using Guid(55950e8fd9760f0488b64073fdf74021) Importer(2089858483,192608db42251d675da83286b1cce702) (ScriptedImporter) -> (artifact id: '5453113591ce147cdd385a54f6d51af4') in 0.008414919 seconds
Number of updated asset objects reloaded before import = 0Number of asset objects unloaded after import = 9

========================================================================
Received Import Request.
  Time since last request: 0.000030 seconds.
  path: Assets/Scenes/SampleScene/NavMesh-Parliament Building.asset
  artifactKey: Guid(65980430cdb07add7973048886829814) Importer(2089858483,192608db42251d675da83286b1cce702)
Start importing Assets/Scenes/SampleScene/NavMesh-Parliament Building.asset using Guid(65980430cdb07add7973048886829814) Importer(2089858483,192608db42251d675da83286b1cce702) (ScriptedImporter) -> (artifact id: 'ec5d1583ae1275f95fb33a542480c624') in 0.072750369 seconds
Number of updated asset objects reloaded before import = 0Number of asset objects unloaded after import = 1

========================================================================
Received Import Request.
  Time since last request: 0.000031 seconds.
  path: Assets/LowPolyMedievalPropsLite/Prefabs/WoodPlank_02.prefab
  artifactKey: Guid(8be4dcaf6b4245341b59481c573c1ada) Importer(2089858483,192608db42251d675da83286b1cce702)
Start importing Assets/LowPolyMedievalPropsLite/Prefabs/WoodPlank_02.prefab using Guid(8be4dcaf6b4245341b59481c573c1ada) Importer(2089858483,192608db42251d675da83286b1cce702) (ScriptedImporter) -> (artifact id: '81fe931da3482f7388d4184a1ea29b83') in 0.009079415 seconds
Number of updated asset objects reloaded before import = 0Number of asset objects unloaded after import = 9

========================================================================
Received Import Request.
  Time since last request: 0.000029 seconds.
  path: Assets/SimplePoly City - Low Poly Assets/Materials/Building Sky_small_color03.mat
  artifactKey: Guid(8f1cbf7d8b46f0c44ab5e32bfc3041a6) Importer(2089858483,192608db42251d675da83286b1cce702)
Start importing Assets/SimplePoly City - Low Poly Assets/Materials/Building Sky_small_color03.mat using Guid(8f1cbf7d8b46f0c44ab5e32bfc3041a6) Importer(2089858483,192608db42251d675da83286b1cce702) (ScriptedImporter) -> (artifact id: '4435890cd95fc1b24eb5be15f0bd6f69') in 0.005211187 seconds
Number of updated asset objects reloaded before import = 0Number of asset objects unloaded after import = 3

========================================================================
Received Import Request.
  Time since last request: 0.000041 seconds.
  path: Assets/Scenes/SampleScene/NavMesh-Ground.asset
  artifactKey: Guid(61172a4748c8f2b08987d527b3508ab4) Importer(2089858483,192608db42251d675da83286b1cce702)
Start importing Assets/Scenes/SampleScene/NavMesh-Ground.asset using Guid(61172a4748c8f2b08987d527b3508ab4) Importer(2089858483,192608db42251d675da83286b1cce702) (ScriptedImporter) -> (artifact id: '0023c3c0f4f6a74612620be8f777858f') in 0.057478199 seconds
Number of updated asset objects reloaded before import = 0Number of asset objects unloaded after import = 1

========================================================================
Received Import Request.
  Time since last request: 0.000027 seconds.
  path: Assets/Scenes/SampleScene/NavMesh-Ground (1).asset
  artifactKey: Guid(e4f865cb30ce08ecea861db3b5980a3e) Importer(2089858483,192608db42251d675da83286b1cce702)
Start importing Assets/Scenes/SampleScene/NavMesh-Ground (1).asset using Guid(e4f865cb30ce08ecea861db3b5980a3e) Importer(2089858483,192608db42251d675da83286b1cce702) (ScriptedImporter) -> (artifact id: 'c8063ccceb6bad2a747d04742f5d9b38') in 0.055252826 seconds
Number of updated asset objects reloaded before import = 0Number of asset objects unloaded after import = 1

========================================================================
Received Import Request.
  Time since last request: 0.000028 seconds.
  path: Assets/Scenes/SampleScene/NavMesh-NavMeshSurface 1.asset
  artifactKey: Guid(14c7cab77073b6a1db64fc16eb10d107) Importer(2089858483,192608db42251d675da83286b1cce702)
Start importing Assets/Scenes/SampleScene/NavMesh-NavMeshSurface 1.asset using Guid(14c7cab77073b6a1db64fc16eb10d107) Importer(2089858483,192608db42251d675da83286b1cce702) (ScriptedImporter) -> (artifact id: '62c1099a7c05433afdd80f091760663a') in 0.056009933 seconds
Number of updated asset objects reloaded before import = 0Number of asset objects unloaded after import = 1

========================================================================
Received Import Request.
  Time since last request: 0.000032 seconds.
  path: Assets/PBR_Grass_Textures/example_scene/grass_04.mat
  artifactKey: Guid(71c72cc387cb16944bd05350c3967849) Importer(2089858483,192608db42251d675da83286b1cce702)
Start importing Assets/PBR_Grass_Textures/example_scene/grass_04.mat using Guid(71c72cc387cb16944bd05350c3967849) Importer(2089858483,192608db42251d675da83286b1cce702) (ScriptedImporter) -> (artifact id: 'b06b65002004bb408ee001d5c4eb6eec') in 0.215000885 seconds
Number of updated asset objects reloaded before import = 0Number of asset objects unloaded after import = 4

========================================================================
Received Import Request.
  Time since last request: 0.000043 seconds.
  path: Assets/SimplePoly City - Low Poly Assets/Materials/Building Sky_big_color02.mat
  artifactKey: Guid(ba66acee62948c24baacd1186810d424) Importer(2089858483,192608db42251d675da83286b1cce702)
Start importing Assets/SimplePoly City - Low Poly Assets/Materials/Building Sky_big_color02.mat using Guid(ba66acee62948c24baacd1186810d424) Importer(2089858483,192608db42251d675da83286b1cce702) (ScriptedImporter) -> (artifact id: '8ed16f6ab51d78efa19931e67bb001ab') in 0.008835561 seconds
Number of updated asset objects reloaded before import = 0Number of asset objects unloaded after import = 3

========================================================================
Received Import Request.
  Time since last request: 0.000022 seconds.
  path: Assets/LowPolyMedievalPropsLite/Scenes/MedievalPropsLite_Overview.unity
  artifactKey: Guid(ba549bf015552c242b8d05037cae1f46) Importer(2089858483,192608db42251d675da83286b1cce702)
Start importing Assets/LowPolyMedievalPropsLite/Scenes/MedievalPropsLite_Overview.unity using Guid(ba549bf015552c242b8d05037cae1f46) Importer(2089858483,192608db42251d675da83286b1cce702) (ScriptedImporter) -> (artifact id: '6dcca57a14d167a0ee0222240d80fae0') in 0.01235901 seconds
Number of updated asset objects reloaded before import = 0Number of asset objects unloaded after import = 1

========================================================================
Received Import Request.
  Time since last request: 0.000025 seconds.
  path: Assets/SimplePoly City - Low Poly Assets/Materials/Building Sky_big_color03.mat
  artifactKey: Guid(a1a61be9dd7e91b4faec2c4eb7ca4e8c) Importer(2089858483,192608db42251d675da83286b1cce702)
Start importing Assets/SimplePoly City - Low Poly Assets/Materials/Building Sky_big_color03.mat using Guid(a1a61be9dd7e91b4faec2c4eb7ca4e8c) Importer(2089858483,192608db42251d675da83286b1cce702) (ScriptedImporter) -> (artifact id: 'b13111738ccb4b29040a533e534a038d') in 0.007533952 seconds
Number of updated asset objects reloaded before import = 0Number of asset objects unloaded after import = 3

========================================================================
Received Import Request.
  Time since last request: 0.000027 seconds.
  path: Assets/PBR_Grass_Textures/Textures/grass_03.png
  artifactKey: Guid(d2af4f613f58aa04e9bcf494a8ec1b58) Importer(2089858483,192608db42251d675da83286b1cce702)
Start importing Assets/PBR_Grass_Textures/Textures/grass_03.png using Guid(d2af4f613f58aa04e9bcf494a8ec1b58) Importer(2089858483,192608db42251d675da83286b1cce702) (ScriptedImporter) -> (artifact id: '513aa56cab809afc114081ce6f454aaf') in 0.036133826 seconds
Number of updated asset objects reloaded before import = 0Number of asset objects unloaded after import = 1

========================================================================
Received Import Request.
  Time since last request: 0.000029 seconds.
  path: Assets/SimplePoly City - Low Poly Assets/Materials/Building_Pizza.mat
  artifactKey: Guid(98387a5e673a6ab4dbed345505f5ca07) Importer(2089858483,192608db42251d675da83286b1cce702)
Start importing Assets/SimplePoly City - Low Poly Assets/Materials/Building_Pizza.mat using Guid(98387a5e673a6ab4dbed345505f5ca07) Importer(2089858483,192608db42251d675da83286b1cce702) (ScriptedImporter) -> (artifact id: '660be2765c7ded72c5693787f0000685') in 0.115250668 seconds
Number of updated asset objects reloaded before import = 0Number of asset objects unloaded after import = 3

========================================================================
Received Import Request.
  Time since last request: 0.000033 seconds.
  path: Assets/SimplePoly City - Low Poly Assets/Materials/Vehicle_Pick up Truck_color01.mat
  artifactKey: Guid(3ec7be87852e30f49a754a666cd49e56) Importer(2089858483,192608db42251d675da83286b1cce702)
Start importing Assets/SimplePoly City - Low Poly Assets/Materials/Vehicle_Pick up Truck_color01.mat using Guid(3ec7be87852e30f49a754a666cd49e56) Importer(2089858483,192608db42251d675da83286b1cce702) (ScriptedImporter) -> (artifact id: 'bf092312178771fc496afb2290b410d1') in 0.009060438 seconds
Number of updated asset objects reloaded before import = 0Number of asset objects unloaded after import = 3

========================================================================
Received Import Request.
  Time since last request: 0.000049 seconds.
  path: Assets/SimplePoly City - Low Poly Assets/Materials/Building_Music Store.mat
  artifactKey: Guid(82af60631a0969d44b0bf6becad3dc6e) Importer(2089858483,192608db42251d675da83286b1cce702)
Start importing Assets/SimplePoly City - Low Poly Assets/Materials/Building_Music Store.mat using Guid(82af60631a0969d44b0bf6becad3dc6e) Importer(2089858483,192608db42251d675da83286b1cce702) (ScriptedImporter) -> (artifact id: 'e0406fee962b8da28bf996b399ee6e76') in 0.007597478 seconds
Number of updated asset objects reloaded before import = 0Number of asset objects unloaded after import = 3

========================================================================
Received Import Request.
  Time since last request: 0.000044 seconds.
  path: Assets/SimplePoly City - Low Poly Assets/Materials/Natures.mat
  artifactKey: Guid(39f651e340882304fa6f21b321d3bea5) Importer(2089858483,192608db42251d675da83286b1cce702)
Start importing Assets/SimplePoly City - Low Poly Assets/Materials/Natures.mat using Guid(39f651e340882304fa6f21b321d3bea5) Importer(2089858483,192608db42251d675da83286b1cce702) (ScriptedImporter) -> (artifact id: '611fc9dfb2a08ddd1261174258084cc2') in 0.005423266 seconds
Number of updated asset objects reloaded before import = 0Number of asset objects unloaded after import = 3

========================================================================
Received Import Request.
  Time since last request: 0.000024 seconds.
  path: Assets/SimplePoly City - Low Poly Assets/Materials/Vehicle_Ambulance.mat
  artifactKey: Guid(fded615538aced440887a3468715a826) Importer(2089858483,192608db42251d675da83286b1cce702)
Start importing Assets/SimplePoly City - Low Poly Assets/Materials/Vehicle_Ambulance.mat using Guid(fded615538aced440887a3468715a826) Importer(2089858483,192608db42251d675da83286b1cce702) (ScriptedImporter) -> (artifact id: 'aabf4f24bafd70770ff47a1530e18acc') in 0.00551176 seconds
Number of updated asset objects reloaded before import = 0Number of asset objects unloaded after import = 3

========================================================================
Received Import Request.
  Time since last request: 0.000031 seconds.
  path: Assets/SimplePoly City - Low Poly Assets/Materials/Vehicle_Pick up Truck_color02.mat
  artifactKey: Guid(94d51beb0fcd7044885fa789ac899eb1) Importer(2089858483,192608db42251d675da83286b1cce702)
Start importing Assets/SimplePoly City - Low Poly Assets/Materials/Vehicle_Pick up Truck_color02.mat using Guid(94d51beb0fcd7044885fa789ac899eb1) Importer(2089858483,192608db42251d675da83286b1cce702) (ScriptedImporter) -> (artifact id: '3b71f2eb75c84de316384487afe7d6ba') in 0.006155752 seconds
Number of updated asset objects reloaded before import = 0Number of asset objects unloaded after import = 3

========================================================================
Received Import Request.
  Time since last request: 0.000020 seconds.
  path: Assets/SimplePoly City - Low Poly Assets/Materials/Props_BillBoard_small.mat
  artifactKey: Guid(dcbee53a8041c594aaf20d616c6ed33a) Importer(2089858483,192608db42251d675da83286b1cce702)
Start importing Assets/SimplePoly City - Low Poly Assets/Materials/Props_BillBoard_small.mat using Guid(dcbee53a8041c594aaf20d616c6ed33a) Importer(2089858483,192608db42251d675da83286b1cce702) (ScriptedImporter) -> (artifact id: 'c231097b9c542a4e55d8461df0e70d59') in 0.00740212 seconds
Number of updated asset objects reloaded before import = 0Number of asset objects unloaded after import = 3

========================================================================
Received Import Request.
  Time since last request: 0.000035 seconds.
  path: Assets/SimplePoly City - Low Poly Assets/Materials/Building_Super Market.mat
  artifactKey: Guid(50a5ebe9a8d86a04d8e3b59966418b04) Importer(2089858483,192608db42251d675da83286b1cce702)
Start importing Assets/SimplePoly City - Low Poly Assets/Materials/Building_Super Market.mat using Guid(50a5ebe9a8d86a04d8e3b59966418b04) Importer(2089858483,192608db42251d675da83286b1cce702) (ScriptedImporter) -> (artifact id: 'f9d26c7b9f7b79f58f9ac4418a05e7c3') in 0.007096012 seconds
Number of updated asset objects reloaded before import = 0Number of asset objects unloaded after import = 3

========================================================================
Received Import Request.
  Time since last request: 0.000040 seconds.
  path: Assets/SimplePoly City - Low Poly Assets/Materials/Props_BillBoard_large.mat
  artifactKey: Guid(f75e227920ccbc54a86b0f655ddc5b69) Importer(2089858483,192608db42251d675da83286b1cce702)
Start importing Assets/SimplePoly City - Low Poly Assets/Materials/Props_BillBoard_large.mat using Guid(f75e227920ccbc54a86b0f655ddc5b69) Importer(2089858483,192608db42251d675da83286b1cce702) (ScriptedImporter) -> (artifact id: 'f2dae0cc66319fb82ef34dae78cee73c') in 0.007085151 seconds
Number of updated asset objects reloaded before import = 0Number of asset objects unloaded after import = 3

========================================================================
Received Import Request.
  Time since last request: 0.000029 seconds.
  path: Assets/SimplePoly City - Low Poly Assets/Materials/Vehicle_Bus_color03.mat
  artifactKey: Guid(8659c6f38f710284c9a623201882790c) Importer(2089858483,192608db42251d675da83286b1cce702)
Start importing Assets/SimplePoly City - Low Poly Assets/Materials/Vehicle_Bus_color03.mat using Guid(8659c6f38f710284c9a623201882790c) Importer(2089858483,192608db42251d675da83286b1cce702) (ScriptedImporter) -> (artifact id: 'e317f2dbc990334fb52fa345550a0713') in 0.007193361 seconds
Number of updated asset objects reloaded before import = 0Number of asset objects unloaded after import = 3

========================================================================
Received Import Request.
  Time since last request: 0.000028 seconds.
  path: Assets/SimplePoly City - Low Poly Assets/Materials/Building_Fast Food.mat
  artifactKey: Guid(0c04fafcb420315419fdbbeb0fb78464) Importer(2089858483,192608db42251d675da83286b1cce702)
Start importing Assets/SimplePoly City - Low Poly Assets/Materials/Building_Fast Food.mat using Guid(0c04fafcb420315419fdbbeb0fb78464) Importer(2089858483,192608db42251d675da83286b1cce702) (ScriptedImporter) -> (artifact id: '71909cd002f6f8b94ac8b03ab1410dfc') in 0.011086669 seconds
Number of updated asset objects reloaded before import = 0Number of asset objects unloaded after import = 3

========================================================================
Received Import Request.
  Time since last request: 0.000024 seconds.
  path: Assets/SimplePoly City - Low Poly Assets/Materials/Road.mat
  artifactKey: Guid(faa0cd7e7e1757945a22cce35d7069cd) Importer(2089858483,192608db42251d675da83286b1cce702)
Start importing Assets/SimplePoly City - Low Poly Assets/Materials/Road.mat using Guid(faa0cd7e7e1757945a22cce35d7069cd) Importer(2089858483,192608db42251d675da83286b1cce702) (ScriptedImporter) -> (artifact id: 'b4d1f0cbccaa87d151e49009309e94df') in 0.009047419 seconds
Number of updated asset objects reloaded before import = 0Number of asset objects unloaded after import = 3

========================================================================
Received Import Request.
  Time since last request: 0.000023 seconds.
  path: Assets/SimplePoly City - Low Poly Assets/Materials/Props_BillBoard_medium.mat
  artifactKey: Guid(8a98f40ab24c33a4cb2d6dd96393db82) Importer(2089858483,192608db42251d675da83286b1cce702)
Start importing Assets/SimplePoly City - Low Poly Assets/Materials/Props_BillBoard_medium.mat using Guid(8a98f40ab24c33a4cb2d6dd96393db82) Importer(2089858483,192608db42251d675da83286b1cce702) (ScriptedImporter) -> (artifact id: '341fffab17e2601866367f83ccb7d514') in 0.010752895 seconds
Number of updated asset objects reloaded before import = 0Number of asset objects unloaded after import = 3

========================================================================
Received Import Request.
  Time since last request: 0.000039 seconds.
  path: Assets/PBR_Grass_Textures/Textures/grass_04_normal.png
  artifactKey: Guid(bf4d6fd9083877c41b1333cb4aee5085) Importer(2089858483,192608db42251d675da83286b1cce702)
Start importing Assets/PBR_Grass_Textures/Textures/grass_04_normal.png using Guid(bf4d6fd9083877c41b1333cb4aee5085) Importer(2089858483,192608db42251d675da83286b1cce702) (ScriptedImporter) -> (artifact id: '290ce9b09f6c8ca68f738e6b9422c69f') in 0.041291842 seconds
Number of updated asset objects reloaded before import = 0Number of asset objects unloaded after import = 1

========================================================================
Received Import Request.
  Time since last request: 0.000047 seconds.
  path: Assets/LowPolyMedievalPropsLite/Prefabs/Candle_03.prefab
  artifactKey: Guid(27a9ea57e6466914380d0e2b7985388d) Importer(2089858483,192608db42251d675da83286b1cce702)
Start importing Assets/LowPolyMedievalPropsLite/Prefabs/Candle_03.prefab using Guid(27a9ea57e6466914380d0e2b7985388d) Importer(2089858483,192608db42251d675da83286b1cce702) (ScriptedImporter) -> (artifact id: '7666ae675eebded49f8590d3eb8c6c96') in 0.010642449 seconds
Number of updated asset objects reloaded before import = 0Number of asset objects unloaded after import = 9

========================================================================
Received Import Request.
  Time since last request: 0.000032 seconds.
  path: Assets/LowPolyMedievalPropsLite/Prefabs/Jug_02.prefab
  artifactKey: Guid(42d1030afaa0b924583d1852dab2d898) Importer(2089858483,192608db42251d675da83286b1cce702)
Start importing Assets/LowPolyMedievalPropsLite/Prefabs/Jug_02.prefab using Guid(42d1030afaa0b924583d1852dab2d898) Importer(2089858483,192608db42251d675da83286b1cce702) (ScriptedImporter) -> (artifact id: 'a28f27da177c63a732e767b761d9a7e7') in 0.01129092 seconds
Number of updated asset objects reloaded before import = 0Number of asset objects unloaded after import = 9

========================================================================
Received Import Request.
  Time since last request: 0.000032 seconds.
  path: Assets/FantasyMedievalTown_LITE/Prefabs/HouseWall_08_LITE.prefab
  artifactKey: Guid(bd0bdebacec96e1459c665ca7de79712) Importer(2089858483,192608db42251d675da83286b1cce702)
Start importing Assets/FantasyMedievalTown_LITE/Prefabs/HouseWall_08_LITE.prefab using Guid(bd0bdebacec96e1459c665ca7de79712) Importer(2089858483,192608db42251d675da83286b1cce702) (ScriptedImporter) -> (artifact id: '99a334a2a76e3a59ec5d0075dce0bcce') in 0.011070974 seconds
Number of updated asset objects reloaded before import = 0Number of asset objects unloaded after import = 38

========================================================================
Received Import Request.
  Time since last request: 0.000027 seconds.
  path: Assets/SimplePoly City - Low Poly Assets/Materials/Vehicle_Pick up Truck_color03.mat
  artifactKey: Guid(f3d0a94161d16b9449517d5d8f357098) Importer(2089858483,192608db42251d675da83286b1cce702)
Start importing Assets/SimplePoly City - Low Poly Assets/Materials/Vehicle_Pick up Truck_color03.mat using Guid(f3d0a94161d16b9449517d5d8f357098) Importer(2089858483,192608db42251d675da83286b1cce702) (ScriptedImporter) -> (artifact id: 'add7fdcd9487bdca7399e1e8337cce86') in 0.006073047 seconds
Number of updated asset objects reloaded before import = 0Number of asset objects unloaded after import = 3

========================================================================
Received Import Request.
  Time since last request: 0.000030 seconds.
  path: Assets/SimplePoly City - Low Poly Assets/Models/Natures_Fir Tree.fbx
  artifactKey: Guid(a4051385261ccbb45a4060203fd8d66e) Importer(2089858483,192608db42251d675da83286b1cce702)
Start importing Assets/SimplePoly City - Low Poly Assets/Models/Natures_Fir Tree.fbx using Guid(a4051385261ccbb45a4060203fd8d66e) Importer(2089858483,192608db42251d675da83286b1cce702) (ScriptedImporter) -> (artifact id: 'cae68dcf67ed266b08b761fc65430baa') in 0.015249532 seconds
Number of updated asset objects reloaded before import = 0Number of asset objects unloaded after import = 9

========================================================================
Received Import Request.
  Time since last request: 0.000049 seconds.
  path: Assets/SimplePoly City - Low Poly Assets/Models/Natures_House Floor.fbx
  artifactKey: Guid(c7327ddbb4f55824eb37461c53fdd55d) Importer(2089858483,192608db42251d675da83286b1cce702)
Start importing Assets/SimplePoly City - Low Poly Assets/Models/Natures_House Floor.fbx using Guid(c7327ddbb4f55824eb37461c53fdd55d) Importer(2089858483,192608db42251d675da83286b1cce702) (ScriptedImporter) -> (artifact id: 'df973ac1edfe0cf6018896f9283da0f8') in 0.022234206 seconds
Number of updated asset objects reloaded before import = 0Number of asset objects unloaded after import = 9

========================================================================
Received Import Request.
  Time since last request: 0.000029 seconds.
  path: Assets/SimplePoly City - Low Poly Assets/Models/Building_Restaurant.fbx
  artifactKey: Guid(efc62b24c745a1f469c0d1453dfb41e3) Importer(2089858483,192608db42251d675da83286b1cce702)
Start importing Assets/SimplePoly City - Low Poly Assets/Models/Building_Restaurant.fbx using Guid(efc62b24c745a1f469c0d1453dfb41e3) Importer(2089858483,192608db42251d675da83286b1cce702) (ScriptedImporter) -> (artifact id: 'd99f30e6636e9f07018d91e85e3ac9b9') in 0.013897817 seconds
Number of updated asset objects reloaded before import = 0Number of asset objects unloaded after import = 9

========================================================================
Received Import Request.
  Time since last request: 0.000026 seconds.
  path: Assets/SimplePoly City - Low Poly Assets/Models/Building_House_02_color01.fbx
  artifactKey: Guid(8cb6d953267a0884288df6a274f09c40) Importer(2089858483,192608db42251d675da83286b1cce702)
Start importing Assets/SimplePoly City - Low Poly Assets/Models/Building_House_02_color01.fbx using Guid(8cb6d953267a0884288df6a274f09c40) Importer(2089858483,192608db42251d675da83286b1cce702) (ScriptedImporter) -> (artifact id: '98cd7af3fb684b7995bc388b66285f17') in 0.013633679 seconds
Number of updated asset objects reloaded before import = 0Number of asset objects unloaded after import = 9

========================================================================
Received Import Request.
  Time since last request: 0.000028 seconds.
  path: Assets/SimplePoly City - Low Poly Assets/Models/Building_Residential_color01.fbx
  artifactKey: Guid(42f28010e67310c4c9ea88fbc4084fc6) Importer(2089858483,192608db42251d675da83286b1cce702)
Start importing Assets/SimplePoly City - Low Poly Assets/Models/Building_Residential_color01.fbx using Guid(42f28010e67310c4c9ea88fbc4084fc6) Importer(2089858483,192608db42251d675da83286b1cce702) (ScriptedImporter) -> (artifact id: 'b37121baef1906783d4d0768dbb485aa') in 0.013358197 seconds
Number of updated asset objects reloaded before import = 0Number of asset objects unloaded after import = 9

========================================================================
Received Import Request.
  Time since last request: 0.000029 seconds.
  path: Assets/SimplePoly City - Low Poly Assets/Models/Building_Bar.fbx
  artifactKey: Guid(71baf848e76aefd4e9d729d470d2081a) Importer(2089858483,192608db42251d675da83286b1cce702)
Start importing Assets/SimplePoly City - Low Poly Assets/Models/Building_Bar.fbx using Guid(71baf848e76aefd4e9d729d470d2081a) Importer(2089858483,192608db42251d675da83286b1cce702) (ScriptedImporter) -> (artifact id: 'b97898e968b656945720626cf91bd755') in 0.020029763 seconds
Number of updated asset objects reloaded before import = 0Number of asset objects unloaded after import = 9

========================================================================
Received Import Request.
  Time since last request: 0.000037 seconds.
  path: Assets/SimplePoly City - Low Poly Assets/Models/Building_Shoes Shop.fbx
  artifactKey: Guid(27c09c8008c0ada409e024a1dc2186c0) Importer(2089858483,192608db42251d675da83286b1cce702)
Start importing Assets/SimplePoly City - Low Poly Assets/Models/Building_Shoes Shop.fbx using Guid(27c09c8008c0ada409e024a1dc2186c0) Importer(2089858483,192608db42251d675da83286b1cce702) (ScriptedImporter) -> (artifact id: '21f6827d87ea2989b5e2abbc73837363') in 0.01357435 seconds
Number of updated asset objects reloaded before import = 0Number of asset objects unloaded after import = 9

========================================================================
Received Import Request.
  Time since last request: 0.000037 seconds.
  path: Assets/SimplePoly City - Low Poly Assets/Materials/Vehicle_Police Car.mat
  artifactKey: Guid(ca1eb6db662c95e47b63cb150cf463f9) Importer(2089858483,192608db42251d675da83286b1cce702)
Start importing Assets/SimplePoly City - Low Poly Assets/Materials/Vehicle_Police Car.mat using Guid(ca1eb6db662c95e47b63cb150cf463f9) Importer(2089858483,192608db42251d675da83286b1cce702) (ScriptedImporter) -> (artifact id: 'ec4a9b4618178dc2456f1d3808fedafd') in 0.007041211 seconds
Number of updated asset objects reloaded before import = 0Number of asset objects unloaded after import = 3

========================================================================
Received Import Request.
  Time since last request: 0.000026 seconds.
  path: Assets/SimplePoly City - Low Poly Assets/Models/Natures_Grass Tile.fbx
  artifactKey: Guid(fbb8756519c039b4f804c77c5e3293f9) Importer(2089858483,192608db42251d675da83286b1cce702)
Start importing Assets/SimplePoly City - Low Poly Assets/Models/Natures_Grass Tile.fbx using Guid(fbb8756519c039b4f804c77c5e3293f9) Importer(2089858483,192608db42251d675da83286b1cce702) (ScriptedImporter) -> (artifact id: '84d2ec1f496ad21f4ee2a123dada8225') in 0.012540659 seconds
Number of updated asset objects reloaded before import = 0Number of asset objects unloaded after import = 9

========================================================================
Received Import Request.
  Time since last request: 0.000031 seconds.
  path: Assets/SimplePoly City - Low Poly Assets/Models/Building Sky_big_color01.fbx
  artifactKey: Guid(152095147e5492c41a9718b9b09863a4) Importer(2089858483,192608db42251d675da83286b1cce702)
Start importing Assets/SimplePoly City - Low Poly Assets/Models/Building Sky_big_color01.fbx using Guid(152095147e5492c41a9718b9b09863a4) Importer(2089858483,192608db42251d675da83286b1cce702) (ScriptedImporter) -> (artifact id: '4cfcaee4e5b5a6596ab3aa50a1f25fdc') in 0.024210019 seconds
Number of updated asset objects reloaded before import = 0Number of asset objects unloaded after import = 9

========================================================================
Received Import Request.
  Time since last request: 0.000027 seconds.
  path: Assets/SimplePoly City - Low Poly Assets/Models/Natures_Big Tree.fbx
  artifactKey: Guid(b8b93a0c79396d54ea72d1eecb7bf246) Importer(2089858483,192608db42251d675da83286b1cce702)
Start importing Assets/SimplePoly City - Low Poly Assets/Models/Natures_Big Tree.fbx using Guid(b8b93a0c79396d54ea72d1eecb7bf246) Importer(2089858483,192608db42251d675da83286b1cce702) (ScriptedImporter) -> (artifact id: '6dd45f3b0701a5dfeda59aea467e9478') in 0.013053344 seconds
Number of updated asset objects reloaded before import = 0Number of asset objects unloaded after import = 9

========================================================================
Received Import Request.
  Time since last request: 0.000029 seconds.
  path: Assets/SimplePoly City - Low Poly Assets/Models/Natures_Pot Bush_big.fbx
  artifactKey: Guid(47c1421697edd00439084088bf4efb68) Importer(2089858483,192608db42251d675da83286b1cce702)
Start importing Assets/SimplePoly City - Low Poly Assets/Models/Natures_Pot Bush_big.fbx using Guid(47c1421697edd00439084088bf4efb68) Importer(2089858483,192608db42251d675da83286b1cce702) (ScriptedImporter) -> (artifact id: 'a8872b5c81e84bb9ed275e6ed89f39a8') in 0.012702468 seconds
Number of updated asset objects reloaded before import = 0Number of asset objects unloaded after import = 9

========================================================================
Received Import Request.
  Time since last request: 0.000031 seconds.
  path: Assets/SimplePoly City - Low Poly Assets/Models/Natures_Rock_small.fbx
  artifactKey: Guid(099a2df3d1c472a43907d07813eee880) Importer(2089858483,192608db42251d675da83286b1cce702)
Start importing Assets/SimplePoly City - Low Poly Assets/Models/Natures_Rock_small.fbx using Guid(099a2df3d1c472a43907d07813eee880) Importer(2089858483,192608db42251d675da83286b1cce702) (ScriptedImporter) -> (artifact id: '37665fc9f42181a01b387860c456e26d') in 0.012641137 seconds
Number of updated asset objects reloaded before import = 0Number of asset objects unloaded after import = 9

========================================================================
Received Import Request.
  Time since last request: 0.000041 seconds.
  path: Assets/SimplePoly City - Low Poly Assets/Models/Natures_Grass Bar.fbx
  artifactKey: Guid(60550932e430af1479cebb05e97130ae) Importer(2089858483,192608db42251d675da83286b1cce702)
Start importing Assets/SimplePoly City - Low Poly Assets/Models/Natures_Grass Bar.fbx using Guid(60550932e430af1479cebb05e97130ae) Importer(2089858483,192608db42251d675da83286b1cce702) (ScriptedImporter) -> (artifact id: 'b730f1a572658ca72d76f372619e772f') in 0.019624727 seconds
Number of updated asset objects reloaded before import = 0Number of asset objects unloaded after import = 9

========================================================================
Received Import Request.
  Time since last request: 0.000027 seconds.
  path: Assets/SimplePoly City - Low Poly Assets/Models/Props_BillBoard_medium.fbx
  artifactKey: Guid(9cd32fb6a80b79741880fce089ce77f6) Importer(2089858483,192608db42251d675da83286b1cce702)
Start importing Assets/SimplePoly City - Low Poly Assets/Models/Props_BillBoard_medium.fbx using Guid(9cd32fb6a80b79741880fce089ce77f6) Importer(2089858483,192608db42251d675da83286b1cce702) (ScriptedImporter) -> (artifact id: '56cad3c17dbd6e2b2688fcedd57fcdee') in 0.014930417 seconds
Number of updated asset objects reloaded before import = 0Number of asset objects unloaded after import = 9

========================================================================
Received Import Request.
  Time since last request: 0.000028 seconds.
  path: Assets/SimplePoly City - Low Poly Assets/Materials/Vehicle_Truck_color03.mat
  artifactKey: Guid(7e719e1ad4449a2489e25a6f4d6e8019) Importer(2089858483,192608db42251d675da83286b1cce702)
Start importing Assets/SimplePoly City - Low Poly Assets/Materials/Vehicle_Truck_color03.mat using Guid(7e719e1ad4449a2489e25a6f4d6e8019) Importer(2089858483,192608db42251d675da83286b1cce702) (ScriptedImporter) -> (artifact id: '63b6f1f1e68ce65ff14272671df89064') in 0.007818901 seconds
Number of updated asset objects reloaded before import = 0Number of asset objects unloaded after import = 3

========================================================================
Received Import Request.
  Time since last request: 0.000028 seconds.
  path: Assets/SimplePoly City - Low Poly Assets/Models/Building_Stadium.fbx
  artifactKey: Guid(8d799610519b6274c8bb35a7fd95f5f5) Importer(2089858483,192608db42251d675da83286b1cce702)
Start importing Assets/SimplePoly City - Low Poly Assets/Models/Building_Stadium.fbx using Guid(8d799610519b6274c8bb35a7fd95f5f5) Importer(2089858483,192608db42251d675da83286b1cce702) (ScriptedImporter) -> (artifact id: '920d33c4b8441b5fe13530dda02ce257') in 0.012941183 seconds
Number of updated asset objects reloaded before import = 0Number of asset objects unloaded after import = 9

========================================================================
Received Import Request.
  Time since last request: 0.000025 seconds.
  path: Assets/SimplePoly City - Low Poly Assets/Models/Building_Bakery.fbx
  artifactKey: Guid(ea9803764c3c1e74b83f6dda1cfa0885) Importer(2089858483,192608db42251d675da83286b1cce702)
Start importing Assets/SimplePoly City - Low Poly Assets/Models/Building_Bakery.fbx using Guid(ea9803764c3c1e74b83f6dda1cfa0885) Importer(2089858483,192608db42251d675da83286b1cce702) (ScriptedImporter) -> (artifact id: 'bc2f16b7044d32aa36422e19710d48ed') in 0.017232188 seconds
Number of updated asset objects reloaded before import = 0Number of asset objects unloaded after import = 9

========================================================================
Received Import Request.
  Time since last request: 0.000038 seconds.
  path: Assets/SimplePoly City - Low Poly Assets/Models/Building_House_04_color01.fbx
  artifactKey: Guid(600c276288a996744bd73e53635eba4c) Importer(2089858483,192608db42251d675da83286b1cce702)
Start importing Assets/SimplePoly City - Low Poly Assets/Models/Building_House_04_color01.fbx using Guid(600c276288a996744bd73e53635eba4c) Importer(2089858483,192608db42251d675da83286b1cce702) (ScriptedImporter) -> (artifact id: '69077475c03b857de6b5049454716335') in 0.024442613 seconds
Number of updated asset objects reloaded before import = 0Number of asset objects unloaded after import = 9

========================================================================
Received Import Request.
  Time since last request: 0.000047 seconds.
  path: Assets/SimplePoly City - Low Poly Assets/Models/Props_Traffic Control Barrier Fence.fbx
  artifactKey: Guid(fa854a4fa7fb0b04a93f71178fcc44a7) Importer(2089858483,192608db42251d675da83286b1cce702)
Start importing Assets/SimplePoly City - Low Poly Assets/Models/Props_Traffic Control Barrier Fence.fbx using Guid(fa854a4fa7fb0b04a93f71178fcc44a7) Importer(2089858483,192608db42251d675da83286b1cce702) (ScriptedImporter) -> (artifact id: 'd65b1e14bbe79193acc8079592195b64') in 0.012129361 seconds
Number of updated asset objects reloaded before import = 0Number of asset objects unloaded after import = 9

========================================================================
Received Import Request.
  Time since last request: 0.000027 seconds.
  path: Assets/SimplePoly City - Low Poly Assets/Models/Props_Fence.fbx
  artifactKey: Guid(4c3178e7d9864a349a71f8e4bc19a179) Importer(2089858483,192608db42251d675da83286b1cce702)
Start importing Assets/SimplePoly City - Low Poly Assets/Models/Props_Fence.fbx using Guid(4c3178e7d9864a349a71f8e4bc19a179) Importer(2089858483,192608db42251d675da83286b1cce702) (ScriptedImporter) -> (artifact id: '45049621f3b219acc723b0f0613dd329') in 0.017100218 seconds
Number of updated asset objects reloaded before import = 0Number of asset objects unloaded after import = 9

========================================================================
Received Import Request.
  Time since last request: 0.000029 seconds.
  path: Assets/SimplePoly City - Low Poly Assets/Models/Road Sidewalk.fbx
  artifactKey: Guid(be6b47deae1839141b5dea85228cfa3e) Importer(2089858483,192608db42251d675da83286b1cce702)
Start importing Assets/SimplePoly City - Low Poly Assets/Models/Road Sidewalk.fbx using Guid(be6b47deae1839141b5dea85228cfa3e) Importer(2089858483,192608db42251d675da83286b1cce702) (ScriptedImporter) -> (artifact id: 'a45a519c3476fa1fc14ccf26a599ffd0') in 0.020718895 seconds
Number of updated asset objects reloaded before import = 0Number of asset objects unloaded after import = 9

========================================================================
Received Import Request.
  Time since last request: 0.000024 seconds.
  path: Assets/SimplePoly City - Low Poly Assets/Models/Props_Roof prop air.fbx
  artifactKey: Guid(dccc704d9a70b064b8d29fe27fcbc17b) Importer(2089858483,192608db42251d675da83286b1cce702)
Start importing Assets/SimplePoly City - Low Poly Assets/Models/Props_Roof prop air.fbx using Guid(dccc704d9a70b064b8d29fe27fcbc17b) Importer(2089858483,192608db42251d675da83286b1cce702) (ScriptedImporter) -> (artifact id: '17ed5173cb99ec1dfb08d2708ce76d83') in 0.012683725 seconds
Number of updated asset objects reloaded before import = 0Number of asset objects unloaded after import = 9

========================================================================
Received Import Request.
  Time since last request: 0.000032 seconds.
  path: Assets/SimplePoly City - Low Poly Assets/Models/Vehicle_Pick up Truck_separate.fbx
  artifactKey: Guid(c99e98d2e12a88c42912742cf2de3eb6) Importer(2089858483,192608db42251d675da83286b1cce702)
Start importing Assets/SimplePoly City - Low Poly Assets/Models/Vehicle_Pick up Truck_separate.fbx using Guid(c99e98d2e12a88c42912742cf2de3eb6) Importer(2089858483,192608db42251d675da83286b1cce702) (ScriptedImporter) -> (artifact id: 'e317bf6619eb79a44bf60e5ac4d4c875') in 0.015347234 seconds
Number of updated asset objects reloaded before import = 0Number of asset objects unloaded after import = 31

========================================================================
Received Import Request.
  Time since last request: 0.000034 seconds.
  path: Assets/SimplePoly City - Low Poly Assets/Textures/Building Sky_big_color01.png
  artifactKey: Guid(276815996ac5b2144bdd94486e724ca4) Importer(2089858483,192608db42251d675da83286b1cce702)
Start importing Assets/SimplePoly City - Low Poly Assets/Textures/Building Sky_big_color01.png using Guid(276815996ac5b2144bdd94486e724ca4) Importer(2089858483,192608db42251d675da83286b1cce702) (ScriptedImporter) -> (artifact id: '4ac091df44e46c228c9803704665f165') in 0.008757808 seconds
Number of updated asset objects reloaded before import = 0Number of asset objects unloaded after import = 1

========================================================================
Received Import Request.
  Time since last request: 0.000037 seconds.
  path: Assets/SimplePoly City - Low Poly Assets/Models/Vehicle_Car_separate.fbx
  artifactKey: Guid(62742ca8cd0c30a44b9301b3fae00884) Importer(2089858483,192608db42251d675da83286b1cce702)
Start importing Assets/SimplePoly City - Low Poly Assets/Models/Vehicle_Car_separate.fbx using Guid(62742ca8cd0c30a44b9301b3fae00884) Importer(2089858483,192608db42251d675da83286b1cce702) (ScriptedImporter) -> (artifact id: '0e341d6603cffb7c897d554021d9515d') in 0.022681355 seconds
Number of updated asset objects reloaded before import = 0Number of asset objects unloaded after import = 31

========================================================================
Received Import Request.
  Time since last request: 0.000035 seconds.
  path: Assets/SimplePoly City - Low Poly Assets/Models/Props_Street Light.fbx
  artifactKey: Guid(ab761d05302615348a9aed34ccd58dd7) Importer(2089858483,192608db42251d675da83286b1cce702)
Start importing Assets/SimplePoly City - Low Poly Assets/Models/Props_Street Light.fbx using Guid(ab761d05302615348a9aed34ccd58dd7) Importer(2089858483,192608db42251d675da83286b1cce702) (ScriptedImporter) -> (artifact id: 'bbedb20ede91520c387df77395dc2f18') in 0.012944186 seconds
Number of updated asset objects reloaded before import = 0Number of asset objects unloaded after import = 9

========================================================================
Received Import Request.
  Time since last request: 0.000025 seconds.
  path: Assets/SimplePoly City - Low Poly Assets/Models/Props_Roof Helipad.fbx
  artifactKey: Guid(b602d657274d2c24b88fe0f3fa83287b) Importer(2089858483,192608db42251d675da83286b1cce702)
Start importing Assets/SimplePoly City - Low Poly Assets/Models/Props_Roof Helipad.fbx using Guid(b602d657274d2c24b88fe0f3fa83287b) Importer(2089858483,192608db42251d675da83286b1cce702) (ScriptedImporter) -> (artifact id: 'ee3eea9829e5e599e204d09351be68eb') in 0.013415869 seconds
Number of updated asset objects reloaded before import = 0Number of asset objects unloaded after import = 9

========================================================================
Received Import Request.
  Time since last request: 0.000028 seconds.
  path: Assets/SimplePoly City - Low Poly Assets/Models/Props_Windmill.fbx
  artifactKey: Guid(2605c818ea0c2df4092b898402e71aae) Importer(2089858483,192608db42251d675da83286b1cce702)
Start importing Assets/SimplePoly City - Low Poly Assets/Models/Props_Windmill.fbx using Guid(2605c818ea0c2df4092b898402e71aae) Importer(2089858483,192608db42251d675da83286b1cce702) (ScriptedImporter) -> (artifact id: 'f4d8b9e9f94cc49ffa7dff9db9390f87') in 0.02139549 seconds
Number of updated asset objects reloaded before import = 0Number of asset objects unloaded after import = 14

========================================================================
Received Import Request.
  Time since last request: 0.000023 seconds.
  path: Assets/SimplePoly City - Low Poly Assets/Models/Props_Traffic Sign_stop.fbx
  artifactKey: Guid(ffcc7ab27000f2a4dbcc4ff9f0526b4d) Importer(2089858483,192608db42251d675da83286b1cce702)
Start importing Assets/SimplePoly City - Low Poly Assets/Models/Props_Traffic Sign_stop.fbx using Guid(ffcc7ab27000f2a4dbcc4ff9f0526b4d) Importer(2089858483,192608db42251d675da83286b1cce702) (ScriptedImporter) -> (artifact id: '785694aecdcfca3cdcb88ea0405c6160') in 0.014260752 seconds
Number of updated asset objects reloaded before import = 0Number of asset objects unloaded after import = 9

========================================================================
Received Import Request.
  Time since last request: 0.000034 seconds.
  path: Assets/SimplePoly City - Low Poly Assets/Models/Vehicle_Truck_separate.fbx
  artifactKey: Guid(4d73dd8cdf5db944da1cd14e579cee1a) Importer(2089858483,192608db42251d675da83286b1cce702)
Start importing Assets/SimplePoly City - Low Poly Assets/Models/Vehicle_Truck_separate.fbx using Guid(4d73dd8cdf5db944da1cd14e579cee1a) Importer(2089858483,192608db42251d675da83286b1cce702) (ScriptedImporter) -> (artifact id: 'e06cd96601f4fe99b87d9c598413e82c') in 0.017793614 seconds
Number of updated asset objects reloaded before import = 0Number of asset objects unloaded after import = 41

========================================================================
Received Import Request.
  Time since last request: 0.000037 seconds.
  path: Assets/SimplePoly City - Low Poly Assets/Models/Vehicle_Bus_separate.fbx
  artifactKey: Guid(bec0886ced73844469c2edf3ebb4b047) Importer(2089858483,192608db42251d675da83286b1cce702)
Start importing Assets/SimplePoly City - Low Poly Assets/Models/Vehicle_Bus_separate.fbx using Guid(bec0886ced73844469c2edf3ebb4b047) Importer(2089858483,192608db42251d675da83286b1cce702) (ScriptedImporter) -> (artifact id: 'afb17cda85f6dd5ff5a2453cc3438282') in 0.022653296 seconds
Number of updated asset objects reloaded before import = 0Number of asset objects unloaded after import = 31

========================================================================
Received Import Request.
  Time since last request: 0.000023 seconds.
  path: Assets/SimplePoly City - Low Poly Assets/Models/Props_Roof Solar Panel.fbx
  artifactKey: Guid(033999da19ac9074d84c50be8da3917e) Importer(2089858483,192608db42251d675da83286b1cce702)
Start importing Assets/SimplePoly City - Low Poly Assets/Models/Props_Roof Solar Panel.fbx using Guid(033999da19ac9074d84c50be8da3917e) Importer(2089858483,192608db42251d675da83286b1cce702) (ScriptedImporter) -> (artifact id: 'fa10a5c3aa6c3ff39d1a68763297d96b') in 0.014005454 seconds
Number of updated asset objects reloaded before import = 0Number of asset objects unloaded after import = 9

========================================================================
Received Import Request.
  Time since last request: 0.000023 seconds.
  path: Assets/SimplePoly City - Low Poly Assets/Models/Road Lane Half.fbx
  artifactKey: Guid(036c334cb6a05bd4fad2a33b9e2ea03b) Importer(2089858483,192608db42251d675da83286b1cce702)
Start importing Assets/SimplePoly City - Low Poly Assets/Models/Road Lane Half.fbx using Guid(036c334cb6a05bd4fad2a33b9e2ea03b) Importer(2089858483,192608db42251d675da83286b1cce702) (ScriptedImporter) -> (artifact id: '86f368dd5d145e326deaffd56f2e39b9') in 0.013377133 seconds
Number of updated asset objects reloaded before import = 0Number of asset objects unloaded after import = 9

========================================================================
Received Import Request.
  Time since last request: 0.000024 seconds.
  path: Assets/SimplePoly City - Low Poly Assets/Models/Vehicle_Police Car_separate.fbx
  artifactKey: Guid(9cfaa27d2ed0cb5489d16d0b33a850bb) Importer(2089858483,192608db42251d675da83286b1cce702)
Start importing Assets/SimplePoly City - Low Poly Assets/Models/Vehicle_Police Car_separate.fbx using Guid(9cfaa27d2ed0cb5489d16d0b33a850bb) Importer(2089858483,192608db42251d675da83286b1cce702) (ScriptedImporter) -> (artifact id: '17581bef457a48e474db5550e7641762') in 0.023250859 seconds
Number of updated asset objects reloaded before import = 0Number of asset objects unloaded after import = 31

========================================================================
Received Import Request.
  Time since last request: 0.000028 seconds.
  path: Assets/SimplePoly City - Low Poly Assets/Models/Road Tile.fbx
  artifactKey: Guid(7b654bd76adcefd44b4799d4290822fb) Importer(2089858483,192608db42251d675da83286b1cce702)
Start importing Assets/SimplePoly City - Low Poly Assets/Models/Road Tile.fbx using Guid(7b654bd76adcefd44b4799d4290822fb) Importer(2089858483,192608db42251d675da83286b1cce702) (ScriptedImporter) -> (artifact id: '3bdb25f7844cb84058330ffa77a70261') in 0.013439635 seconds
Number of updated asset objects reloaded before import = 0Number of asset objects unloaded after import = 9

========================================================================
Received Import Request.
  Time since last request: 0.000028 seconds.
  path: Assets/SimplePoly City - Low Poly Assets/Textures/Building_House_01_color03.png
  artifactKey: Guid(08441d6894e45b14ca36aee71ac5ba19) Importer(2089858483,192608db42251d675da83286b1cce702)
Start importing Assets/SimplePoly City - Low Poly Assets/Textures/Building_House_01_color03.png using Guid(08441d6894e45b14ca36aee71ac5ba19) Importer(2089858483,192608db42251d675da83286b1cce702) (ScriptedImporter) -> (artifact id: '556a47bdfa131fee5f1d8e419ec5c9fb') in 0.00883184 seconds
Number of updated asset objects reloaded before import = 0Number of asset objects unloaded after import = 1

========================================================================
Received Import Request.
  Time since last request: 0.000038 seconds.
  path: Assets/SimplePoly City - Low Poly Assets/Textures/Building_Residential_color01.png
  artifactKey: Guid(b9f7df78bf267034f9f9667336dae55a) Importer(2089858483,192608db42251d675da83286b1cce702)
Start importing Assets/SimplePoly City - Low Poly Assets/Textures/Building_Residential_color01.png using Guid(b9f7df78bf267034f9f9667336dae55a) Importer(2089858483,192608db42251d675da83286b1cce702) (ScriptedImporter) -> (artifact id: 'a1ecceeb53f14ca40c7af3887ff8129e') in 0.009545775 seconds
Number of updated asset objects reloaded before import = 0Number of asset objects unloaded after import = 1

========================================================================
Received Import Request.
  Time since last request: 0.000023 seconds.
  path: Assets/SimplePoly City - Low Poly Assets/Textures/Props_BillBoard_large.png
  artifactKey: Guid(28abf4ed6741ed84c9b83df6cecde508) Importer(2089858483,192608db42251d675da83286b1cce702)
Start importing Assets/SimplePoly City - Low Poly Assets/Textures/Props_BillBoard_large.png using Guid(28abf4ed6741ed84c9b83df6cecde508) Importer(2089858483,192608db42251d675da83286b1cce702) (ScriptedImporter) -> (artifact id: '6b217882d32e253fe0b3e2615c7e81c5') in 0.017012977 seconds
Number of updated asset objects reloaded before import = 0Number of asset objects unloaded after import = 1

========================================================================
Received Import Request.
  Time since last request: 0.000035 seconds.
  path: Assets/SimplePoly City - Low Poly Assets/Textures/Building_House_02_color03.png
  artifactKey: Guid(c8eafda441adc3e46951fc68b9da655a) Importer(2089858483,192608db42251d675da83286b1cce702)
Start importing Assets/SimplePoly City - Low Poly Assets/Textures/Building_House_02_color03.png using Guid(c8eafda441adc3e46951fc68b9da655a) Importer(2089858483,192608db42251d675da83286b1cce702) (ScriptedImporter) -> (artifact id: 'd5f41c865959e74ecdad123f871e1211') in 0.028011646 seconds
Number of updated asset objects reloaded before import = 0Number of asset objects unloaded after import = 1

========================================================================
Received Import Request.
  Time since last request: 0.000025 seconds.
  path: Assets/SimplePoly City - Low Poly Assets/Textures/Building_House_03_color01.png
  artifactKey: Guid(22102af343715b9418233bc6460f0a8d) Importer(2089858483,192608db42251d675da83286b1cce702)
Start importing Assets/SimplePoly City - Low Poly Assets/Textures/Building_House_03_color01.png using Guid(22102af343715b9418233bc6460f0a8d) Importer(2089858483,192608db42251d675da83286b1cce702) (ScriptedImporter) -> (artifact id: '1551f4151c30bf8e524f1c05be1943ce') in 0.021164988 seconds
Number of updated asset objects reloaded before import = 0Number of asset objects unloaded after import = 1

========================================================================
Received Import Request.
  Time since last request: 0.000031 seconds.
  path: Assets/SimplePoly City - Low Poly Assets/Textures/Building_Gas Station.png
  artifactKey: Guid(f1067f42b9db674419e1ca765b447e4f) Importer(2089858483,192608db42251d675da83286b1cce702)
Start importing Assets/SimplePoly City - Low Poly Assets/Textures/Building_Gas Station.png using Guid(f1067f42b9db674419e1ca765b447e4f) Importer(2089858483,192608db42251d675da83286b1cce702) (ScriptedImporter) -> (artifact id: 'a37137b05acd1ccbd30cbba1239f43ee') in 0.014936621 seconds
Number of updated asset objects reloaded before import = 0Number of asset objects unloaded after import = 1

========================================================================
Received Import Request.
  Time since last request: 0.000044 seconds.
  path: Assets/SimplePoly City - Low Poly Assets/Textures/Building_Residential_color03.png
  artifactKey: Guid(10b9114ae4fb5014c9989aa81e2f168f) Importer(2089858483,192608db42251d675da83286b1cce702)
Start importing Assets/SimplePoly City - Low Poly Assets/Textures/Building_Residential_color03.png using Guid(10b9114ae4fb5014c9989aa81e2f168f) Importer(2089858483,192608db42251d675da83286b1cce702) (ScriptedImporter) -> (artifact id: '09eb1cd08d389cf198a0ccb105fef316') in 0.008899501 seconds
Number of updated asset objects reloaded before import = 0Number of asset objects unloaded after import = 1

========================================================================
Received Import Request.
  Time since last request: 0.000025 seconds.
  path: Assets/SimplePoly City - Low Poly Assets/Textures/Building_Fast Food.png
  artifactKey: Guid(06b4c0119aac8524ca9230c7fabe315b) Importer(2089858483,192608db42251d675da83286b1cce702)
Start importing Assets/SimplePoly City - Low Poly Assets/Textures/Building_Fast Food.png using Guid(06b4c0119aac8524ca9230c7fabe315b) Importer(2089858483,192608db42251d675da83286b1cce702) (ScriptedImporter) -> (artifact id: 'c653e25e26e3e191d1aeedb6a7b34c2e') in 0.008300971 seconds
Number of updated asset objects reloaded before import = 0Number of asset objects unloaded after import = 1

========================================================================
Received Import Request.
  Time since last request: 0.000027 seconds.
  path: Assets/SimplePoly City - Low Poly Assets/Textures/Props_Props_01.png
  artifactKey: Guid(2e817d01da3930d47b77b96852314d63) Importer(2089858483,192608db42251d675da83286b1cce702)
Start importing Assets/SimplePoly City - Low Poly Assets/Textures/Props_Props_01.png using Guid(2e817d01da3930d47b77b96852314d63) Importer(2089858483,192608db42251d675da83286b1cce702) (ScriptedImporter) -> (artifact id: '19ba8b6ad7cc3a8ce67019cfd2b7c3ae') in 0.008334256 seconds
Number of updated asset objects reloaded before import = 0Number of asset objects unloaded after import = 1

========================================================================
Received Import Request.
  Time since last request: 0.000025 seconds.
  path: Assets/SimplePoly City - Low Poly Assets/Textures/Building_Clothing.png
  artifactKey: Guid(d648d610eb732254ea94ccb95c9248ea) Importer(2089858483,192608db42251d675da83286b1cce702)
Start importing Assets/SimplePoly City - Low Poly Assets/Textures/Building_Clothing.png using Guid(d648d610eb732254ea94ccb95c9248ea) Importer(2089858483,192608db42251d675da83286b1cce702) (ScriptedImporter) -> (artifact id: '5ddf0f23eae3a4bafcc1bb4fae935157') in 0.008512139 seconds
Number of updated asset objects reloaded before import = 0Number of asset objects unloaded after import = 1

========================================================================
Received Import Request.
  Time since last request: 0.000025 seconds.
  path: Assets/SimplePoly City - Low Poly Assets/Textures/Vehicle_Bus_1.png
  artifactKey: Guid(ecaab76e4a44928409e626a300feff17) Importer(2089858483,192608db42251d675da83286b1cce702)
Start importing Assets/SimplePoly City - Low Poly Assets/Textures/Vehicle_Bus_1.png using Guid(ecaab76e4a44928409e626a300feff17) Importer(2089858483,192608db42251d675da83286b1cce702) (ScriptedImporter) -> (artifact id: '9f3832d4cc177d2bf87fba4f2a58166f') in 0.008659385 seconds
Number of updated asset objects reloaded before import = 0Number of asset objects unloaded after import = 1

========================================================================
Received Import Request.
  Time since last request: 0.000026 seconds.
  path: Assets/SimplePoly City - Low Poly Assets/Textures/Building_House_04_color03.png
  artifactKey: Guid(6494dbf22a7afbd4f8724ced6070af97) Importer(2089858483,192608db42251d675da83286b1cce702)
Start importing Assets/SimplePoly City - Low Poly Assets/Textures/Building_House_04_color03.png using Guid(6494dbf22a7afbd4f8724ced6070af97) Importer(2089858483,192608db42251d675da83286b1cce702) (ScriptedImporter) -> (artifact id: 'e895eda2a40064070fe76863e0d8b78c') in 0.012401542 seconds
Number of updated asset objects reloaded before import = 0Number of asset objects unloaded after import = 1

========================================================================
Received Import Request.
  Time since last request: 0.000037 seconds.
  path: Assets/SimplePoly City - Low Poly Assets/Textures/Vehicle_Car_2.png
  artifactKey: Guid(933dcb88aa52a9942ac3a39eeeb37c71) Importer(2089858483,192608db42251d675da83286b1cce702)
Start importing Assets/SimplePoly City - Low Poly Assets/Textures/Vehicle_Car_2.png using Guid(933dcb88aa52a9942ac3a39eeeb37c71) Importer(2089858483,192608db42251d675da83286b1cce702) (ScriptedImporter) -> (artifact id: '1fbf11a893643a8e6a1e6dd2b4a7d6d7') in 0.019973293 seconds
Number of updated asset objects reloaded before import = 0Number of asset objects unloaded after import = 1

========================================================================
Received Import Request.
  Time since last request: 0.000039 seconds.
  path: Assets/SimplePoly City - Low Poly Assets/Textures/Building_Pizza.png
  artifactKey: Guid(0cf2b5e2d8e8aba41b18787cd9399b4b) Importer(2089858483,192608db42251d675da83286b1cce702)
Start importing Assets/SimplePoly City - Low Poly Assets/Textures/Building_Pizza.png using Guid(0cf2b5e2d8e8aba41b18787cd9399b4b) Importer(2089858483,192608db42251d675da83286b1cce702) (ScriptedImporter) -> (artifact id: 'b2c77f81d1e39aafd83f8bda5ea822cb') in 0.009824636 seconds
Number of updated asset objects reloaded before import = 0Number of asset objects unloaded after import = 1

========================================================================
Received Import Request.
  Time since last request: 0.000025 seconds.
  path: Assets/SimplePoly City - Low Poly Assets/Textures/Building_Auto Service.png
  artifactKey: Guid(b3ce51c34fdf8474d9ec1d87f9433000) Importer(2089858483,192608db42251d675da83286b1cce702)
Start importing Assets/SimplePoly City - Low Poly Assets/Textures/Building_Auto Service.png using Guid(b3ce51c34fdf8474d9ec1d87f9433000) Importer(2089858483,192608db42251d675da83286b1cce702) (ScriptedImporter) -> (artifact id: 'a57f1a4e9298088ea09517ab8a449e4a') in 0.008714235 seconds
Number of updated asset objects reloaded before import = 0Number of asset objects unloaded after import = 1

========================================================================
Received Import Request.
  Time since last request: 0.000024 seconds.
  path: Assets/SimplePoly City - Low Poly Assets/Models/Props_Traffic cone.fbx
  artifactKey: Guid(85d54012e6db84f428646fd470b7a555) Importer(2089858483,192608db42251d675da83286b1cce702)
Start importing Assets/SimplePoly City - Low Poly Assets/Models/Props_Traffic cone.fbx using Guid(85d54012e6db84f428646fd470b7a555) Importer(2089858483,192608db42251d675da83286b1cce702) (ScriptedImporter) -> (artifact id: '3aef9dc49568a55ee2c49cf637f9a017') in 0.012842319 seconds
Number of updated asset objects reloaded before import = 0Number of asset objects unloaded after import = 9

========================================================================
Received Import Request.
  Time since last request: 0.000029 seconds.
  path: Assets/SimplePoly City - Low Poly Assets/Models/Props_Coffee shop chair.fbx
  artifactKey: Guid(23816e0039304184c9d9f74b067ca30e) Importer(2089858483,192608db42251d675da83286b1cce702)
Start importing Assets/SimplePoly City - Low Poly Assets/Models/Props_Coffee shop chair.fbx using Guid(23816e0039304184c9d9f74b067ca30e) Importer(2089858483,192608db42251d675da83286b1cce702) (ScriptedImporter) -> (artifact id: '567c6b01a2ebd7004d291b3f107a9c1c') in 0.016537414 seconds
Number of updated asset objects reloaded before import = 0Number of asset objects unloaded after import = 9

========================================================================
Received Import Request.
  Time since last request: 0.000046 seconds.
  path: Assets/SimplePoly City - Low Poly Assets/Models/Props_Traffic Signal_small.fbx
  artifactKey: Guid(fbe896a67df88784abb1f38733468a13) Importer(2089858483,192608db42251d675da83286b1cce702)
Start importing Assets/SimplePoly City - Low Poly Assets/Models/Props_Traffic Signal_small.fbx using Guid(fbe896a67df88784abb1f38733468a13) Importer(2089858483,192608db42251d675da83286b1cce702) (ScriptedImporter) -> (artifact id: 'a58848fec66d1d79bd2644ffa3495627') in 0.018088716 seconds
Number of updated asset objects reloaded before import = 0Number of asset objects unloaded after import = 9

========================================================================
Received Import Request.
  Time since last request: 0.000030 seconds.
  path: Assets/Animations/Crouched Walking.fbx
  artifactKey: Guid(0ee3aaa6c6792314f84b7bb4ed1f7c9c) Importer(2089858483,192608db42251d675da83286b1cce702)
Start importing Assets/Animations/Crouched Walking.fbx using Guid(0ee3aaa6c6792314f84b7bb4ed1f7c9c) Importer(2089858483,192608db42251d675da83286b1cce702) (ScriptedImporter) -> (artifact id: '823894206f0865ae635b4351d1280e94') in 0.011940946 seconds
Number of updated asset objects reloaded before import = 0Number of asset objects unloaded after import = 135

========================================================================
Received Import Request.
  Time since last request: 0.000037 seconds.
  path: Assets/TENKOKU - DYNAMIC SKY/SHADERS/TenkokuDepth.shader
  artifactKey: Guid(cda936bdae8713046adaf2cabe16f236) Importer(2089858483,192608db42251d675da83286b1cce702)
Start importing Assets/TENKOKU - DYNAMIC SKY/SHADERS/TenkokuDepth.shader using Guid(cda936bdae8713046adaf2cabe16f236) Importer(2089858483,192608db42251d675da83286b1cce702) (ScriptedImporter) -> (artifact id: 'd0f3164acaf0a375ee246c289a1ffe6e') in 0.007231809 seconds
Number of updated asset objects reloaded before import = 0Number of asset objects unloaded after import = 1

========================================================================
Received Import Request.
  Time since last request: 0.000025 seconds.
  path: Assets/SimplePoly City - Low Poly Assets/Textures/Vehicle_Container_2.png
  artifactKey: Guid(26083320078152146942aeac058c39ad) Importer(2089858483,192608db42251d675da83286b1cce702)
Start importing Assets/SimplePoly City - Low Poly Assets/Textures/Vehicle_Container_2.png using Guid(26083320078152146942aeac058c39ad) Importer(2089858483,192608db42251d675da83286b1cce702) (ScriptedImporter) -> (artifact id: '9d3b2688d3dfa4996716805a3f29b4f8') in 0.008284118 seconds
Number of updated asset objects reloaded before import = 0Number of asset objects unloaded after import = 1

========================================================================
Received Import Request.
  Time since last request: 0.000025 seconds.
  path: Assets/TENKOKU - DYNAMIC SKY/EFFECTS/fxRainFogTest.prefab
  artifactKey: Guid(cc416020c0c84ff4daab581666ec99a4) Importer(2089858483,192608db42251d675da83286b1cce702)
Start importing Assets/TENKOKU - DYNAMIC SKY/EFFECTS/fxRainFogTest.prefab using Guid(cc416020c0c84ff4daab581666ec99a4) Importer(2089858483,192608db42251d675da83286b1cce702) (ScriptedImporter) -> (artifact id: '27d23995ebeea76f661656ae74367631') in 0.137470869 seconds
Number of updated asset objects reloaded before import = 0Number of asset objects unloaded after import = 7

========================================================================
Received Import Request.
  Time since last request: 0.000040 seconds.
  path: Assets/TENKOKU - DYNAMIC SKY/SCRIPTS/Tenkoku_TemporalEffectBase.cs
  artifactKey: Guid(f89fd2e9efdd3574b8de53f35c3babb5) Importer(2089858483,192608db42251d675da83286b1cce702)
Start importing Assets/TENKOKU - DYNAMIC SKY/SCRIPTS/Tenkoku_TemporalEffectBase.cs using Guid(f89fd2e9efdd3574b8de53f35c3babb5) Importer(2089858483,192608db42251d675da83286b1cce702) (ScriptedImporter) -> (artifact id: '883213822f5790a4ba133fa47335ce72') in 0.005023143 seconds
Number of updated asset objects reloaded before import = 0Number of asset objects unloaded after import = 0

========================================================================
Received Import Request.
  Time since last request: 0.000045 seconds.
  path: Assets/SimplePoly City - Low Poly Assets/Textures/Vehicle_SUV_3.png
  artifactKey: Guid(c7411d1e8e5de194b87905fdd4856618) Importer(2089858483,192608db42251d675da83286b1cce702)
Start importing Assets/SimplePoly City - Low Poly Assets/Textures/Vehicle_SUV_3.png using Guid(c7411d1e8e5de194b87905fdd4856618) Importer(2089858483,192608db42251d675da83286b1cce702) (ScriptedImporter) -> (artifact id: '176e75f0f67b2a455b24a6b935ad773f') in 0.008731086 seconds
Number of updated asset objects reloaded before import = 0Number of asset objects unloaded after import = 1

========================================================================
Received Import Request.
  Time since last request: 0.000029 seconds.
  path: Assets/TENKOKU - DYNAMIC SKY/SHADERS/AtmosphericScattering.cginc
  artifactKey: Guid(cb688a23dd8330943965089f1b13e11f) Importer(2089858483,192608db42251d675da83286b1cce702)
Start importing Assets/TENKOKU - DYNAMIC SKY/SHADERS/AtmosphericScattering.cginc using Guid(cb688a23dd8330943965089f1b13e11f) Importer(2089858483,192608db42251d675da83286b1cce702) (ScriptedImporter) -> (artifact id: '73c77b78c2dfc180c3cc3e24f6440ba9') in 0.002831393 seconds
Number of updated asset objects reloaded before import = 0Number of asset objects unloaded after import = 1

========================================================================
Received Import Request.
  Time since last request: 0.000027 seconds.
  path: Assets/TENKOKU - DYNAMIC SKY/SHADERS/Tenkoku_VelocityBuffer.shader
  artifactKey: Guid(ac4d9bd2eb353804e9771de7749e3e20) Importer(2089858483,192608db42251d675da83286b1cce702)
Start importing Assets/TENKOKU - DYNAMIC SKY/SHADERS/Tenkoku_VelocityBuffer.shader using Guid(ac4d9bd2eb353804e9771de7749e3e20) Importer(2089858483,192608db42251d675da83286b1cce702) (ScriptedImporter) -> (artifact id: '46b5603ad610b10835d37ced2996a140') in 0.003685124 seconds
Number of updated asset objects reloaded before import = 0Number of asset objects unloaded after import = 1

========================================================================
Received Import Request.
  Time since last request: 0.000025 seconds.
  path: Assets/SimplePoly City - Low Poly Assets/Textures/Vehicle_Taxi.png
  artifactKey: Guid(d9fe8b9f6a8a040408a6a74b3714c665) Importer(2089858483,192608db42251d675da83286b1cce702)
Start importing Assets/SimplePoly City - Low Poly Assets/Textures/Vehicle_Taxi.png using Guid(d9fe8b9f6a8a040408a6a74b3714c665) Importer(2089858483,192608db42251d675da83286b1cce702) (ScriptedImporter) -> (artifact id: 'eb6ad45db19badc8a6141d5e65cf49d4') in 0.008446355 seconds
Number of updated asset objects reloaded before import = 0Number of asset objects unloaded after import = 1

========================================================================
Received Import Request.
  Time since last request: 0.000026 seconds.
  path: Assets/SimplePoly City - Low Poly Assets/Textures/Vehicle_Pick up Truck_2.png
  artifactKey: Guid(a120475b7d3ac7543b8092f9fbc3adf4) Importer(2089858483,192608db42251d675da83286b1cce702)
Start importing Assets/SimplePoly City - Low Poly Assets/Textures/Vehicle_Pick up Truck_2.png using Guid(a120475b7d3ac7543b8092f9fbc3adf4) Importer(2089858483,192608db42251d675da83286b1cce702) (ScriptedImporter) -> (artifact id: '1a765469754eede72d59050de1225ff1') in 0.008569539 seconds
Number of updated asset objects reloaded before import = 0Number of asset objects unloaded after import = 1

========================================================================
Received Import Request.
  Time since last request: 0.000023 seconds.
  path: Assets/TENKOKU - DYNAMIC SKY/SCRIPTS/TenkokuPostFX.cs
  artifactKey: Guid(763f45291abdf6d4283b20663e00ea80) Importer(2089858483,192608db42251d675da83286b1cce702)
Start importing Assets/TENKOKU - DYNAMIC SKY/SCRIPTS/TenkokuPostFX.cs using Guid(763f45291abdf6d4283b20663e00ea80) Importer(2089858483,192608db42251d675da83286b1cce702) (ScriptedImporter) -> (artifact id: '6e184156ec4f9853a1d1fd7c8fc5f429') in 0.003059047 seconds
Number of updated asset objects reloaded before import = 0Number of asset objects unloaded after import = 0

========================================================================
Received Import Request.
  Time since last request: 0.000034 seconds.
  path: Assets/TENKOKU - DYNAMIC SKY/SCRIPTS/Tenkoku_TemporalReprojection.cs
  artifactKey: Guid(f8471a9db2a56794798f8b29fd5d3d1c) Importer(2089858483,192608db42251d675da83286b1cce702)
Start importing Assets/TENKOKU - DYNAMIC SKY/SCRIPTS/Tenkoku_TemporalReprojection.cs using Guid(f8471a9db2a56794798f8b29fd5d3d1c) Importer(2089858483,192608db42251d675da83286b1cce702) (ScriptedImporter) -> (artifact id: 'a768f6f0b9b1969039a5b9f2de87f6ee') in 0.003086973 seconds
Number of updated asset objects reloaded before import = 0Number of asset objects unloaded after import = 0

========================================================================
Received Import Request.
  Time since last request: 0.000040 seconds.
  path: Assets/TENKOKU - DYNAMIC SKY/SCRIPTS/TenkokuCameraTools.cs
  artifactKey: Guid(36f066371677d9c45b38630d4ae3af14) Importer(2089858483,192608db42251d675da83286b1cce702)
Start importing Assets/TENKOKU - DYNAMIC SKY/SCRIPTS/TenkokuCameraTools.cs using Guid(36f066371677d9c45b38630d4ae3af14) Importer(2089858483,192608db42251d675da83286b1cce702) (ScriptedImporter) -> (artifact id: '14ad74520b2d36be1dfcd6ec0b39702d') in 0.003149177 seconds
Number of updated asset objects reloaded before import = 0Number of asset objects unloaded after import = 0

========================================================================
Received Import Request.
  Time since last request: 0.000027 seconds.
  path: Assets/TENKOKU - DYNAMIC SKY/SCRIPTS/TenkokuSkyBlur.cs
  artifactKey: Guid(53e9364c3fb86b342bdda5a90a5f5a9a) Importer(2089858483,192608db42251d675da83286b1cce702)
Start importing Assets/TENKOKU - DYNAMIC SKY/SCRIPTS/TenkokuSkyBlur.cs using Guid(53e9364c3fb86b342bdda5a90a5f5a9a) Importer(2089858483,192608db42251d675da83286b1cce702) (ScriptedImporter) -> (artifact id: 'f415ccd473b60aef8bb30e8db7888a0d') in 0.002933235 seconds
Number of updated asset objects reloaded before import = 0Number of asset objects unloaded after import = 0

========================================================================
Received Import Request.
  Time since last request: 0.000029 seconds.
  path: Assets/SimplePoly City - Low Poly Assets/Textures/Vehicle_SUV_2.png
  artifactKey: Guid(c1310564a8560dc47a4aa00e7324ae1d) Importer(2089858483,192608db42251d675da83286b1cce702)
Start importing Assets/SimplePoly City - Low Poly Assets/Textures/Vehicle_SUV_2.png using Guid(c1310564a8560dc47a4aa00e7324ae1d) Importer(2089858483,192608db42251d675da83286b1cce702) (ScriptedImporter) -> (artifact id: 'ce674cee9c5f9834f1aa32d8b80eb01f') in 0.012119955 seconds
Number of updated asset objects reloaded before import = 0Number of asset objects unloaded after import = 1

========================================================================
Received Import Request.
  Time since last request: 0.000025 seconds.
  path: Assets/FantasyMedievalTown_LITE/Prefabs/HouseWall_11_LITE.prefab
  artifactKey: Guid(61b9dd48e54ad8f48b34dd5d75bb8e39) Importer(2089858483,192608db42251d675da83286b1cce702)
Start importing Assets/FantasyMedievalTown_LITE/Prefabs/HouseWall_11_LITE.prefab using Guid(61b9dd48e54ad8f48b34dd5d75bb8e39) Importer(2089858483,192608db42251d675da83286b1cce702) (ScriptedImporter) -> (artifact id: '9253773b7d06cba84e611b49c2228768') in 0.015247935 seconds
Number of updated asset objects reloaded before import = 0Number of asset objects unloaded after import = 22

========================================================================
Received Import Request.
  Time since last request: 0.000024 seconds.
  path: Assets/TENKOKU - DYNAMIC SKY/SHADERS/Tenkoku_sun.shader
  artifactKey: Guid(00d859bd925a4144fba2b7679134abb4) Importer(2089858483,192608db42251d675da83286b1cce702)
Start importing Assets/TENKOKU - DYNAMIC SKY/SHADERS/Tenkoku_sun.shader using Guid(00d859bd925a4144fba2b7679134abb4) Importer(2089858483,192608db42251d675da83286b1cce702) (ScriptedImporter) -> (artifact id: 'e5650d62104e0950352b83b3fbaa2e9b') in 0.006202116 seconds
Number of updated asset objects reloaded before import = 0Number of asset objects unloaded after import = 1

========================================================================
Received Import Request.
  Time since last request: 0.000030 seconds.
  path: Assets/TENKOKU - DYNAMIC SKY/SOUNDS/tenkoku_thunder_medium05.wav
  artifactKey: Guid(fabea45f625846b40b57fb8a0e9e8a3b) Importer(2089858483,192608db42251d675da83286b1cce702)
Start importing Assets/TENKOKU - DYNAMIC SKY/SOUNDS/tenkoku_thunder_medium05.wav using Guid(fabea45f625846b40b57fb8a0e9e8a3b) Importer(2089858483,192608db42251d675da83286b1cce702) (ScriptedImporter) -> (artifact id: 'a224dc2bd8e6cae4d1307318ca4a928c') in 0.043859692 seconds
Number of updated asset objects reloaded before import = 0Number of asset objects unloaded after import = 1

========================================================================
Received Import Request.
  Time since last request: 0.000050 seconds.
  path: Assets/TENKOKU - DYNAMIC SKY/SOUNDS/tenkoku_thunder_distant01.wav
  artifactKey: Guid(5d66fcdcf7bb69a4a8e5e93500b44a60) Importer(2089858483,192608db42251d675da83286b1cce702)
Start importing Assets/TENKOKU - DYNAMIC SKY/SOUNDS/tenkoku_thunder_distant01.wav using Guid(5d66fcdcf7bb69a4a8e5e93500b44a60) Importer(2089858483,192608db42251d675da83286b1cce702) (ScriptedImporter) -> (artifact id: '9313420510f142515c093c1fcfd4bbc9') in 0.02854368 seconds
Number of updated asset objects reloaded before import = 0Number of asset objects unloaded after import = 1

========================================================================
Received Import Request.
  Time since last request: 0.000045 seconds.
  path: Assets/TENKOKU - DYNAMIC SKY/SHADERS/Tenkoku_aurora_plane.shader
  artifactKey: Guid(c6918cf8652c43e47a7258b3d12edff4) Importer(2089858483,192608db42251d675da83286b1cce702)
Start importing Assets/TENKOKU - DYNAMIC SKY/SHADERS/Tenkoku_aurora_plane.shader using Guid(c6918cf8652c43e47a7258b3d12edff4) Importer(2089858483,192608db42251d675da83286b1cce702) (ScriptedImporter) -> (artifact id: '56d9fe9f325ef6ee38c5af280391db3e') in 0.005851621 seconds
Number of updated asset objects reloaded before import = 0Number of asset objects unloaded after import = 1

========================================================================
Received Import Request.
  Time since last request: 0.000028 seconds.
  path: Assets/TENKOKU - DYNAMIC SKY/SOUNDS/tenkoku_thunder_close05.wav
  artifactKey: Guid(89d15c60e0a05a64eb1505f747325c71) Importer(2089858483,192608db42251d675da83286b1cce702)
Start importing Assets/TENKOKU - DYNAMIC SKY/SOUNDS/tenkoku_thunder_close05.wav using Guid(89d15c60e0a05a64eb1505f747325c71) Importer(2089858483,192608db42251d675da83286b1cce702) (ScriptedImporter) -> (artifact id: '99cb460e1a8227894d1859f8606735be') in 0.027666732 seconds
Number of updated asset objects reloaded before import = 0Number of asset objects unloaded after import = 1

========================================================================
Received Import Request.
  Time since last request: 0.000025 seconds.
  path: Assets/TENKOKU - DYNAMIC SKY/SHADERS/Tenkoku_fx_particle_lit.shader
  artifactKey: Guid(f21713de5ca30894ea6bb7c51ae7d47b) Importer(2089858483,192608db42251d675da83286b1cce702)
Start importing Assets/TENKOKU - DYNAMIC SKY/SHADERS/Tenkoku_fx_particle_lit.shader using Guid(f21713de5ca30894ea6bb7c51ae7d47b) Importer(2089858483,192608db42251d675da83286b1cce702) (ScriptedImporter) -> (artifact id: 'ad3c5256a75d5c9590741d7c2bc883ca') in 0.003712487 seconds
Number of updated asset objects reloaded before import = 0Number of asset objects unloaded after import = 1

========================================================================
Received Import Request.
  Time since last request: 0.000028 seconds.
  path: Assets/Stylized Door/Mesh/Door.fbx
  artifactKey: Guid(2b5e9b3c6d401bb46be72a594b95f8b9) Importer(2089858483,192608db42251d675da83286b1cce702)
Start importing Assets/Stylized Door/Mesh/Door.fbx using Guid(2b5e9b3c6d401bb46be72a594b95f8b9) Importer(2089858483,192608db42251d675da83286b1cce702) (ScriptedImporter) -> (artifact id: '104b0f95b49a4627ab240bbb400305a7') in 0.014528792 seconds
Number of updated asset objects reloaded before import = 0Number of asset objects unloaded after import = 18

========================================================================
Received Import Request.
  Time since last request: 0.000029 seconds.
  path: Assets/TENKOKU - DYNAMIC SKY/SOUNDS/tenkoku_dayambient.wav
  artifactKey: Guid(25cf4472b1e73184d97fd53b9fddc54a) Importer(2089858483,192608db42251d675da83286b1cce702)
Start importing Assets/TENKOKU - DYNAMIC SKY/SOUNDS/tenkoku_dayambient.wav using Guid(25cf4472b1e73184d97fd53b9fddc54a) Importer(2089858483,192608db42251d675da83286b1cce702) (ScriptedImporter) -> (artifact id: '673c2f934c1250e6259b4264f14c8ae9') in 0.138798784 seconds
Number of updated asset objects reloaded before import = 0Number of asset objects unloaded after import = 1

========================================================================
Received Import Request.
  Time since last request: 0.000030 seconds.
  path: Assets/TENKOKU - DYNAMIC SKY/SOUNDS/tenkoku_thunder_medium01.wav
  artifactKey: Guid(b7b86f313f136eb45b7d3e4b3d68e611) Importer(2089858483,192608db42251d675da83286b1cce702)
Start importing Assets/TENKOKU - DYNAMIC SKY/SOUNDS/tenkoku_thunder_medium01.wav using Guid(b7b86f313f136eb45b7d3e4b3d68e611) Importer(2089858483,192608db42251d675da83286b1cce702) (ScriptedImporter) -> (artifact id: '884c7d15f3ca94f4e78315e92d562860') in 0.03514186 seconds
Number of updated asset objects reloaded before import = 0Number of asset objects unloaded after import = 1

========================================================================
Received Import Request.
  Time since last request: 0.000041 seconds.
  path: Assets/TENKOKU - DYNAMIC SKY/TEXTURES/mat_TenkokuSkySphere.mat
  artifactKey: Guid(30d9a97e9c47fa7498369631d8ac26e4) Importer(2089858483,192608db42251d675da83286b1cce702)
Start importing Assets/TENKOKU - DYNAMIC SKY/TEXTURES/mat_TenkokuSkySphere.mat using Guid(30d9a97e9c47fa7498369631d8ac26e4) Importer(2089858483,192608db42251d675da83286b1cce702) (ScriptedImporter) -> (artifact id: '9144cf0e428227c5ccbdf701f37b1ef6') in 0.074044827 seconds
Number of updated asset objects reloaded before import = 0Number of asset objects unloaded after import = 4

========================================================================
Received Import Request.
  Time since last request: 0.000035 seconds.
  path: Assets/TENKOKU - DYNAMIC SKY/TEXTURES/tex_clouds_b_hires.psd
  artifactKey: Guid(52a1031aeb1c462478514e9b8d047f9d) Importer(2089858483,192608db42251d675da83286b1cce702)
Start importing Assets/TENKOKU - DYNAMIC SKY/TEXTURES/tex_clouds_b_hires.psd using Guid(52a1031aeb1c462478514e9b8d047f9d) Importer(2089858483,192608db42251d675da83286b1cce702) (ScriptedImporter) -> (artifact id: 'ea9167bb17d507c493dd7146652dce0d') in 0.037547915 seconds
Number of updated asset objects reloaded before import = 0Number of asset objects unloaded after import = 1

========================================================================
Received Import Request.
  Time since last request: 0.000030 seconds.
  path: Assets/TENKOKU - DYNAMIC SKY/TEXTURES/mat_galaxy.mat
  artifactKey: Guid(58194c5ce7e98294eb0698c1cd484465) Importer(2089858483,192608db42251d675da83286b1cce702)
Start importing Assets/TENKOKU - DYNAMIC SKY/TEXTURES/mat_galaxy.mat using Guid(58194c5ce7e98294eb0698c1cd484465) Importer(2089858483,192608db42251d675da83286b1cce702) (ScriptedImporter) -> (artifact id: '70bfea42fde1c4878e94948c9678f843') in 0.011261587 seconds
Number of updated asset objects reloaded before import = 0Number of asset objects unloaded after import = 2

========================================================================
Received Import Request.
  Time since last request: 0.000030 seconds.
  path: Assets/TENKOKU - DYNAMIC SKY/TEXTURES/tex_testLightning.psd
  artifactKey: Guid(d6f67298fb1e73a4994e8339d46baf54) Importer(2089858483,192608db42251d675da83286b1cce702)
Start importing Assets/TENKOKU - DYNAMIC SKY/TEXTURES/tex_testLightning.psd using Guid(d6f67298fb1e73a4994e8339d46baf54) Importer(2089858483,192608db42251d675da83286b1cce702) (ScriptedImporter) -> (artifact id: '9a36504950d214d8891e527184017de4') in 0.008912425 seconds
Number of updated asset objects reloaded before import = 0Number of asset objects unloaded after import = 1

========================================================================
Received Import Request.
  Time since last request: 0.000052 seconds.
  path: Assets/TENKOKU - DYNAMIC SKY/TEXTURES/mat_TenkokuSkyboxLegacy.mat
  artifactKey: Guid(5cf11a4e608fa5b4f9b5783bedb21f18) Importer(2089858483,192608db42251d675da83286b1cce702)
Start importing Assets/TENKOKU - DYNAMIC SKY/TEXTURES/mat_TenkokuSkyboxLegacy.mat using Guid(5cf11a4e608fa5b4f9b5783bedb21f18) Importer(2089858483,192608db42251d675da83286b1cce702) (ScriptedImporter) -> (artifact id: '0c9a9b4474d9e43bfa5e7c03000d5961') in 0.004499361 seconds
Number of updated asset objects reloaded before import = 0Number of asset objects unloaded after import = 1

========================================================================
Received Import Request.
  Time since last request: 0.000030 seconds.
  path: Assets/TENKOKU - DYNAMIC SKY/TEXTURES/tex_ramp_blur.psd
  artifactKey: Guid(f9d983568f4c49249b6e9f010812edd3) Importer(2089858483,192608db42251d675da83286b1cce702)
Start importing Assets/TENKOKU - DYNAMIC SKY/TEXTURES/tex_ramp_blur.psd using Guid(f9d983568f4c49249b6e9f010812edd3) Importer(2089858483,192608db42251d675da83286b1cce702) (ScriptedImporter) -> (artifact id: '5a604b6dc03e50f4c815290c7decabe6') in 0.011814498 seconds
Number of updated asset objects reloaded before import = 0Number of asset objects unloaded after import = 1

========================================================================
Received Import Request.
  Time since last request: 0.000028 seconds.
  path: Assets/TENKOKU - DYNAMIC SKY/TEXTURES/tex_starburst.psd
  artifactKey: Guid(ee165cd5854547647b65fb36465829a1) Importer(2089858483,192608db42251d675da83286b1cce702)
Start importing Assets/TENKOKU - DYNAMIC SKY/TEXTURES/tex_starburst.psd using Guid(ee165cd5854547647b65fb36465829a1) Importer(2089858483,192608db42251d675da83286b1cce702) (ScriptedImporter) -> (artifact id: '4a6b216f605dd6b1750f12c0d0cc8ad4') in 0.008873274 seconds
Number of updated asset objects reloaded before import = 0Number of asset objects unloaded after import = 1

========================================================================
Received Import Request.
  Time since last request: 0.000026 seconds.
  path: Assets/TENKOKU - DYNAMIC SKY/RESOURCES/StarDataset.asset
  artifactKey: Guid(755c3b111b7703245b567c39b0c56d5d) Importer(2089858483,192608db42251d675da83286b1cce702)
Start importing Assets/TENKOKU - DYNAMIC SKY/RESOURCES/StarDataset.asset using Guid(755c3b111b7703245b567c39b0c56d5d) Importer(2089858483,192608db42251d675da83286b1cce702) (ScriptedImporter) -> (artifact id: '6bd521f85b4233a706ebf2a927bd4c54') in 0.046303062 seconds
Number of updated asset objects reloaded before import = 0Number of asset objects unloaded after import = 2

========================================================================
Received Import Request.
  Time since last request: 0.000031 seconds.
  path: Assets/TENKOKU - DYNAMIC SKY/SOUNDS/tenkoku_nightambient.wav
  artifactKey: Guid(ed1f7ee0b6e691545b62bffd09916c8c) Importer(2089858483,192608db42251d675da83286b1cce702)
Start importing Assets/TENKOKU - DYNAMIC SKY/SOUNDS/tenkoku_nightambient.wav using Guid(ed1f7ee0b6e691545b62bffd09916c8c) Importer(2089858483,192608db42251d675da83286b1cce702) (ScriptedImporter) -> (artifact id: '18e24ccd8b1a836276edb72392359c85') in 0.04392854 seconds
Number of updated asset objects reloaded before import = 0Number of asset objects unloaded after import = 1

========================================================================
Received Import Request.
  Time since last request: 0.000031 seconds.
  path: Assets/TENKOKU - DYNAMIC SKY/TEXTURES/mat_planets.mat
  artifactKey: Guid(118ab200dbbc11548ac903e45810f1d9) Importer(2089858483,192608db42251d675da83286b1cce702)
Start importing Assets/TENKOKU - DYNAMIC SKY/TEXTURES/mat_planets.mat using Guid(118ab200dbbc11548ac903e45810f1d9) Importer(2089858483,192608db42251d675da83286b1cce702) (ScriptedImporter) -> (artifact id: 'dd27d92b36ab2c2df0e3912478eac573') in 0.005091008 seconds
Number of updated asset objects reloaded before import = 0Number of asset objects unloaded after import = 2

========================================================================
Received Import Request.
  Time since last request: 0.000036 seconds.
  path: Assets/TENKOKU - DYNAMIC SKY/TEXTURES/renderTex_skyFog.renderTexture
  artifactKey: Guid(f8a37d53e902f9341ae073f48d811fb3) Importer(2089858483,192608db42251d675da83286b1cce702)
Start importing Assets/TENKOKU - DYNAMIC SKY/TEXTURES/renderTex_skyFog.renderTexture using Guid(f8a37d53e902f9341ae073f48d811fb3) Importer(2089858483,192608db42251d675da83286b1cce702) (ScriptedImporter) -> (artifact id: '2884cb574b1a0c0cd294474acccf0465') in 0.00954723 seconds
Number of updated asset objects reloaded before import = 0Number of asset objects unloaded after import = 1

========================================================================
Received Import Request.
  Time since last request: 0.000025 seconds.
  path: Assets/YughuesFreeBushes2018/Textures/T_Bush01_d.tga
  artifactKey: Guid(94db8a6f822aa8245ae0a58f78870c2c) Importer(2089858483,192608db42251d675da83286b1cce702)
Start importing Assets/YughuesFreeBushes2018/Textures/T_Bush01_d.tga using Guid(94db8a6f822aa8245ae0a58f78870c2c) Importer(2089858483,192608db42251d675da83286b1cce702) (ScriptedImporter) -> (artifact id: '2da3e547db5ab4edc6aa3f385491922b') in 0.010068092 seconds
Number of updated asset objects reloaded before import = 0Number of asset objects unloaded after import = 1

========================================================================
Received Import Request.
  Time since last request: 0.000026 seconds.
  path: Assets/Tower/Texture/L3_specular.psd
  artifactKey: Guid(cdb3cb861555bd2469f2efeea8298e17) Importer(2089858483,192608db42251d675da83286b1cce702)
Start importing Assets/Tower/Texture/L3_specular.psd using Guid(cdb3cb861555bd2469f2efeea8298e17) Importer(2089858483,192608db42251d675da83286b1cce702) (ScriptedImporter) -> (artifact id: 'd21367afced268ce276bbec37d0888ce') in 0.01056095 seconds
Number of updated asset objects reloaded before import = 0Number of asset objects unloaded after import = 1

========================================================================
Received Import Request.
  Time since last request: 0.000027 seconds.
  path: Assets/TutorialInfo/Icons/URP.png
  artifactKey: Guid(727a75301c3d24613a3ebcec4a24c2c8) Importer(2089858483,192608db42251d675da83286b1cce702)
Start importing Assets/TutorialInfo/Icons/URP.png using Guid(727a75301c3d24613a3ebcec4a24c2c8) Importer(2089858483,192608db42251d675da83286b1cce702) (ScriptedImporter) -> (artifact id: 'd61f650af4b79fb3d24c8363ea1e4ff6') in 0.010022346 seconds
Number of updated asset objects reloaded before import = 0Number of asset objects unloaded after import = 1

========================================================================
Received Import Request.
  Time since last request: 0.000026 seconds.
  path: Assets/YughuesFreeBushes2018/Prefabs/P_Bush05.prefab
  artifactKey: Guid(431e05c5e2b18ba4fa6b3b0a6f687786) Importer(2089858483,192608db42251d675da83286b1cce702)
Start importing Assets/YughuesFreeBushes2018/Prefabs/P_Bush05.prefab using Guid(431e05c5e2b18ba4fa6b3b0a6f687786) Importer(2089858483,192608db42251d675da83286b1cce702) (ScriptedImporter) -> (artifact id: '7a42e842ef8c4f5610257b82046c6d0a') in 0.005879201 seconds
Number of updated asset objects reloaded before import = 0Number of asset objects unloaded after import = 29

========================================================================
Received Import Request.
  Time since last request: 0.000023 seconds.
  path: Assets/TutorialInfo/Scripts/Readme.cs
  artifactKey: Guid(fcf7219bab7fe46a1ad266029b2fee19) Importer(2089858483,192608db42251d675da83286b1cce702)
Start importing Assets/TutorialInfo/Scripts/Readme.cs using Guid(fcf7219bab7fe46a1ad266029b2fee19) Importer(2089858483,192608db42251d675da83286b1cce702) (ScriptedImporter) -> (artifact id: '03b0fb9a3376344056b56cc0c8d20fc7') in 0.003015469 seconds
Number of updated asset objects reloaded before import = 0Number of asset objects unloaded after import = 0

========================================================================
Received Import Request.
  Time since last request: 0.000041 seconds.
  path: Assets/YughuesFreeBushes2018/Meshes/Bush05.FBX
  artifactKey: Guid(fe3ef29f6dae00344b41413c90b4cc57) Importer(2089858483,192608db42251d675da83286b1cce702)
Start importing Assets/YughuesFreeBushes2018/Meshes/Bush05.FBX using Guid(fe3ef29f6dae00344b41413c90b4cc57) Importer(2089858483,192608db42251d675da83286b1cce702) (ScriptedImporter) -> (artifact id: '42c09dbc85e9b119d5673af9d9802e7b') in 0.021005139 seconds
Number of updated asset objects reloaded before import = 0Number of asset objects unloaded after import = 25

========================================================================
Received Import Request.
  Time since last request: 0.000033 seconds.
  path: Assets/YughuesFreeBushes2018/Textures/T_Bush02_s.tga
  artifactKey: Guid(407d2b8d0747a274c83fefc085e4d37c) Importer(2089858483,192608db42251d675da83286b1cce702)
Start importing Assets/YughuesFreeBushes2018/Textures/T_Bush02_s.tga using Guid(407d2b8d0747a274c83fefc085e4d37c) Importer(2089858483,192608db42251d675da83286b1cce702) (ScriptedImporter) -> (artifact id: 'a1c8c1d31431cd685cbc2dd5f596b0ae') in 0.009760211 seconds
Number of updated asset objects reloaded before import = 0Number of asset objects unloaded after import = 1

========================================================================
Received Import Request.
  Time since last request: 0.000028 seconds.
  path: Assets/YughuesFreeBushes2018/Meshes/Bush04.FBX
  artifactKey: Guid(8f2212efada33cd4f929c4ca2c0162d8) Importer(2089858483,192608db42251d675da83286b1cce702)
Start importing Assets/YughuesFreeBushes2018/Meshes/Bush04.FBX using Guid(8f2212efada33cd4f929c4ca2c0162d8) Importer(2089858483,192608db42251d675da83286b1cce702) (ScriptedImporter) -> (artifact id: '00c7e44494b63e740627d040082f7fa5') in 0.016118053 seconds
Number of updated asset objects reloaded before import = 0Number of asset objects unloaded after import = 25

========================================================================
Received Import Request.
  Time since last request: 0.000026 seconds.
  path: Assets/YughuesFreeBushes2018/Prefabs/P_Bush01.prefab
  artifactKey: Guid(8109e9e16ba4cc04b8e0928aea897927) Importer(2089858483,192608db42251d675da83286b1cce702)
Start importing Assets/YughuesFreeBushes2018/Prefabs/P_Bush01.prefab using Guid(8109e9e16ba4cc04b8e0928aea897927) Importer(2089858483,192608db42251d675da83286b1cce702) (ScriptedImporter) -> (artifact id: '2abff7668cd72851be86df2211e26a91') in 0.007246395 seconds
Number of updated asset objects reloaded before import = 0Number of asset objects unloaded after import = 29

========================================================================
Received Import Request.
  Time since last request: 0.000024 seconds.
  path: Assets/YughuesFreeBushes2018/Textures/T_Bush03_n.tga
  artifactKey: Guid(13a3162fb7a76b241be49f1756129239) Importer(2089858483,192608db42251d675da83286b1cce702)
Start importing Assets/YughuesFreeBushes2018/Textures/T_Bush03_n.tga using Guid(13a3162fb7a76b241be49f1756129239) Importer(2089858483,192608db42251d675da83286b1cce702) (ScriptedImporter) -> (artifact id: '658c859e68f09dbb332d915f04c54eeb') in 0.008558116 seconds
Number of updated asset objects reloaded before import = 0Number of asset objects unloaded after import = 1

========================================================================
Received Import Request.
  Time since last request: 0.000029 seconds.
  path: Assets/YughuesFreeBushes2018/Prefabs/P_Bush03.prefab
  artifactKey: Guid(ff0b0a3d7ae7a9e4f8505795785ad853) Importer(2089858483,192608db42251d675da83286b1cce702)
Start importing Assets/YughuesFreeBushes2018/Prefabs/P_Bush03.prefab using Guid(ff0b0a3d7ae7a9e4f8505795785ad853) Importer(2089858483,192608db42251d675da83286b1cce702) (ScriptedImporter) -> (artifact id: '86bce6d22a19a72d6407119b8270794f') in 0.0062018 seconds
Number of updated asset objects reloaded before import = 0Number of asset objects unloaded after import = 71

========================================================================
Received Import Request.
  Time since last request: 0.000024 seconds.
  path: Assets/TENKOKU - DYNAMIC SKY/EDITOR/TenkokuModuleEditor.cs
  artifactKey: Guid(a2e44bfbb32716b439609ff937b34ad2) Importer(2089858483,192608db42251d675da83286b1cce702)
Start importing Assets/TENKOKU - DYNAMIC SKY/EDITOR/TenkokuModuleEditor.cs using Guid(a2e44bfbb32716b439609ff937b34ad2) Importer(2089858483,192608db42251d675da83286b1cce702) (ScriptedImporter) -> (artifact id: '154adfa05d91220dd82005b40e23fd37') in 0.002938931 seconds
Number of updated asset objects reloaded before import = 0Number of asset objects unloaded after import = 0

========================================================================
Received Import Request.
  Time since last request: 0.000031 seconds.
  path: Assets/TENKOKU - DYNAMIC SKY/TEXTURES/tex_masterRamp_desaturate.psd
  artifactKey: Guid(4a91dd4c664cf314c98e2ee48286af59) Importer(2089858483,192608db42251d675da83286b1cce702)
Start importing Assets/TENKOKU - DYNAMIC SKY/TEXTURES/tex_masterRamp_desaturate.psd using Guid(4a91dd4c664cf314c98e2ee48286af59) Importer(2089858483,192608db42251d675da83286b1cce702) (ScriptedImporter) -> (artifact id: '1c72f81874aba31b83b722c49a8715d2') in 0.012382696 seconds
Number of updated asset objects reloaded before import = 0Number of asset objects unloaded after import = 1

========================================================================
Received Import Request.
  Time since last request: 0.000047 seconds.
  path: Assets/YughuesFreeBushes2018/Textures/T_Bush02_d.tga
  artifactKey: Guid(a3d9e13b4dee92740878a1675d480442) Importer(2089858483,192608db42251d675da83286b1cce702)
Start importing Assets/YughuesFreeBushes2018/Textures/T_Bush02_d.tga using Guid(a3d9e13b4dee92740878a1675d480442) Importer(2089858483,192608db42251d675da83286b1cce702) (ScriptedImporter) -> (artifact id: '2ee8bfbcfc5ac1e875c33866272140e4') in 0.010074714 seconds
Number of updated asset objects reloaded before import = 0Number of asset objects unloaded after import = 1

========================================================================
Received Import Request.
  Time since last request: 0.000029 seconds.
  path: Assets/Stylized Door/Prefabs/Door.prefab
  artifactKey: Guid(d11cbcf1bd1e5f346839e2f676d89830) Importer(2089858483,192608db42251d675da83286b1cce702)
Start importing Assets/Stylized Door/Prefabs/Door.prefab using Guid(d11cbcf1bd1e5f346839e2f676d89830) Importer(2089858483,192608db42251d675da83286b1cce702) (ScriptedImporter) -> (artifact id: '3a63188be21346963a9d3227b1ce2788') in 0.012598427 seconds
Number of updated asset objects reloaded before import = 0Number of asset objects unloaded after import = 32

========================================================================
Received Import Request.
  Time since last request: 0.000030 seconds.
  path: Assets/Dnk_Dev/Brick_Fence/Prefab/P_Brick_Fence_Column_01.prefab
  artifactKey: Guid(9831d3436a82a3b4bafaf9d4848a780d) Importer(2089858483,192608db42251d675da83286b1cce702)
Start importing Assets/Dnk_Dev/Brick_Fence/Prefab/P_Brick_Fence_Column_01.prefab using Guid(9831d3436a82a3b4bafaf9d4848a780d) Importer(2089858483,192608db42251d675da83286b1cce702) (ScriptedImporter) -> (artifact id: 'c903b8cbcdcae8ef46f0548487647b64') in 0.009385068 seconds
Number of updated asset objects reloaded before import = 0Number of asset objects unloaded after import = 9

========================================================================
Received Import Request.
  Time since last request: 0.000022 seconds.
  path: Assets/YughuesFreeBushes2018/Textures/T_Bush05_s.tga
  artifactKey: Guid(aa68df921e660f847a4213639930a582) Importer(2089858483,192608db42251d675da83286b1cce702)
Start importing Assets/YughuesFreeBushes2018/Textures/T_Bush05_s.tga using Guid(aa68df921e660f847a4213639930a582) Importer(2089858483,192608db42251d675da83286b1cce702) (ScriptedImporter) -> (artifact id: 'ee9c57ee477881395d8eb3434599b6f5') in 0.009561472 seconds
Number of updated asset objects reloaded before import = 0Number of asset objects unloaded after import = 1

========================================================================
Received Import Request.
  Time since last request: 0.000025 seconds.
  path: Assets/Dnk_Dev/Brick_Fence/Textures/T_Brick_Fence_01.TGA
  artifactKey: Guid(a9df1c30a4869344eb793c251c6caa38) Importer(2089858483,192608db42251d675da83286b1cce702)
Start importing Assets/Dnk_Dev/Brick_Fence/Textures/T_Brick_Fence_01.TGA using Guid(a9df1c30a4869344eb793c251c6caa38) Importer(2089858483,192608db42251d675da83286b1cce702) (ScriptedImporter) -> (artifact id: '9a86bbec49dcf3eb107f6dbb088e2de6') in 0.010669199 seconds
Number of updated asset objects reloaded before import = 0Number of asset objects unloaded after import = 1

========================================================================
Received Import Request.
  Time since last request: 0.000035 seconds.
  path: Assets/YughuesFreeBushes2018/demo/Ground.mat
  artifactKey: Guid(f8876f267f58e364e80b81cd9bcf4c64) Importer(2089858483,192608db42251d675da83286b1cce702)
Start importing Assets/YughuesFreeBushes2018/demo/Ground.mat using Guid(f8876f267f58e364e80b81cd9bcf4c64) Importer(2089858483,192608db42251d675da83286b1cce702) (ScriptedImporter) -> (artifact id: '5e014a001d30ba7bc18619d2fd9c7de3') in 0.004789029 seconds
Number of updated asset objects reloaded before import = 0Number of asset objects unloaded after import = 1

========================================================================
Received Import Request.
  Time since last request: 0.000048 seconds.
  path: Assets/Dnk_Dev/Brick_Fence/Prefab/P_Brick_Fence_03.prefab
  artifactKey: Guid(1cdf58ba2fcee8d488a8bba0d44831f2) Importer(2089858483,192608db42251d675da83286b1cce702)
Start importing Assets/Dnk_Dev/Brick_Fence/Prefab/P_Brick_Fence_03.prefab using Guid(1cdf58ba2fcee8d488a8bba0d44831f2) Importer(2089858483,192608db42251d675da83286b1cce702) (ScriptedImporter) -> (artifact id: '8c77c92c1de9fc1776b08cffa53cf93e') in 0.004188313 seconds
Number of updated asset objects reloaded before import = 0Number of asset objects unloaded after import = 10

========================================================================
Received Import Request.
  Time since last request: 0.000025 seconds.
  path: Assets/Dnk_Dev/Brick_Fence/Prefab/P_Brick_Fence_01.prefab
  artifactKey: Guid(736e9fa1dfe2bfa4f90f123ca8612053) Importer(2089858483,192608db42251d675da83286b1cce702)
Start importing Assets/Dnk_Dev/Brick_Fence/Prefab/P_Brick_Fence_01.prefab using Guid(736e9fa1dfe2bfa4f90f123ca8612053) Importer(2089858483,192608db42251d675da83286b1cce702) (ScriptedImporter) -> (artifact id: 'a46dcc247f3a0a2b1be02a23e22ca8db') in 0.005142129 seconds
Number of updated asset objects reloaded before import = 0Number of asset objects unloaded after import = 20

========================================================================
Received Import Request.
  Time since last request: 0.000030 seconds.
  path: Assets/TENKOKU - DYNAMIC SKY/EFFECTS/fxRain.prefab
  artifactKey: Guid(b719fcd461406c843add3d35f247cf5b) Importer(2089858483,192608db42251d675da83286b1cce702)
Start importing Assets/TENKOKU - DYNAMIC SKY/EFFECTS/fxRain.prefab using Guid(b719fcd461406c843add3d35f247cf5b) Importer(2089858483,192608db42251d675da83286b1cce702) (ScriptedImporter) -> (artifact id: '9db7b4884ac925ef5b625ef2d3ea0f85') in 0.055927942 seconds
Number of updated asset objects reloaded before import = 0Number of asset objects unloaded after import = 6

========================================================================
Received Import Request.
  Time since last request: 0.000040 seconds.
  path: Assets/YughuesFreeBushes2018/Meshes/Bush01.FBX
  artifactKey: Guid(c93a5fb30f5956343a31433f79f362af) Importer(2089858483,192608db42251d675da83286b1cce702)
Start importing Assets/YughuesFreeBushes2018/Meshes/Bush01.FBX using Guid(c93a5fb30f5956343a31433f79f362af) Importer(2089858483,192608db42251d675da83286b1cce702) (ScriptedImporter) -> (artifact id: '7218565770c523f59869fafef49db640') in 0.022503284 seconds
Number of updated asset objects reloaded before import = 0Number of asset objects unloaded after import = 25

========================================================================
Received Import Request.
  Time since last request: 0.000034 seconds.
  path: Assets/LowPolyMedievalPropsLite/Models/Bucket_01_2.fbx
  artifactKey: Guid(17bcc91624435ad4a8625475c75054b4) Importer(2089858483,192608db42251d675da83286b1cce702)
Start importing Assets/LowPolyMedievalPropsLite/Models/Bucket_01_2.fbx using Guid(17bcc91624435ad4a8625475c75054b4) Importer(2089858483,192608db42251d675da83286b1cce702) (ScriptedImporter) -> (artifact id: '1606538fb3ce47c66adf79d08ecd1a69') in 0.010886863 seconds
Number of updated asset objects reloaded before import = 0Number of asset objects unloaded after import = 7

========================================================================
Received Import Request.
  Time since last request: 0.000038 seconds.
  path: Assets/BodyGuards/Textures/Boduguard_01_D.tga
  artifactKey: Guid(0882e157fc9368c44ae9b825c74cf1af) Importer(2089858483,192608db42251d675da83286b1cce702)
Start importing Assets/BodyGuards/Textures/Boduguard_01_D.tga using Guid(0882e157fc9368c44ae9b825c74cf1af) Importer(2089858483,192608db42251d675da83286b1cce702) (ScriptedImporter) -> (artifact id: 'e0923f09192f3321a23b60edc323051b') in 0.009745206 seconds
Number of updated asset objects reloaded before import = 0Number of asset objects unloaded after import = 1

========================================================================
Received Import Request.
  Time since last request: 0.000023 seconds.
  path: Assets/LowPolyMedievalPropsLite/Prefabs/Fence_01.prefab
  artifactKey: Guid(9e4d87ed8442a2a40b13957dd237e343) Importer(2089858483,192608db42251d675da83286b1cce702)
Start importing Assets/LowPolyMedievalPropsLite/Prefabs/Fence_01.prefab using Guid(9e4d87ed8442a2a40b13957dd237e343) Importer(2089858483,192608db42251d675da83286b1cce702) (ScriptedImporter) -> (artifact id: 'c717ffa2808571fed123dc3dac3b5f8d') in 0.008215297 seconds
Number of updated asset objects reloaded before import = 0Number of asset objects unloaded after import = 9

========================================================================
Received Import Request.
  Time since last request: 0.000032 seconds.
  path: Assets/PBR_Grass_Textures/Textures/grass_05_normal.png
  artifactKey: Guid(1ca8d7047c5f9cd4bbc921f704f093fe) Importer(2089858483,192608db42251d675da83286b1cce702)
Start importing Assets/PBR_Grass_Textures/Textures/grass_05_normal.png using Guid(1ca8d7047c5f9cd4bbc921f704f093fe) Importer(2089858483,192608db42251d675da83286b1cce702) (ScriptedImporter) -> (artifact id: '2b68916059d67f8799fb7d3810f6234f') in 0.012244445 seconds
Number of updated asset objects reloaded before import = 0Number of asset objects unloaded after import = 1

========================================================================
Received Import Request.
  Time since last request: 0.000036 seconds.
  path: Assets/PBR_Grass_Textures/Textures/grass_03_maskmap.png
  artifactKey: Guid(ba6dd8e7becdd124380f3a72bd00f812) Importer(2089858483,192608db42251d675da83286b1cce702)
Start importing Assets/PBR_Grass_Textures/Textures/grass_03_maskmap.png using Guid(ba6dd8e7becdd124380f3a72bd00f812) Importer(2089858483,192608db42251d675da83286b1cce702) (ScriptedImporter) -> (artifact id: '5a8241fad5f3d1e657073fdb8d96d6c8') in 0.013347267 seconds
Number of updated asset objects reloaded before import = 0Number of asset objects unloaded after import = 1

========================================================================
Received Import Request.
  Time since last request: 0.000027 seconds.
  path: Assets/GVOZDY/Round Four-Tier Water Fountain/Prefabs/fountain_4_dark.prefab
  artifactKey: Guid(960470756ac4e1044ac5ceb302454757) Importer(2089858483,192608db42251d675da83286b1cce702)
Start importing Assets/GVOZDY/Round Four-Tier Water Fountain/Prefabs/fountain_4_dark.prefab using Guid(960470756ac4e1044ac5ceb302454757) Importer(2089858483,192608db42251d675da83286b1cce702) (ScriptedImporter) -> (artifact id: 'e8b40ace600e9e28e733989c7a0bf6c0') in 0.005658376 seconds
Number of updated asset objects reloaded before import = 0Number of asset objects unloaded after import = 9

========================================================================
Received Import Request.
  Time since last request: 0.000026 seconds.
  path: Assets/GVOZDY/Round Four-Tier Water Fountain/Textures/T_fountain_4_light_ao.png
  artifactKey: Guid(e184ad3566b9109428eb600f9b4e6fbe) Importer(2089858483,192608db42251d675da83286b1cce702)
Start importing Assets/GVOZDY/Round Four-Tier Water Fountain/Textures/T_fountain_4_light_ao.png using Guid(e184ad3566b9109428eb600f9b4e6fbe) Importer(2089858483,192608db42251d675da83286b1cce702) (ScriptedImporter) -> (artifact id: 'd15294a0cabf4d3ff708f914fdf78431') in 0.013124699 seconds
Number of updated asset objects reloaded before import = 0Number of asset objects unloaded after import = 1

========================================================================
Received Import Request.
  Time since last request: 0.000031 seconds.
  path: Assets/SimplePoly City - Low Poly Assets/Prefab/Buildings/Building_Fast Food.prefab
  artifactKey: Guid(4dc7028a3a83758439585b7c7c98cb27) Importer(2089858483,192608db42251d675da83286b1cce702)
Start importing Assets/SimplePoly City - Low Poly Assets/Prefab/Buildings/Building_Fast Food.prefab using Guid(4dc7028a3a83758439585b7c7c98cb27) Importer(2089858483,192608db42251d675da83286b1cce702) (ScriptedImporter) -> (artifact id: '8ca985d382389e096d3dd3bef0e1476a') in 0.015150635 seconds
Number of updated asset objects reloaded before import = 0Number of asset objects unloaded after import = 8

========================================================================
Received Import Request.
  Time since last request: 0.000056 seconds.
  path: Assets/SimplePoly City - Low Poly Assets/Prefab/Buildings/Building Sky_big_color03.prefab
  artifactKey: Guid(1d3fc70685d97b748ac1264d8da02551) Importer(2089858483,192608db42251d675da83286b1cce702)
Start importing Assets/SimplePoly City - Low Poly Assets/Prefab/Buildings/Building Sky_big_color03.prefab using Guid(1d3fc70685d97b748ac1264d8da02551) Importer(2089858483,192608db42251d675da83286b1cce702) (ScriptedImporter) -> (artifact id: 'f490a66057ab545dbef0b4860e5dcab2') in 0.00685294 seconds
Number of updated asset objects reloaded before import = 0Number of asset objects unloaded after import = 8

========================================================================
Received Import Request.
  Time since last request: 0.000025 seconds.
  path: Assets/GVOZDY/Round Four-Tier Water Fountain/Materials/M_Fountain_4_dark.mat
  artifactKey: Guid(c4f075d5d5bbef444a436ece281ed421) Importer(2089858483,192608db42251d675da83286b1cce702)
Start importing Assets/GVOZDY/Round Four-Tier Water Fountain/Materials/M_Fountain_4_dark.mat using Guid(c4f075d5d5bbef444a436ece281ed421) Importer(2089858483,192608db42251d675da83286b1cce702) (ScriptedImporter) -> (artifact id: '0dd0e5bd34b8923d1ec6517414b1b143') in 0.054787006 seconds
Number of updated asset objects reloaded before import = 0Number of asset objects unloaded after import = 5

========================================================================
Received Import Request.
  Time since last request: 0.000021 seconds.
  path: Assets/GVOZDY/Round Four-Tier Water Fountain/Textures/T_fountain_4_light_albedo.png
  artifactKey: Guid(2c29fdb1b3b06cc4bbe04fb6bc8df135) Importer(2089858483,192608db42251d675da83286b1cce702)
Start importing Assets/GVOZDY/Round Four-Tier Water Fountain/Textures/T_fountain_4_light_albedo.png using Guid(2c29fdb1b3b06cc4bbe04fb6bc8df135) Importer(2089858483,192608db42251d675da83286b1cce702) (ScriptedImporter) -> (artifact id: '8e516c56e9f2205fd69a8b05d867ca13') in 0.010457539 seconds
Number of updated asset objects reloaded before import = 0Number of asset objects unloaded after import = 1

========================================================================
Received Import Request.
  Time since last request: 0.000020 seconds.
  path: Assets/GVOZDY/Round Four-Tier Water Fountain/Textures/T_fountain_4_dark_Normal.png
  artifactKey: Guid(fc3bd9041f3a6784aa9f4ac38c73a302) Importer(2089858483,192608db42251d675da83286b1cce702)
Start importing Assets/GVOZDY/Round Four-Tier Water Fountain/Textures/T_fountain_4_dark_Normal.png using Guid(fc3bd9041f3a6784aa9f4ac38c73a302) Importer(2089858483,192608db42251d675da83286b1cce702) (ScriptedImporter) -> (artifact id: 'cb4899af3ba66146fed399493b1b9ab7') in 0.014422658 seconds
Number of updated asset objects reloaded before import = 0Number of asset objects unloaded after import = 1

========================================================================
Received Import Request.
  Time since last request: 0.000037 seconds.
  path: Assets/SimplePoly City - Low Poly Assets/Prefab/Buildings/Building Sky_small_color01.prefab
  artifactKey: Guid(6a690a756dbd65141a09a3ad7fafacc4) Importer(2089858483,192608db42251d675da83286b1cce702)
Start importing Assets/SimplePoly City - Low Poly Assets/Prefab/Buildings/Building Sky_small_color01.prefab using Guid(6a690a756dbd65141a09a3ad7fafacc4) Importer(2089858483,192608db42251d675da83286b1cce702) (ScriptedImporter) -> (artifact id: '73c18caae90d598520de1b05f52f5149') in 0.006905261 seconds
Number of updated asset objects reloaded before import = 0Number of asset objects unloaded after import = 8

========================================================================
Received Import Request.
  Time since last request: 0.000046 seconds.
  path: Assets/LowPolyMedievalPropsLite/Models/Coin_01.fbx
  artifactKey: Guid(ee52ceccec10ae646a2fb8ff368687f6) Importer(2089858483,192608db42251d675da83286b1cce702)
Start importing Assets/LowPolyMedievalPropsLite/Models/Coin_01.fbx using Guid(ee52ceccec10ae646a2fb8ff368687f6) Importer(2089858483,192608db42251d675da83286b1cce702) (ScriptedImporter) -> (artifact id: 'de99901461f55d68507f6221709a106f') in 0.014911638 seconds
Number of updated asset objects reloaded before import = 0Number of asset objects unloaded after import = 7

========================================================================
Received Import Request.
  Time since last request: 0.000042 seconds.
  path: Assets/LowPolyMedievalPropsLite/Prefabs/Coin_03.prefab
  artifactKey: Guid(e80de320c38970749a65395e05ea34e4) Importer(2089858483,192608db42251d675da83286b1cce702)
Start importing Assets/LowPolyMedievalPropsLite/Prefabs/Coin_03.prefab using Guid(e80de320c38970749a65395e05ea34e4) Importer(2089858483,192608db42251d675da83286b1cce702) (ScriptedImporter) -> (artifact id: 'e98c5f523864baa57026860b6f4eaa62') in 0.013956184 seconds
Number of updated asset objects reloaded before import = 0Number of asset objects unloaded after import = 9

========================================================================
Received Import Request.
  Time since last request: 0.000025 seconds.
  path: Assets/TENKOKU - DYNAMIC SKY/SHADERS/Tenkoku_cloud_sphere.shader
  artifactKey: Guid(0d59beb3bb257024fb39a58ff6a56dd6) Importer(2089858483,192608db42251d675da83286b1cce702)
Start importing Assets/TENKOKU - DYNAMIC SKY/SHADERS/Tenkoku_cloud_sphere.shader using Guid(0d59beb3bb257024fb39a58ff6a56dd6) Importer(2089858483,192608db42251d675da83286b1cce702) (ScriptedImporter) -> (artifact id: 'd801e2f43e6d7f21073d115cd1b15be0') in 0.008862668 seconds
Number of updated asset objects reloaded before import = 0Number of asset objects unloaded after import = 1

========================================================================
Received Import Request.
  Time since last request: 0.000028 seconds.
  path: Assets/Dnk_Dev/Brick_Fence/Textures/T_Brick_fence_03_N.tga
  artifactKey: Guid(2e3a38629e4d5d94289a519535ea73b8) Importer(2089858483,192608db42251d675da83286b1cce702)
Start importing Assets/Dnk_Dev/Brick_Fence/Textures/T_Brick_fence_03_N.tga using Guid(2e3a38629e4d5d94289a519535ea73b8) Importer(2089858483,192608db42251d675da83286b1cce702) (ScriptedImporter) -> (artifact id: '37f917c05a703fd33f88fb71f5be669c') in 0.011300091 seconds
Number of updated asset objects reloaded before import = 0Number of asset objects unloaded after import = 1

========================================================================
Received Import Request.
  Time since last request: 0.000027 seconds.
  path: Assets/SimplePoly City - Low Poly Assets/Prefab/Buildings/Building_Clothing.prefab
  artifactKey: Guid(0c7bcaa85c9494849bc7a0a18b7f3324) Importer(2089858483,192608db42251d675da83286b1cce702)
Start importing Assets/SimplePoly City - Low Poly Assets/Prefab/Buildings/Building_Clothing.prefab using Guid(0c7bcaa85c9494849bc7a0a18b7f3324) Importer(2089858483,192608db42251d675da83286b1cce702) (ScriptedImporter) -> (artifact id: 'd46571452259aebe4892ef0f18a093da') in 0.006659195 seconds
Number of updated asset objects reloaded before import = 0Number of asset objects unloaded after import = 8

========================================================================
Received Import Request.
  Time since last request: 0.000032 seconds.
  path: Assets/SimplePoly City - Low Poly Assets/Prefab/Buildings/Building_House_04_color02.prefab
  artifactKey: Guid(10ba41f0223c3104bad126af2b380971) Importer(2089858483,192608db42251d675da83286b1cce702)
Start importing Assets/SimplePoly City - Low Poly Assets/Prefab/Buildings/Building_House_04_color02.prefab using Guid(10ba41f0223c3104bad126af2b380971) Importer(2089858483,192608db42251d675da83286b1cce702) (ScriptedImporter) -> (artifact id: '21878e4f15d974d3e884ffd183205c56') in 0.007608565 seconds
Number of updated asset objects reloaded before import = 0Number of asset objects unloaded after import = 8

========================================================================
Received Import Request.
  Time since last request: 0.000039 seconds.
  path: Assets/SimplePoly City - Low Poly Assets/Prefab/Natures/Natures_Grass Tile.prefab
  artifactKey: Guid(b74c48c2e73e17c418c9394124b75daf) Importer(2089858483,192608db42251d675da83286b1cce702)
Start importing Assets/SimplePoly City - Low Poly Assets/Prefab/Natures/Natures_Grass Tile.prefab using Guid(b74c48c2e73e17c418c9394124b75daf) Importer(2089858483,192608db42251d675da83286b1cce702) (ScriptedImporter) -> (artifact id: 'a4e1bd96f0a04904cba07654c6ab3864') in 0.00852047 seconds
Number of updated asset objects reloaded before import = 0Number of asset objects unloaded after import = 8

========================================================================
Received Import Request.
  Time since last request: 0.000025 seconds.
  path: Assets/SimplePoly City - Low Poly Assets/Prefab/Buildings/Building_Restaurant.prefab
  artifactKey: Guid(bc532b78ce09f234ea01da2deecfe035) Importer(2089858483,192608db42251d675da83286b1cce702)
Start importing Assets/SimplePoly City - Low Poly Assets/Prefab/Buildings/Building_Restaurant.prefab using Guid(bc532b78ce09f234ea01da2deecfe035) Importer(2089858483,192608db42251d675da83286b1cce702) (ScriptedImporter) -> (artifact id: '9ae689f6b9508799391f1c5c82985022') in 0.006923692 seconds
Number of updated asset objects reloaded before import = 0Number of asset objects unloaded after import = 8

========================================================================
Received Import Request.
  Time since last request: 0.000022 seconds.
  path: Assets/SimplePoly City - Low Poly Assets/Prefab/Buildings/Building_House_03_color02.prefab
  artifactKey: Guid(e2ffb9183a7dce445adfb3d2d4d7bfd6) Importer(2089858483,192608db42251d675da83286b1cce702)
Start importing Assets/SimplePoly City - Low Poly Assets/Prefab/Buildings/Building_House_03_color02.prefab using Guid(e2ffb9183a7dce445adfb3d2d4d7bfd6) Importer(2089858483,192608db42251d675da83286b1cce702) (ScriptedImporter) -> (artifact id: '237f107f93d0d68f7ce0fa776a93b9f9') in 0.007128095 seconds
Number of updated asset objects reloaded before import = 0Number of asset objects unloaded after import = 8

========================================================================
Received Import Request.
  Time since last request: 0.000026 seconds.
  path: Assets/SimplePoly City - Low Poly Assets/Prefab/Natures/Natures_House Floor.prefab
  artifactKey: Guid(2d5fb229ae2945742b900a405a5e7a0b) Importer(2089858483,192608db42251d675da83286b1cce702)
Start importing Assets/SimplePoly City - Low Poly Assets/Prefab/Natures/Natures_House Floor.prefab using Guid(2d5fb229ae2945742b900a405a5e7a0b) Importer(2089858483,192608db42251d675da83286b1cce702) (ScriptedImporter) -> (artifact id: '41f9d1e52a0ef896a58c945d424e7198') in 0.008780058 seconds
Number of updated asset objects reloaded before import = 0Number of asset objects unloaded after import = 10

========================================================================
Received Import Request.
  Time since last request: 0.000024 seconds.
  path: Assets/SimplePoly City - Low Poly Assets/Prefab/Buildings/Building_House_02_color02.prefab
  artifactKey: Guid(8c3b216cc2b6dc04496d15009bc913cd) Importer(2089858483,192608db42251d675da83286b1cce702)
Start importing Assets/SimplePoly City - Low Poly Assets/Prefab/Buildings/Building_House_02_color02.prefab using Guid(8c3b216cc2b6dc04496d15009bc913cd) Importer(2089858483,192608db42251d675da83286b1cce702) (ScriptedImporter) -> (artifact id: '47d1ea8d3cab2dd28aac3d040c468e80') in 0.011037574 seconds
Number of updated asset objects reloaded before import = 0Number of asset objects unloaded after import = 8

========================================================================
Received Import Request.
  Time since last request: 0.000027 seconds.
  path: Assets/SimplePoly City - Low Poly Assets/Prefab/Buildings/Building_Pizza.prefab
  artifactKey: Guid(1d53359c70324d14c989d7058b50ec6b) Importer(2089858483,192608db42251d675da83286b1cce702)
Start importing Assets/SimplePoly City - Low Poly Assets/Prefab/Buildings/Building_Pizza.prefab using Guid(1d53359c70324d14c989d7058b50ec6b) Importer(2089858483,192608db42251d675da83286b1cce702) (ScriptedImporter) -> (artifact id: '4bba206c4ac1c2fce2750f7ea5b1df79') in 0.015092771 seconds
Number of updated asset objects reloaded before import = 0Number of asset objects unloaded after import = 8

========================================================================
Received Import Request.
  Time since last request: 0.000032 seconds.
  path: Assets/SimplePoly City - Low Poly Assets/Prefab/Natures/Natures_Bush_01.prefab
  artifactKey: Guid(31bbda51eeab02f44a8e92a7da2f5ff8) Importer(2089858483,192608db42251d675da83286b1cce702)
Start importing Assets/SimplePoly City - Low Poly Assets/Prefab/Natures/Natures_Bush_01.prefab using Guid(31bbda51eeab02f44a8e92a7da2f5ff8) Importer(2089858483,192608db42251d675da83286b1cce702) (ScriptedImporter) -> (artifact id: '5c8d60e8cc05e061088a3036baaa6ba0') in 0.00992218 seconds
Number of updated asset objects reloaded before import = 0Number of asset objects unloaded after import = 8

========================================================================
Received Import Request.
  Time since last request: 0.000042 seconds.
  path: Assets/SimplePoly City - Low Poly Assets/Prefab/Buildings/Building_Shoes Shop.prefab
  artifactKey: Guid(52f969fb493f02248ba2e0ab07d6d81f) Importer(2089858483,192608db42251d675da83286b1cce702)
Start importing Assets/SimplePoly City - Low Poly Assets/Prefab/Buildings/Building_Shoes Shop.prefab using Guid(52f969fb493f02248ba2e0ab07d6d81f) Importer(2089858483,192608db42251d675da83286b1cce702) (ScriptedImporter) -> (artifact id: '436c5b9c6618d9613a0b6bc7e5867e28') in 0.007131436 seconds
Number of updated asset objects reloaded before import = 0Number of asset objects unloaded after import = 8

========================================================================
Received Import Request.
  Time since last request: 0.000025 seconds.
  path: Assets/SimplePoly City - Low Poly Assets/Prefab/Buildings/Building_Bakery.prefab
  artifactKey: Guid(65abb0f1b521f834bae80ea4c9d93734) Importer(2089858483,192608db42251d675da83286b1cce702)
Start importing Assets/SimplePoly City - Low Poly Assets/Prefab/Buildings/Building_Bakery.prefab using Guid(65abb0f1b521f834bae80ea4c9d93734) Importer(2089858483,192608db42251d675da83286b1cce702) (ScriptedImporter) -> (artifact id: 'd071a27f176c051f6728fb585939f2e6') in 0.007414857 seconds
Number of updated asset objects reloaded before import = 0Number of asset objects unloaded after import = 8

========================================================================
Received Import Request.
  Time since last request: 0.000030 seconds.
  path: Assets/SimplePoly City - Low Poly Assets/Prefab/Buildings/Building_Auto Service.prefab
  artifactKey: Guid(121f662ea65e2cf40a50c66470757a9e) Importer(2089858483,192608db42251d675da83286b1cce702)
Start importing Assets/SimplePoly City - Low Poly Assets/Prefab/Buildings/Building_Auto Service.prefab using Guid(121f662ea65e2cf40a50c66470757a9e) Importer(2089858483,192608db42251d675da83286b1cce702) (ScriptedImporter) -> (artifact id: '03b5873ef076613aaae063e83e19f0b5') in 0.006401973 seconds
Number of updated asset objects reloaded before import = 0Number of asset objects unloaded after import = 8

========================================================================
Received Import Request.
  Time since last request: 0.000025 seconds.
  path: Assets/Dnk_Dev/Brick_Fence/Models/SM_Brick_Fence_03b.obj
  artifactKey: Guid(70a7cf4834afe834fb4743a6394a234b) Importer(2089858483,192608db42251d675da83286b1cce702)
Start importing Assets/Dnk_Dev/Brick_Fence/Models/SM_Brick_Fence_03b.obj using Guid(70a7cf4834afe834fb4743a6394a234b) Importer(2089858483,192608db42251d675da83286b1cce702) (ScriptedImporter) -> (artifact id: '76d6ce1f6bc0a95fa7acfa5bbf256386') in 0.00817808 seconds
Number of updated asset objects reloaded before import = 0Number of asset objects unloaded after import = 9

========================================================================
Received Import Request.
  Time since last request: 0.000025 seconds.
  path: Assets/SimplePoly City - Low Poly Assets/Prefab/Natures/Natures_Bush_03.prefab
  artifactKey: Guid(47ea3e3caeb3c2845bbd9339bdc7a282) Importer(2089858483,192608db42251d675da83286b1cce702)
Start importing Assets/SimplePoly City - Low Poly Assets/Prefab/Natures/Natures_Bush_03.prefab using Guid(47ea3e3caeb3c2845bbd9339bdc7a282) Importer(2089858483,192608db42251d675da83286b1cce702) (ScriptedImporter) -> (artifact id: '96485e2b93d1fbf9565f34f9cdaea5e5') in 0.006745212 seconds
Number of updated asset objects reloaded before import = 0Number of asset objects unloaded after import = 8

========================================================================
Received Import Request.
  Time since last request: 0.000029 seconds.
  path: Assets/GVOZDY/Round Four-Tier Water Fountain/Prefabs/fountain_4_light.prefab
  artifactKey: Guid(03a5331808f24d844b75b1d8c16614c5) Importer(2089858483,192608db42251d675da83286b1cce702)
Start importing Assets/GVOZDY/Round Four-Tier Water Fountain/Prefabs/fountain_4_light.prefab using Guid(03a5331808f24d844b75b1d8c16614c5) Importer(2089858483,192608db42251d675da83286b1cce702) (ScriptedImporter) -> (artifact id: '1baa662650e93f349ec2ce136ce08b3f') in 0.004267324 seconds
Number of updated asset objects reloaded before import = 0Number of asset objects unloaded after import = 9

========================================================================
Received Import Request.
  Time since last request: 0.000029 seconds.
  path: Assets/YughuesFreeBushes2018/Textures/T_Bush04_d.tga
  artifactKey: Guid(c9a41128f14763d4eab561ef48c769b4) Importer(2089858483,192608db42251d675da83286b1cce702)
Start importing Assets/YughuesFreeBushes2018/Textures/T_Bush04_d.tga using Guid(c9a41128f14763d4eab561ef48c769b4) Importer(2089858483,192608db42251d675da83286b1cce702) (ScriptedImporter) -> (artifact id: '48772017de280f88cb22911d0f5aa855') in 0.009336078 seconds
Number of updated asset objects reloaded before import = 0Number of asset objects unloaded after import = 1

========================================================================
Received Import Request.
  Time since last request: 0.000033 seconds.
  path: Assets/SimplePoly City - Low Poly Assets/Prefab/Roads/Road Lane_02.prefab
  artifactKey: Guid(9bff4c4ffbc29a041a638ec3743c588d) Importer(2089858483,192608db42251d675da83286b1cce702)
Start importing Assets/SimplePoly City - Low Poly Assets/Prefab/Roads/Road Lane_02.prefab using Guid(9bff4c4ffbc29a041a638ec3743c588d) Importer(2089858483,192608db42251d675da83286b1cce702) (ScriptedImporter) -> (artifact id: 'fdfa069cc746b6a64981c36ec2eac72f') in 0.008859046 seconds
Number of updated asset objects reloaded before import = 0Number of asset objects unloaded after import = 8

========================================================================
Received Import Request.
  Time since last request: 0.000025 seconds.
  path: Assets/SimplePoly City - Low Poly Assets/Prefab/Roads/Road Corner_01.prefab
  artifactKey: Guid(3a7e1c0a00828fd4196c8cd24886d2ed) Importer(2089858483,192608db42251d675da83286b1cce702)
Start importing Assets/SimplePoly City - Low Poly Assets/Prefab/Roads/Road Corner_01.prefab using Guid(3a7e1c0a00828fd4196c8cd24886d2ed) Importer(2089858483,192608db42251d675da83286b1cce702) (ScriptedImporter) -> (artifact id: 'a3518a8ad9ea7597b8d843e6fe9930f6') in 0.010718893 seconds
Number of updated asset objects reloaded before import = 0Number of asset objects unloaded after import = 8

========================================================================
Received Import Request.
  Time since last request: 0.000026 seconds.
  path: Assets/SimplePoly City - Low Poly Assets/Prefab/Roads/Road Corner_02.prefab
  artifactKey: Guid(8b3300d2ba52ecf409c9523f2eff5bbd) Importer(2089858483,192608db42251d675da83286b1cce702)
Start importing Assets/SimplePoly City - Low Poly Assets/Prefab/Roads/Road Corner_02.prefab using Guid(8b3300d2ba52ecf409c9523f2eff5bbd) Importer(2089858483,192608db42251d675da83286b1cce702) (ScriptedImporter) -> (artifact id: 'ee5e149521340005b2c59876f60c77e5') in 0.016595101 seconds
Number of updated asset objects reloaded before import = 0Number of asset objects unloaded after import = 8

========================================================================
Received Import Request.
  Time since last request: 0.000025 seconds.
  path: Assets/SimplePoly City - Low Poly Assets/Prefab/Props/Props_Traffic Control Barrier Fence.prefab
  artifactKey: Guid(484404636ac422042a24ac95512dc2d3) Importer(2089858483,192608db42251d675da83286b1cce702)
Start importing Assets/SimplePoly City - Low Poly Assets/Prefab/Props/Props_Traffic Control Barrier Fence.prefab using Guid(484404636ac422042a24ac95512dc2d3) Importer(2089858483,192608db42251d675da83286b1cce702) (ScriptedImporter) -> (artifact id: '3efe8e88e6f4c1e8350b096e1ede5a28') in 0.00760333 seconds
Number of updated asset objects reloaded before import = 0Number of asset objects unloaded after import = 8

========================================================================
Received Import Request.
  Time since last request: 0.000026 seconds.
  path: Assets/SimplePoly City - Low Poly Assets/Prefab/Props/Props_Traffic Signal_small.prefab
  artifactKey: Guid(2857b989c828950448ead142ca28e4a3) Importer(2089858483,192608db42251d675da83286b1cce702)
Start importing Assets/SimplePoly City - Low Poly Assets/Prefab/Props/Props_Traffic Signal_small.prefab using Guid(2857b989c828950448ead142ca28e4a3) Importer(2089858483,192608db42251d675da83286b1cce702) (ScriptedImporter) -> (artifact id: 'b573f8f0fd4a6f2b0c23f09dfad2ebe2') in 0.008136013 seconds
Number of updated asset objects reloaded before import = 0Number of asset objects unloaded after import = 8

========================================================================
Received Import Request.
  Time since last request: 0.000033 seconds.
  path: Assets/SimplePoly City - Low Poly Assets/Prefab/Props/Props_Hydrant.prefab
  artifactKey: Guid(e0e851c58997b9c438fae494e3412749) Importer(2089858483,192608db42251d675da83286b1cce702)
Start importing Assets/SimplePoly City - Low Poly Assets/Prefab/Props/Props_Hydrant.prefab using Guid(e0e851c58997b9c438fae494e3412749) Importer(2089858483,192608db42251d675da83286b1cce702) (ScriptedImporter) -> (artifact id: '228013fbabf8626f9bde9a82aae49606') in 0.006977279 seconds
Number of updated asset objects reloaded before import = 0Number of asset objects unloaded after import = 8

========================================================================
Received Import Request.
  Time since last request: 0.000039 seconds.
  path: Assets/SimplePoly City - Low Poly Assets/Prefab/Roads/Road Concrete Tile Small.prefab
  artifactKey: Guid(64be6214af4540d40882279ed35878bd) Importer(2089858483,192608db42251d675da83286b1cce702)
Start importing Assets/SimplePoly City - Low Poly Assets/Prefab/Roads/Road Concrete Tile Small.prefab using Guid(64be6214af4540d40882279ed35878bd) Importer(2089858483,192608db42251d675da83286b1cce702) (ScriptedImporter) -> (artifact id: '8ab2295659cdf8b05dfd031da022dd2a') in 0.008054916 seconds
Number of updated asset objects reloaded before import = 0Number of asset objects unloaded after import = 8

========================================================================
Received Import Request.
  Time since last request: 0.000023 seconds.
  path: Assets/SimplePoly City - Low Poly Assets/Prefab/Props/Props_Roof Antenna.prefab
  artifactKey: Guid(acf38ccf2258add4ba3aa2d89b708d2a) Importer(2089858483,192608db42251d675da83286b1cce702)
Start importing Assets/SimplePoly City - Low Poly Assets/Prefab/Props/Props_Roof Antenna.prefab using Guid(acf38ccf2258add4ba3aa2d89b708d2a) Importer(2089858483,192608db42251d675da83286b1cce702) (ScriptedImporter) -> (artifact id: 'aac6152dd6e4855f8bc15d8913fa790a') in 0.008067746 seconds
Number of updated asset objects reloaded before import = 0Number of asset objects unloaded after import = 8

========================================================================
Received Import Request.
  Time since last request: 0.000025 seconds.
  path: Assets/SimplePoly City - Low Poly Assets/Prefab/Props/Props_Roof Solar Panel.prefab
  artifactKey: Guid(0fcc0b85550a21d4f8dea0cf26372739) Importer(2089858483,192608db42251d675da83286b1cce702)
Start importing Assets/SimplePoly City - Low Poly Assets/Prefab/Props/Props_Roof Solar Panel.prefab using Guid(0fcc0b85550a21d4f8dea0cf26372739) Importer(2089858483,192608db42251d675da83286b1cce702) (ScriptedImporter) -> (artifact id: 'd166ffe9d29597d6042549e5019f17ab') in 0.007233439 seconds
Number of updated asset objects reloaded before import = 0Number of asset objects unloaded after import = 8

========================================================================
Received Import Request.
  Time since last request: 0.000028 seconds.
  path: Assets/SimplePoly City - Low Poly Assets/Prefab/Roads/Road Lane_03.prefab
  artifactKey: Guid(85348f60323277544b2b17a2d5c20f17) Importer(2089858483,192608db42251d675da83286b1cce702)
Start importing Assets/SimplePoly City - Low Poly Assets/Prefab/Roads/Road Lane_03.prefab using Guid(85348f60323277544b2b17a2d5c20f17) Importer(2089858483,192608db42251d675da83286b1cce702) (ScriptedImporter) -> (artifact id: '466d87bf26dcb2d52be147c610607f48') in 0.008419292 seconds
Number of updated asset objects reloaded before import = 0Number of asset objects unloaded after import = 8

========================================================================
Received Import Request.
  Time since last request: 0.000025 seconds.
  path: Assets/Starter Assets/Runtime/Settings/Low_PipelineAsset.asset
  artifactKey: Guid(d6898ced4e4514f55ab4909252c72153) Importer(2089858483,192608db42251d675da83286b1cce702)
Start importing Assets/Starter Assets/Runtime/Settings/Low_PipelineAsset.asset using Guid(d6898ced4e4514f55ab4909252c72153) Importer(2089858483,192608db42251d675da83286b1cce702) (ScriptedImporter) -> (artifact id: '382f52374080142df4c40f9c2d287595') in 0.104321168 seconds
Number of updated asset objects reloaded before import = 0Number of asset objects unloaded after import = 2

========================================================================
Received Import Request.
  Time since last request: 0.000036 seconds.
  path: Assets/SimplePoly City - Low Poly Assets/Prefab/Props/Props_Roof_prop.prefab
  artifactKey: Guid(918397a7e0523114ea408fc4eb8ca157) Importer(2089858483,192608db42251d675da83286b1cce702)
Start importing Assets/SimplePoly City - Low Poly Assets/Prefab/Props/Props_Roof_prop.prefab using Guid(918397a7e0523114ea408fc4eb8ca157) Importer(2089858483,192608db42251d675da83286b1cce702) (ScriptedImporter) -> (artifact id: '8c7808f757357cc58d61f0487294c64a') in 0.006755203 seconds
Number of updated asset objects reloaded before import = 0Number of asset objects unloaded after import = 8

========================================================================
Received Import Request.
  Time since last request: 0.000037 seconds.
  path: Assets/BodyGuards/Meshes/Materials/Boduguard_01_D.mat
  artifactKey: Guid(27ec51287c78bfb479fe3729111634a4) Importer(2089858483,192608db42251d675da83286b1cce702)
Start importing Assets/BodyGuards/Meshes/Materials/Boduguard_01_D.mat using Guid(27ec51287c78bfb479fe3729111634a4) Importer(2089858483,192608db42251d675da83286b1cce702) (ScriptedImporter) -> (artifact id: 'a78e3902a0f797ae0dc6e83502c041f6') in 0.019265015 seconds
Number of updated asset objects reloaded before import = 0Number of asset objects unloaded after import = 5

========================================================================
Received Import Request.
  Time since last request: 0.000025 seconds.
  path: Assets/TENKOKU - DYNAMIC SKY/RESOURCES/textures/gui_tex_tenkokudiv_i.psd
  artifactKey: Guid(1241a4e30e423cf4aaa75928ee5b6fa2) Importer(2089858483,192608db42251d675da83286b1cce702)
Start importing Assets/TENKOKU - DYNAMIC SKY/RESOURCES/textures/gui_tex_tenkokudiv_i.psd using Guid(1241a4e30e423cf4aaa75928ee5b6fa2) Importer(2089858483,192608db42251d675da83286b1cce702) (ScriptedImporter) -> (artifact id: 'df161252a92102544641d9e51c93cbd4') in 0.014831479 seconds
Number of updated asset objects reloaded before import = 0Number of asset objects unloaded after import = 1

========================================================================
Received Import Request.
  Time since last request: 0.000026 seconds.
  path: Assets/Starter Assets/Runtime/Settings/Medium_PipelineAsset_ForwardRenderer.asset
  artifactKey: Guid(871a00306922d48e1872740163b0d74b) Importer(2089858483,192608db42251d675da83286b1cce702)
Start importing Assets/Starter Assets/Runtime/Settings/Medium_PipelineAsset_ForwardRenderer.asset using Guid(871a00306922d48e1872740163b0d74b) Importer(2089858483,192608db42251d675da83286b1cce702) (ScriptedImporter) -> (artifact id: '36d0053f6966d7ac7ff29debef6a4a6f') in 0.011520463 seconds
Number of updated asset objects reloaded before import = 0Number of asset objects unloaded after import = 1

========================================================================
Received Import Request.
  Time since last request: 0.000025 seconds.
  path: Assets/Starter Assets/Runtime/Settings/Very Low_PipelineAsset_ForwardRenderer.asset
  artifactKey: Guid(68e7634ac637d4fa3b93ca66af33aa8a) Importer(2089858483,192608db42251d675da83286b1cce702)
Start importing Assets/Starter Assets/Runtime/Settings/Very Low_PipelineAsset_ForwardRenderer.asset using Guid(68e7634ac637d4fa3b93ca66af33aa8a) Importer(2089858483,192608db42251d675da83286b1cce702) (ScriptedImporter) -> (artifact id: '2f70cb1768acbc02df4ed3bc70cabcec') in 0.008523756 seconds
Number of updated asset objects reloaded before import = 0Number of asset objects unloaded after import = 1

========================================================================
Received Import Request.
  Time since last request: 0.000022 seconds.
  path: Assets/TENKOKU - DYNAMIC SKY/EFFECTS/Textures/tex_fxRainSheet.psd
  artifactKey: Guid(dcda72e15b795574c98b8e802037d80a) Importer(2089858483,192608db42251d675da83286b1cce702)
Start importing Assets/TENKOKU - DYNAMIC SKY/EFFECTS/Textures/tex_fxRainSheet.psd using Guid(dcda72e15b795574c98b8e802037d80a) Importer(2089858483,192608db42251d675da83286b1cce702) (ScriptedImporter) -> (artifact id: 'b830b51f5f01c1578f7e3fd6261ffd7a') in 0.008383495 seconds
Number of updated asset objects reloaded before import = 0Number of asset objects unloaded after import = 1

========================================================================
Received Import Request.
  Time since last request: 0.000028 seconds.
  path: Assets/Starter Assets/Runtime/Settings/Very High_PipelineAsset.asset
  artifactKey: Guid(6c78c14c4228d46a29bda6557d8041f9) Importer(2089858483,192608db42251d675da83286b1cce702)
Start importing Assets/Starter Assets/Runtime/Settings/Very High_PipelineAsset.asset using Guid(6c78c14c4228d46a29bda6557d8041f9) Importer(2089858483,192608db42251d675da83286b1cce702) (ScriptedImporter) -> (artifact id: '042311f8f4fb19e23dbd8e1390202d12') in 0.01472653 seconds
Number of updated asset objects reloaded before import = 0Number of asset objects unloaded after import = 2

========================================================================
Received Import Request.
  Time since last request: 0.000036 seconds.
  path: Assets/TENKOKU - DYNAMIC SKY/RESOURCES/textures/gui_tex_tenkokulogo_i.png
  artifactKey: Guid(617d1c6f1ad53d54c8a9e3327bf2855d) Importer(2089858483,192608db42251d675da83286b1cce702)
Start importing Assets/TENKOKU - DYNAMIC SKY/RESOURCES/textures/gui_tex_tenkokulogo_i.png using Guid(617d1c6f1ad53d54c8a9e3327bf2855d) Importer(2089858483,192608db42251d675da83286b1cce702) (ScriptedImporter) -> (artifact id: '518237774e46df7fff5d6a1dcadba01c') in 0.015954619 seconds
Number of updated asset objects reloaded before import = 0Number of asset objects unloaded after import = 1

========================================================================
Received Import Request.
  Time since last request: 0.000024 seconds.
  path: Assets/Starter Assets/Runtime/Settings/Low_PipelineAsset_ForwardRenderer.asset
  artifactKey: Guid(44b37c8f6729f41cfac615998e7cc9f7) Importer(2089858483,192608db42251d675da83286b1cce702)
Start importing Assets/Starter Assets/Runtime/Settings/Low_PipelineAsset_ForwardRenderer.asset using Guid(44b37c8f6729f41cfac615998e7cc9f7) Importer(2089858483,192608db42251d675da83286b1cce702) (ScriptedImporter) -> (artifact id: '64de50ae6b6194f1d323ec6b40803cce') in 0.015512846 seconds
Number of updated asset objects reloaded before import = 0Number of asset objects unloaded after import = 1

========================================================================
Received Import Request.
  Time since last request: 0.000025 seconds.
  path: Assets/TENKOKU - DYNAMIC SKY/SCRIPTS/NoiseTools/WorleyNoise.cs
  artifactKey: Guid(db44ee3b32a9440d3b957f8fb540ad3e) Importer(2089858483,192608db42251d675da83286b1cce702)
Start importing Assets/TENKOKU - DYNAMIC SKY/SCRIPTS/NoiseTools/WorleyNoise.cs using Guid(db44ee3b32a9440d3b957f8fb540ad3e) Importer(2089858483,192608db42251d675da83286b1cce702) (ScriptedImporter) -> (artifact id: '1982b1fb4b77746fa089d517906cc2a1') in 0.003194839 seconds
Number of updated asset objects reloaded before import = 0Number of asset objects unloaded after import = 0

========================================================================
Received Import Request.
  Time since last request: 0.000025 seconds.
  path: Assets/TENKOKU - DYNAMIC SKY/RESOURCES/textures/gui_tex_tenkokudivrev_i.psd
  artifactKey: Guid(ce83f3ff10b792d4ca319e985ef3f712) Importer(2089858483,192608db42251d675da83286b1cce702)
Start importing Assets/TENKOKU - DYNAMIC SKY/RESOURCES/textures/gui_tex_tenkokudivrev_i.psd using Guid(ce83f3ff10b792d4ca319e985ef3f712) Importer(2089858483,192608db42251d675da83286b1cce702) (ScriptedImporter) -> (artifact id: '18b2cdfd54dd9c8436a48a55a3ac356f') in 0.009817516 seconds
Number of updated asset objects reloaded before import = 0Number of asset objects unloaded after import = 1

========================================================================
Received Import Request.
  Time since last request: 0.000028 seconds.
  path: Assets/Starter Assets/TutorialInfo/Icons/ReadMeImg.PNG
  artifactKey: Guid(44a17a5b205fcd349a24700e6f5615bd) Importer(2089858483,192608db42251d675da83286b1cce702)
Start importing Assets/Starter Assets/TutorialInfo/Icons/ReadMeImg.PNG using Guid(44a17a5b205fcd349a24700e6f5615bd) Importer(2089858483,192608db42251d675da83286b1cce702) (ScriptedImporter) -> (artifact id: 'f107687cae826a1a6553d41728f1a2d3') in 0.011483087 seconds
Number of updated asset objects reloaded before import = 0Number of asset objects unloaded after import = 1

========================================================================
Received Import Request.
  Time since last request: 0.000027 seconds.
  path: Assets/TENKOKU - DYNAMIC SKY/TEXTURES/LIGHTFLARES/flareEye.flare
  artifactKey: Guid(c9b6ca1a124018848b6e287b04d2e843) Importer(2089858483,192608db42251d675da83286b1cce702)
Start importing Assets/TENKOKU - DYNAMIC SKY/TEXTURES/LIGHTFLARES/flareEye.flare using Guid(c9b6ca1a124018848b6e287b04d2e843) Importer(2089858483,192608db42251d675da83286b1cce702) (ScriptedImporter) -> (artifact id: '88ea1f4b40a5a380a6935efe2e30f70d') in 0.006941635 seconds
Number of updated asset objects reloaded before import = 0Number of asset objects unloaded after import = 2

========================================================================
Received Import Request.
  Time since last request: 0.000039 seconds.
  path: Assets/Dnk_Dev/Brick_Fence/Textures/T_Brick_Fence_01_Grill.TGA
  artifactKey: Guid(1977e195460f03741a4da6cad27bc344) Importer(2089858483,192608db42251d675da83286b1cce702)
Start importing Assets/Dnk_Dev/Brick_Fence/Textures/T_Brick_Fence_01_Grill.TGA using Guid(1977e195460f03741a4da6cad27bc344) Importer(2089858483,192608db42251d675da83286b1cce702) (ScriptedImporter) -> (artifact id: '926ded84ec144ebb4121e4e3c33920c3') in 0.00932097 seconds
Number of updated asset objects reloaded before import = 0Number of asset objects unloaded after import = 1

========================================================================
Received Import Request.
  Time since last request: 0.000031 seconds.
  path: Assets/Tree_Packs/URP_Tree_Pack/Settings/Global Volume Profile.asset
  artifactKey: Guid(ca6bb682be9fc6a4db7edacf7ee83d22) Importer(2089858483,192608db42251d675da83286b1cce702)
Start importing Assets/Tree_Packs/URP_Tree_Pack/Settings/Global Volume Profile.asset using Guid(ca6bb682be9fc6a4db7edacf7ee83d22) Importer(2089858483,192608db42251d675da83286b1cce702) (ScriptedImporter) -> (artifact id: 'b9baddcdc68b7a94ac30dfe83c8bb4f8') in 0.008122245 seconds
Number of updated asset objects reloaded before import = 0Number of asset objects unloaded after import = 9

========================================================================
Received Import Request.
  Time since last request: 0.000024 seconds.
  path: Assets/Tree_Packs/URP_Tree_Pack/Doc/2_Notices.txt
  artifactKey: Guid(d37efe34565d3e541957b06214302f0c) Importer(2089858483,192608db42251d675da83286b1cce702)
Start importing Assets/Tree_Packs/URP_Tree_Pack/Doc/2_Notices.txt using Guid(d37efe34565d3e541957b06214302f0c) Importer(2089858483,192608db42251d675da83286b1cce702) (ScriptedImporter) -> (artifact id: '4625ae791fe00b207b4817a886a219f0') in 0.002381322 seconds
Number of updated asset objects reloaded before import = 0Number of asset objects unloaded after import = 1

========================================================================
Received Import Request.
  Time since last request: 0.000025 seconds.
  path: Assets/Dnk_Dev/Brick_Fence/Models/Materials/Mat_Brick_Fence_01.mat
  artifactKey: Guid(10c20b41bd5e4f4449afdf1a254ed649) Importer(2089858483,192608db42251d675da83286b1cce702)
Start importing Assets/Dnk_Dev/Brick_Fence/Models/Materials/Mat_Brick_Fence_01.mat using Guid(10c20b41bd5e4f4449afdf1a254ed649) Importer(2089858483,192608db42251d675da83286b1cce702) (ScriptedImporter) -> (artifact id: '5b62d9598798f7a1b5dff7a36ef031af') in 0.010424856 seconds
Number of updated asset objects reloaded before import = 0Number of asset objects unloaded after import = 3

========================================================================
Received Import Request.
  Time since last request: 0.000024 seconds.
  path: Assets/YughuesFreeBushes2018/Meshes/OLD/bush_05.obj
  artifactKey: Guid(e4f2790c692af6a4586d9bfdab387609) Importer(2089858483,192608db42251d675da83286b1cce702)
Start importing Assets/YughuesFreeBushes2018/Meshes/OLD/bush_05.obj using Guid(e4f2790c692af6a4586d9bfdab387609) Importer(2089858483,192608db42251d675da83286b1cce702) (ScriptedImporter) -> (artifact id: 'cc2994bdbffd36c9f27ec631264e46e5') in 0.013766564 seconds
Number of updated asset objects reloaded before import = 0Number of asset objects unloaded after import = 10

========================================================================
Received Import Request.
  Time since last request: 0.000022 seconds.
  path: Assets/YughuesFreeBushes2018/Meshes/OLD/bush_02.obj
  artifactKey: Guid(dbebbdf1ef216c44e98b2b840fa280c7) Importer(2089858483,192608db42251d675da83286b1cce702)
Start importing Assets/YughuesFreeBushes2018/Meshes/OLD/bush_02.obj using Guid(dbebbdf1ef216c44e98b2b840fa280c7) Importer(2089858483,192608db42251d675da83286b1cce702) (ScriptedImporter) -> (artifact id: 'eb5576b9ad8cd28b343647ec74fbed1b') in 0.016638018 seconds
Number of updated asset objects reloaded before import = 0Number of asset objects unloaded after import = 10

========================================================================
Received Import Request.
  Time since last request: 0.000030 seconds.
  path: Assets/TENKOKU - DYNAMIC SKY/_DEMO/TERRAIN/mat_terrain.mat
  artifactKey: Guid(3da026acb805bcd4aac02b9b15887460) Importer(2089858483,192608db42251d675da83286b1cce702)
Start importing Assets/TENKOKU - DYNAMIC SKY/_DEMO/TERRAIN/mat_terrain.mat using Guid(3da026acb805bcd4aac02b9b15887460) Importer(2089858483,192608db42251d675da83286b1cce702) (ScriptedImporter) -> (artifact id: 'ad876e750d3ef79396672390f9e85ae5') in 0.076558465 seconds
Number of updated asset objects reloaded before import = 0Number of asset objects unloaded after import = 1

========================================================================
Received Import Request.
  Time since last request: 0.000037 seconds.
  path: Assets/Dnk_Dev/Brick_Fence/Models/Materials/Mat_Brick_BigGate_01a.mat
  artifactKey: Guid(2924b42a23dafd642af049b861dcf841) Importer(2089858483,192608db42251d675da83286b1cce702)
Start importing Assets/Dnk_Dev/Brick_Fence/Models/Materials/Mat_Brick_BigGate_01a.mat using Guid(2924b42a23dafd642af049b861dcf841) Importer(2089858483,192608db42251d675da83286b1cce702) (ScriptedImporter) -> (artifact id: '7e0943f02a11f3bdb634c5915cf00550') in 0.010538023 seconds
Number of updated asset objects reloaded before import = 0Number of asset objects unloaded after import = 3

========================================================================
Received Import Request.
  Time since last request: 0.000024 seconds.
  path: Assets/TENKOKU - DYNAMIC SKY/_DEMO/SCRIPTS/ui_devFPS.cs
  artifactKey: Guid(55534a2ab09eefa4fb91478e82f59636) Importer(2089858483,192608db42251d675da83286b1cce702)
Start importing Assets/TENKOKU - DYNAMIC SKY/_DEMO/SCRIPTS/ui_devFPS.cs using Guid(55534a2ab09eefa4fb91478e82f59636) Importer(2089858483,192608db42251d675da83286b1cce702) (ScriptedImporter) -> (artifact id: '9151523e1fe88d9fc410547237cc6e2a') in 0.003073387 seconds
Number of updated asset objects reloaded before import = 0Number of asset objects unloaded after import = 0

========================================================================
Received Import Request.
  Time since last request: 0.000023 seconds.
  path: Assets/TENKOKU - DYNAMIC SKY/_DEMO/TERRAIN/data_TER_0_0.asset
  artifactKey: Guid(5db511adc379ec54f8586809f8e95c4c) Importer(2089858483,192608db42251d675da83286b1cce702)
Start importing Assets/TENKOKU - DYNAMIC SKY/_DEMO/TERRAIN/data_TER_0_0.asset using Guid(5db511adc379ec54f8586809f8e95c4c) Importer(2089858483,192608db42251d675da83286b1cce702) (ScriptedImporter) -> (artifact id: 'cbccfa0f74b3a562360f0d72074eff85') in 0.445087989 seconds
Number of updated asset objects reloaded before import = 0Number of asset objects unloaded after import = 4

========================================================================
Received Import Request.
  Time since last request: 0.000035 seconds.
  path: Assets/SimplePoly City - Low Poly Assets/Prefab/Vehicles/Vehicle with Separated Wheels/Vehicle_Bus_color03_separate.prefab
  artifactKey: Guid(e1697ef5073defa458e40968ffff2b30) Importer(2089858483,192608db42251d675da83286b1cce702)
Start importing Assets/SimplePoly City - Low Poly Assets/Prefab/Vehicles/Vehicle with Separated Wheels/Vehicle_Bus_color03_separate.prefab using Guid(e1697ef5073defa458e40968ffff2b30) Importer(2089858483,192608db42251d675da83286b1cce702) (ScriptedImporter) -> (artifact id: '7aa9f378835f66fc55ad8b58526d0318') in 0.006773459 seconds
Number of updated asset objects reloaded before import = 0Number of asset objects unloaded after import = 29

========================================================================
Received Import Request.
  Time since last request: 0.000041 seconds.
  path: Assets/SimplePoly City - Low Poly Assets/Prefab/Vehicles/Vehicle with Separated Wheels/Vehicle_Truck_color02_separate.prefab
  artifactKey: Guid(f119644f5530c1044aa946bb6b18bb13) Importer(2089858483,192608db42251d675da83286b1cce702)
Start importing Assets/SimplePoly City - Low Poly Assets/Prefab/Vehicles/Vehicle with Separated Wheels/Vehicle_Truck_color02_separate.prefab using Guid(f119644f5530c1044aa946bb6b18bb13) Importer(2089858483,192608db42251d675da83286b1cce702) (ScriptedImporter) -> (artifact id: 'd1172dceffe5568215b417900216552c') in 0.00580588 seconds
Number of updated asset objects reloaded before import = 0Number of asset objects unloaded after import = 39

========================================================================
Received Import Request.
  Time since last request: 0.000024 seconds.
  path: Assets/SimplePoly City - Low Poly Assets/Prefab/Vehicles/Vehicle with Separated Wheels/Vehicle_Pick up Truck_color02_separate.prefab
  artifactKey: Guid(b1969db97c2d8604ba4bfe3000a13858) Importer(2089858483,192608db42251d675da83286b1cce702)
Start importing Assets/SimplePoly City - Low Poly Assets/Prefab/Vehicles/Vehicle with Separated Wheels/Vehicle_Pick up Truck_color02_separate.prefab using Guid(b1969db97c2d8604ba4bfe3000a13858) Importer(2089858483,192608db42251d675da83286b1cce702) (ScriptedImporter) -> (artifact id: '3ccb02c64ea0d11d675781c691bd407b') in 0.005200629 seconds
Number of updated asset objects reloaded before import = 0Number of asset objects unloaded after import = 29

========================================================================
Received Import Request.
  Time since last request: 0.000022 seconds.
  path: Assets/SimplePoly City - Low Poly Assets/Prefab/Vehicles/Vehicle with Separated Wheels/Vehicle_Car_color02_separate.prefab
  artifactKey: Guid(12dd350c4c7e7754b807b38a22b4d078) Importer(2089858483,192608db42251d675da83286b1cce702)
Start importing Assets/SimplePoly City - Low Poly Assets/Prefab/Vehicles/Vehicle with Separated Wheels/Vehicle_Car_color02_separate.prefab using Guid(12dd350c4c7e7754b807b38a22b4d078) Importer(2089858483,192608db42251d675da83286b1cce702) (ScriptedImporter) -> (artifact id: '63ab2959f43d51c9269ab4665b514da9') in 0.005568234 seconds
Number of updated asset objects reloaded before import = 0Number of asset objects unloaded after import = 29

========================================================================
Received Import Request.
  Time since last request: 0.000022 seconds.
  path: Assets/SimplePoly City - Low Poly Assets/Prefab/Vehicles/Vehicle with Static Wheels/Vehicle_Car_color03.prefab
  artifactKey: Guid(c98da428142c39c42bb62c454958cd1f) Importer(2089858483,192608db42251d675da83286b1cce702)
Start importing Assets/SimplePoly City - Low Poly Assets/Prefab/Vehicles/Vehicle with Static Wheels/Vehicle_Car_color03.prefab using Guid(c98da428142c39c42bb62c454958cd1f) Importer(2089858483,192608db42251d675da83286b1cce702) (ScriptedImporter) -> (artifact id: 'cb6cd9b76b635c75cc69dfa949078948') in 0.007002122 seconds
Number of updated asset objects reloaded before import = 0Number of asset objects unloaded after import = 8

========================================================================
Received Import Request.
  Time since last request: 0.000024 seconds.
  path: Assets/SimplePoly City - Low Poly Assets/Prefab/Vehicles/Vehicle with Separated Wheels/Vehicle_Car_color03_separate.prefab
  artifactKey: Guid(11a57a102cdb5e642899ceab079f1938) Importer(2089858483,192608db42251d675da83286b1cce702)
Start importing Assets/SimplePoly City - Low Poly Assets/Prefab/Vehicles/Vehicle with Separated Wheels/Vehicle_Car_color03_separate.prefab using Guid(11a57a102cdb5e642899ceab079f1938) Importer(2089858483,192608db42251d675da83286b1cce702) (ScriptedImporter) -> (artifact id: '64dee7e8173400dd8596369f41ec2874') in 0.005888733 seconds
Number of updated asset objects reloaded before import = 0Number of asset objects unloaded after import = 29

========================================================================
Received Import Request.
  Time since last request: 0.000021 seconds.
  path: Assets/SimplePoly City - Low Poly Assets/Prefab/Vehicles/Vehicle with Separated Wheels/Vehicle_Container_color02_separate.prefab
  artifactKey: Guid(025a3497fa872fe4ebfed7edb8eb310c) Importer(2089858483,192608db42251d675da83286b1cce702)
Start importing Assets/SimplePoly City - Low Poly Assets/Prefab/Vehicles/Vehicle with Separated Wheels/Vehicle_Container_color02_separate.prefab using Guid(025a3497fa872fe4ebfed7edb8eb310c) Importer(2089858483,192608db42251d675da83286b1cce702) (ScriptedImporter) -> (artifact id: '6300756dcc3a7644c4613754f05c9d79') in 0.006359202 seconds
Number of updated asset objects reloaded before import = 0Number of asset objects unloaded after import = 39

========================================================================
Received Import Request.
  Time since last request: 0.000036 seconds.
  path: Assets/SimplePoly City - Low Poly Assets/Prefab/Vehicles/Vehicle with Static Wheels/Vehicle_Container_color03.prefab
  artifactKey: Guid(d20839e362efa3d4baa3d2ce1b4f2df4) Importer(2089858483,192608db42251d675da83286b1cce702)
Start importing Assets/SimplePoly City - Low Poly Assets/Prefab/Vehicles/Vehicle with Static Wheels/Vehicle_Container_color03.prefab using Guid(d20839e362efa3d4baa3d2ce1b4f2df4) Importer(2089858483,192608db42251d675da83286b1cce702) (ScriptedImporter) -> (artifact id: '85b528c1c06e10c569946fe317b27f54') in 0.007020291 seconds
Number of updated asset objects reloaded before import = 0Number of asset objects unloaded after import = 8

========================================================================
Received Import Request.
  Time since last request: 0.000038 seconds.
  path: Assets/SimplePoly City - Low Poly Assets/Prefab/Vehicles/Vehicle with Static Wheels/Vehicle_SUV_color02.prefab
  artifactKey: Guid(b0ad868427d8c8a4b86144f9786776d3) Importer(2089858483,192608db42251d675da83286b1cce702)
Start importing Assets/SimplePoly City - Low Poly Assets/Prefab/Vehicles/Vehicle with Static Wheels/Vehicle_SUV_color02.prefab using Guid(b0ad868427d8c8a4b86144f9786776d3) Importer(2089858483,192608db42251d675da83286b1cce702) (ScriptedImporter) -> (artifact id: 'fae345b9a3ae18f276a0f714d3b20d25') in 0.007445314 seconds
Number of updated asset objects reloaded before import = 0Number of asset objects unloaded after import = 8

========================================================================
Received Import Request.
  Time since last request: 0.000025 seconds.
  path: Assets/SimplePoly City - Low Poly Assets/Prefab/Vehicles/Vehicle with Static Wheels/Vehicle_Truck_color01.prefab
  artifactKey: Guid(cffe1734bc43bcb47b6433ebca05c04c) Importer(2089858483,192608db42251d675da83286b1cce702)
Start importing Assets/SimplePoly City - Low Poly Assets/Prefab/Vehicles/Vehicle with Static Wheels/Vehicle_Truck_color01.prefab using Guid(cffe1734bc43bcb47b6433ebca05c04c) Importer(2089858483,192608db42251d675da83286b1cce702) (ScriptedImporter) -> (artifact id: 'e5e94c8afa7cdfb6a99801b0914ca4a2') in 0.012719397 seconds
Number of updated asset objects reloaded before import = 0Number of asset objects unloaded after import = 8

========================================================================
Received Import Request.
  Time since last request: 0.000026 seconds.
  path: Assets/Starter Assets/Sample/FirstPersonController/Playground/ReflectionProbe-0.exr
  artifactKey: Guid(ac547032e7ab2874b8b53ccbfec07526) Importer(2089858483,192608db42251d675da83286b1cce702)
Start importing Assets/Starter Assets/Sample/FirstPersonController/Playground/ReflectionProbe-0.exr using Guid(ac547032e7ab2874b8b53ccbfec07526) Importer(2089858483,192608db42251d675da83286b1cce702) (ScriptedImporter) -> (artifact id: '9dd0e681ad59a2ec4140f949ad0ae3e7') in 0.016988405 seconds
Number of updated asset objects reloaded before import = 0Number of asset objects unloaded after import = 1

========================================================================
Received Import Request.
  Time since last request: 0.000021 seconds.
  path: Assets/Starter Assets/Sample/Environment/Prefabs/Ramp_Prefab.prefab
  artifactKey: Guid(8a7437817844dce4894b049de73b75f2) Importer(2089858483,192608db42251d675da83286b1cce702)
Start importing Assets/Starter Assets/Sample/Environment/Prefabs/Ramp_Prefab.prefab using Guid(8a7437817844dce4894b049de73b75f2) Importer(2089858483,192608db42251d675da83286b1cce702) (ScriptedImporter) -> (artifact id: 'e6c590d3259582dd71ea084e2dbbb17a') in 0.013142127 seconds
Number of updated asset objects reloaded before import = 0Number of asset objects unloaded after import = 9

========================================================================
Received Import Request.
  Time since last request: 0.000019 seconds.
  path: Assets/Starter Assets/Runtime/Mobile/UI/ToucScreenInputStyle.uss
  artifactKey: Guid(65f131e357a5ced4b9f5d34f036bd440) Importer(2089858483,192608db42251d675da83286b1cce702)
Start importing Assets/Starter Assets/Runtime/Mobile/UI/ToucScreenInputStyle.uss using Guid(65f131e357a5ced4b9f5d34f036bd440) Importer(2089858483,192608db42251d675da83286b1cce702) (ScriptedImporter) -> (artifact id: '9c5209de0f32db115da561c327a1c232') in 0.024881201 seconds
Number of updated asset objects reloaded before import = 0Number of asset objects unloaded after import = 7

========================================================================
Received Import Request.
  Time since last request: 0.000033 seconds.
  path: Assets/Starter Assets/Sample/Environment/Prefabs/Stairs_650_400_300_Prefab.prefab
  artifactKey: Guid(50a0925b0c22af146a2d15615f815a1c) Importer(2089858483,192608db42251d675da83286b1cce702)
Start importing Assets/Starter Assets/Sample/Environment/Prefabs/Stairs_650_400_300_Prefab.prefab using Guid(50a0925b0c22af146a2d15615f815a1c) Importer(2089858483,192608db42251d675da83286b1cce702) (ScriptedImporter) -> (artifact id: '3ed1913174fc69801a9ccc80074ec88b') in 0.009068215 seconds
Number of updated asset objects reloaded before import = 0Number of asset objects unloaded after import = 10

========================================================================
Received Import Request.
  Time since last request: 0.000036 seconds.
  path: Assets/Starter Assets/Sample/Environment/RenderPipelineProfiles/StarterAssetsHDRPVolumeProfile.asset
  artifactKey: Guid(fe05288aca2f31443877a786e771100f) Importer(2089858483,192608db42251d675da83286b1cce702)
Start importing Assets/Starter Assets/Sample/Environment/RenderPipelineProfiles/StarterAssetsHDRPVolumeProfile.asset using Guid(fe05288aca2f31443877a786e771100f) Importer(2089858483,192608db42251d675da83286b1cce702) (ScriptedImporter) -> (artifact id: 'cf709bcb3f73151e2042bae81b8f71a1') in 0.00556094 seconds
Number of updated asset objects reloaded before import = 0Number of asset objects unloaded after import = 10

========================================================================
Received Import Request.
  Time since last request: 0.000024 seconds.
  path: Assets/Starter Assets/Runtime/FirstPersonController/Prefabs/NestedParent_Unpack.prefab
  artifactKey: Guid(035bf1ba97d19214580cfe6f5a29fdc3) Importer(2089858483,192608db42251d675da83286b1cce702)
Start importing Assets/Starter Assets/Runtime/FirstPersonController/Prefabs/NestedParent_Unpack.prefab using Guid(035bf1ba97d19214580cfe6f5a29fdc3) Importer(2089858483,192608db42251d675da83286b1cce702) (ScriptedImporter) -> (artifact id: 'd323c00c5fec915ad8d756c402949823') in 0.021932159 seconds
Number of updated asset objects reloaded before import = 0Number of asset objects unloaded after import = 49

========================================================================
Received Import Request.
  Time since last request: 0.000024 seconds.
  path: Assets/Starter Assets/Sample/FirstPersonController/Playground/LightingData.asset
  artifactKey: Guid(2690b0834b22e2940b40018922228eb6) Importer(2089858483,192608db42251d675da83286b1cce702)
Start importing Assets/Starter Assets/Sample/FirstPersonController/Playground/LightingData.asset using Guid(2690b0834b22e2940b40018922228eb6) Importer(2089858483,192608db42251d675da83286b1cce702) (ScriptedImporter) -> (artifact id: 'cf58b88c710399873a649bec80e67243') in 0.005521589 seconds
Number of updated asset objects reloaded before import = 0Number of asset objects unloaded after import = 2

========================================================================
Received Import Request.
  Time since last request: 0.000025 seconds.
  path: Assets/Starter Assets/Sample/Environment/Prefabs/Wall_Prefab.prefab
  artifactKey: Guid(9eb847ab97b24024588682c8601254cf) Importer(2089858483,192608db42251d675da83286b1cce702)
Start importing Assets/Starter Assets/Sample/Environment/Prefabs/Wall_Prefab.prefab using Guid(9eb847ab97b24024588682c8601254cf) Importer(2089858483,192608db42251d675da83286b1cce702) (ScriptedImporter) -> (artifact id: 'b33ddbde01fdc8c2caab10201ee62531') in 0.011508958 seconds
Number of updated asset objects reloaded before import = 0Number of asset objects unloaded after import = 10

========================================================================
Received Import Request.
  Time since last request: 0.000026 seconds.
  path: Assets/Starter Assets/Sample/Environment/Prefabs/Box_100x100x100_Prefab.prefab
  artifactKey: Guid(e5f4daf24146ee040b5a2d7a73b30aa0) Importer(2089858483,192608db42251d675da83286b1cce702)
Start importing Assets/Starter Assets/Sample/Environment/Prefabs/Box_100x100x100_Prefab.prefab using Guid(e5f4daf24146ee040b5a2d7a73b30aa0) Importer(2089858483,192608db42251d675da83286b1cce702) (ScriptedImporter) -> (artifact id: 'ff5cdfc4bb94fa2f9d40fa9871677f6b') in 0.014598445 seconds
Number of updated asset objects reloaded before import = 0Number of asset objects unloaded after import = 8

========================================================================
Received Import Request.
  Time since last request: 0.000026 seconds.
  path: Assets/Starter Assets/Sample/Environment/Prefabs/Structure_Prefab.prefab
  artifactKey: Guid(79e624e6a8770a946afb866fd94b394b) Importer(2089858483,192608db42251d675da83286b1cce702)
Start importing Assets/Starter Assets/Sample/Environment/Prefabs/Structure_Prefab.prefab using Guid(79e624e6a8770a946afb866fd94b394b) Importer(2089858483,192608db42251d675da83286b1cce702) (ScriptedImporter) -> (artifact id: 'c555306ab629d5a905c018b8f7b47c6c') in 0.023870676 seconds
Number of updated asset objects reloaded before import = 0Number of asset objects unloaded after import = 116

========================================================================
Received Import Request.
  Time since last request: 0.000038 seconds.
  path: Assets/Starter Assets/Sample/Environment/Prefabs/Environment_Prefab.prefab
  artifactKey: Guid(09aade0ecefd01e4b8f7661acf64f5c2) Importer(2089858483,192608db42251d675da83286b1cce702)
Start importing Assets/Starter Assets/Sample/Environment/Prefabs/Environment_Prefab.prefab using Guid(09aade0ecefd01e4b8f7661acf64f5c2) Importer(2089858483,192608db42251d675da83286b1cce702) (ScriptedImporter) -> (artifact id: '8def6fec19658b6934615e99a1560a97') in 0.018195049 seconds
Number of updated asset objects reloaded before import = 0Number of asset objects unloaded after import = 303

========================================================================
Received Import Request.
  Time since last request: 0.000042 seconds.
  path: Assets/Starter Assets/Runtime/ThirdPersonController/Scripts/ThirdPersonController.cs
  artifactKey: Guid(26e54e5a728a9234ab24fcf1460ed8a2) Importer(2089858483,192608db42251d675da83286b1cce702)
Start importing Assets/Starter Assets/Runtime/ThirdPersonController/Scripts/ThirdPersonController.cs using Guid(26e54e5a728a9234ab24fcf1460ed8a2) Importer(2089858483,192608db42251d675da83286b1cce702) (ScriptedImporter) -> (artifact id: '77135d2ef299b09b27861068bd232cb0') in 0.004126984 seconds
Number of updated asset objects reloaded before import = 0Number of asset objects unloaded after import = 0

========================================================================
Received Import Request.
  Time since last request: 0.000029 seconds.
  path: Assets/Tree_Packs/URP_Tree_Pack/Models/URP_Tree_1/URP_Tree_1_LOD_3.fbx
  artifactKey: Guid(690b2391c32f7744eb70ac3f0795c1eb) Importer(2089858483,192608db42251d675da83286b1cce702)
Start importing Assets/Tree_Packs/URP_Tree_Pack/Models/URP_Tree_1/URP_Tree_1_LOD_3.fbx using Guid(690b2391c32f7744eb70ac3f0795c1eb) Importer(2089858483,192608db42251d675da83286b1cce702) (ScriptedImporter) -> (artifact id: 'e7b9072e0604718a9a217d25ba43b9a4') in 0.011836808 seconds
Number of updated asset objects reloaded before import = 0Number of asset objects unloaded after import = 9

========================================================================
Received Import Request.
  Time since last request: 0.000024 seconds.
  path: Assets/Tree_Packs/URP_Tree_Pack/Models/URP_Tree_2/URP_Tree_2_LOD_0.fbx
  artifactKey: Guid(b45cc48d62b4ade468a90cbc817aecaf) Importer(2089858483,192608db42251d675da83286b1cce702)
Start importing Assets/Tree_Packs/URP_Tree_Pack/Models/URP_Tree_2/URP_Tree_2_LOD_0.fbx using Guid(b45cc48d62b4ade468a90cbc817aecaf) Importer(2089858483,192608db42251d675da83286b1cce702) (ScriptedImporter) -> (artifact id: '2accb3afdb23294658840bc700d71dd4') in 0.011037315 seconds
Number of updated asset objects reloaded before import = 0Number of asset objects unloaded after import = 9

========================================================================
Received Import Request.
  Time since last request: 0.000028 seconds.
  path: Assets/Tree_Packs/URP_Tree_Pack/Models/URP_Tree_3/URP_Tree_3_LOD_0.fbx
  artifactKey: Guid(8d5f15814e2635b4caac8162f5b244b5) Importer(2089858483,192608db42251d675da83286b1cce702)
Start importing Assets/Tree_Packs/URP_Tree_Pack/Models/URP_Tree_3/URP_Tree_3_LOD_0.fbx using Guid(8d5f15814e2635b4caac8162f5b244b5) Importer(2089858483,192608db42251d675da83286b1cce702) (ScriptedImporter) -> (artifact id: 'db91c4cb0d53c893fc0d4ef6aea227d7') in 0.01644322 seconds
Number of updated asset objects reloaded before import = 0Number of asset objects unloaded after import = 9

========================================================================
Received Import Request.
  Time since last request: 0.000035 seconds.
  path: Assets/TENKOKU - DYNAMIC SKY/_DEMO/TERRAIN/GROUND/tex_grnd_grass.png
  artifactKey: Guid(b8a196f2b30b6e04cae32acdb92e4fcd) Importer(2089858483,192608db42251d675da83286b1cce702)
Start importing Assets/TENKOKU - DYNAMIC SKY/_DEMO/TERRAIN/GROUND/tex_grnd_grass.png using Guid(b8a196f2b30b6e04cae32acdb92e4fcd) Importer(2089858483,192608db42251d675da83286b1cce702) (ScriptedImporter) -> (artifact id: '141e7614b9d76a7dce7c414b537af04d') in 0.018997128 seconds
Number of updated asset objects reloaded before import = 0Number of asset objects unloaded after import = 1

========================================================================
Received Import Request.
  Time since last request: 0.000046 seconds.
  path: Assets/Tree_Packs/URP_Tree_Pack/Models/URP_Tree_1/URP_Tree_1_LOD_0.fbx
  artifactKey: Guid(419b474d3d31ef54e9c101d6e7213aee) Importer(2089858483,192608db42251d675da83286b1cce702)
Start importing Assets/Tree_Packs/URP_Tree_Pack/Models/URP_Tree_1/URP_Tree_1_LOD_0.fbx using Guid(419b474d3d31ef54e9c101d6e7213aee) Importer(2089858483,192608db42251d675da83286b1cce702) (ScriptedImporter) -> (artifact id: 'a9fd0df8f558a588942720ef82691f19') in 0.023268967 seconds
Number of updated asset objects reloaded before import = 0Number of asset objects unloaded after import = 9

========================================================================
Received Import Request.
  Time since last request: 0.000025 seconds.
  path: Assets/Tree_Packs/URP_Tree_Pack/Models/URP_Tree_2/URP_Tree_2_LOD_2.fbx
  artifactKey: Guid(61f51b872cc42644c84858116165c248) Importer(2089858483,192608db42251d675da83286b1cce702)
Start importing Assets/Tree_Packs/URP_Tree_Pack/Models/URP_Tree_2/URP_Tree_2_LOD_2.fbx using Guid(61f51b872cc42644c84858116165c248) Importer(2089858483,192608db42251d675da83286b1cce702) (ScriptedImporter) -> (artifact id: '8c6d75b0804fdc01029ad6a72a55329c') in 0.018009888 seconds
Number of updated asset objects reloaded before import = 0Number of asset objects unloaded after import = 9

========================================================================
Received Import Request.
  Time since last request: 0.000032 seconds.
  path: Assets/Starter Assets/Sample/ThirdPersonController/Playground/ReflectionProbe-0.exr
  artifactKey: Guid(b65762d7243eb714e903b585ed68a576) Importer(2089858483,192608db42251d675da83286b1cce702)
Start importing Assets/Starter Assets/Sample/ThirdPersonController/Playground/ReflectionProbe-0.exr using Guid(b65762d7243eb714e903b585ed68a576) Importer(2089858483,192608db42251d675da83286b1cce702) (ScriptedImporter) -> (artifact id: '48a84afd4cfe3c74a4ce6e1c7eaa8e44') in 0.013489735 seconds
Number of updated asset objects reloaded before import = 0Number of asset objects unloaded after import = 1

========================================================================
Received Import Request.
  Time since last request: 0.000044 seconds.
  path: Assets/Tree_Packs/URP_Tree_Pack/Models/URP_Tree_3/URP_Tree_3_LOD_3.fbx
  artifactKey: Guid(23f8413d694261647b08c546eb4953af) Importer(2089858483,192608db42251d675da83286b1cce702)
Start importing Assets/Tree_Packs/URP_Tree_Pack/Models/URP_Tree_3/URP_Tree_3_LOD_3.fbx using Guid(23f8413d694261647b08c546eb4953af) Importer(2089858483,192608db42251d675da83286b1cce702) (ScriptedImporter) -> (artifact id: '5a61695263fcd7b62431267cd2a05d29') in 0.01826029 seconds
Number of updated asset objects reloaded before import = 0Number of asset objects unloaded after import = 9

========================================================================
Received Import Request.
  Time since last request: 0.000041 seconds.
  path: Assets/TENKOKU - DYNAMIC SKY/_DEMO/TERRAIN/GROUND/tex_grnd_sand_n.png
  artifactKey: Guid(5a0cd424ecbbaf243ae59e00d65bd942) Importer(2089858483,192608db42251d675da83286b1cce702)
Start importing Assets/TENKOKU - DYNAMIC SKY/_DEMO/TERRAIN/GROUND/tex_grnd_sand_n.png using Guid(5a0cd424ecbbaf243ae59e00d65bd942) Importer(2089858483,192608db42251d675da83286b1cce702) (ScriptedImporter) -> (artifact id: 'e03ea6da5a78586fa4a91baa63066f54') in 0.016132102 seconds
Number of updated asset objects reloaded before import = 0Number of asset objects unloaded after import = 1

========================================================================
Received Import Request.
  Time since last request: 0.000053 seconds.
  path: Assets/TENKOKU - DYNAMIC SKY/_DEMO/SCRIPTS/CONTROLLER/ten_demo_ControllerFreeCamera.cs
  artifactKey: Guid(6fd94098d6601f646b2f7efd5a3bbaf9) Importer(2089858483,192608db42251d675da83286b1cce702)
Start importing Assets/TENKOKU - DYNAMIC SKY/_DEMO/SCRIPTS/CONTROLLER/ten_demo_ControllerFreeCamera.cs using Guid(6fd94098d6601f646b2f7efd5a3bbaf9) Importer(2089858483,192608db42251d675da83286b1cce702) (ScriptedImporter) -> (artifact id: '9af0011943dff92e02169a0d7a61a1a4') in 0.005003952 seconds
Number of updated asset objects reloaded before import = 0Number of asset objects unloaded after import = 0

========================================================================
Received Import Request.
  Time since last request: 0.000027 seconds.
  path: Assets/Starter Assets/Runtime/Mobile/Prefabs/EventSystem/UI_EventSystem.prefab
  artifactKey: Guid(f0271df749728104eac22c3d897fd8ce) Importer(2089858483,192608db42251d675da83286b1cce702)
Start importing Assets/Starter Assets/Runtime/Mobile/Prefabs/EventSystem/UI_EventSystem.prefab using Guid(f0271df749728104eac22c3d897fd8ce) Importer(2089858483,192608db42251d675da83286b1cce702) (ScriptedImporter) -> (artifact id: '6ecf7e089246cb4c2d2b3ba6830ef565') in 0.043113758 seconds
Number of updated asset objects reloaded before import = 0Number of asset objects unloaded after import = 17

========================================================================
Received Import Request.
  Time since last request: 0.000027 seconds.
  path: Assets/Starter Assets/Runtime/ThirdPersonController/Character/Animations/Locomotion--Walk_N_Land.anim.fbx
  artifactKey: Guid(325a26d62b61fa94cb3c97c435efebc5) Importer(2089858483,192608db42251d675da83286b1cce702)
Start importing Assets/Starter Assets/Runtime/ThirdPersonController/Character/Animations/Locomotion--Walk_N_Land.anim.fbx using Guid(325a26d62b61fa94cb3c97c435efebc5) Importer(2089858483,192608db42251d675da83286b1cce702) (ScriptedImporter) -> (artifact id: '931fab027241974be4a566416cf3ef81') in 0.023050156 seconds
Number of updated asset objects reloaded before import = 0Number of asset objects unloaded after import = 144

========================================================================
Received Import Request.
  Time since last request: 0.000038 seconds.
  path: Assets/Starter Assets/Runtime/ThirdPersonController/Character/Animations/Jump--Jump.anim.fbx
  artifactKey: Guid(98f277b0c8055e143b2fcf058d3c27dc) Importer(2089858483,192608db42251d675da83286b1cce702)
Start importing Assets/Starter Assets/Runtime/ThirdPersonController/Character/Animations/Jump--Jump.anim.fbx using Guid(98f277b0c8055e143b2fcf058d3c27dc) Importer(2089858483,192608db42251d675da83286b1cce702) (ScriptedImporter) -> (artifact id: 'ee7ea385e88dff46340dcda61d80dc15') in 0.018326596 seconds
Number of updated asset objects reloaded before import = 0Number of asset objects unloaded after import = 145

========================================================================
Received Import Request.
  Time since last request: 0.000084 seconds.
  path: Assets/Tree_Packs/URP_Tree_Pack/Textures/Leaf/URP_3_Leaf.png
  artifactKey: Guid(22240601055987b4ea815af3f7d81e40) Importer(2089858483,192608db42251d675da83286b1cce702)
Start importing Assets/Tree_Packs/URP_Tree_Pack/Textures/Leaf/URP_3_Leaf.png using Guid(22240601055987b4ea815af3f7d81e40) Importer(2089858483,192608db42251d675da83286b1cce702) (ScriptedImporter) -> (artifact id: '4dd17851a1984c016287d184aea9c634') in 0.016897063 seconds
Number of updated asset objects reloaded before import = 0Number of asset objects unloaded after import = 1

========================================================================
Received Import Request.
  Time since last request: 0.000028 seconds.
  path: Assets/Starter Assets/Runtime/Mobile/Scripts/Utilities/MobileDisableAutoSwitchControls.cs
  artifactKey: Guid(901182334643ba1438a25accc6bd0c79) Importer(2089858483,192608db42251d675da83286b1cce702)
Start importing Assets/Starter Assets/Runtime/Mobile/Scripts/Utilities/MobileDisableAutoSwitchControls.cs using Guid(901182334643ba1438a25accc6bd0c79) Importer(2089858483,192608db42251d675da83286b1cce702) (ScriptedImporter) -> (artifact id: 'a326e88cc6b6c1fd4aadb1834a50c416') in 0.00403247 seconds
Number of updated asset objects reloaded before import = 0Number of asset objects unloaded after import = 0

========================================================================
Received Import Request.
  Time since last request: 0.000028 seconds.
  path: Assets/Tree_Packs/URP_Tree_Pack/Textures/Trunk/URP_1_Trunk.png
  artifactKey: Guid(f0d57a37de5c6934f8dfad8f6652b86d) Importer(2089858483,192608db42251d675da83286b1cce702)
Start importing Assets/Tree_Packs/URP_Tree_Pack/Textures/Trunk/URP_1_Trunk.png using Guid(f0d57a37de5c6934f8dfad8f6652b86d) Importer(2089858483,192608db42251d675da83286b1cce702) (ScriptedImporter) -> (artifact id: '881f2d553100a4310f185efe78c96ffe') in 0.012934685 seconds
Number of updated asset objects reloaded before import = 0Number of asset objects unloaded after import = 1

========================================================================
Received Import Request.
  Time since last request: 0.000029 seconds.
  path: Assets/Starter Assets/Runtime/Mobile/UI/Images/UI_Icon_Jump.png
  artifactKey: Guid(751aa1b6637101946b2fdbb7aa27d6ad) Importer(2089858483,192608db42251d675da83286b1cce702)
Start importing Assets/Starter Assets/Runtime/Mobile/UI/Images/UI_Icon_Jump.png using Guid(751aa1b6637101946b2fdbb7aa27d6ad) Importer(2089858483,192608db42251d675da83286b1cce702) (ScriptedImporter) -> (artifact id: 'd5bc77a5f41e5a83f023aacfaae4ec87') in 0.035251423 seconds
Number of updated asset objects reloaded before import = 0Number of asset objects unloaded after import = 3

========================================================================
Received Import Request.
  Time since last request: 0.000037 seconds.
  path: Assets/Tree_Packs/URP_Tree_Pack/Models/URP_Tree_1/URP_Tree_1_LOD_2.fbx
  artifactKey: Guid(0a9ad2b5edd0c6d49bc3aebe133e3850) Importer(2089858483,192608db42251d675da83286b1cce702)
Start importing Assets/Tree_Packs/URP_Tree_Pack/Models/URP_Tree_1/URP_Tree_1_LOD_2.fbx using Guid(0a9ad2b5edd0c6d49bc3aebe133e3850) Importer(2089858483,192608db42251d675da83286b1cce702) (ScriptedImporter) -> (artifact id: '5241ec788da40244b4b2d641d4e932eb') in 0.013921582 seconds
Number of updated asset objects reloaded before import = 0Number of asset objects unloaded after import = 9

========================================================================
Received Import Request.
  Time since last request: 0.000035 seconds.
  path: Assets/Starter Assets/Runtime/ThirdPersonController/Character/Animations/Stand--Idle.anim.fbx
  artifactKey: Guid(12e52e465ed793a4d801955e9f964a82) Importer(2089858483,192608db42251d675da83286b1cce702)
Start importing Assets/Starter Assets/Runtime/ThirdPersonController/Character/Animations/Stand--Idle.anim.fbx using Guid(12e52e465ed793a4d801955e9f964a82) Importer(2089858483,192608db42251d675da83286b1cce702) (ScriptedImporter) -> (artifact id: '8c7ae069009e96762620e554b4719b12') in 0.020384335 seconds
Number of updated asset objects reloaded before import = 0Number of asset objects unloaded after import = 144

========================================================================
Received Import Request.
  Time since last request: 0.000024 seconds.
  path: Assets/TENKOKU - DYNAMIC SKY/_DEMO/TERRAIN/GROUND/tex_grnd_grass_n.png
  artifactKey: Guid(091cd676e8593664eb0723e5b3c55566) Importer(2089858483,192608db42251d675da83286b1cce702)
Start importing Assets/TENKOKU - DYNAMIC SKY/_DEMO/TERRAIN/GROUND/tex_grnd_grass_n.png using Guid(091cd676e8593664eb0723e5b3c55566) Importer(2089858483,192608db42251d675da83286b1cce702) (ScriptedImporter) -> (artifact id: 'b12c37b2a361d72811a6c2bb4acf2ba6') in 0.013257353 seconds
Number of updated asset objects reloaded before import = 0Number of asset objects unloaded after import = 1

========================================================================
Received Import Request.
  Time since last request: 0.000022 seconds.
  path: Assets/Starter Assets/Sample/Environment/Art/Models/Box_350x250x200_Mesh.fbx
  artifactKey: Guid(c6a55ba99e9e99d41b7eef123e311a43) Importer(2089858483,192608db42251d675da83286b1cce702)
Start importing Assets/Starter Assets/Sample/Environment/Art/Models/Box_350x250x200_Mesh.fbx using Guid(c6a55ba99e9e99d41b7eef123e311a43) Importer(2089858483,192608db42251d675da83286b1cce702) (ScriptedImporter) -> (artifact id: '14023fbc2e8449fbdc3f04edfcef1bb3') in 0.017006415 seconds
Number of updated asset objects reloaded before import = 0Number of asset objects unloaded after import = 8

========================================================================
Received Import Request.
  Time since last request: 0.000030 seconds.
  path: Assets/Starter Assets/Runtime/ThirdPersonController/Character/Textures/Armature_Body_Normal.tif
  artifactKey: Guid(2a3daea46c599324e873f935ab08000a) Importer(2089858483,192608db42251d675da83286b1cce702)
Start importing Assets/Starter Assets/Runtime/ThirdPersonController/Character/Textures/Armature_Body_Normal.tif using Guid(2a3daea46c599324e873f935ab08000a) Importer(2089858483,192608db42251d675da83286b1cce702) (ScriptedImporter) -> (artifact id: '6617f06e4c23a50b8508d3a1cecaebf1') in 0.024882588 seconds
Number of updated asset objects reloaded before import = 0Number of asset objects unloaded after import = 1

========================================================================
Received Import Request.
  Time since last request: 0.000032 seconds.
  path: Assets/Starter Assets/Sample/Environment/Art/Models/Ground_Mesh.fbx
  artifactKey: Guid(aa38d7b0e367ecc4aac915dcfe957879) Importer(2089858483,192608db42251d675da83286b1cce702)
Start importing Assets/Starter Assets/Sample/Environment/Art/Models/Ground_Mesh.fbx using Guid(aa38d7b0e367ecc4aac915dcfe957879) Importer(2089858483,192608db42251d675da83286b1cce702) (ScriptedImporter) -> (artifact id: 'cc4b9ca9a3b68ed123a030c2a4ece380') in 0.011872793 seconds
Number of updated asset objects reloaded before import = 0Number of asset objects unloaded after import = 8

========================================================================
Received Import Request.
  Time since last request: 0.000040 seconds.
  path: Assets/Starter Assets/Sample/Environment/Art/Materials/Blue_Mat.mat
  artifactKey: Guid(979aef027a1c86c42a15ce35fce366fa) Importer(2089858483,192608db42251d675da83286b1cce702)
Start importing Assets/Starter Assets/Sample/Environment/Art/Materials/Blue_Mat.mat using Guid(979aef027a1c86c42a15ce35fce366fa) Importer(2089858483,192608db42251d675da83286b1cce702) (ScriptedImporter) -> (artifact id: 'eec149264698aac0be425e275dfe9127') in 0.004722074 seconds
Number of updated asset objects reloaded before import = 0Number of asset objects unloaded after import = 1

========================================================================
Received Import Request.
  Time since last request: 0.000022 seconds.
  path: Assets/Starter Assets/Sample/Environment/Art/Models/Ramp_100x100x200_Mesh.fbx
  artifactKey: Guid(bfff06aaff363a847ad37bf592364e6b) Importer(2089858483,192608db42251d675da83286b1cce702)
Start importing Assets/Starter Assets/Sample/Environment/Art/Models/Ramp_100x100x200_Mesh.fbx using Guid(bfff06aaff363a847ad37bf592364e6b) Importer(2089858483,192608db42251d675da83286b1cce702) (ScriptedImporter) -> (artifact id: 'c6ac6dae0e8ca2aefe02ca5ea516ab67') in 0.016313122 seconds
Number of updated asset objects reloaded before import = 0Number of asset objects unloaded after import = 8

========================================================================
Received Import Request.
  Time since last request: 0.000026 seconds.
  path: Assets/Starter Assets/Runtime/ThirdPersonController/Character/Textures/Armature_Legs_MetallicSmoothness.tif
  artifactKey: Guid(1c98c94efa7792645972ecf95e6f86c2) Importer(2089858483,192608db42251d675da83286b1cce702)
Start importing Assets/Starter Assets/Runtime/ThirdPersonController/Character/Textures/Armature_Legs_MetallicSmoothness.tif using Guid(1c98c94efa7792645972ecf95e6f86c2) Importer(2089858483,192608db42251d675da83286b1cce702) (ScriptedImporter) -> (artifact id: '830afc12f8b2793d20187ccd741b7928') in 0.015770669 seconds
Number of updated asset objects reloaded before import = 0Number of asset objects unloaded after import = 1

========================================================================
Received Import Request.
  Time since last request: 0.000023 seconds.
  path: Assets/Starter Assets/Runtime/ThirdPersonController/Character/Materials/M_Armature_Body.mat
  artifactKey: Guid(43714b68324cc2c409d534d9874f2a2b) Importer(2089858483,192608db42251d675da83286b1cce702)
Start importing Assets/Starter Assets/Runtime/ThirdPersonController/Character/Materials/M_Armature_Body.mat using Guid(43714b68324cc2c409d534d9874f2a2b) Importer(2089858483,192608db42251d675da83286b1cce702) (ScriptedImporter) -> (artifact id: '7bb71c18c3fd85497798ced3ee22b0f3') in 0.018669347 seconds
Number of updated asset objects reloaded before import = 0Number of asset objects unloaded after import = 4

========================================================================
Received Import Request.
  Time since last request: 0.000027 seconds.
  path: Assets/Starter Assets/Runtime/ThirdPersonController/Character/Models/Armature.fbx
  artifactKey: Guid(36078ab0369161e49a29d349ae3e0739) Importer(2089858483,192608db42251d675da83286b1cce702)
Start importing Assets/Starter Assets/Runtime/ThirdPersonController/Character/Models/Armature.fbx using Guid(36078ab0369161e49a29d349ae3e0739) Importer(2089858483,192608db42251d675da83286b1cce702) (ScriptedImporter) -> (artifact id: '58742eff7aceaed9eb8def50344853ad') in 0.031257359 seconds
Number of updated asset objects reloaded before import = 0Number of asset objects unloaded after import = 150

========================================================================
Received Import Request.
  Time since last request: 0.000030 seconds.
  path: Assets/Tree_Packs/URP_Tree_Pack/Models/URP_Tree_3/URP_Tree_3_LOD_2.fbx
  artifactKey: Guid(512754d39f33a364db254fe00aeb0868) Importer(2089858483,192608db42251d675da83286b1cce702)
Start importing Assets/Tree_Packs/URP_Tree_Pack/Models/URP_Tree_3/URP_Tree_3_LOD_2.fbx using Guid(512754d39f33a364db254fe00aeb0868) Importer(2089858483,192608db42251d675da83286b1cce702) (ScriptedImporter) -> (artifact id: 'b38d5bd17ccde08706696c8bbfcc76b2') in 0.010960854 seconds
Number of updated asset objects reloaded before import = 0Number of asset objects unloaded after import = 9

========================================================================
Received Import Request.
  Time since last request: 0.000038 seconds.
  path: Assets/SimplePoly City - Low Poly Assets/Prefab/Natures/Natures_Grass Bar.prefab
  artifactKey: Guid(c07ada992c3586e4dbf557bc4b8718cf) Importer(2089858483,192608db42251d675da83286b1cce702)
Start importing Assets/SimplePoly City - Low Poly Assets/Prefab/Natures/Natures_Grass Bar.prefab using Guid(c07ada992c3586e4dbf557bc4b8718cf) Importer(2089858483,192608db42251d675da83286b1cce702) (ScriptedImporter) -> (artifact id: 'f94b28a5233157ad340bdb3cb664b6ea') in 0.007687973 seconds
Number of updated asset objects reloaded before import = 0Number of asset objects unloaded after import = 8

========================================================================
Received Import Request.
  Time since last request: 0.000042 seconds.
  path: Assets/TENKOKU - DYNAMIC SKY/TEXTURES/tex_suneclipse.psd
  artifactKey: Guid(cbf431e13d0689f41b1649c1aad07115) Importer(2089858483,192608db42251d675da83286b1cce702)
Start importing Assets/TENKOKU - DYNAMIC SKY/TEXTURES/tex_suneclipse.psd using Guid(cbf431e13d0689f41b1649c1aad07115) Importer(2089858483,192608db42251d675da83286b1cce702) (ScriptedImporter) -> (artifact id: '0f03c7d54b0df76b6b6f36b081e31489') in 0.008780165 seconds
Number of updated asset objects reloaded before import = 0Number of asset objects unloaded after import = 1

========================================================================
Received Import Request.
  Time since last request: 0.000021 seconds.
  path: Assets/SimplePoly City - Low Poly Assets/Prefab/Roads/Road T_Intersection_02.prefab
  artifactKey: Guid(11b412f2ff905c341be6af606611e4a3) Importer(2089858483,192608db42251d675da83286b1cce702)
Start importing Assets/SimplePoly City - Low Poly Assets/Prefab/Roads/Road T_Intersection_02.prefab using Guid(11b412f2ff905c341be6af606611e4a3) Importer(2089858483,192608db42251d675da83286b1cce702) (ScriptedImporter) -> (artifact id: 'b604032f27d6f50be8528c802629229a') in 0.00810186 seconds
Number of updated asset objects reloaded before import = 0Number of asset objects unloaded after import = 8

========================================================================
Received Import Request.
  Time since last request: 0.000027 seconds.
  path: Assets/Dnk_Dev/Brick_Fence/Prefab/P_Brick_Fence_01b.prefab
  artifactKey: Guid(ebc40b742599bf94287e75ca1c0e26d5) Importer(2089858483,192608db42251d675da83286b1cce702)
Start importing Assets/Dnk_Dev/Brick_Fence/Prefab/P_Brick_Fence_01b.prefab using Guid(ebc40b742599bf94287e75ca1c0e26d5) Importer(2089858483,192608db42251d675da83286b1cce702) (ScriptedImporter) -> (artifact id: '6cc10af065a7874051a83ac85491dc3a') in 0.006066852 seconds
Number of updated asset objects reloaded before import = 0Number of asset objects unloaded after import = 20

========================================================================
Received Import Request.
  Time since last request: 0.000025 seconds.
  path: Assets/TENKOKU - DYNAMIC SKY/SOUNDS/tenkoku_thunder_close03.wav
  artifactKey: Guid(62173bf3b1debc1489c22f7ea8a24861) Importer(2089858483,192608db42251d675da83286b1cce702)
Start importing Assets/TENKOKU - DYNAMIC SKY/SOUNDS/tenkoku_thunder_close03.wav using Guid(62173bf3b1debc1489c22f7ea8a24861) Importer(2089858483,192608db42251d675da83286b1cce702) (ScriptedImporter) -> (artifact id: '947f40574b30df704b07a9bdff0d1f9a') in 0.02097222 seconds
Number of updated asset objects reloaded before import = 0Number of asset objects unloaded after import = 1

========================================================================
Received Import Request.
  Time since last request: 0.000034 seconds.
  path: Assets/Starter Assets/Sample/FirstPersonController/Playground/ReflectionProbe-1.exr
  artifactKey: Guid(5515cbebf3ef1144ebf8d50ed9091e17) Importer(2089858483,192608db42251d675da83286b1cce702)
Start importing Assets/Starter Assets/Sample/FirstPersonController/Playground/ReflectionProbe-1.exr using Guid(5515cbebf3ef1144ebf8d50ed9091e17) Importer(2089858483,192608db42251d675da83286b1cce702) (ScriptedImporter) -> (artifact id: 'f016ba51df4e3a879bfbc925e348eb2a') in 0.014072444 seconds
Number of updated asset objects reloaded before import = 0Number of asset objects unloaded after import = 1

========================================================================
Received Import Request.
  Time since last request: 0.000035 seconds.
  path: Assets/Starter Assets/Runtime/ThirdPersonController/Character/Materials/Built-in_RP/M_ArmatureColor_Legs.mat
  artifactKey: Guid(3ffbe936d08df274e97d160a90856750) Importer(2089858483,192608db42251d675da83286b1cce702)
Start importing Assets/Starter Assets/Runtime/ThirdPersonController/Character/Materials/Built-in_RP/M_ArmatureColor_Legs.mat using Guid(3ffbe936d08df274e97d160a90856750) Importer(2089858483,192608db42251d675da83286b1cce702) (ScriptedImporter) -> (artifact id: '285b3f686d6ff283d9f377bebf0282de') in 0.07497658 seconds
Number of updated asset objects reloaded before import = 0Number of asset objects unloaded after import = 5

========================================================================
Received Import Request.
  Time since last request: 0.000026 seconds.
  path: Assets/Tree_Packs/URP_Tree_Pack/Models/URP_Tree_3/Materials/Trunk.mat
  artifactKey: Guid(5655676b4ccb058459a052006cc68695) Importer(2089858483,192608db42251d675da83286b1cce702)
Start importing Assets/Tree_Packs/URP_Tree_Pack/Models/URP_Tree_3/Materials/Trunk.mat using Guid(5655676b4ccb058459a052006cc68695) Importer(2089858483,192608db42251d675da83286b1cce702) (ScriptedImporter) -> (artifact id: '105a7ba9bd500eb755ac66d3964ba679') in 0.006447085 seconds
Number of updated asset objects reloaded before import = 0Number of asset objects unloaded after import = 2

========================================================================
Received Import Request.
  Time since last request: 0.000026 seconds.
  path: Assets/Starter Assets/Sample/Environment/Shaders/URP_HDRP_ShaderGraph/UrpTriplanar.shadergraph
  artifactKey: Guid(b8d7679189d4a5940af46004f3870920) Importer(2089858483,192608db42251d675da83286b1cce702)
Start importing Assets/Starter Assets/Sample/Environment/Shaders/URP_HDRP_ShaderGraph/UrpTriplanar.shadergraph using Guid(b8d7679189d4a5940af46004f3870920) Importer(2089858483,192608db42251d675da83286b1cce702) (ScriptedImporter) -> (artifact id: 'df24ffec91f05851f1516c48f0e78164') in 0.269789717 seconds
Number of updated asset objects reloaded before import = 0Number of asset objects unloaded after import = 5

========================================================================
Received Import Request.
  Time since last request: 0.000030 seconds.
  path: Assets/Starter Assets/Sample/Environment/Art/Materials/URP_HDRP_ShaderGraph/ShaderGraphGrid_01_Mat.mat
  artifactKey: Guid(4589b87b8508f6e48b8fddb385924b16) Importer(2089858483,192608db42251d675da83286b1cce702)
Start importing Assets/Starter Assets/Sample/Environment/Art/Materials/URP_HDRP_ShaderGraph/ShaderGraphGrid_01_Mat.mat using Guid(4589b87b8508f6e48b8fddb385924b16) Importer(2089858483,192608db42251d675da83286b1cce702) (ScriptedImporter) -> (artifact id: '768c1329395c862f2f23371f4de832ec') in 0.011056689 seconds
Number of updated asset objects reloaded before import = 0Number of asset objects unloaded after import = 8

========================================================================
Received Import Request.
  Time since last request: 0.000037 seconds.
  path: Assets/TENKOKU - DYNAMIC SKY/SCRIPTS/NoiseTools/PerlinNoise.cs
  artifactKey: Guid(dca3a013dc69b4601864de1590fd5f10) Importer(2089858483,192608db42251d675da83286b1cce702)
Start importing Assets/TENKOKU - DYNAMIC SKY/SCRIPTS/NoiseTools/PerlinNoise.cs using Guid(dca3a013dc69b4601864de1590fd5f10) Importer(2089858483,192608db42251d675da83286b1cce702) (ScriptedImporter) -> (artifact id: '29021cf340d9fa834a4b9c72fc0f0783') in 0.004172765 seconds
Number of updated asset objects reloaded before import = 0Number of asset objects unloaded after import = 0

========================================================================
Received Import Request.
  Time since last request: 0.000028 seconds.
  path: Assets/TENKOKU - DYNAMIC SKY/TEXTURES/mat_cloudplane.mat
  artifactKey: Guid(66b243cf5686c0c4fa0de4e2f6138f7a) Importer(2089858483,192608db42251d675da83286b1cce702)
Start importing Assets/TENKOKU - DYNAMIC SKY/TEXTURES/mat_cloudplane.mat using Guid(66b243cf5686c0c4fa0de4e2f6138f7a) Importer(2089858483,192608db42251d675da83286b1cce702) (ScriptedImporter) -> (artifact id: '23b046cf75481e4816ef7d02b515395c') in 0.005033746 seconds
Number of updated asset objects reloaded before import = 0Number of asset objects unloaded after import = 1

========================================================================
Received Import Request.
  Time since last request: 0.000023 seconds.
  path: Assets/Starter Assets/Sample/Environment/Prefabs/Ramp_100x100x200_Mesh.prefab
  artifactKey: Guid(a9ef32e8d7c7bb84c8730e7347b637de) Importer(2089858483,192608db42251d675da83286b1cce702)
Start importing Assets/Starter Assets/Sample/Environment/Prefabs/Ramp_100x100x200_Mesh.prefab using Guid(a9ef32e8d7c7bb84c8730e7347b637de) Importer(2089858483,192608db42251d675da83286b1cce702) (ScriptedImporter) -> (artifact id: '8d448ac3dcc9bc755dd2e72943aa4362') in 0.009943794 seconds
Number of updated asset objects reloaded before import = 0Number of asset objects unloaded after import = 14

========================================================================
Received Import Request.
  Time since last request: 0.000024 seconds.
  path: Assets/Dnk_Dev/Brick_Fence/Textures/T_Brick_BigGate_02_N.tga
  artifactKey: Guid(b2ff7aef75536ec438d11c804cf4ffe5) Importer(2089858483,192608db42251d675da83286b1cce702)
Start importing Assets/Dnk_Dev/Brick_Fence/Textures/T_Brick_BigGate_02_N.tga using Guid(b2ff7aef75536ec438d11c804cf4ffe5) Importer(2089858483,192608db42251d675da83286b1cce702) (ScriptedImporter) -> (artifact id: 'e118a6053ad2b4cba451222b89d5b1ba') in 0.01676451 seconds
Number of updated asset objects reloaded before import = 0Number of asset objects unloaded after import = 1

========================================================================
Received Import Request.
  Time since last request: 0.000021 seconds.
  path: Assets/TENKOKU - DYNAMIC SKY/SOUNDS/tenkoku_thunder_medium02.wav
  artifactKey: Guid(518614bdd483dfe4fa1ce2b91b9821e6) Importer(2089858483,192608db42251d675da83286b1cce702)
Start importing Assets/TENKOKU - DYNAMIC SKY/SOUNDS/tenkoku_thunder_medium02.wav using Guid(518614bdd483dfe4fa1ce2b91b9821e6) Importer(2089858483,192608db42251d675da83286b1cce702) (ScriptedImporter) -> (artifact id: '38a88d5ae08957e9937c2ebcc7ce4ed6') in 0.033406048 seconds
Number of updated asset objects reloaded before import = 0Number of asset objects unloaded after import = 1

========================================================================
Received Import Request.
  Time since last request: 0.000033 seconds.
  path: Assets/TENKOKU - DYNAMIC SKY/TEXTURES/LIGHTFLARES/tex_flare_sun.psd
  artifactKey: Guid(c16be2798cbc84e47a4677ec7b1cf3c6) Importer(2089858483,192608db42251d675da83286b1cce702)
Start importing Assets/TENKOKU - DYNAMIC SKY/TEXTURES/LIGHTFLARES/tex_flare_sun.psd using Guid(c16be2798cbc84e47a4677ec7b1cf3c6) Importer(2089858483,192608db42251d675da83286b1cce702) (ScriptedImporter) -> (artifact id: '25dd4b195c47f641894c9d47bf6a0a18') in 0.019110326 seconds
Number of updated asset objects reloaded before import = 0Number of asset objects unloaded after import = 1

========================================================================
Received Import Request.
  Time since last request: 0.000034 seconds.
  path: Assets/TENKOKU - DYNAMIC SKY/SCRIPTS/NoiseTools/NoiseVolume.cs
  artifactKey: Guid(9c5b4c2d28454448492bca562d7bc15f) Importer(2089858483,192608db42251d675da83286b1cce702)
Start importing Assets/TENKOKU - DYNAMIC SKY/SCRIPTS/NoiseTools/NoiseVolume.cs using Guid(9c5b4c2d28454448492bca562d7bc15f) Importer(2089858483,192608db42251d675da83286b1cce702) (ScriptedImporter) -> (artifact id: 'f0e1ca20c88459356e0b16c0143067b3') in 0.00340013 seconds
Number of updated asset objects reloaded before import = 0Number of asset objects unloaded after import = 0

========================================================================
Received Import Request.
  Time since last request: 0.000027 seconds.
  path: Assets/LowPolyMedievalPropsLite/Models/Bucket_01.fbx
  artifactKey: Guid(053850d175106614c826c1cc839fd782) Importer(2089858483,192608db42251d675da83286b1cce702)
Start importing Assets/LowPolyMedievalPropsLite/Models/Bucket_01.fbx using Guid(053850d175106614c826c1cc839fd782) Importer(2089858483,192608db42251d675da83286b1cce702) (ScriptedImporter) -> (artifact id: 'c0c5038538322025aa69cc4860c095c5') in 0.014802372 seconds
Number of updated asset objects reloaded before import = 0Number of asset objects unloaded after import = 7

========================================================================
Received Import Request.
  Time since last request: 0.000021 seconds.
  path: Assets/TENKOKU - DYNAMIC SKY/_DEMO/SCRIPTS/CONTROLLER/_CONTROLLER.prefab
  artifactKey: Guid(ddd8eb1c34c830a4d902a64d296be9ba) Importer(2089858483,192608db42251d675da83286b1cce702)
Start importing Assets/TENKOKU - DYNAMIC SKY/_DEMO/SCRIPTS/CONTROLLER/_CONTROLLER.prefab using Guid(ddd8eb1c34c830a4d902a64d296be9ba) Importer(2089858483,192608db42251d675da83286b1cce702) (ScriptedImporter) -> (artifact id: '1900a0cc0b6bae27bd491a54b4646349') in 0.013121929 seconds
Number of updated asset objects reloaded before import = 0Number of asset objects unloaded after import = 7

========================================================================
Received Import Request.
  Time since last request: 0.000017 seconds.
  path: Assets/SimplePoly City - Low Poly Assets/Materials/Building_House_01_color02.mat
  artifactKey: Guid(1b289b633b2f4624584f749cf4e5e7f2) Importer(2089858483,192608db42251d675da83286b1cce702)
Start importing Assets/SimplePoly City - Low Poly Assets/Materials/Building_House_01_color02.mat using Guid(1b289b633b2f4624584f749cf4e5e7f2) Importer(2089858483,192608db42251d675da83286b1cce702) (ScriptedImporter) -> (artifact id: '19f6743984ab9d9e933c7827932a9aa9') in 0.005300591 seconds
Number of updated asset objects reloaded before import = 0Number of asset objects unloaded after import = 3

========================================================================
Received Import Request.
  Time since last request: 0.000023 seconds.
  path: Assets/SimplePoly City - Low Poly Assets/Models/Road Lane_02.fbx
  artifactKey: Guid(11b7c9a58a603e74caec54e139efb58d) Importer(2089858483,192608db42251d675da83286b1cce702)
Start importing Assets/SimplePoly City - Low Poly Assets/Models/Road Lane_02.fbx using Guid(11b7c9a58a603e74caec54e139efb58d) Importer(2089858483,192608db42251d675da83286b1cce702) (ScriptedImporter) -> (artifact id: '1a3254ef48309eb7bf441e577734bf2c') in 0.016033521 seconds
Number of updated asset objects reloaded before import = 0Number of asset objects unloaded after import = 9

========================================================================
Received Import Request.
  Time since last request: 0.000035 seconds.
  path: Assets/SimplePoly City - Low Poly Assets/Models/Road Concrete Tile Small.fbx
  artifactKey: Guid(d4f2e69b8ed6aed4885772810d0f4a20) Importer(2089858483,192608db42251d675da83286b1cce702)
Start importing Assets/SimplePoly City - Low Poly Assets/Models/Road Concrete Tile Small.fbx using Guid(d4f2e69b8ed6aed4885772810d0f4a20) Importer(2089858483,192608db42251d675da83286b1cce702) (ScriptedImporter) -> (artifact id: 'af75dff0d47cf7d1f6424636717d7d09') in 0.024654784 seconds
Number of updated asset objects reloaded before import = 0Number of asset objects unloaded after import = 9

========================================================================
Received Import Request.
  Time since last request: 0.000036 seconds.
  path: Assets/SimplePoly City - Low Poly Assets/Demo/SimplePoly City - Low Poly Assets_Demo Scene.unity
  artifactKey: Guid(7e6d3f4e5d896154ab4438845532ac3e) Importer(2089858483,192608db42251d675da83286b1cce702)
Start importing Assets/SimplePoly City - Low Poly Assets/Demo/SimplePoly City - Low Poly Assets_Demo Scene.unity using Guid(7e6d3f4e5d896154ab4438845532ac3e) Importer(2089858483,192608db42251d675da83286b1cce702) (ScriptedImporter) -> (artifact id: 'b354725e8209f6e8dbac7fbfc9306ba9') in 0.044635378 seconds
Number of updated asset objects reloaded before import = 0Number of asset objects unloaded after import = 1

========================================================================
Received Import Request.
  Time since last request: 0.000022 seconds.
  path: Assets/Starter Assets/Runtime/Mobile/Scripts/VirtualInput.cs
  artifactKey: Guid(ed06e3b6fec5ecc4696004cedc31f0ac) Importer(2089858483,192608db42251d675da83286b1cce702)
Start importing Assets/Starter Assets/Runtime/Mobile/Scripts/VirtualInput.cs using Guid(ed06e3b6fec5ecc4696004cedc31f0ac) Importer(2089858483,192608db42251d675da83286b1cce702) (ScriptedImporter) -> (artifact id: '8321f146b8562ce81836c1d03da5f391') in 0.003924205 seconds
Number of updated asset objects reloaded before import = 0Number of asset objects unloaded after import = 0

========================================================================
Received Import Request.
  Time since last request: 0.000027 seconds.
  path: Assets/Starter Assets/Sample/Environment/RenderPipelineProfiles/StarterAssetsURPGlobalSettings.asset
  artifactKey: Guid(d075d680cccac4178aca7c82f2c05556) Importer(2089858483,192608db42251d675da83286b1cce702)
Start importing Assets/Starter Assets/Sample/Environment/RenderPipelineProfiles/StarterAssetsURPGlobalSettings.asset using Guid(d075d680cccac4178aca7c82f2c05556) Importer(2089858483,192608db42251d675da83286b1cce702) (ScriptedImporter) -> (artifact id: '93396a32581a1b96a4f30fe401df7c0d') in 0.095110686 seconds
Number of updated asset objects reloaded before import = 0Number of asset objects unloaded after import = 21

========================================================================
Received Import Request.
  Time since last request: 0.000029 seconds.
  path: Assets/BodyGuards/BodyGuardsSceneSettings.lighting
  artifactKey: Guid(ab768e56119c208fc931f6742fddec6e) Importer(2089858483,192608db42251d675da83286b1cce702)
Start importing Assets/BodyGuards/BodyGuardsSceneSettings.lighting using Guid(ab768e56119c208fc931f6742fddec6e) Importer(2089858483,192608db42251d675da83286b1cce702) (ScriptedImporter) -> (artifact id: '8fa95fa4daa8510fa2995387c58488f7') in 0.015344364 seconds
Number of updated asset objects reloaded before import = 0Number of asset objects unloaded after import = 1

========================================================================
Received Import Request.
  Time since last request: 0.000036 seconds.
  path: Assets/SimplePoly City - Low Poly Assets/Prefab/Props/Props_BillBoard_large.prefab
  artifactKey: Guid(653e28c8a1ae11240a6cdaac2f9ee8ea) Importer(2089858483,192608db42251d675da83286b1cce702)
Start importing Assets/SimplePoly City - Low Poly Assets/Prefab/Props/Props_BillBoard_large.prefab using Guid(653e28c8a1ae11240a6cdaac2f9ee8ea) Importer(2089858483,192608db42251d675da83286b1cce702) (ScriptedImporter) -> (artifact id: 'd546d3c5e9103d7ffd48dfd8a9de5a03') in 0.007945789 seconds
Number of updated asset objects reloaded before import = 0Number of asset objects unloaded after import = 8

========================================================================
Received Import Request.
  Time since last request: 0.000022 seconds.
  path: Assets/Scripts/ProtestAgent.cs
  artifactKey: Guid(39b6a236391ad646f8b6c2fbbcdd4d5d) Importer(2089858483,192608db42251d675da83286b1cce702)
Start importing Assets/Scripts/ProtestAgent.cs using Guid(39b6a236391ad646f8b6c2fbbcdd4d5d) Importer(2089858483,192608db42251d675da83286b1cce702) (ScriptedImporter) -> (artifact id: '28ff3e4e8a33a56205e4636688f225df') in 0.003734804 seconds
Number of updated asset objects reloaded before import = 0Number of asset objects unloaded after import = 0

========================================================================
Received Import Request.
  Time since last request: 0.000027 seconds.
  path: Assets/SimplePoly City - Low Poly Assets/Prefab/Vehicles/Vehicle with Separated Wheels/Vehicle_Bus_color02_separate.prefab
  artifactKey: Guid(3cfde9a41ff096140a1bfec6f262d0f0) Importer(2089858483,192608db42251d675da83286b1cce702)
Start importing Assets/SimplePoly City - Low Poly Assets/Prefab/Vehicles/Vehicle with Separated Wheels/Vehicle_Bus_color02_separate.prefab using Guid(3cfde9a41ff096140a1bfec6f262d0f0) Importer(2089858483,192608db42251d675da83286b1cce702) (ScriptedImporter) -> (artifact id: '6c3ee29418284e3d360e82fbaba88475') in 0.005644314 seconds
Number of updated asset objects reloaded before import = 0Number of asset objects unloaded after import = 29

========================================================================
Received Import Request.
  Time since last request: 0.000024 seconds.
  path: Assets/Tree_Packs/URP_Tree_Pack/Textures/Leaf/URP_1_Leaf.png
  artifactKey: Guid(73b994af8866e6a40bc3519711d1e227) Importer(2089858483,192608db42251d675da83286b1cce702)
Start importing Assets/Tree_Packs/URP_Tree_Pack/Textures/Leaf/URP_1_Leaf.png using Guid(73b994af8866e6a40bc3519711d1e227) Importer(2089858483,192608db42251d675da83286b1cce702) (ScriptedImporter) -> (artifact id: '2e01593b09a05ff6b49933eb4af9c457') in 0.009345735 seconds
Number of updated asset objects reloaded before import = 0Number of asset objects unloaded after import = 1

Editor requested this worker to shutdown with reason: Scaling down because of idle timeout
AssetImportWorker is now disconnected from the server
Process exiting

SDL leaked 2 allocations
Internal: Possible leak. All render target surfaces should be removed from IdMap when destructed using RenderTargetMap::Remove(RenderSurfaceBase* rs).
