Unity Editor version:    6000.0.58f2 (92dee566b325)
Branch:                  6000.0/respin/6000.0.58f2-44b8bf3a32
Build type:              Release
Batch mode:              YES
System name:             Linux
Distro version:          #1 ZEN SMP PREEMPT_DYNAMIC Sat, 11 Apr 2026 22:36:16 +0000
Kernel version:          6.19.12-zen1-1-zen
Architecture:            x86_64
Window Protocol:         Wayland (XWayland)
Available memory:        23731 MB
Using pre-set license
The selected window backend is (null) 
Desktop is 3840 x 1080 @ 60 Hz
Initialize udev device monitor.

COMMAND LINE ARGUMENTS:
Unity
-adb2
-batchMode
-noUpm
-name
AssetImportWorker2
-projectPath
/home/kastra/GenZ-Protest-Simulation
-logFile
Logs/AssetImportWorker2.log
-srvPort
42943
-job-worker-count
5
-background-job-worker-count
8
-gc-helper-count
1
Successfully changed project path to: /home/kastra/GenZ-Protest-Simulation

(Unity:377924): Gtk-CRITICAL **: 23:12:45.283: gtk_label_set_text: assertion 'GTK_IS_LABEL (label)' failed

(Unity:377924): Gtk-CRITICAL **: 23:12:45.284: gtk_label_set_text: assertion 'GTK_IS_LABEL (label)' failed
/home/kastra/GenZ-Protest-Simulation
[UnityMemory] Configuration Parameters - Can be set up in boot.config
    "memorysetup-bucket-allocator-granularity=16"
    "memorysetup-bucket-allocator-bucket-count=8"
    "memorysetup-bucket-allocator-block-size=33554432"
    "memorysetup-bucket-allocator-block-count=8"
    "memorysetup-main-allocator-block-size=16777216"
    "memorysetup-thread-allocator-block-size=16777216"
    "memorysetup-gfx-main-allocator-block-size=16777216"
    "memorysetup-gfx-thread-allocator-block-size=16777216"
    "memorysetup-cache-allocator-block-size=4194304"
    "memorysetup-typetree-allocator-block-size=2097152"
    "memorysetup-profiler-bucket-allocator-granularity=16"
    "memorysetup-profiler-bucket-allocator-bucket-count=8"
    "memorysetup-profiler-bucket-allocator-block-size=33554432"
    "memorysetup-profiler-bucket-allocator-block-count=8"
    "memorysetup-profiler-allocator-block-size=16777216"
    "memorysetup-profiler-editor-allocator-block-size=1048576"
    "memorysetup-temp-allocator-size-main=16777216"
    "memorysetup-job-temp-allocator-block-size=2097152"
    "memorysetup-job-temp-allocator-block-size-background=1048576"
    "memorysetup-job-temp-allocator-reduction-small-platforms=262144"
    "memorysetup-allocator-temp-initial-block-size-main=262144"
    "memorysetup-allocator-temp-initial-block-size-worker=262144"
    "memorysetup-temp-allocator-size-background-worker=32768"
    "memorysetup-temp-allocator-size-job-worker=262144"
    "memorysetup-temp-allocator-size-preload-manager=33554432"
    "memorysetup-temp-allocator-size-nav-mesh-worker=65536"
    "memorysetup-temp-allocator-size-audio-worker=65536"
    "memorysetup-temp-allocator-size-cloud-worker=32768"
    "memorysetup-temp-allocator-size-gi-baking-worker=262144"
    "memorysetup-temp-allocator-size-gi-baking-worker=262144"
    "memorysetup-temp-allocator-size-gi-baking-worker=262144"
    "memorysetup-temp-allocator-size-gi-baking-worker=262144"
    "memorysetup-temp-allocator-size-gi-baking-worker=262144"
    "memorysetup-temp-allocator-size-gfx=262144"
Player connection [140144287123072]  Target information:

Player connection [140144287123072]  * "[IP] 192.168.18.6 [Port] 0 [Flags] 2 [Guid] 58451164 [EditorId] 58451164 [Version] 1048832 [Id] LinuxEditor(16,192.168.18.6) [Debug] 1 [PackageName] LinuxEditor [ProjectName] Editor" 

Player connection [140144287123072] Host joined multi-casting on [225.0.0.222:54997]...
Player connection [140144287123072] Host joined alternative multi-casting on [225.0.0.222:34997]...
JobSystem: Creating JobQueue using job-worker-count value 5
Input System module state changed to: Initialized.
[Physics::Module] Initialized fallback backend.
[Physics::Module] Id: 0xdecafbad
Library Redirect Path: Library/
[Physics::Module] Selected backend.
[Physics::Module] Name: PhysX
[Physics::Module] Id: 0xf2b8ea05
[Physics::Module] SDK Version: 4.1.2
[Physics::Module] Integration Version: 1.0.0
[Physics::Module] Threading Mode: Multi-Threaded
Refreshing native plugins compatible for Editor in 3.66 ms, found 0 plugins.
Preloading 0 native plugins for Editor in 0.00 ms.
Initialize engine version: 6000.0.58f2 (92dee566b325)
[Subsystems] Discovering subsystems at path /home/kastra/Unity/Hub/Editor/6000.0.58f2/Editor/Data/Resources/UnitySubsystems
[Subsystems] Discovering subsystems at path /home/kastra/GenZ-Protest-Simulation/Assets
kGfxThreadingModeNonThreaded is not supported on OpenGL Core. Reverting to kGfxThreadingModeDirect instead.
GfxDevice: creating device client; kGfxThreadingModeDirect
GLX Extensions: GLX_ARB_context_flush_control GLX_ARB_create_context GLX_ARB_create_context_no_error GLX_ARB_create_context_profile GLX_ARB_create_context_robustness GLX_ARB_fbconfig_float GLX_ARB_framebuffer_sRGB GLX_ARB_get_proc_address GLX_ARB_multisample GLX_EXT_buffer_age GLX_EXT_create_context_es2_profile GLX_EXT_create_context_es_profile GLX_EXT_fbconfig_packed_float GLX_EXT_framebuffer_sRGB GLX_EXT_no_config_context GLX_EXT_swap_control GLX_EXT_swap_control_tear GLX_EXT_texture_from_pixmap GLX_EXT_visual_info GLX_EXT_visual_rating GLX_MESA_copy_sub_buffer GLX_MESA_gl_interop GLX_MESA_query_renderer GLX_MESA_swap_control GLX_OML_sync_control GLX_SGIS_multisample GLX_SGIX_fbconfig GLX_SGIX_pbuffer GLX_SGIX_visual_select_group GLX_SGI_make_current_read GLX_SGI_video_sync 
Renderer: Mesa Intel(R) UHD Graphics (ADL-S GT0.5)
Vendor:   Intel
Version:  4.6 (Core Profile) Mesa 26.0.5-arch1.1
GLES:     0
 GL_3DFX_texture_compression_FXT1 GL_AMD_conservative_depth GL_AMD_depth_clamp_separate GL_AMD_draw_buffers_blend GL_AMD_gpu_shader_int64 GL_AMD_multi_draw_indirect GL_AMD_performance_monitor GL_AMD_pinned_memory GL_AMD_query_buffer_object GL_AMD_seamless_cubemap_per_texture GL_AMD_shader_stencil_export GL_AMD_shader_trinary_minmax GL_AMD_texture_texture4 GL_AMD_vertex_shader_layer GL_AMD_vertex_shader_viewport_index GL_ANGLE_texture_compression_dxt3 GL_ANGLE_texture_compression_dxt5 GL_ARB_ES2_compatibility GL_ARB_ES3_1_compatibility GL_ARB_ES3_2_compatibility GL_ARB_ES3_compatibility GL_ARB_arrays_of_arrays GL_ARB_base_instance GL_ARB_blend_func_extended GL_ARB_buffer_storage GL_ARB_clear_buffer_object GL_ARB_clear_texture GL_ARB_clip_control GL_ARB_compressed_texture_pixel_storage GL_ARB_compute_shader GL_ARB_compute_variable_group_size GL_ARB_conditional_render_inverted GL_ARB_conservative_depth GL_ARB_copy_buffer GL_ARB_copy_image GL_ARB_cull_distance GL_ARB_debug_output GL_ARB_depth_buffer_float GL_ARB
_depth_clamp GL_ARB_derivative_control GL_ARB_direct_state_access GL_ARB_draw_buffers GL_ARB_draw_buffers_blend GL_ARB_draw_elements_base_vertex GL_ARB_draw_indirect GL_ARB_draw_instanced GL_ARB_enhanced_layouts GL_ARB_explicit_attrib_location GL_ARB_explicit_uniform_location GL_ARB_fragment_coord_conventions GL_ARB_fragment_layer_viewport GL_ARB_fragment_shader GL_ARB_fragment_shader_interlock GL_ARB_framebuffer_no_attachments GL_ARB_framebuffer_object GL_ARB_framebuffer_sRGB GL_ARB_get_program_binary GL_ARB_get_texture_sub_image GL_ARB_gl_spirv GL_ARB_gpu_shader5 GL_ARB_gpu_shader_fp64 GL_ARB_gpu_shader_int64 GL_ARB_half_float_pixel GL_ARB_half_float_vertex GL_ARB_indirect_parameters GL_ARB_instanced_arrays GL_ARB_internalformat_query GL_ARB_internalformat_query2 GL_ARB_invalidate_subdata GL_ARB_map_buffer_alignment GL_ARB_map_buffer_range GL_ARB_multi_bind GL_ARB_multi_draw_indirect GL_ARB_occlusion_query2 GL_ARB_parallel_shader_compile GL_ARB_pipeline_statistics_query GL_ARB_pixel_buffer_object GL_ARB_po
int_sprite GL_ARB_polygon_offset_clamp GL_ARB_post_depth_coverage GL_ARB_program_interface_query GL_ARB_provoking_vertex GL_ARB_query_buffer_object GL_ARB_robust_buffer_access_behavior GL_ARB_robustness GL_ARB_sample_shading GL_ARB_sampler_objects GL_ARB_seamless_cube_map GL_ARB_seamless_cubemap_per_texture GL_ARB_separate_shader_objects GL_ARB_shader_atomic_counter_ops GL_ARB_shader_atomic_counters GL_ARB_shader_ballot GL_ARB_shader_bit_encoding GL_ARB_shader_clock GL_ARB_shader_draw_parameters GL_ARB_shader_group_vote GL_ARB_shader_image_load_store GL_ARB_shader_image_size GL_ARB_shader_objects GL_ARB_shader_precision GL_ARB_shader_stencil_export GL_ARB_shader_storage_buffer_object GL_ARB_shader_subroutine GL_ARB_shader_texture_image_samples GL_ARB_shader_texture_lod GL_ARB_shader_viewport_layer_array GL_ARB_shading_language_420pack GL_ARB_shading_language_include GL_ARB_shading_language_packing GL_ARB_spirv_extensions GL_ARB_stencil_texturing GL_ARB_sync GL_ARB_tessellation_shader GL_ARB_texture_barrier G
L_ARB_texture_border_clamp GL_ARB_texture_buffer_object GL_ARB_texture_buffer_object_rgb32 GL_ARB_texture_buffer_range GL_ARB_texture_compression_bptc GL_ARB_texture_compression_rgtc GL_ARB_texture_cube_map_array GL_ARB_texture_filter_anisotropic GL_ARB_texture_filter_minmax GL_ARB_texture_float GL_ARB_texture_gather GL_ARB_texture_mirror_clamp_to_edge GL_ARB_texture_multisample GL_ARB_texture_non_power_of_two GL_ARB_texture_query_levels GL_ARB_texture_query_lod GL_ARB_texture_rectangle GL_ARB_texture_rg GL_ARB_texture_rgb10_a2ui GL_ARB_texture_stencil8 GL_ARB_texture_storage GL_ARB_texture_storage_multisample GL_ARB_texture_swizzle GL_ARB_texture_view GL_ARB_timer_query GL_ARB_transform_feedback2 GL_ARB_transform_feedback3 GL_ARB_transform_feedback_instanced GL_ARB_transform_feedback_overflow_query GL_ARB_uniform_buffer_object GL_ARB_vertex_array_bgra GL_ARB_vertex_array_object GL_ARB_vertex_attrib_64bit GL_ARB_vertex_attrib_binding GL_ARB_vertex_buffer_object GL_ARB_vertex_shader GL_ARB_vertex_type_10f_11f
_11f_rev GL_ARB_vertex_type_2_10_10_10_rev GL_ARB_viewport_array GL_ATI_blend_equation_separate GL_ATI_texture_float GL_EXT_EGL_image_storage GL_EXT_EGL_image_storage_compression GL_EXT_EGL_sync GL_EXT_abgr GL_EXT_blend_equation_separate GL_EXT_debug_label GL_EXT_demote_to_helper_invocation GL_EXT_depth_bounds_test GL_EXT_draw_buffers2 GL_EXT_draw_instanced GL_EXT_framebuffer_blit GL_EXT_framebuffer_multisample GL_EXT_framebuffer_multisample_blit_scaled GL_EXT_framebuffer_object GL_EXT_framebuffer_sRGB GL_EXT_memory_object GL_EXT_memory_object_fd GL_EXT_packed_depth_stencil GL_EXT_packed_float GL_EXT_pixel_buffer_object GL_EXT_polygon_offset_clamp GL_EXT_provoking_vertex GL_EXT_semaphore GL_EXT_semaphore_fd GL_EXT_shader_clock GL_EXT_shader_framebuffer_fetch GL_EXT_shader_framebuffer_fetch_non_coherent GL_EXT_shader_integer_mix GL_EXT_shader_samples_identical GL_EXT_texture_array GL_EXT_texture_compression_dxt1 GL_EXT_texture_compression_rgtc GL_EXT_texture_compression_s3tc GL_EXT_texture_filter_anisotropic 
GL_EXT_texture_integer GL_EXT_texture_sRGB GL_EXT_texture_sRGB_R8 GL_EXT_texture_sRGB_decode GL_EXT_texture_shadow_lod GL_EXT_texture_shared_exponent GL_EXT_texture_snorm GL_EXT_texture_storage GL_EXT_texture_swizzle GL_EXT_timer_query GL_EXT_transform_feedback GL_EXT_vertex_array_bgra GL_EXT_vertex_attrib_64bit GL_IBM_multimode_draw_arrays GL_INTEL_blackhole_render GL_INTEL_conservative_rasterization GL_INTEL_performance_query GL_INTEL_shader_atomic_float_minmax GL_INTEL_shader_integer_functions2 GL_KHR_blend_equation_advanced GL_KHR_blend_equation_advanced_coherent GL_KHR_context_flush_control GL_KHR_debug GL_KHR_no_error GL_KHR_parallel_shader_compile GL_KHR_robust_buffer_access_behavior GL_KHR_robustness GL_KHR_shader_subgroup GL_KHR_texture_compression_astc_ldr GL_KHR_texture_compression_astc_sliced_3d GL_MESA_framebuffer_flip_y GL_MESA_pack_invert GL_MESA_shader_integer_functions GL_MESA_texture_const_bandwidth GL_MESA_texture_signed_rgba GL_NV_alpha_to_coverage_dither_control GL_NV_compute_shader_deri
vatives GL_NV_conditional_render GL_NV_copy_image GL_NV_depth_clamp GL_NV_fragment_shader_interlock GL_NV_packed_depth_stencil GL_NV_texture_barrier GL_OES_EGL_image GL_S3_s3tc
OPENGL LOG: Creating OpenGL 4.6 graphics device ; Context level  <OpenGL 4.5> ; Context handle -1980050592
Shader Hidden/ProbeVolume/VoxelizeScene is not supported: GPU does not support conservative rasterization
Initialize mono
Mono path[0] = '/home/kastra/Unity/Hub/Editor/6000.0.58f2/Editor/Data/Managed'
Mono path[1] = '/home/kastra/Unity/Hub/Editor/6000.0.58f2/Editor/Data/MonoBleedingEdge/lib/mono/unityjit-linux'
Mono config path = '/home/kastra/Unity/Hub/Editor/6000.0.58f2/Editor/Data/MonoBleedingEdge/etc'
Using monoOptions --debugger-agent=transport=dt_socket,embedding=1,server=y,suspend=n,address=127.0.0.1:56924
Begin MonoManager ReloadAssembly
Registering precompiled unity dll's ...
Register platform support module: /home/kastra/Unity/Hub/Editor/6000.0.58f2/Editor/Data/PlaybackEngines/LinuxStandaloneSupport/UnityEditor.LinuxStandalone.Extensions.dll
Registered in 0.001127 seconds.
- Loaded All Assemblies, in  0.241 seconds
Native extension for LinuxStandalone target not found
Mono: successfully reloaded assembly
- Finished resetting the current domain, in  0.270 seconds
Domain Reload Profiling: 511ms
	BeginReloadAssembly (51ms)
		ExecutionOrderSort (0ms)
		DisableScriptedObjects (0ms)
		BackupInstance (0ms)
		ReleaseScriptingObjects (0ms)
		CreateAndSetChildDomain (1ms)
	RebuildCommonClasses (27ms)
	RebuildNativeTypeToScriptingClass (6ms)
	initialDomainReloadingComplete (40ms)
	LoadAllAssembliesAndSetupDomain (116ms)
		LoadAssemblies (50ms)
		RebuildTransferFunctionScriptingTraits (0ms)
		AnalyzeDomain (114ms)
			TypeCache.Refresh (113ms)
				TypeCache.ScanAssembly (103ms)
			BuildScriptInfoCaches (0ms)
			ResolveRequiredComponents (0ms)
	FinalizeReload (271ms)
		ReleaseScriptCaches (0ms)
		RebuildScriptCaches (0ms)
		SetupLoadedEditorAssemblies (233ms)
			LogAssemblyErrors (0ms)
			InitializePlatformSupportModulesInManaged (17ms)
			SetLoadedEditorAssemblies (5ms)
			BeforeProcessingInitializeOnLoad (49ms)
			ProcessInitializeOnLoadAttributes (115ms)
			ProcessInitializeOnLoadMethodAttributes (46ms)
			AfterProcessingInitializeOnLoad (0ms)
			EditorAssembliesLoaded (0ms)
		ExecutionOrderSort2 (0ms)
		AwakeInstancesAfterBackupRestoration (0ms)
Assembly reference Packages/com.unity.cinemachine/Editor/Samples/ExposeHDRPInternals/HDRP-Editor-ref.asmref has no target assembly definition
========================================================================
Worker process is ready to serve import requests
Import Worker Mode flag is 0x00
Assembly reference Packages/com.unity.cinemachine/Editor/Samples/ExposeHDRPInternals/HDRP-Editor-ref.asmref has no target assembly definition
Assembly reference Packages/com.unity.cinemachine/Editor/Samples/ExposeHDRPInternals/HDRP-Editor-ref.asmref has no target assembly definition
Begin MonoManager ReloadAssembly
- Loaded All Assemblies, in  0.549 seconds
Assembly reference Packages/com.unity.cinemachine/Editor/Samples/ExposeHDRPInternals/HDRP-Editor-ref.asmref has no target assembly definition
'Packages/com.unity.cinemachine/Editor/Obsolete/CinemachineVirtualCameraBaseEditor.cs' contains partial class of Unity.Object, exactly 1 of the partial classes needs to be in a file with the same filename. This is to know the one that can be referenced from ie. GameObjects
'Packages/com.unity.cinemachine/Editor/Editors/CinemachineVirtualCameraBaseEditor.cs' contains partial class of Unity.Object, exactly 1 of the partial classes needs to be in a file with the same filename. This is to know the one that can be referenced from ie. GameObjects
Refreshing native plugins compatible for Editor in 0.33 ms, found 0 plugins.
Native extension for LinuxStandalone target not found
Assembly reference Packages/com.unity.cinemachine/Editor/Samples/ExposeHDRPInternals/HDRP-Editor-ref.asmref has no target assembly definition
Package Manager log level set to [2]
[Package Manager] Failed to launch server process. Reason: Unity was launched with the -noUpm command-line argument
[Package Manager] Unable to send message (not connected to server process).
[Package Manager] Cannot connect to Unity Package Manager local server
[Package Manager] Failed to launch server process. Reason: Unity was launched with the -noUpm command-line argument
[Package Manager] Unable to send message (not connected to server process).
[Package Manager] Cannot connect to Unity Package Manager local server
Refreshing native plugins compatible for Editor in 0.45 ms, found 0 plugins.
UpdateMenuTitleForLanguage: 10
[MODES] ModeService[none].Initialize
[MODES] ModeService[none].LoadModes
[MODES] Loading mode Default (0) for mode-current-id-GenZ-Protest-Simulator
Mono: successfully reloaded assembly
- Finished resetting the current domain, in  0.697 seconds
Domain Reload Profiling: 1245ms
	BeginReloadAssembly (99ms)
		ExecutionOrderSort (0ms)
		DisableScriptedObjects (5ms)
		BackupInstance (0ms)
		ReleaseScriptingObjects (0ms)
		CreateAndSetChildDomain (25ms)
	RebuildCommonClasses (27ms)
	RebuildNativeTypeToScriptingClass (6ms)
	initialDomainReloadingComplete (30ms)
	LoadAllAssembliesAndSetupDomain (385ms)
		LoadAssemblies (211ms)
		RebuildTransferFunctionScriptingTraits (0ms)
		AnalyzeDomain (213ms)
			TypeCache.Refresh (159ms)
				TypeCache.ScanAssembly (145ms)
			BuildScriptInfoCaches (43ms)
			ResolveRequiredComponents (9ms)
	FinalizeReload (697ms)
		ReleaseScriptCaches (0ms)
		RebuildScriptCaches (0ms)
		SetupLoadedEditorAssemblies (508ms)
			LogAssemblyErrors (0ms)
			InitializePlatformSupportModulesInManaged (3ms)
			SetLoadedEditorAssemblies (5ms)
			BeforeProcessingInitializeOnLoad (96ms)
			ProcessInitializeOnLoadAttributes (333ms)
			ProcessInitializeOnLoadMethodAttributes (69ms)
			AfterProcessingInitializeOnLoad (2ms)
			EditorAssembliesLoaded (0ms)
		ExecutionOrderSort2 (0ms)
		AwakeInstancesAfterBackupRestoration (3ms)
Shader Hidden/ProbeVolume/VoxelizeScene is not supported: GPU does not support conservative rasterization
AutoLocale: current locale expects 'C' but got 'en_US.UTF-8'Launched and connected shader compiler UnityShaderCompiler after 0.01 seconds
Refreshing native plugins compatible for Editor in 0.37 ms, found 0 plugins.
Preloading 0 native plugins for Editor in 0.00 ms.
Unloading 27 Unused Serialized files (Serialized files now loaded: 0)
Unloading 7134 unused Assets / (8.3 MB). Loaded Objects now: 7855.
Memory consumption went from 135.7 MB to 127.4 MB.
Total: 11.723634 ms (FindLiveObjects: 0.537554 ms CreateObjectMapping: 0.554076 ms MarkObjects: 5.806293 ms  DeleteObjects: 4.823288 ms)

========================================================================
Received Import Request.
  Time since last request: 14406.346438 seconds.
  path: Assets/UnityTechnologies/ParticlePack/Scenes/Main Scene with Legacy Particles.unity
  artifactKey: Guid(c69dc9c355df3364ca0876198cde32e2) Importer(815301076,1909f56bfc062723c751e8b465ee728b)
Start importing Assets/UnityTechnologies/ParticlePack/Scenes/Main Scene with Legacy Particles.unity using Guid(c69dc9c355df3364ca0876198cde32e2) Importer(815301076,1909f56bfc062723c751e8b465ee728b) (PreviewImporter) -> (artifact id: '2dae284b9472e37933b1689e754a4cbc') in 0.006582134 seconds
Number of updated asset objects reloaded before import = 0Number of asset objects unloaded after import = 0

========================================================================
Received Prepare
Assembly reference Packages/com.unity.cinemachine/Editor/Samples/ExposeHDRPInternals/HDRP-Editor-ref.asmref has no target assembly definition
Assembly reference Packages/com.unity.cinemachine/Editor/Samples/ExposeHDRPInternals/HDRP-Editor-ref.asmref has no target assembly definition
Begin MonoManager ReloadAssembly
- Loaded All Assemblies, in  0.596 seconds
Assembly reference Packages/com.unity.cinemachine/Editor/Samples/ExposeHDRPInternals/HDRP-Editor-ref.asmref has no target assembly definition
'Packages/com.unity.cinemachine/Editor/Obsolete/CinemachineVirtualCameraBaseEditor.cs' contains partial class of Unity.Object, exactly 1 of the partial classes needs to be in a file with the same filename. This is to know the one that can be referenced from ie. GameObjects
'Packages/com.unity.cinemachine/Editor/Editors/CinemachineVirtualCameraBaseEditor.cs' contains partial class of Unity.Object, exactly 1 of the partial classes needs to be in a file with the same filename. This is to know the one that can be referenced from ie. GameObjects
Refreshing native plugins compatible for Editor in 0.47 ms, found 0 plugins.
Native extension for LinuxStandalone target not found
Assembly reference Packages/com.unity.cinemachine/Editor/Samples/ExposeHDRPInternals/HDRP-Editor-ref.asmref has no target assembly definition
[Package Manager] Failed to launch server process. Reason: Unity was launched with the -noUpm command-line argument
[Package Manager] Unable to send message (not connected to server process).
[Package Manager] Cannot connect to Unity Package Manager local server
[Package Manager] Failed to launch server process. Reason: Unity was launched with the -noUpm command-line argument
[Package Manager] Unable to send message (not connected to server process).
[Package Manager] Cannot connect to Unity Package Manager local server
Refreshing native plugins compatible for Editor in 0.60 ms, found 0 plugins.
[MODES] ModeService[none].Initialize
[MODES] ModeService[none].LoadModes
Mono: successfully reloaded assembly
- Finished resetting the current domain, in  0.813 seconds
Domain Reload Profiling: 1411ms
	BeginReloadAssembly (162ms)
		ExecutionOrderSort (0ms)
		DisableScriptedObjects (7ms)
		BackupInstance (0ms)
		ReleaseScriptingObjects (0ms)
		CreateAndSetChildDomain (55ms)
	RebuildCommonClasses (31ms)
	RebuildNativeTypeToScriptingClass (8ms)
	initialDomainReloadingComplete (29ms)
	LoadAllAssembliesAndSetupDomain (367ms)
		LoadAssemblies (259ms)
		RebuildTransferFunctionScriptingTraits (0ms)
		AnalyzeDomain (153ms)
			TypeCache.Refresh (7ms)
				TypeCache.ScanAssembly (0ms)
			BuildScriptInfoCaches (135ms)
			ResolveRequiredComponents (9ms)
	FinalizeReload (814ms)
		ReleaseScriptCaches (0ms)
		RebuildScriptCaches (0ms)
		SetupLoadedEditorAssemblies (662ms)
			LogAssemblyErrors (0ms)
			InitializePlatformSupportModulesInManaged (4ms)
			SetLoadedEditorAssemblies (7ms)
			BeforeProcessingInitializeOnLoad (108ms)
			ProcessInitializeOnLoadAttributes (428ms)
			ProcessInitializeOnLoadMethodAttributes (112ms)
			AfterProcessingInitializeOnLoad (2ms)
			EditorAssembliesLoaded (0ms)
		ExecutionOrderSort2 (0ms)
		AwakeInstancesAfterBackupRestoration (10ms)
Shader Hidden/ProbeVolume/VoxelizeScene is not supported: GPU does not support conservative rasterization
Refreshing native plugins compatible for Editor in 0.41 ms, found 0 plugins.
Preloading 0 native plugins for Editor in 0.00 ms.
Unloading 27 Unused Serialized files (Serialized files now loaded: 0)
Unloading 7132 unused Assets / (6.7 MB). Loaded Objects now: 7873.
Memory consumption went from 147.4 MB to 140.7 MB.
Total: 10.331195 ms (FindLiveObjects: 0.638413 ms CreateObjectMapping: 0.663048 ms MarkObjects: 5.479254 ms  DeleteObjects: 3.548711 ms)

Prepare: number of updated asset objects reloaded= 0
========================================================================
Received Import Request.
  Time since last request: 140.505628 seconds.
  path: Assets/Scenes
  artifactKey: Guid(9c53962885c2c4f449125a979d6ad240) Importer(815301076,1909f56bfc062723c751e8b465ee728b)
Start importing Assets/Scenes using Guid(9c53962885c2c4f449125a979d6ad240) Importer(815301076,1909f56bfc062723c751e8b465ee728b) (PreviewImporter) -> (artifact id: 'd65b75f456837a3494a5e6e744543932') in 0.001851492 seconds
Number of updated asset objects reloaded before import = 0Number of asset objects unloaded after import = 0

========================================================================
Received Import Request.
  Time since last request: 2.558536 seconds.
  path: Assets/Scenes/SampleScene.unity
  artifactKey: Guid(99c9720ab356a0642a771bea13969a05) Importer(815301076,1909f56bfc062723c751e8b465ee728b)
Start importing Assets/Scenes/SampleScene.unity using Guid(99c9720ab356a0642a771bea13969a05) Importer(815301076,1909f56bfc062723c751e8b465ee728b) (PreviewImporter) -> (artifact id: 'da0e4146faf68f45217581944062de58') in 0.00129203 seconds
Number of updated asset objects reloaded before import = 0Number of asset objects unloaded after import = 0

========================================================================
Received Import Request.
  Time since last request: 24.440777 seconds.
  path: Assets/UnityTechnologies/ParticlePack/EffectExamples
  artifactKey: Guid(6c0b056137d972f46a0312ba21b6263f) Importer(815301076,1909f56bfc062723c751e8b465ee728b)
Start importing Assets/UnityTechnologies/ParticlePack/EffectExamples using Guid(6c0b056137d972f46a0312ba21b6263f) Importer(815301076,1909f56bfc062723c751e8b465ee728b) (PreviewImporter) -> (artifact id: 'cdaf5e127b086fb26ff64a6c2ca51d0b') in 0.000406769 seconds
Number of updated asset objects reloaded before import = 0Number of asset objects unloaded after import = 0

========================================================================
Received Import Request.
  Time since last request: 1.549288 seconds.
  path: Assets/UnityTechnologies/ParticlePack/EffectExamples/Fire & Explosion Effects
  artifactKey: Guid(9c9c292c9091a7d4fbaf34fdd81b85fc) Importer(815301076,1909f56bfc062723c751e8b465ee728b)
Start importing Assets/UnityTechnologies/ParticlePack/EffectExamples/Fire & Explosion Effects using Guid(9c9c292c9091a7d4fbaf34fdd81b85fc) Importer(815301076,1909f56bfc062723c751e8b465ee728b) (PreviewImporter) -> (artifact id: '5cc5db5eafe3b31c10da050c7e64b44e') in 0.000340172 seconds
Number of updated asset objects reloaded before import = 0Number of asset objects unloaded after import = 0

========================================================================
Received Import Request.
  Time since last request: 1.579311 seconds.
  path: Assets/UnityTechnologies/ParticlePack/EffectExamples/Fire & Explosion Effects/Prefabs
  artifactKey: Guid(af557a47dae08a94cb2839384fe7ac98) Importer(815301076,1909f56bfc062723c751e8b465ee728b)
Start importing Assets/UnityTechnologies/ParticlePack/EffectExamples/Fire & Explosion Effects/Prefabs using Guid(af557a47dae08a94cb2839384fe7ac98) Importer(815301076,1909f56bfc062723c751e8b465ee728b) (PreviewImporter) -> (artifact id: 'dd02f45f18226f841344234507a55b9b') in 0.000353576 seconds
Number of updated asset objects reloaded before import = 0Number of asset objects unloaded after import = 0

========================================================================
Received Import Request.
  Time since last request: 0.063795 seconds.
  path: Assets/UnityTechnologies/ParticlePack/EffectExamples/Fire & Explosion Effects/Prefabs/BigExplosion.prefab
  artifactKey: Guid(e1b08032bec16ba4eb1ae23cbd572664) Importer(815301076,1909f56bfc062723c751e8b465ee728b)
Start importing Assets/UnityTechnologies/ParticlePack/EffectExamples/Fire & Explosion Effects/Prefabs/BigExplosion.prefab using Guid(e1b08032bec16ba4eb1ae23cbd572664) Importer(815301076,1909f56bfc062723c751e8b465ee728b) (PreviewImporter) -> (artifact id: '58c27872329a9fc8ae602c9df44b8fa3') in 1.472024363 seconds
Number of updated asset objects reloaded before import = 0Number of asset objects unloaded after import = 53

========================================================================
Received Import Request.
  Time since last request: 0.000031 seconds.
  path: Assets/UnityTechnologies/ParticlePack/EffectExamples/Fire & Explosion Effects/Prefabs/FireBall.prefab
  artifactKey: Guid(a990e3ac1318b834488c784d851f42a9) Importer(815301076,1909f56bfc062723c751e8b465ee728b)
Start importing Assets/UnityTechnologies/ParticlePack/EffectExamples/Fire & Explosion Effects/Prefabs/FireBall.prefab using Guid(a990e3ac1318b834488c784d851f42a9) Importer(815301076,1909f56bfc062723c751e8b465ee728b) (PreviewImporter) -> (artifact id: '5c72fc92a65c9ca2dfd0116d513ed7f1') in 0.129838677 seconds
Number of updated asset objects reloaded before import = 0Number of asset objects unloaded after import = 14

========================================================================
Received Import Request.
  Time since last request: 0.000031 seconds.
  path: Assets/UnityTechnologies/ParticlePack/EffectExamples/Fire & Explosion Effects/Prefabs/LargeFlames.prefab
  artifactKey: Guid(bb98861c48ad2024ca93498c7dd93a6c) Importer(815301076,1909f56bfc062723c751e8b465ee728b)
Start importing Assets/UnityTechnologies/ParticlePack/EffectExamples/Fire & Explosion Effects/Prefabs/LargeFlames.prefab using Guid(bb98861c48ad2024ca93498c7dd93a6c) Importer(815301076,1909f56bfc062723c751e8b465ee728b) (PreviewImporter) -> (artifact id: '980cb921d6e7f1dd694609ca1c3b494f') in 0.011468219 seconds
Number of updated asset objects reloaded before import = 0Number of asset objects unloaded after import = 13

========================================================================
Received Import Request.
  Time since last request: 0.000026 seconds.
  path: Assets/UnityTechnologies/ParticlePack/EffectExamples/Fire & Explosion Effects/Prefabs/FlameThrower.prefab
  artifactKey: Guid(007c57e2df8e9b144b99f471b84f3d56) Importer(815301076,1909f56bfc062723c751e8b465ee728b)
Start importing Assets/UnityTechnologies/ParticlePack/EffectExamples/Fire & Explosion Effects/Prefabs/FlameThrower.prefab using Guid(007c57e2df8e9b144b99f471b84f3d56) Importer(815301076,1909f56bfc062723c751e8b465ee728b) (PreviewImporter) -> (artifact id: 'a008ec1fa09d1bdd760afe1b2d90b566') in 0.022667789 seconds
Number of updated asset objects reloaded before import = 0Number of asset objects unloaded after import = 20

========================================================================
Received Import Request.
  Time since last request: 35.050826 seconds.
  path: Assets/UnityTechnologies/ParticlePack/EffectExamples/Fire & Explosion Effects/Materials/Explosion.mat
  artifactKey: Guid(6421a5a06ae9f7a47a57b67f35c73b5a) Importer(815301076,1909f56bfc062723c751e8b465ee728b)
Start importing Assets/UnityTechnologies/ParticlePack/EffectExamples/Fire & Explosion Effects/Materials/Explosion.mat using Guid(6421a5a06ae9f7a47a57b67f35c73b5a) Importer(815301076,1909f56bfc062723c751e8b465ee728b) (PreviewImporter) -> (artifact id: 'f183d95de1f541e882e048684c440897') in 0.161930393 seconds
Number of updated asset objects reloaded before import = 0Number of asset objects unloaded after import = 5

========================================================================
Received Prepare
Assembly reference Packages/com.unity.cinemachine/Editor/Samples/ExposeHDRPInternals/HDRP-Editor-ref.asmref has no target assembly definition
Assembly reference Packages/com.unity.cinemachine/Editor/Samples/ExposeHDRPInternals/HDRP-Editor-ref.asmref has no target assembly definition
Begin MonoManager ReloadAssembly
- Loaded All Assemblies, in  0.554 seconds
Assembly reference Packages/com.unity.cinemachine/Editor/Samples/ExposeHDRPInternals/HDRP-Editor-ref.asmref has no target assembly definition
'Packages/com.unity.cinemachine/Editor/Obsolete/CinemachineVirtualCameraBaseEditor.cs' contains partial class of Unity.Object, exactly 1 of the partial classes needs to be in a file with the same filename. This is to know the one that can be referenced from ie. GameObjects
'Packages/com.unity.cinemachine/Editor/Editors/CinemachineVirtualCameraBaseEditor.cs' contains partial class of Unity.Object, exactly 1 of the partial classes needs to be in a file with the same filename. This is to know the one that can be referenced from ie. GameObjects
Refreshing native plugins compatible for Editor in 0.33 ms, found 0 plugins.
Native extension for LinuxStandalone target not found
Assembly reference Packages/com.unity.cinemachine/Editor/Samples/ExposeHDRPInternals/HDRP-Editor-ref.asmref has no target assembly definition
[Package Manager] Failed to launch server process. Reason: Unity was launched with the -noUpm command-line argument
[Package Manager] Unable to send message (not connected to server process).
[Package Manager] Cannot connect to Unity Package Manager local server
[Package Manager] Failed to launch server process. Reason: Unity was launched with the -noUpm command-line argument
[Package Manager] Unable to send message (not connected to server process).
[Package Manager] Cannot connect to Unity Package Manager local server
Refreshing native plugins compatible for Editor in 0.43 ms, found 0 plugins.
[MODES] ModeService[none].Initialize
[MODES] ModeService[none].LoadModes
Mono: successfully reloaded assembly
- Finished resetting the current domain, in  0.637 seconds
Domain Reload Profiling: 1195ms
	BeginReloadAssembly (142ms)
		ExecutionOrderSort (0ms)
		DisableScriptedObjects (16ms)
		BackupInstance (0ms)
		ReleaseScriptingObjects (0ms)
		CreateAndSetChildDomain (47ms)
	RebuildCommonClasses (27ms)
	RebuildNativeTypeToScriptingClass (7ms)
	initialDomainReloadingComplete (20ms)
	LoadAllAssembliesAndSetupDomain (361ms)
		LoadAssemblies (217ms)
		RebuildTransferFunctionScriptingTraits (0ms)
		AnalyzeDomain (178ms)
			TypeCache.Refresh (11ms)
				TypeCache.ScanAssembly (0ms)
			BuildScriptInfoCaches (156ms)
			ResolveRequiredComponents (9ms)
	FinalizeReload (638ms)
		ReleaseScriptCaches (0ms)
		RebuildScriptCaches (0ms)
		SetupLoadedEditorAssemblies (507ms)
			LogAssemblyErrors (0ms)
			InitializePlatformSupportModulesInManaged (2ms)
			SetLoadedEditorAssemblies (6ms)
			BeforeProcessingInitializeOnLoad (92ms)
			ProcessInitializeOnLoadAttributes (330ms)
			ProcessInitializeOnLoadMethodAttributes (75ms)
			AfterProcessingInitializeOnLoad (2ms)
			EditorAssembliesLoaded (0ms)
		ExecutionOrderSort2 (0ms)
		AwakeInstancesAfterBackupRestoration (12ms)
Shader Hidden/ProbeVolume/VoxelizeScene is not supported: GPU does not support conservative rasterization
Refreshing native plugins compatible for Editor in 0.54 ms, found 0 plugins.
Preloading 0 native plugins for Editor in 0.00 ms.
Unloading 27 Unused Serialized files (Serialized files now loaded: 0)
Unloading 7133 unused Assets / (6.5 MB). Loaded Objects now: 7942.
Memory consumption went from 151.4 MB to 144.8 MB.
Total: 8.687999 ms (FindLiveObjects: 0.744413 ms CreateObjectMapping: 0.446330 ms MarkObjects: 4.638168 ms  DeleteObjects: 2.857611 ms)

Prepare: number of updated asset objects reloaded= 0
========================================================================
Received Import Request.
  Time since last request: 263.131131 seconds.
  path: Assets/UnityTechnologies/ParticlePack/EffectExamples/Fire & Explosion Effects/Materials/EnergyExplosion.mat
  artifactKey: Guid(bf88af72084132746823869f28b070f8) Importer(815301076,1909f56bfc062723c751e8b465ee728b)
Start importing Assets/UnityTechnologies/ParticlePack/EffectExamples/Fire & Explosion Effects/Materials/EnergyExplosion.mat using Guid(bf88af72084132746823869f28b070f8) Importer(815301076,1909f56bfc062723c751e8b465ee728b) (PreviewImporter) -> (artifact id: 'c99fc787ff050533399206784dc9ef34') in 0.375396455 seconds
Number of updated asset objects reloaded before import = 0Number of asset objects unloaded after import = 4

========================================================================
Received Import Request.
  Time since last request: 5.856589 seconds.
  path: Assets/UnityTechnologies/ParticlePack/EffectExamples/Fire & Explosion Effects/Materials/Dust.mat
  artifactKey: Guid(53a63d52a4c231f4c8ef0f2bfc170425) Importer(815301076,1909f56bfc062723c751e8b465ee728b)
Start importing Assets/UnityTechnologies/ParticlePack/EffectExamples/Fire & Explosion Effects/Materials/Dust.mat using Guid(53a63d52a4c231f4c8ef0f2bfc170425) Importer(815301076,1909f56bfc062723c751e8b465ee728b) (PreviewImporter) -> (artifact id: 'd34841db61f9c36183215ffa4743bcb7') in 0.019513526 seconds
Number of updated asset objects reloaded before import = 0Number of asset objects unloaded after import = 3

========================================================================
Received Import Request.
  Time since last request: 5.709615 seconds.
  path: Assets/UnityTechnologies/ParticlePack/EffectExamples/Fire & Explosion Effects/Materials/fireball.mat
  artifactKey: Guid(3349fc02d104e2b458470ec533f51c16) Importer(815301076,1909f56bfc062723c751e8b465ee728b)
Start importing Assets/UnityTechnologies/ParticlePack/EffectExamples/Fire & Explosion Effects/Materials/fireball.mat using Guid(3349fc02d104e2b458470ec533f51c16) Importer(815301076,1909f56bfc062723c751e8b465ee728b) (PreviewImporter) -> (artifact id: 'c51281b31cfacf4c9a3711dad6324024') in 0.014909526 seconds
Number of updated asset objects reloaded before import = 0Number of asset objects unloaded after import = 3

========================================================================
Received Prepare
Assembly reference Packages/com.unity.cinemachine/Editor/Samples/ExposeHDRPInternals/HDRP-Editor-ref.asmref has no target assembly definition
Assembly reference Packages/com.unity.cinemachine/Editor/Samples/ExposeHDRPInternals/HDRP-Editor-ref.asmref has no target assembly definition
Begin MonoManager ReloadAssembly
- Loaded All Assemblies, in  0.575 seconds
Assembly reference Packages/com.unity.cinemachine/Editor/Samples/ExposeHDRPInternals/HDRP-Editor-ref.asmref has no target assembly definition
'Packages/com.unity.cinemachine/Editor/Obsolete/CinemachineVirtualCameraBaseEditor.cs' contains partial class of Unity.Object, exactly 1 of the partial classes needs to be in a file with the same filename. This is to know the one that can be referenced from ie. GameObjects
'Packages/com.unity.cinemachine/Editor/Editors/CinemachineVirtualCameraBaseEditor.cs' contains partial class of Unity.Object, exactly 1 of the partial classes needs to be in a file with the same filename. This is to know the one that can be referenced from ie. GameObjects
Refreshing native plugins compatible for Editor in 0.33 ms, found 0 plugins.
Native extension for LinuxStandalone target not found
Assembly reference Packages/com.unity.cinemachine/Editor/Samples/ExposeHDRPInternals/HDRP-Editor-ref.asmref has no target assembly definition
[Package Manager] Failed to launch server process. Reason: Unity was launched with the -noUpm command-line argument
[Package Manager] Unable to send message (not connected to server process).
[Package Manager] Cannot connect to Unity Package Manager local server
[Package Manager] Failed to launch server process. Reason: Unity was launched with the -noUpm command-line argument
[Package Manager] Unable to send message (not connected to server process).
[Package Manager] Cannot connect to Unity Package Manager local server
Refreshing native plugins compatible for Editor in 0.40 ms, found 0 plugins.
[MODES] ModeService[none].Initialize
[MODES] ModeService[none].LoadModes
Mono: successfully reloaded assembly
- Finished resetting the current domain, in  0.657 seconds
Domain Reload Profiling: 1236ms
	BeginReloadAssembly (155ms)
		ExecutionOrderSort (0ms)
		DisableScriptedObjects (15ms)
		BackupInstance (0ms)
		ReleaseScriptingObjects (0ms)
		CreateAndSetChildDomain (57ms)
	RebuildCommonClasses (30ms)
	RebuildNativeTypeToScriptingClass (7ms)
	initialDomainReloadingComplete (21ms)
	LoadAllAssembliesAndSetupDomain (364ms)
		LoadAssemblies (210ms)
		RebuildTransferFunctionScriptingTraits (0ms)
		AnalyzeDomain (190ms)
			TypeCache.Refresh (7ms)
				TypeCache.ScanAssembly (0ms)
			BuildScriptInfoCaches (172ms)
			ResolveRequiredComponents (9ms)
	FinalizeReload (658ms)
		ReleaseScriptCaches (0ms)
		RebuildScriptCaches (0ms)
		SetupLoadedEditorAssemblies (530ms)
			LogAssemblyErrors (0ms)
			InitializePlatformSupportModulesInManaged (3ms)
			SetLoadedEditorAssemblies (5ms)
			BeforeProcessingInitializeOnLoad (112ms)
			ProcessInitializeOnLoadAttributes (338ms)
			ProcessInitializeOnLoadMethodAttributes (71ms)
			AfterProcessingInitializeOnLoad (2ms)
			EditorAssembliesLoaded (0ms)
		ExecutionOrderSort2 (0ms)
		AwakeInstancesAfterBackupRestoration (9ms)
Shader Hidden/ProbeVolume/VoxelizeScene is not supported: GPU does not support conservative rasterization
Refreshing native plugins compatible for Editor in 0.39 ms, found 0 plugins.
Preloading 0 native plugins for Editor in 0.00 ms.
Unloading 27 Unused Serialized files (Serialized files now loaded: 0)
Unloading 7133 unused Assets / (6.1 MB). Loaded Objects now: 7965.
Memory consumption went from 151.4 MB to 145.3 MB.
Total: 8.725960 ms (FindLiveObjects: 0.543187 ms CreateObjectMapping: 0.578976 ms MarkObjects: 4.744093 ms  DeleteObjects: 2.857756 ms)

Prepare: number of updated asset objects reloaded= 0
========================================================================
Received Import Request.
  Time since last request: 31.770091 seconds.
  path: Assets/UnityTechnologies/ParticlePack/EffectExamples/Fire & Explosion Effects/Materials/FireExplosion.mat
  artifactKey: Guid(7a306caa8f9f7ed40a5361ce411cdf1b) Importer(815301076,1909f56bfc062723c751e8b465ee728b)
Start importing Assets/UnityTechnologies/ParticlePack/EffectExamples/Fire & Explosion Effects/Materials/FireExplosion.mat using Guid(7a306caa8f9f7ed40a5361ce411cdf1b) Importer(815301076,1909f56bfc062723c751e8b465ee728b) (PreviewImporter) -> (artifact id: '61fb6786a6237d3437aa03935b263826') in 0.378825126 seconds
Number of updated asset objects reloaded before import = 0Number of asset objects unloaded after import = 2

========================================================================
Received Import Request.
  Time since last request: 9.138309 seconds.
  path: Assets/UnityTechnologies/ParticlePack/EffectExamples/Fire & Explosion Effects/Materials/LargeFlame01.mat
  artifactKey: Guid(af29e4d6b5ada10438f9e9b5bb6d19d3) Importer(815301076,1909f56bfc062723c751e8b465ee728b)
Start importing Assets/UnityTechnologies/ParticlePack/EffectExamples/Fire & Explosion Effects/Materials/LargeFlame01.mat using Guid(af29e4d6b5ada10438f9e9b5bb6d19d3) Importer(815301076,1909f56bfc062723c751e8b465ee728b) (PreviewImporter) -> (artifact id: 'd6f7464b97a3a13b282ddc2e09d8034c') in 0.013239035 seconds
Number of updated asset objects reloaded before import = 0Number of asset objects unloaded after import = 2

========================================================================
Received Import Request.
  Time since last request: 3.772187 seconds.
  path: Assets/UnityTechnologies/ParticlePack/EffectExamples/Fire & Explosion Effects/Materials/MediumFlame01.mat
  artifactKey: Guid(5584a46a2a298d348a252b58b4847ae0) Importer(815301076,1909f56bfc062723c751e8b465ee728b)
Start importing Assets/UnityTechnologies/ParticlePack/EffectExamples/Fire & Explosion Effects/Materials/MediumFlame01.mat using Guid(5584a46a2a298d348a252b58b4847ae0) Importer(815301076,1909f56bfc062723c751e8b465ee728b) (PreviewImporter) -> (artifact id: 'dc0914e77e3427a8089df615793bd387') in 0.01830372 seconds
Number of updated asset objects reloaded before import = 0Number of asset objects unloaded after import = 3

========================================================================
Received Import Request.
  Time since last request: 9.174693 seconds.
  path: Assets/UnityTechnologies/ParticlePack/EffectExamples/Fire & Explosion Effects/Materials/TinyFlame.mat
  artifactKey: Guid(2a24b896dbe48144ab8d4a90468ad00e) Importer(815301076,1909f56bfc062723c751e8b465ee728b)
Start importing Assets/UnityTechnologies/ParticlePack/EffectExamples/Fire & Explosion Effects/Materials/TinyFlame.mat using Guid(2a24b896dbe48144ab8d4a90468ad00e) Importer(815301076,1909f56bfc062723c751e8b465ee728b) (PreviewImporter) -> (artifact id: '035cf6108db81179a33c0013c10a93e5') in 0.018843158 seconds
Number of updated asset objects reloaded before import = 0Number of asset objects unloaded after import = 2

========================================================================
Received Import Request.
  Time since last request: 2.084608 seconds.
  path: Assets/UnityTechnologies/ParticlePack/EffectExamples/Fire & Explosion Effects/Materials/LargeFlame02.mat
  artifactKey: Guid(b25dd701bdc692249907c8b4e4b784b2) Importer(815301076,1909f56bfc062723c751e8b465ee728b)
Start importing Assets/UnityTechnologies/ParticlePack/EffectExamples/Fire & Explosion Effects/Materials/LargeFlame02.mat using Guid(b25dd701bdc692249907c8b4e4b784b2) Importer(815301076,1909f56bfc062723c751e8b465ee728b) (PreviewImporter) -> (artifact id: '9993d550c2242cbab399dd0d7f35b290') in 0.020891247 seconds
Number of updated asset objects reloaded before import = 0Number of asset objects unloaded after import = 4

========================================================================
Received Import Request.
  Time since last request: 13.468880 seconds.
  path: Packages/com.unity.render-pipelines.universal/Runtime/Materials/ParticlesUnlit.mat
  artifactKey: Guid(e823cd5b5d27c0f4b8256e7c12ee3e6d) Importer(815301076,1909f56bfc062723c751e8b465ee728b)
Start importing Packages/com.unity.render-pipelines.universal/Runtime/Materials/ParticlesUnlit.mat using Guid(e823cd5b5d27c0f4b8256e7c12ee3e6d) Importer(815301076,1909f56bfc062723c751e8b465ee728b) (PreviewImporter) -> (artifact id: '912ccf8c98c82b7487585e98f2ce0c11') in 0.116078553 seconds
Number of updated asset objects reloaded before import = 0Number of asset objects unloaded after import = 0

========================================================================
Received Prepare
Assembly reference Packages/com.unity.cinemachine/Editor/Samples/ExposeHDRPInternals/HDRP-Editor-ref.asmref has no target assembly definition
Assembly reference Packages/com.unity.cinemachine/Editor/Samples/ExposeHDRPInternals/HDRP-Editor-ref.asmref has no target assembly definition
Begin MonoManager ReloadAssembly
- Loaded All Assemblies, in  0.606 seconds
Assembly reference Packages/com.unity.cinemachine/Editor/Samples/ExposeHDRPInternals/HDRP-Editor-ref.asmref has no target assembly definition
'Packages/com.unity.cinemachine/Editor/Obsolete/CinemachineVirtualCameraBaseEditor.cs' contains partial class of Unity.Object, exactly 1 of the partial classes needs to be in a file with the same filename. This is to know the one that can be referenced from ie. GameObjects
'Packages/com.unity.cinemachine/Editor/Editors/CinemachineVirtualCameraBaseEditor.cs' contains partial class of Unity.Object, exactly 1 of the partial classes needs to be in a file with the same filename. This is to know the one that can be referenced from ie. GameObjects
Refreshing native plugins compatible for Editor in 0.34 ms, found 0 plugins.
Native extension for LinuxStandalone target not found
Assembly reference Packages/com.unity.cinemachine/Editor/Samples/ExposeHDRPInternals/HDRP-Editor-ref.asmref has no target assembly definition
[Package Manager] Failed to launch server process. Reason: Unity was launched with the -noUpm command-line argument
[Package Manager] Unable to send message (not connected to server process).
[Package Manager] Cannot connect to Unity Package Manager local server
[Package Manager] Failed to launch server process. Reason: Unity was launched with the -noUpm command-line argument
[Package Manager] Unable to send message (not connected to server process).
[Package Manager] Cannot connect to Unity Package Manager local server
Refreshing native plugins compatible for Editor in 0.41 ms, found 0 plugins.
[MODES] ModeService[none].Initialize
[MODES] ModeService[none].LoadModes
Mono: successfully reloaded assembly
- Finished resetting the current domain, in  0.635 seconds
Domain Reload Profiling: 1244ms
	BeginReloadAssembly (166ms)
		ExecutionOrderSort (0ms)
		DisableScriptedObjects (20ms)
		BackupInstance (0ms)
		ReleaseScriptingObjects (0ms)
		CreateAndSetChildDomain (56ms)
	RebuildCommonClasses (28ms)
	RebuildNativeTypeToScriptingClass (7ms)
	initialDomainReloadingComplete (19ms)
	LoadAllAssembliesAndSetupDomain (388ms)
		LoadAssemblies (234ms)
		RebuildTransferFunctionScriptingTraits (0ms)
		AnalyzeDomain (187ms)
			TypeCache.Refresh (10ms)
				TypeCache.ScanAssembly (0ms)
			BuildScriptInfoCaches (166ms)
			ResolveRequiredComponents (9ms)
	FinalizeReload (635ms)
		ReleaseScriptCaches (0ms)
		RebuildScriptCaches (0ms)
		SetupLoadedEditorAssemblies (499ms)
			LogAssemblyErrors (0ms)
			InitializePlatformSupportModulesInManaged (3ms)
			SetLoadedEditorAssemblies (5ms)
			BeforeProcessingInitializeOnLoad (125ms)
			ProcessInitializeOnLoadAttributes (289ms)
			ProcessInitializeOnLoadMethodAttributes (75ms)
			AfterProcessingInitializeOnLoad (2ms)
			EditorAssembliesLoaded (0ms)
		ExecutionOrderSort2 (0ms)
		AwakeInstancesAfterBackupRestoration (13ms)
Shader Hidden/ProbeVolume/VoxelizeScene is not supported: GPU does not support conservative rasterization
Refreshing native plugins compatible for Editor in 0.39 ms, found 0 plugins.
Preloading 0 native plugins for Editor in 0.00 ms.
Unloading 27 Unused Serialized files (Serialized files now loaded: 0)
Unloading 7133 unused Assets / (6.4 MB). Loaded Objects now: 7988.
Memory consumption went from 151.5 MB to 145.1 MB.
Total: 9.341168 ms (FindLiveObjects: 0.938297 ms CreateObjectMapping: 0.769534 ms MarkObjects: 4.726961 ms  DeleteObjects: 2.904216 ms)

Prepare: number of updated asset objects reloaded= 0
========================================================================
Received Prepare
'Packages/com.unity.cinemachine/Editor/Obsolete/CinemachineVirtualCameraBaseEditor.cs' contains partial class of Unity.Object, exactly 1 of the partial classes needs to be in a file with the same filename. This is to know the one that can be referenced from ie. GameObjects
'Packages/com.unity.cinemachine/Editor/Editors/CinemachineVirtualCameraBaseEditor.cs' contains partial class of Unity.Object, exactly 1 of the partial classes needs to be in a file with the same filename. This is to know the one that can be referenced from ie. GameObjects
Shader Hidden/ProbeVolume/VoxelizeScene is not supported: GPU does not support conservative rasterization
Refreshing native plugins compatible for Editor in 0.38 ms, found 0 plugins.
Preloading 0 native plugins for Editor in 0.00 ms.
Unloading 27 Unused Serialized files (Serialized files now loaded: 0)
Unloading 7121 unused Assets / (6.9 MB). Loaded Objects now: 7989.
Memory consumption went from 151.5 MB to 144.6 MB.
Total: 8.953856 ms (FindLiveObjects: 0.552360 ms CreateObjectMapping: 0.563989 ms MarkObjects: 4.894464 ms  DeleteObjects: 2.941505 ms)

Prepare: number of updated asset objects reloaded= 0
========================================================================
Received Import Request.
  Time since last request: 347.571785 seconds.
  path: Assets/Scripts/FireShooter.cs
  artifactKey: Guid(b5b554dacb116df578925792f74ac1d9) Importer(815301076,1909f56bfc062723c751e8b465ee728b)
Start importing Assets/Scripts/FireShooter.cs using Guid(b5b554dacb116df578925792f74ac1d9) Importer(815301076,1909f56bfc062723c751e8b465ee728b) (PreviewImporter) -> (artifact id: 'dfaa7794a00aa13aede34499b90ea1e3') in 0.004159392 seconds
Number of updated asset objects reloaded before import = 0Number of asset objects unloaded after import = 0

========================================================================
Received Prepare
Assembly reference Packages/com.unity.cinemachine/Editor/Samples/ExposeHDRPInternals/HDRP-Editor-ref.asmref has no target assembly definition
Assembly reference Packages/com.unity.cinemachine/Editor/Samples/ExposeHDRPInternals/HDRP-Editor-ref.asmref has no target assembly definition
Begin MonoManager ReloadAssembly
- Loaded All Assemblies, in  0.745 seconds
Assembly reference Packages/com.unity.cinemachine/Editor/Samples/ExposeHDRPInternals/HDRP-Editor-ref.asmref has no target assembly definition
'Packages/com.unity.cinemachine/Editor/Obsolete/CinemachineVirtualCameraBaseEditor.cs' contains partial class of Unity.Object, exactly 1 of the partial classes needs to be in a file with the same filename. This is to know the one that can be referenced from ie. GameObjects
'Packages/com.unity.cinemachine/Editor/Editors/CinemachineVirtualCameraBaseEditor.cs' contains partial class of Unity.Object, exactly 1 of the partial classes needs to be in a file with the same filename. This is to know the one that can be referenced from ie. GameObjects
Refreshing native plugins compatible for Editor in 0.38 ms, found 0 plugins.
Native extension for LinuxStandalone target not found
Assembly reference Packages/com.unity.cinemachine/Editor/Samples/ExposeHDRPInternals/HDRP-Editor-ref.asmref has no target assembly definition
[Package Manager] Failed to launch server process. Reason: Unity was launched with the -noUpm command-line argument
[Package Manager] Unable to send message (not connected to server process).
[Package Manager] Cannot connect to Unity Package Manager local server
[Package Manager] Failed to launch server process. Reason: Unity was launched with the -noUpm command-line argument
[Package Manager] Unable to send message (not connected to server process).
[Package Manager] Cannot connect to Unity Package Manager local server
Refreshing native plugins compatible for Editor in 0.49 ms, found 0 plugins.
[MODES] ModeService[none].Initialize
[MODES] ModeService[none].LoadModes
Mono: successfully reloaded assembly
- Finished resetting the current domain, in  0.781 seconds
Domain Reload Profiling: 1529ms
	BeginReloadAssembly (198ms)
		ExecutionOrderSort (0ms)
		DisableScriptedObjects (8ms)
		BackupInstance (0ms)
		ReleaseScriptingObjects (0ms)
		CreateAndSetChildDomain (70ms)
	RebuildCommonClasses (36ms)
	RebuildNativeTypeToScriptingClass (8ms)
	initialDomainReloadingComplete (29ms)
	LoadAllAssembliesAndSetupDomain (477ms)
		LoadAssemblies (318ms)
		RebuildTransferFunctionScriptingTraits (0ms)
		AnalyzeDomain (216ms)
			TypeCache.Refresh (12ms)
				TypeCache.ScanAssembly (1ms)
			BuildScriptInfoCaches (191ms)
			ResolveRequiredComponents (10ms)
	FinalizeReload (781ms)
		ReleaseScriptCaches (0ms)
		RebuildScriptCaches (0ms)
		SetupLoadedEditorAssemblies (615ms)
			LogAssemblyErrors (0ms)
			InitializePlatformSupportModulesInManaged (3ms)
			SetLoadedEditorAssemblies (7ms)
			BeforeProcessingInitializeOnLoad (121ms)
			ProcessInitializeOnLoadAttributes (395ms)
			ProcessInitializeOnLoadMethodAttributes (87ms)
			AfterProcessingInitializeOnLoad (2ms)
			EditorAssembliesLoaded (0ms)
		ExecutionOrderSort2 (0ms)
		AwakeInstancesAfterBackupRestoration (13ms)
Shader Hidden/ProbeVolume/VoxelizeScene is not supported: GPU does not support conservative rasterization
Refreshing native plugins compatible for Editor in 0.39 ms, found 0 plugins.
Preloading 0 native plugins for Editor in 0.00 ms.
Unloading 27 Unused Serialized files (Serialized files now loaded: 0)
Unloading 7133 unused Assets / (6.9 MB). Loaded Objects now: 7992.
Memory consumption went from 151.4 MB to 144.5 MB.
Total: 10.005511 ms (FindLiveObjects: 0.562314 ms CreateObjectMapping: 0.538289 ms MarkObjects: 4.992769 ms  DeleteObjects: 3.910687 ms)

Prepare: number of updated asset objects reloaded= 0
========================================================================
Received Import Request.
  Time since last request: 10.577565 seconds.
  path: Assets/Scripts/FireShooter.cs
  artifactKey: Guid(b5b554dacb116df578925792f74ac1d9) Importer(815301076,1909f56bfc062723c751e8b465ee728b)
Start importing Assets/Scripts/FireShooter.cs using Guid(b5b554dacb116df578925792f74ac1d9) Importer(815301076,1909f56bfc062723c751e8b465ee728b) (PreviewImporter) -> (artifact id: '00000000000000000000000000000000') in 0.001918083 seconds
Import Error Code:(4)
Message: Build asset version error: assets/scripts/fireshooter.cs in SourceAssetDB has modification time of '2026-04-26T17:42:50Z' while content on disk has modification time of '2026-04-26T17:43:02Z'
  ERROR: Build asset version error: assets/scripts/fireshooter.cs in SourceAssetDB has modification time of '2026-04-26T17:42:50Z' while content on disk has modification time of '2026-04-26T17:43:02Z'
Number of updated asset objects reloaded before import = 0Number of asset objects unloaded after import = 0

========================================================================
Received Import Request.
  Time since last request: 0.030517 seconds.
  path: Assets/Scripts/FireShooter.cs
  artifactKey: Guid(b5b554dacb116df578925792f74ac1d9) Importer(815301076,1909f56bfc062723c751e8b465ee728b)
Start importing Assets/Scripts/FireShooter.cs using Guid(b5b554dacb116df578925792f74ac1d9) Importer(815301076,1909f56bfc062723c751e8b465ee728b) (PreviewImporter) -> (artifact id: '00000000000000000000000000000000') in 0.000412828 seconds
Import Error Code:(4)
Message: Build asset version error: assets/scripts/fireshooter.cs in SourceAssetDB has modification time of '2026-04-26T17:42:50Z' while content on disk has modification time of '2026-04-26T17:43:02Z'
  ERROR: Build asset version error: assets/scripts/fireshooter.cs in SourceAssetDB has modification time of '2026-04-26T17:42:50Z' while content on disk has modification time of '2026-04-26T17:43:02Z'
Number of updated asset objects reloaded before import = 0Number of asset objects unloaded after import = 0

========================================================================
Received Import Request.
  Time since last request: 0.030999 seconds.
  path: Assets/Scripts/FireShooter.cs
  artifactKey: Guid(b5b554dacb116df578925792f74ac1d9) Importer(815301076,1909f56bfc062723c751e8b465ee728b)
Start importing Assets/Scripts/FireShooter.cs using Guid(b5b554dacb116df578925792f74ac1d9) Importer(815301076,1909f56bfc062723c751e8b465ee728b) (PreviewImporter) -> (artifact id: '00000000000000000000000000000000') in 0.000343102 seconds
Import Error Code:(4)
Message: Build asset version error: assets/scripts/fireshooter.cs in SourceAssetDB has modification time of '2026-04-26T17:42:50Z' while content on disk has modification time of '2026-04-26T17:43:02Z'
  ERROR: Build asset version error: assets/scripts/fireshooter.cs in SourceAssetDB has modification time of '2026-04-26T17:42:50Z' while content on disk has modification time of '2026-04-26T17:43:02Z'
Number of updated asset objects reloaded before import = 0Number of asset objects unloaded after import = 0

========================================================================
Received Import Request.
  Time since last request: 0.032980 seconds.
  path: Assets/Scripts/FireShooter.cs
  artifactKey: Guid(b5b554dacb116df578925792f74ac1d9) Importer(815301076,1909f56bfc062723c751e8b465ee728b)
Start importing Assets/Scripts/FireShooter.cs using Guid(b5b554dacb116df578925792f74ac1d9) Importer(815301076,1909f56bfc062723c751e8b465ee728b) (PreviewImporter) -> (artifact id: '00000000000000000000000000000000') in 0.000350014 seconds
Import Error Code:(4)
Message: Build asset version error: assets/scripts/fireshooter.cs in SourceAssetDB has modification time of '2026-04-26T17:42:50Z' while content on disk has modification time of '2026-04-26T17:43:02Z'
  ERROR: Build asset version error: assets/scripts/fireshooter.cs in SourceAssetDB has modification time of '2026-04-26T17:42:50Z' while content on disk has modification time of '2026-04-26T17:43:02Z'
Number of updated asset objects reloaded before import = 0Number of asset objects unloaded after import = 0

========================================================================
Received Import Request.
  Time since last request: 0.040409 seconds.
  path: Assets/Scripts/FireShooter.cs
  artifactKey: Guid(b5b554dacb116df578925792f74ac1d9) Importer(815301076,1909f56bfc062723c751e8b465ee728b)
Start importing Assets/Scripts/FireShooter.cs using Guid(b5b554dacb116df578925792f74ac1d9) Importer(815301076,1909f56bfc062723c751e8b465ee728b) (PreviewImporter) -> (artifact id: '00000000000000000000000000000000') in 0.000378007 seconds
Import Error Code:(4)
Message: Build asset version error: assets/scripts/fireshooter.cs in SourceAssetDB has modification time of '2026-04-26T17:42:50Z' while content on disk has modification time of '2026-04-26T17:43:02Z'
  ERROR: Build asset version error: assets/scripts/fireshooter.cs in SourceAssetDB has modification time of '2026-04-26T17:42:50Z' while content on disk has modification time of '2026-04-26T17:43:02Z'
Number of updated asset objects reloaded before import = 0Number of asset objects unloaded after import = 0

========================================================================
Received Import Request.
  Time since last request: 0.024127 seconds.
  path: Assets/Scripts/FireShooter.cs
  artifactKey: Guid(b5b554dacb116df578925792f74ac1d9) Importer(815301076,1909f56bfc062723c751e8b465ee728b)
Start importing Assets/Scripts/FireShooter.cs using Guid(b5b554dacb116df578925792f74ac1d9) Importer(815301076,1909f56bfc062723c751e8b465ee728b) (PreviewImporter) -> (artifact id: '00000000000000000000000000000000') in 0.000355008 seconds
Import Error Code:(4)
Message: Build asset version error: assets/scripts/fireshooter.cs in SourceAssetDB has modification time of '2026-04-26T17:42:50Z' while content on disk has modification time of '2026-04-26T17:43:02Z'
  ERROR: Build asset version error: assets/scripts/fireshooter.cs in SourceAssetDB has modification time of '2026-04-26T17:42:50Z' while content on disk has modification time of '2026-04-26T17:43:02Z'
Number of updated asset objects reloaded before import = 0Number of asset objects unloaded after import = 0

========================================================================
Received Import Request.
  Time since last request: 0.034265 seconds.
  path: Assets/Scripts/FireShooter.cs
  artifactKey: Guid(b5b554dacb116df578925792f74ac1d9) Importer(815301076,1909f56bfc062723c751e8b465ee728b)
Start importing Assets/Scripts/FireShooter.cs using Guid(b5b554dacb116df578925792f74ac1d9) Importer(815301076,1909f56bfc062723c751e8b465ee728b) (PreviewImporter) -> (artifact id: '00000000000000000000000000000000') in 0.000649122 seconds
Import Error Code:(4)
Message: Build asset version error: assets/scripts/fireshooter.cs in SourceAssetDB has modification time of '2026-04-26T17:42:50Z' while content on disk has modification time of '2026-04-26T17:43:02Z'
  ERROR: Build asset version error: assets/scripts/fireshooter.cs in SourceAssetDB has modification time of '2026-04-26T17:42:50Z' while content on disk has modification time of '2026-04-26T17:43:02Z'
Number of updated asset objects reloaded before import = 0Number of asset objects unloaded after import = 0

========================================================================
Received Import Request.
  Time since last request: 0.027152 seconds.
  path: Assets/Scripts/FireShooter.cs
  artifactKey: Guid(b5b554dacb116df578925792f74ac1d9) Importer(815301076,1909f56bfc062723c751e8b465ee728b)
Start importing Assets/Scripts/FireShooter.cs using Guid(b5b554dacb116df578925792f74ac1d9) Importer(815301076,1909f56bfc062723c751e8b465ee728b) (PreviewImporter) -> (artifact id: '00000000000000000000000000000000') in 0.000409408 seconds
Import Error Code:(4)
Message: Build asset version error: assets/scripts/fireshooter.cs in SourceAssetDB has modification time of '2026-04-26T17:42:50Z' while content on disk has modification time of '2026-04-26T17:43:02Z'
  ERROR: Build asset version error: assets/scripts/fireshooter.cs in SourceAssetDB has modification time of '2026-04-26T17:42:50Z' while content on disk has modification time of '2026-04-26T17:43:02Z'
Number of updated asset objects reloaded before import = 0Number of asset objects unloaded after import = 0

========================================================================
Received Import Request.
  Time since last request: 0.042572 seconds.
  path: Assets/Scripts/FireShooter.cs
  artifactKey: Guid(b5b554dacb116df578925792f74ac1d9) Importer(815301076,1909f56bfc062723c751e8b465ee728b)
Start importing Assets/Scripts/FireShooter.cs using Guid(b5b554dacb116df578925792f74ac1d9) Importer(815301076,1909f56bfc062723c751e8b465ee728b) (PreviewImporter) -> (artifact id: '00000000000000000000000000000000') in 0.000359585 seconds
Import Error Code:(4)
Message: Build asset version error: assets/scripts/fireshooter.cs in SourceAssetDB has modification time of '2026-04-26T17:42:50Z' while content on disk has modification time of '2026-04-26T17:43:02Z'
  ERROR: Build asset version error: assets/scripts/fireshooter.cs in SourceAssetDB has modification time of '2026-04-26T17:42:50Z' while content on disk has modification time of '2026-04-26T17:43:02Z'
Number of updated asset objects reloaded before import = 0Number of asset objects unloaded after import = 0

========================================================================
Received Import Request.
  Time since last request: 0.036901 seconds.
  path: Assets/Scripts/FireShooter.cs
  artifactKey: Guid(b5b554dacb116df578925792f74ac1d9) Importer(815301076,1909f56bfc062723c751e8b465ee728b)
Start importing Assets/Scripts/FireShooter.cs using Guid(b5b554dacb116df578925792f74ac1d9) Importer(815301076,1909f56bfc062723c751e8b465ee728b) (PreviewImporter) -> (artifact id: '00000000000000000000000000000000') in 0.000350818 seconds
Import Error Code:(4)
Message: Build asset version error: assets/scripts/fireshooter.cs in SourceAssetDB has modification time of '2026-04-26T17:42:50Z' while content on disk has modification time of '2026-04-26T17:43:02Z'
  ERROR: Build asset version error: assets/scripts/fireshooter.cs in SourceAssetDB has modification time of '2026-04-26T17:42:50Z' while content on disk has modification time of '2026-04-26T17:43:02Z'
Number of updated asset objects reloaded before import = 0Number of asset objects unloaded after import = 0

========================================================================
Received Import Request.
  Time since last request: 0.020712 seconds.
  path: Assets/Scripts/FireShooter.cs
  artifactKey: Guid(b5b554dacb116df578925792f74ac1d9) Importer(815301076,1909f56bfc062723c751e8b465ee728b)
Start importing Assets/Scripts/FireShooter.cs using Guid(b5b554dacb116df578925792f74ac1d9) Importer(815301076,1909f56bfc062723c751e8b465ee728b) (PreviewImporter) -> (artifact id: '00000000000000000000000000000000') in 0.000460273 seconds
Import Error Code:(4)
Message: Build asset version error: assets/scripts/fireshooter.cs in SourceAssetDB has modification time of '2026-04-26T17:42:50Z' while content on disk has modification time of '2026-04-26T17:43:02Z'
  ERROR: Build asset version error: assets/scripts/fireshooter.cs in SourceAssetDB has modification time of '2026-04-26T17:42:50Z' while content on disk has modification time of '2026-04-26T17:43:02Z'
Number of updated asset objects reloaded before import = 0Number of asset objects unloaded after import = 0

========================================================================
Received Import Request.
  Time since last request: 0.013872 seconds.
  path: Assets/Scripts/FireShooter.cs
  artifactKey: Guid(b5b554dacb116df578925792f74ac1d9) Importer(815301076,1909f56bfc062723c751e8b465ee728b)
Start importing Assets/Scripts/FireShooter.cs using Guid(b5b554dacb116df578925792f74ac1d9) Importer(815301076,1909f56bfc062723c751e8b465ee728b) (PreviewImporter) -> (artifact id: '00000000000000000000000000000000') in 0.000375217 seconds
Import Error Code:(4)
Message: Build asset version error: assets/scripts/fireshooter.cs in SourceAssetDB has modification time of '2026-04-26T17:42:50Z' while content on disk has modification time of '2026-04-26T17:43:02Z'
  ERROR: Build asset version error: assets/scripts/fireshooter.cs in SourceAssetDB has modification time of '2026-04-26T17:42:50Z' while content on disk has modification time of '2026-04-26T17:43:02Z'
Number of updated asset objects reloaded before import = 0Number of asset objects unloaded after import = 0

========================================================================
Received Import Request.
  Time since last request: 0.020788 seconds.
  path: Assets/Scripts/FireShooter.cs
  artifactKey: Guid(b5b554dacb116df578925792f74ac1d9) Importer(815301076,1909f56bfc062723c751e8b465ee728b)
Start importing Assets/Scripts/FireShooter.cs using Guid(b5b554dacb116df578925792f74ac1d9) Importer(815301076,1909f56bfc062723c751e8b465ee728b) (PreviewImporter) -> (artifact id: '00000000000000000000000000000000') in 0.000327871 seconds
Import Error Code:(4)
Message: Build asset version error: assets/scripts/fireshooter.cs in SourceAssetDB has modification time of '2026-04-26T17:42:50Z' while content on disk has modification time of '2026-04-26T17:43:02Z'
  ERROR: Build asset version error: assets/scripts/fireshooter.cs in SourceAssetDB has modification time of '2026-04-26T17:42:50Z' while content on disk has modification time of '2026-04-26T17:43:02Z'
Number of updated asset objects reloaded before import = 0Number of asset objects unloaded after import = 0

========================================================================
Received Import Request.
  Time since last request: 0.019489 seconds.
  path: Assets/Scripts/FireShooter.cs
  artifactKey: Guid(b5b554dacb116df578925792f74ac1d9) Importer(815301076,1909f56bfc062723c751e8b465ee728b)
Start importing Assets/Scripts/FireShooter.cs using Guid(b5b554dacb116df578925792f74ac1d9) Importer(815301076,1909f56bfc062723c751e8b465ee728b) (PreviewImporter) -> (artifact id: '00000000000000000000000000000000') in 0.000326641 seconds
Import Error Code:(4)
Message: Build asset version error: assets/scripts/fireshooter.cs in SourceAssetDB has modification time of '2026-04-26T17:42:50Z' while content on disk has modification time of '2026-04-26T17:43:02Z'
  ERROR: Build asset version error: assets/scripts/fireshooter.cs in SourceAssetDB has modification time of '2026-04-26T17:42:50Z' while content on disk has modification time of '2026-04-26T17:43:02Z'
Number of updated asset objects reloaded before import = 0Number of asset objects unloaded after import = 0

========================================================================
Received Import Request.
  Time since last request: 0.019234 seconds.
  path: Assets/Scripts/FireShooter.cs
  artifactKey: Guid(b5b554dacb116df578925792f74ac1d9) Importer(815301076,1909f56bfc062723c751e8b465ee728b)
Start importing Assets/Scripts/FireShooter.cs using Guid(b5b554dacb116df578925792f74ac1d9) Importer(815301076,1909f56bfc062723c751e8b465ee728b) (PreviewImporter) -> (artifact id: '00000000000000000000000000000000') in 0.000358381 seconds
Import Error Code:(4)
Message: Build asset version error: assets/scripts/fireshooter.cs in SourceAssetDB has modification time of '2026-04-26T17:42:50Z' while content on disk has modification time of '2026-04-26T17:43:02Z'
  ERROR: Build asset version error: assets/scripts/fireshooter.cs in SourceAssetDB has modification time of '2026-04-26T17:42:50Z' while content on disk has modification time of '2026-04-26T17:43:02Z'
Number of updated asset objects reloaded before import = 0Number of asset objects unloaded after import = 0

========================================================================
Received Import Request.
  Time since last request: 0.027078 seconds.
  path: Assets/Scripts/FireShooter.cs
  artifactKey: Guid(b5b554dacb116df578925792f74ac1d9) Importer(815301076,1909f56bfc062723c751e8b465ee728b)
Start importing Assets/Scripts/FireShooter.cs using Guid(b5b554dacb116df578925792f74ac1d9) Importer(815301076,1909f56bfc062723c751e8b465ee728b) (PreviewImporter) -> (artifact id: '00000000000000000000000000000000') in 0.000451377 seconds
Import Error Code:(4)
Message: Build asset version error: assets/scripts/fireshooter.cs in SourceAssetDB has modification time of '2026-04-26T17:42:50Z' while content on disk has modification time of '2026-04-26T17:43:02Z'
  ERROR: Build asset version error: assets/scripts/fireshooter.cs in SourceAssetDB has modification time of '2026-04-26T17:42:50Z' while content on disk has modification time of '2026-04-26T17:43:02Z'
Number of updated asset objects reloaded before import = 0Number of asset objects unloaded after import = 0

========================================================================
Received Import Request.
  Time since last request: 0.024642 seconds.
  path: Assets/Scripts/FireShooter.cs
  artifactKey: Guid(b5b554dacb116df578925792f74ac1d9) Importer(815301076,1909f56bfc062723c751e8b465ee728b)
Start importing Assets/Scripts/FireShooter.cs using Guid(b5b554dacb116df578925792f74ac1d9) Importer(815301076,1909f56bfc062723c751e8b465ee728b) (PreviewImporter) -> (artifact id: '00000000000000000000000000000000') in 0.000424851 seconds
Import Error Code:(4)
Message: Build asset version error: assets/scripts/fireshooter.cs in SourceAssetDB has modification time of '2026-04-26T17:42:50Z' while content on disk has modification time of '2026-04-26T17:43:02Z'
  ERROR: Build asset version error: assets/scripts/fireshooter.cs in SourceAssetDB has modification time of '2026-04-26T17:42:50Z' while content on disk has modification time of '2026-04-26T17:43:02Z'
Number of updated asset objects reloaded before import = 0Number of asset objects unloaded after import = 0

========================================================================
Received Import Request.
  Time since last request: 0.034597 seconds.
  path: Assets/Scripts/FireShooter.cs
  artifactKey: Guid(b5b554dacb116df578925792f74ac1d9) Importer(815301076,1909f56bfc062723c751e8b465ee728b)
Start importing Assets/Scripts/FireShooter.cs using Guid(b5b554dacb116df578925792f74ac1d9) Importer(815301076,1909f56bfc062723c751e8b465ee728b) (PreviewImporter) -> (artifact id: '00000000000000000000000000000000') in 0.000370981 seconds
Import Error Code:(4)
Message: Build asset version error: assets/scripts/fireshooter.cs in SourceAssetDB has modification time of '2026-04-26T17:42:50Z' while content on disk has modification time of '2026-04-26T17:43:02Z'
  ERROR: Build asset version error: assets/scripts/fireshooter.cs in SourceAssetDB has modification time of '2026-04-26T17:42:50Z' while content on disk has modification time of '2026-04-26T17:43:02Z'
Number of updated asset objects reloaded before import = 0Number of asset objects unloaded after import = 0

========================================================================
Received Import Request.
  Time since last request: 0.034689 seconds.
  path: Assets/Scripts/FireShooter.cs
  artifactKey: Guid(b5b554dacb116df578925792f74ac1d9) Importer(815301076,1909f56bfc062723c751e8b465ee728b)
Start importing Assets/Scripts/FireShooter.cs using Guid(b5b554dacb116df578925792f74ac1d9) Importer(815301076,1909f56bfc062723c751e8b465ee728b) (PreviewImporter) -> (artifact id: '00000000000000000000000000000000') in 0.000389222 seconds
Import Error Code:(4)
Message: Build asset version error: assets/scripts/fireshooter.cs in SourceAssetDB has modification time of '2026-04-26T17:42:50Z' while content on disk has modification time of '2026-04-26T17:43:02Z'
  ERROR: Build asset version error: assets/scripts/fireshooter.cs in SourceAssetDB has modification time of '2026-04-26T17:42:50Z' while content on disk has modification time of '2026-04-26T17:43:02Z'
Number of updated asset objects reloaded before import = 0Number of asset objects unloaded after import = 0

========================================================================
Received Import Request.
  Time since last request: 0.024511 seconds.
  path: Assets/Scripts/FireShooter.cs
  artifactKey: Guid(b5b554dacb116df578925792f74ac1d9) Importer(815301076,1909f56bfc062723c751e8b465ee728b)
Start importing Assets/Scripts/FireShooter.cs using Guid(b5b554dacb116df578925792f74ac1d9) Importer(815301076,1909f56bfc062723c751e8b465ee728b) (PreviewImporter) -> (artifact id: '00000000000000000000000000000000') in 0.000348835 seconds
Import Error Code:(4)
Message: Build asset version error: assets/scripts/fireshooter.cs in SourceAssetDB has modification time of '2026-04-26T17:42:50Z' while content on disk has modification time of '2026-04-26T17:43:02Z'
  ERROR: Build asset version error: assets/scripts/fireshooter.cs in SourceAssetDB has modification time of '2026-04-26T17:42:50Z' while content on disk has modification time of '2026-04-26T17:43:02Z'
Number of updated asset objects reloaded before import = 0Number of asset objects unloaded after import = 0

========================================================================
Received Import Request.
  Time since last request: 0.034396 seconds.
  path: Assets/Scripts/FireShooter.cs
  artifactKey: Guid(b5b554dacb116df578925792f74ac1d9) Importer(815301076,1909f56bfc062723c751e8b465ee728b)
Start importing Assets/Scripts/FireShooter.cs using Guid(b5b554dacb116df578925792f74ac1d9) Importer(815301076,1909f56bfc062723c751e8b465ee728b) (PreviewImporter) -> (artifact id: '00000000000000000000000000000000') in 0.000364992 seconds
Import Error Code:(4)
Message: Build asset version error: assets/scripts/fireshooter.cs in SourceAssetDB has modification time of '2026-04-26T17:42:50Z' while content on disk has modification time of '2026-04-26T17:43:02Z'
  ERROR: Build asset version error: assets/scripts/fireshooter.cs in SourceAssetDB has modification time of '2026-04-26T17:42:50Z' while content on disk has modification time of '2026-04-26T17:43:02Z'
Number of updated asset objects reloaded before import = 0Number of asset objects unloaded after import = 0

========================================================================
Received Import Request.
  Time since last request: 0.029592 seconds.
  path: Assets/Scripts/FireShooter.cs
  artifactKey: Guid(b5b554dacb116df578925792f74ac1d9) Importer(815301076,1909f56bfc062723c751e8b465ee728b)
Start importing Assets/Scripts/FireShooter.cs using Guid(b5b554dacb116df578925792f74ac1d9) Importer(815301076,1909f56bfc062723c751e8b465ee728b) (PreviewImporter) -> (artifact id: '00000000000000000000000000000000') in 0.00038897 seconds
Import Error Code:(4)
Message: Build asset version error: assets/scripts/fireshooter.cs in SourceAssetDB has modification time of '2026-04-26T17:42:50Z' while content on disk has modification time of '2026-04-26T17:43:02Z'
  ERROR: Build asset version error: assets/scripts/fireshooter.cs in SourceAssetDB has modification time of '2026-04-26T17:42:50Z' while content on disk has modification time of '2026-04-26T17:43:02Z'
Number of updated asset objects reloaded before import = 0Number of asset objects unloaded after import = 0

========================================================================
Received Import Request.
  Time since last request: 0.036686 seconds.
  path: Assets/Scripts/FireShooter.cs
  artifactKey: Guid(b5b554dacb116df578925792f74ac1d9) Importer(815301076,1909f56bfc062723c751e8b465ee728b)
Start importing Assets/Scripts/FireShooter.cs using Guid(b5b554dacb116df578925792f74ac1d9) Importer(815301076,1909f56bfc062723c751e8b465ee728b) (PreviewImporter) -> (artifact id: '00000000000000000000000000000000') in 0.000385597 seconds
Import Error Code:(4)
Message: Build asset version error: assets/scripts/fireshooter.cs in SourceAssetDB has modification time of '2026-04-26T17:42:50Z' while content on disk has modification time of '2026-04-26T17:43:02Z'
  ERROR: Build asset version error: assets/scripts/fireshooter.cs in SourceAssetDB has modification time of '2026-04-26T17:42:50Z' while content on disk has modification time of '2026-04-26T17:43:02Z'
Number of updated asset objects reloaded before import = 0Number of asset objects unloaded after import = 0

========================================================================
Received Import Request.
  Time since last request: 0.024942 seconds.
  path: Assets/Scripts/FireShooter.cs
  artifactKey: Guid(b5b554dacb116df578925792f74ac1d9) Importer(815301076,1909f56bfc062723c751e8b465ee728b)
Start importing Assets/Scripts/FireShooter.cs using Guid(b5b554dacb116df578925792f74ac1d9) Importer(815301076,1909f56bfc062723c751e8b465ee728b) (PreviewImporter) -> (artifact id: '00000000000000000000000000000000') in 0.00035922 seconds
Import Error Code:(4)
Message: Build asset version error: assets/scripts/fireshooter.cs in SourceAssetDB has modification time of '2026-04-26T17:42:50Z' while content on disk has modification time of '2026-04-26T17:43:02Z'
  ERROR: Build asset version error: assets/scripts/fireshooter.cs in SourceAssetDB has modification time of '2026-04-26T17:42:50Z' while content on disk has modification time of '2026-04-26T17:43:02Z'
Number of updated asset objects reloaded before import = 0Number of asset objects unloaded after import = 0

========================================================================
Received Import Request.
  Time since last request: 0.031436 seconds.
  path: Assets/Scripts/FireShooter.cs
  artifactKey: Guid(b5b554dacb116df578925792f74ac1d9) Importer(815301076,1909f56bfc062723c751e8b465ee728b)
Start importing Assets/Scripts/FireShooter.cs using Guid(b5b554dacb116df578925792f74ac1d9) Importer(815301076,1909f56bfc062723c751e8b465ee728b) (PreviewImporter) -> (artifact id: '00000000000000000000000000000000') in 0.000346071 seconds
Import Error Code:(4)
Message: Build asset version error: assets/scripts/fireshooter.cs in SourceAssetDB has modification time of '2026-04-26T17:42:50Z' while content on disk has modification time of '2026-04-26T17:43:02Z'
  ERROR: Build asset version error: assets/scripts/fireshooter.cs in SourceAssetDB has modification time of '2026-04-26T17:42:50Z' while content on disk has modification time of '2026-04-26T17:43:02Z'
Number of updated asset objects reloaded before import = 0Number of asset objects unloaded after import = 0

========================================================================
Received Import Request.
  Time since last request: 0.037257 seconds.
  path: Assets/Scripts/FireShooter.cs
  artifactKey: Guid(b5b554dacb116df578925792f74ac1d9) Importer(815301076,1909f56bfc062723c751e8b465ee728b)
Start importing Assets/Scripts/FireShooter.cs using Guid(b5b554dacb116df578925792f74ac1d9) Importer(815301076,1909f56bfc062723c751e8b465ee728b) (PreviewImporter) -> (artifact id: '00000000000000000000000000000000') in 0.000472742 seconds
Import Error Code:(4)
Message: Build asset version error: assets/scripts/fireshooter.cs in SourceAssetDB has modification time of '2026-04-26T17:42:50Z' while content on disk has modification time of '2026-04-26T17:43:02Z'
  ERROR: Build asset version error: assets/scripts/fireshooter.cs in SourceAssetDB has modification time of '2026-04-26T17:42:50Z' while content on disk has modification time of '2026-04-26T17:43:02Z'
Number of updated asset objects reloaded before import = 0Number of asset objects unloaded after import = 0

========================================================================
Received Import Request.
  Time since last request: 0.033756 seconds.
  path: Assets/Scripts/FireShooter.cs
  artifactKey: Guid(b5b554dacb116df578925792f74ac1d9) Importer(815301076,1909f56bfc062723c751e8b465ee728b)
Start importing Assets/Scripts/FireShooter.cs using Guid(b5b554dacb116df578925792f74ac1d9) Importer(815301076,1909f56bfc062723c751e8b465ee728b) (PreviewImporter) -> (artifact id: '00000000000000000000000000000000') in 0.000350435 seconds
Import Error Code:(4)
Message: Build asset version error: assets/scripts/fireshooter.cs in SourceAssetDB has modification time of '2026-04-26T17:42:50Z' while content on disk has modification time of '2026-04-26T17:43:02Z'
  ERROR: Build asset version error: assets/scripts/fireshooter.cs in SourceAssetDB has modification time of '2026-04-26T17:42:50Z' while content on disk has modification time of '2026-04-26T17:43:02Z'
Number of updated asset objects reloaded before import = 0Number of asset objects unloaded after import = 0

========================================================================
Received Import Request.
  Time since last request: 0.028854 seconds.
  path: Assets/Scripts/FireShooter.cs
  artifactKey: Guid(b5b554dacb116df578925792f74ac1d9) Importer(815301076,1909f56bfc062723c751e8b465ee728b)
Start importing Assets/Scripts/FireShooter.cs using Guid(b5b554dacb116df578925792f74ac1d9) Importer(815301076,1909f56bfc062723c751e8b465ee728b) (PreviewImporter) -> (artifact id: '00000000000000000000000000000000') in 0.000366884 seconds
Import Error Code:(4)
Message: Build asset version error: assets/scripts/fireshooter.cs in SourceAssetDB has modification time of '2026-04-26T17:42:50Z' while content on disk has modification time of '2026-04-26T17:43:02Z'
  ERROR: Build asset version error: assets/scripts/fireshooter.cs in SourceAssetDB has modification time of '2026-04-26T17:42:50Z' while content on disk has modification time of '2026-04-26T17:43:02Z'
Number of updated asset objects reloaded before import = 0Number of asset objects unloaded after import = 0

========================================================================
Received Import Request.
  Time since last request: 0.022030 seconds.
  path: Assets/Scripts/FireShooter.cs
  artifactKey: Guid(b5b554dacb116df578925792f74ac1d9) Importer(815301076,1909f56bfc062723c751e8b465ee728b)
Start importing Assets/Scripts/FireShooter.cs using Guid(b5b554dacb116df578925792f74ac1d9) Importer(815301076,1909f56bfc062723c751e8b465ee728b) (PreviewImporter) -> (artifact id: '00000000000000000000000000000000') in 0.000344849 seconds
Import Error Code:(4)
Message: Build asset version error: assets/scripts/fireshooter.cs in SourceAssetDB has modification time of '2026-04-26T17:42:50Z' while content on disk has modification time of '2026-04-26T17:43:02Z'
  ERROR: Build asset version error: assets/scripts/fireshooter.cs in SourceAssetDB has modification time of '2026-04-26T17:42:50Z' while content on disk has modification time of '2026-04-26T17:43:02Z'
Number of updated asset objects reloaded before import = 0Number of asset objects unloaded after import = 0

========================================================================
Received Import Request.
  Time since last request: 0.035535 seconds.
  path: Assets/Scripts/FireShooter.cs
  artifactKey: Guid(b5b554dacb116df578925792f74ac1d9) Importer(815301076,1909f56bfc062723c751e8b465ee728b)
Start importing Assets/Scripts/FireShooter.cs using Guid(b5b554dacb116df578925792f74ac1d9) Importer(815301076,1909f56bfc062723c751e8b465ee728b) (PreviewImporter) -> (artifact id: '00000000000000000000000000000000') in 0.00036744 seconds
Import Error Code:(4)
Message: Build asset version error: assets/scripts/fireshooter.cs in SourceAssetDB has modification time of '2026-04-26T17:42:50Z' while content on disk has modification time of '2026-04-26T17:43:02Z'
  ERROR: Build asset version error: assets/scripts/fireshooter.cs in SourceAssetDB has modification time of '2026-04-26T17:42:50Z' while content on disk has modification time of '2026-04-26T17:43:02Z'
Number of updated asset objects reloaded before import = 0Number of asset objects unloaded after import = 0

========================================================================
Received Import Request.
  Time since last request: 0.025652 seconds.
  path: Assets/Scripts/FireShooter.cs
  artifactKey: Guid(b5b554dacb116df578925792f74ac1d9) Importer(815301076,1909f56bfc062723c751e8b465ee728b)
Start importing Assets/Scripts/FireShooter.cs using Guid(b5b554dacb116df578925792f74ac1d9) Importer(815301076,1909f56bfc062723c751e8b465ee728b) (PreviewImporter) -> (artifact id: '00000000000000000000000000000000') in 0.000358083 seconds
Import Error Code:(4)
Message: Build asset version error: assets/scripts/fireshooter.cs in SourceAssetDB has modification time of '2026-04-26T17:42:50Z' while content on disk has modification time of '2026-04-26T17:43:02Z'
  ERROR: Build asset version error: assets/scripts/fireshooter.cs in SourceAssetDB has modification time of '2026-04-26T17:42:50Z' while content on disk has modification time of '2026-04-26T17:43:02Z'
Number of updated asset objects reloaded before import = 0Number of asset objects unloaded after import = 0

========================================================================
Received Import Request.
  Time since last request: 0.036511 seconds.
  path: Assets/Scripts/FireShooter.cs
  artifactKey: Guid(b5b554dacb116df578925792f74ac1d9) Importer(815301076,1909f56bfc062723c751e8b465ee728b)
Start importing Assets/Scripts/FireShooter.cs using Guid(b5b554dacb116df578925792f74ac1d9) Importer(815301076,1909f56bfc062723c751e8b465ee728b) (PreviewImporter) -> (artifact id: '00000000000000000000000000000000') in 0.000395838 seconds
Import Error Code:(4)
Message: Build asset version error: assets/scripts/fireshooter.cs in SourceAssetDB has modification time of '2026-04-26T17:42:50Z' while content on disk has modification time of '2026-04-26T17:43:02Z'
  ERROR: Build asset version error: assets/scripts/fireshooter.cs in SourceAssetDB has modification time of '2026-04-26T17:42:50Z' while content on disk has modification time of '2026-04-26T17:43:02Z'
Number of updated asset objects reloaded before import = 0Number of asset objects unloaded after import = 0

========================================================================
Received Import Request.
  Time since last request: 0.023530 seconds.
  path: Assets/Scripts/FireShooter.cs
  artifactKey: Guid(b5b554dacb116df578925792f74ac1d9) Importer(815301076,1909f56bfc062723c751e8b465ee728b)
Start importing Assets/Scripts/FireShooter.cs using Guid(b5b554dacb116df578925792f74ac1d9) Importer(815301076,1909f56bfc062723c751e8b465ee728b) (PreviewImporter) -> (artifact id: '00000000000000000000000000000000') in 0.000352858 seconds
Import Error Code:(4)
Message: Build asset version error: assets/scripts/fireshooter.cs in SourceAssetDB has modification time of '2026-04-26T17:42:50Z' while content on disk has modification time of '2026-04-26T17:43:02Z'
  ERROR: Build asset version error: assets/scripts/fireshooter.cs in SourceAssetDB has modification time of '2026-04-26T17:42:50Z' while content on disk has modification time of '2026-04-26T17:43:02Z'
Number of updated asset objects reloaded before import = 0Number of asset objects unloaded after import = 0

========================================================================
Received Import Request.
  Time since last request: 0.030557 seconds.
  path: Assets/Scripts/FireShooter.cs
  artifactKey: Guid(b5b554dacb116df578925792f74ac1d9) Importer(815301076,1909f56bfc062723c751e8b465ee728b)
Start importing Assets/Scripts/FireShooter.cs using Guid(b5b554dacb116df578925792f74ac1d9) Importer(815301076,1909f56bfc062723c751e8b465ee728b) (PreviewImporter) -> (artifact id: '00000000000000000000000000000000') in 0.000389628 seconds
Import Error Code:(4)
Message: Build asset version error: assets/scripts/fireshooter.cs in SourceAssetDB has modification time of '2026-04-26T17:42:50Z' while content on disk has modification time of '2026-04-26T17:43:02Z'
  ERROR: Build asset version error: assets/scripts/fireshooter.cs in SourceAssetDB has modification time of '2026-04-26T17:42:50Z' while content on disk has modification time of '2026-04-26T17:43:02Z'
Number of updated asset objects reloaded before import = 0Number of asset objects unloaded after import = 0

========================================================================
Received Import Request.
  Time since last request: 0.017215 seconds.
  path: Assets/Scripts/FireShooter.cs
  artifactKey: Guid(b5b554dacb116df578925792f74ac1d9) Importer(815301076,1909f56bfc062723c751e8b465ee728b)
Start importing Assets/Scripts/FireShooter.cs using Guid(b5b554dacb116df578925792f74ac1d9) Importer(815301076,1909f56bfc062723c751e8b465ee728b) (PreviewImporter) -> (artifact id: '00000000000000000000000000000000') in 0.000356477 seconds
Import Error Code:(4)
Message: Build asset version error: assets/scripts/fireshooter.cs in SourceAssetDB has modification time of '2026-04-26T17:42:50Z' while content on disk has modification time of '2026-04-26T17:43:02Z'
  ERROR: Build asset version error: assets/scripts/fireshooter.cs in SourceAssetDB has modification time of '2026-04-26T17:42:50Z' while content on disk has modification time of '2026-04-26T17:43:02Z'
Number of updated asset objects reloaded before import = 0Number of asset objects unloaded after import = 0

========================================================================
Received Import Request.
  Time since last request: 0.020308 seconds.
  path: Assets/Scripts/FireShooter.cs
  artifactKey: Guid(b5b554dacb116df578925792f74ac1d9) Importer(815301076,1909f56bfc062723c751e8b465ee728b)
Start importing Assets/Scripts/FireShooter.cs using Guid(b5b554dacb116df578925792f74ac1d9) Importer(815301076,1909f56bfc062723c751e8b465ee728b) (PreviewImporter) -> (artifact id: '00000000000000000000000000000000') in 0.000356774 seconds
Import Error Code:(4)
Message: Build asset version error: assets/scripts/fireshooter.cs in SourceAssetDB has modification time of '2026-04-26T17:42:50Z' while content on disk has modification time of '2026-04-26T17:43:02Z'
  ERROR: Build asset version error: assets/scripts/fireshooter.cs in SourceAssetDB has modification time of '2026-04-26T17:42:50Z' while content on disk has modification time of '2026-04-26T17:43:02Z'
Number of updated asset objects reloaded before import = 0Number of asset objects unloaded after import = 0

========================================================================
Received Import Request.
  Time since last request: 0.018298 seconds.
  path: Assets/Scripts/FireShooter.cs
  artifactKey: Guid(b5b554dacb116df578925792f74ac1d9) Importer(815301076,1909f56bfc062723c751e8b465ee728b)
Start importing Assets/Scripts/FireShooter.cs using Guid(b5b554dacb116df578925792f74ac1d9) Importer(815301076,1909f56bfc062723c751e8b465ee728b) (PreviewImporter) -> (artifact id: '00000000000000000000000000000000') in 0.000369485 seconds
Import Error Code:(4)
Message: Build asset version error: assets/scripts/fireshooter.cs in SourceAssetDB has modification time of '2026-04-26T17:42:50Z' while content on disk has modification time of '2026-04-26T17:43:02Z'
  ERROR: Build asset version error: assets/scripts/fireshooter.cs in SourceAssetDB has modification time of '2026-04-26T17:42:50Z' while content on disk has modification time of '2026-04-26T17:43:02Z'
Number of updated asset objects reloaded before import = 0Number of asset objects unloaded after import = 0

========================================================================
Received Import Request.
  Time since last request: 0.000014 seconds.
  path: Assets/Scripts/FireShooter.cs
  artifactKey: Guid(b5b554dacb116df578925792f74ac1d9) Importer(815301076,1909f56bfc062723c751e8b465ee728b)
Start importing Assets/Scripts/FireShooter.cs using Guid(b5b554dacb116df578925792f74ac1d9) Importer(815301076,1909f56bfc062723c751e8b465ee728b) (PreviewImporter) -> (artifact id: '00000000000000000000000000000000') in 0.000387069 seconds
Import Error Code:(4)
Message: Build asset version error: assets/scripts/fireshooter.cs in SourceAssetDB has modification time of '2026-04-26T17:42:50Z' while content on disk has modification time of '2026-04-26T17:43:02Z'
  ERROR: Build asset version error: assets/scripts/fireshooter.cs in SourceAssetDB has modification time of '2026-04-26T17:42:50Z' while content on disk has modification time of '2026-04-26T17:43:02Z'
Number of updated asset objects reloaded before import = 0Number of asset objects unloaded after import = 0

========================================================================
Received Import Request.
  Time since last request: 0.017750 seconds.
  path: Assets/Scripts/FireShooter.cs
  artifactKey: Guid(b5b554dacb116df578925792f74ac1d9) Importer(815301076,1909f56bfc062723c751e8b465ee728b)
Start importing Assets/Scripts/FireShooter.cs using Guid(b5b554dacb116df578925792f74ac1d9) Importer(815301076,1909f56bfc062723c751e8b465ee728b) (PreviewImporter) -> (artifact id: '00000000000000000000000000000000') in 0.000388172 seconds
Import Error Code:(4)
Message: Build asset version error: assets/scripts/fireshooter.cs in SourceAssetDB has modification time of '2026-04-26T17:42:50Z' while content on disk has modification time of '2026-04-26T17:43:02Z'
  ERROR: Build asset version error: assets/scripts/fireshooter.cs in SourceAssetDB has modification time of '2026-04-26T17:42:50Z' while content on disk has modification time of '2026-04-26T17:43:02Z'
Number of updated asset objects reloaded before import = 0Number of asset objects unloaded after import = 0

========================================================================
Received Import Request.
  Time since last request: 0.031771 seconds.
  path: Assets/Scripts/FireShooter.cs
  artifactKey: Guid(b5b554dacb116df578925792f74ac1d9) Importer(815301076,1909f56bfc062723c751e8b465ee728b)
Start importing Assets/Scripts/FireShooter.cs using Guid(b5b554dacb116df578925792f74ac1d9) Importer(815301076,1909f56bfc062723c751e8b465ee728b) (PreviewImporter) -> (artifact id: '00000000000000000000000000000000') in 0.000347614 seconds
Import Error Code:(4)
Message: Build asset version error: assets/scripts/fireshooter.cs in SourceAssetDB has modification time of '2026-04-26T17:42:50Z' while content on disk has modification time of '2026-04-26T17:43:02Z'
  ERROR: Build asset version error: assets/scripts/fireshooter.cs in SourceAssetDB has modification time of '2026-04-26T17:42:50Z' while content on disk has modification time of '2026-04-26T17:43:02Z'
Number of updated asset objects reloaded before import = 0Number of asset objects unloaded after import = 0

========================================================================
Received Import Request.
  Time since last request: 0.026771 seconds.
  path: Assets/Scripts/FireShooter.cs
  artifactKey: Guid(b5b554dacb116df578925792f74ac1d9) Importer(815301076,1909f56bfc062723c751e8b465ee728b)
Start importing Assets/Scripts/FireShooter.cs using Guid(b5b554dacb116df578925792f74ac1d9) Importer(815301076,1909f56bfc062723c751e8b465ee728b) (PreviewImporter) -> (artifact id: '00000000000000000000000000000000') in 0.000415743 seconds
Import Error Code:(4)
Message: Build asset version error: assets/scripts/fireshooter.cs in SourceAssetDB has modification time of '2026-04-26T17:42:50Z' while content on disk has modification time of '2026-04-26T17:43:02Z'
  ERROR: Build asset version error: assets/scripts/fireshooter.cs in SourceAssetDB has modification time of '2026-04-26T17:42:50Z' while content on disk has modification time of '2026-04-26T17:43:02Z'
Number of updated asset objects reloaded before import = 0Number of asset objects unloaded after import = 0

========================================================================
Received Import Request.
  Time since last request: 0.038812 seconds.
  path: Assets/Scripts/FireShooter.cs
  artifactKey: Guid(b5b554dacb116df578925792f74ac1d9) Importer(815301076,1909f56bfc062723c751e8b465ee728b)
Start importing Assets/Scripts/FireShooter.cs using Guid(b5b554dacb116df578925792f74ac1d9) Importer(815301076,1909f56bfc062723c751e8b465ee728b) (PreviewImporter) -> (artifact id: '00000000000000000000000000000000') in 0.000467378 seconds
Import Error Code:(4)
Message: Build asset version error: assets/scripts/fireshooter.cs in SourceAssetDB has modification time of '2026-04-26T17:42:50Z' while content on disk has modification time of '2026-04-26T17:43:02Z'
  ERROR: Build asset version error: assets/scripts/fireshooter.cs in SourceAssetDB has modification time of '2026-04-26T17:42:50Z' while content on disk has modification time of '2026-04-26T17:43:02Z'
Number of updated asset objects reloaded before import = 0Number of asset objects unloaded after import = 0

========================================================================
Received Import Request.
  Time since last request: 0.025456 seconds.
  path: Assets/Scripts/FireShooter.cs
  artifactKey: Guid(b5b554dacb116df578925792f74ac1d9) Importer(815301076,1909f56bfc062723c751e8b465ee728b)
Start importing Assets/Scripts/FireShooter.cs using Guid(b5b554dacb116df578925792f74ac1d9) Importer(815301076,1909f56bfc062723c751e8b465ee728b) (PreviewImporter) -> (artifact id: '00000000000000000000000000000000') in 0.000348188 seconds
Import Error Code:(4)
Message: Build asset version error: assets/scripts/fireshooter.cs in SourceAssetDB has modification time of '2026-04-26T17:42:50Z' while content on disk has modification time of '2026-04-26T17:43:02Z'
  ERROR: Build asset version error: assets/scripts/fireshooter.cs in SourceAssetDB has modification time of '2026-04-26T17:42:50Z' while content on disk has modification time of '2026-04-26T17:43:02Z'
Number of updated asset objects reloaded before import = 0Number of asset objects unloaded after import = 0

========================================================================
Received Import Request.
  Time since last request: 0.037736 seconds.
  path: Assets/Scripts/FireShooter.cs
  artifactKey: Guid(b5b554dacb116df578925792f74ac1d9) Importer(815301076,1909f56bfc062723c751e8b465ee728b)
Start importing Assets/Scripts/FireShooter.cs using Guid(b5b554dacb116df578925792f74ac1d9) Importer(815301076,1909f56bfc062723c751e8b465ee728b) (PreviewImporter) -> (artifact id: '00000000000000000000000000000000') in 0.000408458 seconds
Import Error Code:(4)
Message: Build asset version error: assets/scripts/fireshooter.cs in SourceAssetDB has modification time of '2026-04-26T17:42:50Z' while content on disk has modification time of '2026-04-26T17:43:02Z'
  ERROR: Build asset version error: assets/scripts/fireshooter.cs in SourceAssetDB has modification time of '2026-04-26T17:42:50Z' while content on disk has modification time of '2026-04-26T17:43:02Z'
Number of updated asset objects reloaded before import = 0Number of asset objects unloaded after import = 0

========================================================================
Received Import Request.
  Time since last request: 0.030561 seconds.
  path: Assets/Scripts/FireShooter.cs
  artifactKey: Guid(b5b554dacb116df578925792f74ac1d9) Importer(815301076,1909f56bfc062723c751e8b465ee728b)
Start importing Assets/Scripts/FireShooter.cs using Guid(b5b554dacb116df578925792f74ac1d9) Importer(815301076,1909f56bfc062723c751e8b465ee728b) (PreviewImporter) -> (artifact id: '00000000000000000000000000000000') in 0.000471413 seconds
Import Error Code:(4)
Message: Build asset version error: assets/scripts/fireshooter.cs in SourceAssetDB has modification time of '2026-04-26T17:42:50Z' while content on disk has modification time of '2026-04-26T17:43:02Z'
  ERROR: Build asset version error: assets/scripts/fireshooter.cs in SourceAssetDB has modification time of '2026-04-26T17:42:50Z' while content on disk has modification time of '2026-04-26T17:43:02Z'
Number of updated asset objects reloaded before import = 0Number of asset objects unloaded after import = 0

========================================================================
Received Import Request.
  Time since last request: 0.031536 seconds.
  path: Assets/Scripts/FireShooter.cs
  artifactKey: Guid(b5b554dacb116df578925792f74ac1d9) Importer(815301076,1909f56bfc062723c751e8b465ee728b)
Start importing Assets/Scripts/FireShooter.cs using Guid(b5b554dacb116df578925792f74ac1d9) Importer(815301076,1909f56bfc062723c751e8b465ee728b) (PreviewImporter) -> (artifact id: '00000000000000000000000000000000') in 0.000412952 seconds
Import Error Code:(4)
Message: Build asset version error: assets/scripts/fireshooter.cs in SourceAssetDB has modification time of '2026-04-26T17:42:50Z' while content on disk has modification time of '2026-04-26T17:43:02Z'
  ERROR: Build asset version error: assets/scripts/fireshooter.cs in SourceAssetDB has modification time of '2026-04-26T17:42:50Z' while content on disk has modification time of '2026-04-26T17:43:02Z'
Number of updated asset objects reloaded before import = 0Number of asset objects unloaded after import = 0

========================================================================
Received Import Request.
  Time since last request: 0.025329 seconds.
  path: Assets/Scripts/FireShooter.cs
  artifactKey: Guid(b5b554dacb116df578925792f74ac1d9) Importer(815301076,1909f56bfc062723c751e8b465ee728b)
Start importing Assets/Scripts/FireShooter.cs using Guid(b5b554dacb116df578925792f74ac1d9) Importer(815301076,1909f56bfc062723c751e8b465ee728b) (PreviewImporter) -> (artifact id: '00000000000000000000000000000000') in 0.000389707 seconds
Import Error Code:(4)
Message: Build asset version error: assets/scripts/fireshooter.cs in SourceAssetDB has modification time of '2026-04-26T17:42:50Z' while content on disk has modification time of '2026-04-26T17:43:02Z'
  ERROR: Build asset version error: assets/scripts/fireshooter.cs in SourceAssetDB has modification time of '2026-04-26T17:42:50Z' while content on disk has modification time of '2026-04-26T17:43:02Z'
Number of updated asset objects reloaded before import = 0Number of asset objects unloaded after import = 0

========================================================================
Received Import Request.
  Time since last request: 0.029616 seconds.
  path: Assets/Scripts/FireShooter.cs
  artifactKey: Guid(b5b554dacb116df578925792f74ac1d9) Importer(815301076,1909f56bfc062723c751e8b465ee728b)
Start importing Assets/Scripts/FireShooter.cs using Guid(b5b554dacb116df578925792f74ac1d9) Importer(815301076,1909f56bfc062723c751e8b465ee728b) (PreviewImporter) -> (artifact id: '00000000000000000000000000000000') in 0.000402586 seconds
Import Error Code:(4)
Message: Build asset version error: assets/scripts/fireshooter.cs in SourceAssetDB has modification time of '2026-04-26T17:42:50Z' while content on disk has modification time of '2026-04-26T17:43:02Z'
  ERROR: Build asset version error: assets/scripts/fireshooter.cs in SourceAssetDB has modification time of '2026-04-26T17:42:50Z' while content on disk has modification time of '2026-04-26T17:43:02Z'
Number of updated asset objects reloaded before import = 0Number of asset objects unloaded after import = 0

========================================================================
Received Import Request.
  Time since last request: 0.040394 seconds.
  path: Assets/Scripts/FireShooter.cs
  artifactKey: Guid(b5b554dacb116df578925792f74ac1d9) Importer(815301076,1909f56bfc062723c751e8b465ee728b)
Start importing Assets/Scripts/FireShooter.cs using Guid(b5b554dacb116df578925792f74ac1d9) Importer(815301076,1909f56bfc062723c751e8b465ee728b) (PreviewImporter) -> (artifact id: '00000000000000000000000000000000') in 0.000392748 seconds
Import Error Code:(4)
Message: Build asset version error: assets/scripts/fireshooter.cs in SourceAssetDB has modification time of '2026-04-26T17:42:50Z' while content on disk has modification time of '2026-04-26T17:43:02Z'
  ERROR: Build asset version error: assets/scripts/fireshooter.cs in SourceAssetDB has modification time of '2026-04-26T17:42:50Z' while content on disk has modification time of '2026-04-26T17:43:02Z'
Number of updated asset objects reloaded before import = 0Number of asset objects unloaded after import = 0

========================================================================
Received Import Request.
  Time since last request: 0.029423 seconds.
  path: Assets/Scripts/FireShooter.cs
  artifactKey: Guid(b5b554dacb116df578925792f74ac1d9) Importer(815301076,1909f56bfc062723c751e8b465ee728b)
Start importing Assets/Scripts/FireShooter.cs using Guid(b5b554dacb116df578925792f74ac1d9) Importer(815301076,1909f56bfc062723c751e8b465ee728b) (PreviewImporter) -> (artifact id: '00000000000000000000000000000000') in 0.000489543 seconds
Import Error Code:(4)
Message: Build asset version error: assets/scripts/fireshooter.cs in SourceAssetDB has modification time of '2026-04-26T17:42:50Z' while content on disk has modification time of '2026-04-26T17:43:02Z'
  ERROR: Build asset version error: assets/scripts/fireshooter.cs in SourceAssetDB has modification time of '2026-04-26T17:42:50Z' while content on disk has modification time of '2026-04-26T17:43:02Z'
Number of updated asset objects reloaded before import = 0Number of asset objects unloaded after import = 0

========================================================================
Received Import Request.
  Time since last request: 0.032000 seconds.
  path: Assets/Scripts/FireShooter.cs
  artifactKey: Guid(b5b554dacb116df578925792f74ac1d9) Importer(815301076,1909f56bfc062723c751e8b465ee728b)
Start importing Assets/Scripts/FireShooter.cs using Guid(b5b554dacb116df578925792f74ac1d9) Importer(815301076,1909f56bfc062723c751e8b465ee728b) (PreviewImporter) -> (artifact id: '00000000000000000000000000000000') in 0.000396275 seconds
Import Error Code:(4)
Message: Build asset version error: assets/scripts/fireshooter.cs in SourceAssetDB has modification time of '2026-04-26T17:42:50Z' while content on disk has modification time of '2026-04-26T17:43:02Z'
  ERROR: Build asset version error: assets/scripts/fireshooter.cs in SourceAssetDB has modification time of '2026-04-26T17:42:50Z' while content on disk has modification time of '2026-04-26T17:43:02Z'
Number of updated asset objects reloaded before import = 0Number of asset objects unloaded after import = 0

========================================================================
Received Import Request.
  Time since last request: 0.035062 seconds.
  path: Assets/Scripts/FireShooter.cs
  artifactKey: Guid(b5b554dacb116df578925792f74ac1d9) Importer(815301076,1909f56bfc062723c751e8b465ee728b)
Start importing Assets/Scripts/FireShooter.cs using Guid(b5b554dacb116df578925792f74ac1d9) Importer(815301076,1909f56bfc062723c751e8b465ee728b) (PreviewImporter) -> (artifact id: '00000000000000000000000000000000') in 0.000411206 seconds
Import Error Code:(4)
Message: Build asset version error: assets/scripts/fireshooter.cs in SourceAssetDB has modification time of '2026-04-26T17:42:50Z' while content on disk has modification time of '2026-04-26T17:43:02Z'
  ERROR: Build asset version error: assets/scripts/fireshooter.cs in SourceAssetDB has modification time of '2026-04-26T17:42:50Z' while content on disk has modification time of '2026-04-26T17:43:02Z'
Number of updated asset objects reloaded before import = 0Number of asset objects unloaded after import = 0

========================================================================
Received Import Request.
  Time since last request: 0.055482 seconds.
  path: Assets/Scripts/FireShooter.cs
  artifactKey: Guid(b5b554dacb116df578925792f74ac1d9) Importer(815301076,1909f56bfc062723c751e8b465ee728b)
Start importing Assets/Scripts/FireShooter.cs using Guid(b5b554dacb116df578925792f74ac1d9) Importer(815301076,1909f56bfc062723c751e8b465ee728b) (PreviewImporter) -> (artifact id: '00000000000000000000000000000000') in 0.00037406 seconds
Import Error Code:(4)
Message: Build asset version error: assets/scripts/fireshooter.cs in SourceAssetDB has modification time of '2026-04-26T17:42:50Z' while content on disk has modification time of '2026-04-26T17:43:02Z'
  ERROR: Build asset version error: assets/scripts/fireshooter.cs in SourceAssetDB has modification time of '2026-04-26T17:42:50Z' while content on disk has modification time of '2026-04-26T17:43:02Z'
Number of updated asset objects reloaded before import = 0Number of asset objects unloaded after import = 0

========================================================================
Received Import Request.
  Time since last request: 0.004233 seconds.
  path: Assets/Scripts/FireShooter.cs
  artifactKey: Guid(b5b554dacb116df578925792f74ac1d9) Importer(815301076,1909f56bfc062723c751e8b465ee728b)
Start importing Assets/Scripts/FireShooter.cs using Guid(b5b554dacb116df578925792f74ac1d9) Importer(815301076,1909f56bfc062723c751e8b465ee728b) (PreviewImporter) -> (artifact id: '00000000000000000000000000000000') in 0.000454645 seconds
Import Error Code:(4)
Message: Build asset version error: assets/scripts/fireshooter.cs in SourceAssetDB has modification time of '2026-04-26T17:42:50Z' while content on disk has modification time of '2026-04-26T17:43:02Z'
  ERROR: Build asset version error: assets/scripts/fireshooter.cs in SourceAssetDB has modification time of '2026-04-26T17:42:50Z' while content on disk has modification time of '2026-04-26T17:43:02Z'
Number of updated asset objects reloaded before import = 0Number of asset objects unloaded after import = 0

========================================================================
Received Import Request.
  Time since last request: 0.042547 seconds.
  path: Assets/Scripts/FireShooter.cs
  artifactKey: Guid(b5b554dacb116df578925792f74ac1d9) Importer(815301076,1909f56bfc062723c751e8b465ee728b)
Start importing Assets/Scripts/FireShooter.cs using Guid(b5b554dacb116df578925792f74ac1d9) Importer(815301076,1909f56bfc062723c751e8b465ee728b) (PreviewImporter) -> (artifact id: '00000000000000000000000000000000') in 0.00050994 seconds
Import Error Code:(4)
Message: Build asset version error: assets/scripts/fireshooter.cs in SourceAssetDB has modification time of '2026-04-26T17:42:50Z' while content on disk has modification time of '2026-04-26T17:43:02Z'
  ERROR: Build asset version error: assets/scripts/fireshooter.cs in SourceAssetDB has modification time of '2026-04-26T17:42:50Z' while content on disk has modification time of '2026-04-26T17:43:02Z'
Number of updated asset objects reloaded before import = 0Number of asset objects unloaded after import = 0

========================================================================
Received Import Request.
  Time since last request: 0.015591 seconds.
  path: Assets/Scripts/FireShooter.cs
  artifactKey: Guid(b5b554dacb116df578925792f74ac1d9) Importer(815301076,1909f56bfc062723c751e8b465ee728b)
Start importing Assets/Scripts/FireShooter.cs using Guid(b5b554dacb116df578925792f74ac1d9) Importer(815301076,1909f56bfc062723c751e8b465ee728b) (PreviewImporter) -> (artifact id: '00000000000000000000000000000000') in 0.000388968 seconds
Import Error Code:(4)
Message: Build asset version error: assets/scripts/fireshooter.cs in SourceAssetDB has modification time of '2026-04-26T17:42:50Z' while content on disk has modification time of '2026-04-26T17:43:02Z'
  ERROR: Build asset version error: assets/scripts/fireshooter.cs in SourceAssetDB has modification time of '2026-04-26T17:42:50Z' while content on disk has modification time of '2026-04-26T17:43:02Z'
Number of updated asset objects reloaded before import = 0Number of asset objects unloaded after import = 0

========================================================================
Received Import Request.
  Time since last request: 0.017492 seconds.
  path: Assets/Scripts/FireShooter.cs
  artifactKey: Guid(b5b554dacb116df578925792f74ac1d9) Importer(815301076,1909f56bfc062723c751e8b465ee728b)
Start importing Assets/Scripts/FireShooter.cs using Guid(b5b554dacb116df578925792f74ac1d9) Importer(815301076,1909f56bfc062723c751e8b465ee728b) (PreviewImporter) -> (artifact id: '00000000000000000000000000000000') in 0.000362379 seconds
Import Error Code:(4)
Message: Build asset version error: assets/scripts/fireshooter.cs in SourceAssetDB has modification time of '2026-04-26T17:42:50Z' while content on disk has modification time of '2026-04-26T17:43:02Z'
  ERROR: Build asset version error: assets/scripts/fireshooter.cs in SourceAssetDB has modification time of '2026-04-26T17:42:50Z' while content on disk has modification time of '2026-04-26T17:43:02Z'
Number of updated asset objects reloaded before import = 0Number of asset objects unloaded after import = 0

========================================================================
Received Import Request.
  Time since last request: 0.020553 seconds.
  path: Assets/Scripts/FireShooter.cs
  artifactKey: Guid(b5b554dacb116df578925792f74ac1d9) Importer(815301076,1909f56bfc062723c751e8b465ee728b)
Start importing Assets/Scripts/FireShooter.cs using Guid(b5b554dacb116df578925792f74ac1d9) Importer(815301076,1909f56bfc062723c751e8b465ee728b) (PreviewImporter) -> (artifact id: '00000000000000000000000000000000') in 0.000441585 seconds
Import Error Code:(4)
Message: Build asset version error: assets/scripts/fireshooter.cs in SourceAssetDB has modification time of '2026-04-26T17:42:50Z' while content on disk has modification time of '2026-04-26T17:43:02Z'
  ERROR: Build asset version error: assets/scripts/fireshooter.cs in SourceAssetDB has modification time of '2026-04-26T17:42:50Z' while content on disk has modification time of '2026-04-26T17:43:02Z'
Number of updated asset objects reloaded before import = 0Number of asset objects unloaded after import = 0

========================================================================
Received Import Request.
  Time since last request: 0.009841 seconds.
  path: Assets/Scripts/FireShooter.cs
  artifactKey: Guid(b5b554dacb116df578925792f74ac1d9) Importer(815301076,1909f56bfc062723c751e8b465ee728b)
Start importing Assets/Scripts/FireShooter.cs using Guid(b5b554dacb116df578925792f74ac1d9) Importer(815301076,1909f56bfc062723c751e8b465ee728b) (PreviewImporter) -> (artifact id: '00000000000000000000000000000000') in 0.000371981 seconds
Import Error Code:(4)
Message: Build asset version error: assets/scripts/fireshooter.cs in SourceAssetDB has modification time of '2026-04-26T17:42:50Z' while content on disk has modification time of '2026-04-26T17:43:02Z'
  ERROR: Build asset version error: assets/scripts/fireshooter.cs in SourceAssetDB has modification time of '2026-04-26T17:42:50Z' while content on disk has modification time of '2026-04-26T17:43:02Z'
Number of updated asset objects reloaded before import = 0Number of asset objects unloaded after import = 0

========================================================================
Received Import Request.
  Time since last request: 0.022576 seconds.
  path: Assets/Scripts/FireShooter.cs
  artifactKey: Guid(b5b554dacb116df578925792f74ac1d9) Importer(815301076,1909f56bfc062723c751e8b465ee728b)
Start importing Assets/Scripts/FireShooter.cs using Guid(b5b554dacb116df578925792f74ac1d9) Importer(815301076,1909f56bfc062723c751e8b465ee728b) (PreviewImporter) -> (artifact id: '00000000000000000000000000000000') in 0.000423254 seconds
Import Error Code:(4)
Message: Build asset version error: assets/scripts/fireshooter.cs in SourceAssetDB has modification time of '2026-04-26T17:42:50Z' while content on disk has modification time of '2026-04-26T17:43:02Z'
  ERROR: Build asset version error: assets/scripts/fireshooter.cs in SourceAssetDB has modification time of '2026-04-26T17:42:50Z' while content on disk has modification time of '2026-04-26T17:43:02Z'
Number of updated asset objects reloaded before import = 0Number of asset objects unloaded after import = 0

========================================================================
Received Import Request.
  Time since last request: 0.021235 seconds.
  path: Assets/Scripts/FireShooter.cs
  artifactKey: Guid(b5b554dacb116df578925792f74ac1d9) Importer(815301076,1909f56bfc062723c751e8b465ee728b)
Start importing Assets/Scripts/FireShooter.cs using Guid(b5b554dacb116df578925792f74ac1d9) Importer(815301076,1909f56bfc062723c751e8b465ee728b) (PreviewImporter) -> (artifact id: '00000000000000000000000000000000') in 0.000575589 seconds
Import Error Code:(4)
Message: Build asset version error: assets/scripts/fireshooter.cs in SourceAssetDB has modification time of '2026-04-26T17:42:50Z' while content on disk has modification time of '2026-04-26T17:43:02Z'
  ERROR: Build asset version error: assets/scripts/fireshooter.cs in SourceAssetDB has modification time of '2026-04-26T17:42:50Z' while content on disk has modification time of '2026-04-26T17:43:02Z'
Number of updated asset objects reloaded before import = 0Number of asset objects unloaded after import = 0

========================================================================
Received Import Request.
  Time since last request: 0.027124 seconds.
  path: Assets/Scripts/FireShooter.cs
  artifactKey: Guid(b5b554dacb116df578925792f74ac1d9) Importer(815301076,1909f56bfc062723c751e8b465ee728b)
Start importing Assets/Scripts/FireShooter.cs using Guid(b5b554dacb116df578925792f74ac1d9) Importer(815301076,1909f56bfc062723c751e8b465ee728b) (PreviewImporter) -> (artifact id: '00000000000000000000000000000000') in 0.000502773 seconds
Import Error Code:(4)
Message: Build asset version error: assets/scripts/fireshooter.cs in SourceAssetDB has modification time of '2026-04-26T17:42:50Z' while content on disk has modification time of '2026-04-26T17:43:02Z'
  ERROR: Build asset version error: assets/scripts/fireshooter.cs in SourceAssetDB has modification time of '2026-04-26T17:42:50Z' while content on disk has modification time of '2026-04-26T17:43:02Z'
Number of updated asset objects reloaded before import = 0Number of asset objects unloaded after import = 0

========================================================================
Received Import Request.
  Time since last request: 0.074060 seconds.
  path: Assets/Scripts/FireShooter.cs
  artifactKey: Guid(b5b554dacb116df578925792f74ac1d9) Importer(815301076,1909f56bfc062723c751e8b465ee728b)
Start importing Assets/Scripts/FireShooter.cs using Guid(b5b554dacb116df578925792f74ac1d9) Importer(815301076,1909f56bfc062723c751e8b465ee728b) (PreviewImporter) -> (artifact id: '00000000000000000000000000000000') in 0.000406491 seconds
Import Error Code:(4)
Message: Build asset version error: assets/scripts/fireshooter.cs in SourceAssetDB has modification time of '2026-04-26T17:42:50Z' while content on disk has modification time of '2026-04-26T17:43:02Z'
  ERROR: Build asset version error: assets/scripts/fireshooter.cs in SourceAssetDB has modification time of '2026-04-26T17:42:50Z' while content on disk has modification time of '2026-04-26T17:43:02Z'
Number of updated asset objects reloaded before import = 0Number of asset objects unloaded after import = 0

========================================================================
Received Import Request.
  Time since last request: 0.034553 seconds.
  path: Assets/Scripts/FireShooter.cs
  artifactKey: Guid(b5b554dacb116df578925792f74ac1d9) Importer(815301076,1909f56bfc062723c751e8b465ee728b)
Start importing Assets/Scripts/FireShooter.cs using Guid(b5b554dacb116df578925792f74ac1d9) Importer(815301076,1909f56bfc062723c751e8b465ee728b) (PreviewImporter) -> (artifact id: '00000000000000000000000000000000') in 0.000462495 seconds
Import Error Code:(4)
Message: Build asset version error: assets/scripts/fireshooter.cs in SourceAssetDB has modification time of '2026-04-26T17:42:50Z' while content on disk has modification time of '2026-04-26T17:43:02Z'
  ERROR: Build asset version error: assets/scripts/fireshooter.cs in SourceAssetDB has modification time of '2026-04-26T17:42:50Z' while content on disk has modification time of '2026-04-26T17:43:02Z'
Number of updated asset objects reloaded before import = 0Number of asset objects unloaded after import = 0

========================================================================
Received Import Request.
  Time since last request: 0.023125 seconds.
  path: Assets/Scripts/FireShooter.cs
  artifactKey: Guid(b5b554dacb116df578925792f74ac1d9) Importer(815301076,1909f56bfc062723c751e8b465ee728b)
Start importing Assets/Scripts/FireShooter.cs using Guid(b5b554dacb116df578925792f74ac1d9) Importer(815301076,1909f56bfc062723c751e8b465ee728b) (PreviewImporter) -> (artifact id: '00000000000000000000000000000000') in 0.000495294 seconds
Import Error Code:(4)
Message: Build asset version error: assets/scripts/fireshooter.cs in SourceAssetDB has modification time of '2026-04-26T17:42:50Z' while content on disk has modification time of '2026-04-26T17:43:02Z'
  ERROR: Build asset version error: assets/scripts/fireshooter.cs in SourceAssetDB has modification time of '2026-04-26T17:42:50Z' while content on disk has modification time of '2026-04-26T17:43:02Z'
Number of updated asset objects reloaded before import = 0Number of asset objects unloaded after import = 0

========================================================================
Received Import Request.
  Time since last request: 0.027685 seconds.
  path: Assets/Scripts/FireShooter.cs
  artifactKey: Guid(b5b554dacb116df578925792f74ac1d9) Importer(815301076,1909f56bfc062723c751e8b465ee728b)
Start importing Assets/Scripts/FireShooter.cs using Guid(b5b554dacb116df578925792f74ac1d9) Importer(815301076,1909f56bfc062723c751e8b465ee728b) (PreviewImporter) -> (artifact id: '00000000000000000000000000000000') in 0.000516525 seconds
Import Error Code:(4)
Message: Build asset version error: assets/scripts/fireshooter.cs in SourceAssetDB has modification time of '2026-04-26T17:42:50Z' while content on disk has modification time of '2026-04-26T17:43:02Z'
  ERROR: Build asset version error: assets/scripts/fireshooter.cs in SourceAssetDB has modification time of '2026-04-26T17:42:50Z' while content on disk has modification time of '2026-04-26T17:43:02Z'
Number of updated asset objects reloaded before import = 0Number of asset objects unloaded after import = 0

========================================================================
Received Import Request.
  Time since last request: 0.054694 seconds.
  path: Assets/Scripts/FireShooter.cs
  artifactKey: Guid(b5b554dacb116df578925792f74ac1d9) Importer(815301076,1909f56bfc062723c751e8b465ee728b)
Start importing Assets/Scripts/FireShooter.cs using Guid(b5b554dacb116df578925792f74ac1d9) Importer(815301076,1909f56bfc062723c751e8b465ee728b) (PreviewImporter) -> (artifact id: '00000000000000000000000000000000') in 0.000388314 seconds
Import Error Code:(4)
Message: Build asset version error: assets/scripts/fireshooter.cs in SourceAssetDB has modification time of '2026-04-26T17:42:50Z' while content on disk has modification time of '2026-04-26T17:43:02Z'
  ERROR: Build asset version error: assets/scripts/fireshooter.cs in SourceAssetDB has modification time of '2026-04-26T17:42:50Z' while content on disk has modification time of '2026-04-26T17:43:02Z'
Number of updated asset objects reloaded before import = 0Number of asset objects unloaded after import = 0

========================================================================
Received Import Request.
  Time since last request: 0.027833 seconds.
  path: Assets/Scripts/FireShooter.cs
  artifactKey: Guid(b5b554dacb116df578925792f74ac1d9) Importer(815301076,1909f56bfc062723c751e8b465ee728b)
Start importing Assets/Scripts/FireShooter.cs using Guid(b5b554dacb116df578925792f74ac1d9) Importer(815301076,1909f56bfc062723c751e8b465ee728b) (PreviewImporter) -> (artifact id: '00000000000000000000000000000000') in 0.000483454 seconds
Import Error Code:(4)
Message: Build asset version error: assets/scripts/fireshooter.cs in SourceAssetDB has modification time of '2026-04-26T17:42:50Z' while content on disk has modification time of '2026-04-26T17:43:02Z'
  ERROR: Build asset version error: assets/scripts/fireshooter.cs in SourceAssetDB has modification time of '2026-04-26T17:42:50Z' while content on disk has modification time of '2026-04-26T17:43:02Z'
Number of updated asset objects reloaded before import = 0Number of asset objects unloaded after import = 0

========================================================================
Received Import Request.
  Time since last request: 0.018437 seconds.
  path: Assets/Scripts/FireShooter.cs
  artifactKey: Guid(b5b554dacb116df578925792f74ac1d9) Importer(815301076,1909f56bfc062723c751e8b465ee728b)
Start importing Assets/Scripts/FireShooter.cs using Guid(b5b554dacb116df578925792f74ac1d9) Importer(815301076,1909f56bfc062723c751e8b465ee728b) (PreviewImporter) -> (artifact id: '00000000000000000000000000000000') in 0.000486471 seconds
Import Error Code:(4)
Message: Build asset version error: assets/scripts/fireshooter.cs in SourceAssetDB has modification time of '2026-04-26T17:42:50Z' while content on disk has modification time of '2026-04-26T17:43:02Z'
  ERROR: Build asset version error: assets/scripts/fireshooter.cs in SourceAssetDB has modification time of '2026-04-26T17:42:50Z' while content on disk has modification time of '2026-04-26T17:43:02Z'
Number of updated asset objects reloaded before import = 0Number of asset objects unloaded after import = 0

========================================================================
Received Import Request.
  Time since last request: 0.019717 seconds.
  path: Assets/Scripts/FireShooter.cs
  artifactKey: Guid(b5b554dacb116df578925792f74ac1d9) Importer(815301076,1909f56bfc062723c751e8b465ee728b)
Start importing Assets/Scripts/FireShooter.cs using Guid(b5b554dacb116df578925792f74ac1d9) Importer(815301076,1909f56bfc062723c751e8b465ee728b) (PreviewImporter) -> (artifact id: '00000000000000000000000000000000') in 0.00050289 seconds
Import Error Code:(4)
Message: Build asset version error: assets/scripts/fireshooter.cs in SourceAssetDB has modification time of '2026-04-26T17:42:50Z' while content on disk has modification time of '2026-04-26T17:43:02Z'
  ERROR: Build asset version error: assets/scripts/fireshooter.cs in SourceAssetDB has modification time of '2026-04-26T17:42:50Z' while content on disk has modification time of '2026-04-26T17:43:02Z'
Number of updated asset objects reloaded before import = 0Number of asset objects unloaded after import = 0

========================================================================
Received Import Request.
  Time since last request: 0.022001 seconds.
  path: Assets/Scripts/FireShooter.cs
  artifactKey: Guid(b5b554dacb116df578925792f74ac1d9) Importer(815301076,1909f56bfc062723c751e8b465ee728b)
Start importing Assets/Scripts/FireShooter.cs using Guid(b5b554dacb116df578925792f74ac1d9) Importer(815301076,1909f56bfc062723c751e8b465ee728b) (PreviewImporter) -> (artifact id: '00000000000000000000000000000000') in 0.000476118 seconds
Import Error Code:(4)
Message: Build asset version error: assets/scripts/fireshooter.cs in SourceAssetDB has modification time of '2026-04-26T17:42:50Z' while content on disk has modification time of '2026-04-26T17:43:02Z'
  ERROR: Build asset version error: assets/scripts/fireshooter.cs in SourceAssetDB has modification time of '2026-04-26T17:42:50Z' while content on disk has modification time of '2026-04-26T17:43:02Z'
Number of updated asset objects reloaded before import = 0Number of asset objects unloaded after import = 0

========================================================================
Received Import Request.
  Time since last request: 0.029469 seconds.
  path: Assets/Scripts/FireShooter.cs
  artifactKey: Guid(b5b554dacb116df578925792f74ac1d9) Importer(815301076,1909f56bfc062723c751e8b465ee728b)
Start importing Assets/Scripts/FireShooter.cs using Guid(b5b554dacb116df578925792f74ac1d9) Importer(815301076,1909f56bfc062723c751e8b465ee728b) (PreviewImporter) -> (artifact id: '00000000000000000000000000000000') in 0.000420754 seconds
Import Error Code:(4)
Message: Build asset version error: assets/scripts/fireshooter.cs in SourceAssetDB has modification time of '2026-04-26T17:42:50Z' while content on disk has modification time of '2026-04-26T17:43:02Z'
  ERROR: Build asset version error: assets/scripts/fireshooter.cs in SourceAssetDB has modification time of '2026-04-26T17:42:50Z' while content on disk has modification time of '2026-04-26T17:43:02Z'
Number of updated asset objects reloaded before import = 0Number of asset objects unloaded after import = 0

========================================================================
Received Import Request.
  Time since last request: 0.025664 seconds.
  path: Assets/Scripts/FireShooter.cs
  artifactKey: Guid(b5b554dacb116df578925792f74ac1d9) Importer(815301076,1909f56bfc062723c751e8b465ee728b)
Start importing Assets/Scripts/FireShooter.cs using Guid(b5b554dacb116df578925792f74ac1d9) Importer(815301076,1909f56bfc062723c751e8b465ee728b) (PreviewImporter) -> (artifact id: '00000000000000000000000000000000') in 0.000343163 seconds
Import Error Code:(4)
Message: Build asset version error: assets/scripts/fireshooter.cs in SourceAssetDB has modification time of '2026-04-26T17:42:50Z' while content on disk has modification time of '2026-04-26T17:43:02Z'
  ERROR: Build asset version error: assets/scripts/fireshooter.cs in SourceAssetDB has modification time of '2026-04-26T17:42:50Z' while content on disk has modification time of '2026-04-26T17:43:02Z'
Number of updated asset objects reloaded before import = 0Number of asset objects unloaded after import = 0

========================================================================
Received Import Request.
  Time since last request: 0.034311 seconds.
  path: Assets/Scripts/FireShooter.cs
  artifactKey: Guid(b5b554dacb116df578925792f74ac1d9) Importer(815301076,1909f56bfc062723c751e8b465ee728b)
Start importing Assets/Scripts/FireShooter.cs using Guid(b5b554dacb116df578925792f74ac1d9) Importer(815301076,1909f56bfc062723c751e8b465ee728b) (PreviewImporter) -> (artifact id: '00000000000000000000000000000000') in 0.000355912 seconds
Import Error Code:(4)
Message: Build asset version error: assets/scripts/fireshooter.cs in SourceAssetDB has modification time of '2026-04-26T17:42:50Z' while content on disk has modification time of '2026-04-26T17:43:02Z'
  ERROR: Build asset version error: assets/scripts/fireshooter.cs in SourceAssetDB has modification time of '2026-04-26T17:42:50Z' while content on disk has modification time of '2026-04-26T17:43:02Z'
Number of updated asset objects reloaded before import = 0Number of asset objects unloaded after import = 0

========================================================================
Received Import Request.
  Time since last request: 0.014429 seconds.
  path: Assets/Scripts/FireShooter.cs
  artifactKey: Guid(b5b554dacb116df578925792f74ac1d9) Importer(815301076,1909f56bfc062723c751e8b465ee728b)
Start importing Assets/Scripts/FireShooter.cs using Guid(b5b554dacb116df578925792f74ac1d9) Importer(815301076,1909f56bfc062723c751e8b465ee728b) (PreviewImporter) -> (artifact id: '00000000000000000000000000000000') in 0.000443345 seconds
Import Error Code:(4)
Message: Build asset version error: assets/scripts/fireshooter.cs in SourceAssetDB has modification time of '2026-04-26T17:42:50Z' while content on disk has modification time of '2026-04-26T17:43:02Z'
  ERROR: Build asset version error: assets/scripts/fireshooter.cs in SourceAssetDB has modification time of '2026-04-26T17:42:50Z' while content on disk has modification time of '2026-04-26T17:43:02Z'
Number of updated asset objects reloaded before import = 0Number of asset objects unloaded after import = 0

========================================================================
Received Import Request.
  Time since last request: 0.036000 seconds.
  path: Assets/Scripts/FireShooter.cs
  artifactKey: Guid(b5b554dacb116df578925792f74ac1d9) Importer(815301076,1909f56bfc062723c751e8b465ee728b)
Start importing Assets/Scripts/FireShooter.cs using Guid(b5b554dacb116df578925792f74ac1d9) Importer(815301076,1909f56bfc062723c751e8b465ee728b) (PreviewImporter) -> (artifact id: '00000000000000000000000000000000') in 0.000370767 seconds
Import Error Code:(4)
Message: Build asset version error: assets/scripts/fireshooter.cs in SourceAssetDB has modification time of '2026-04-26T17:42:50Z' while content on disk has modification time of '2026-04-26T17:43:02Z'
  ERROR: Build asset version error: assets/scripts/fireshooter.cs in SourceAssetDB has modification time of '2026-04-26T17:42:50Z' while content on disk has modification time of '2026-04-26T17:43:02Z'
Number of updated asset objects reloaded before import = 0Number of asset objects unloaded after import = 0

========================================================================
Received Import Request.
  Time since last request: 0.011047 seconds.
  path: Assets/Scripts/FireShooter.cs
  artifactKey: Guid(b5b554dacb116df578925792f74ac1d9) Importer(815301076,1909f56bfc062723c751e8b465ee728b)
Start importing Assets/Scripts/FireShooter.cs using Guid(b5b554dacb116df578925792f74ac1d9) Importer(815301076,1909f56bfc062723c751e8b465ee728b) (PreviewImporter) -> (artifact id: '00000000000000000000000000000000') in 0.000344145 seconds
Import Error Code:(4)
Message: Build asset version error: assets/scripts/fireshooter.cs in SourceAssetDB has modification time of '2026-04-26T17:42:50Z' while content on disk has modification time of '2026-04-26T17:43:02Z'
  ERROR: Build asset version error: assets/scripts/fireshooter.cs in SourceAssetDB has modification time of '2026-04-26T17:42:50Z' while content on disk has modification time of '2026-04-26T17:43:02Z'
Number of updated asset objects reloaded before import = 0Number of asset objects unloaded after import = 0

========================================================================
Received Import Request.
  Time since last request: 0.010800 seconds.
  path: Assets/Scripts/FireShooter.cs
  artifactKey: Guid(b5b554dacb116df578925792f74ac1d9) Importer(815301076,1909f56bfc062723c751e8b465ee728b)
Start importing Assets/Scripts/FireShooter.cs using Guid(b5b554dacb116df578925792f74ac1d9) Importer(815301076,1909f56bfc062723c751e8b465ee728b) (PreviewImporter) -> (artifact id: '00000000000000000000000000000000') in 0.000387074 seconds
Import Error Code:(4)
Message: Build asset version error: assets/scripts/fireshooter.cs in SourceAssetDB has modification time of '2026-04-26T17:42:50Z' while content on disk has modification time of '2026-04-26T17:43:02Z'
  ERROR: Build asset version error: assets/scripts/fireshooter.cs in SourceAssetDB has modification time of '2026-04-26T17:42:50Z' while content on disk has modification time of '2026-04-26T17:43:02Z'
Number of updated asset objects reloaded before import = 0Number of asset objects unloaded after import = 0

========================================================================
Received Import Request.
  Time since last request: 0.037714 seconds.
  path: Assets/Scripts/FireShooter.cs
  artifactKey: Guid(b5b554dacb116df578925792f74ac1d9) Importer(815301076,1909f56bfc062723c751e8b465ee728b)
Start importing Assets/Scripts/FireShooter.cs using Guid(b5b554dacb116df578925792f74ac1d9) Importer(815301076,1909f56bfc062723c751e8b465ee728b) (PreviewImporter) -> (artifact id: '00000000000000000000000000000000') in 0.001091467 seconds
Import Error Code:(4)
Message: Build asset version error: assets/scripts/fireshooter.cs in SourceAssetDB has modification time of '2026-04-26T17:42:50Z' while content on disk has modification time of '2026-04-26T17:43:02Z'
  ERROR: Build asset version error: assets/scripts/fireshooter.cs in SourceAssetDB has modification time of '2026-04-26T17:42:50Z' while content on disk has modification time of '2026-04-26T17:43:02Z'
Number of updated asset objects reloaded before import = 0Number of asset objects unloaded after import = 0

========================================================================
Received Import Request.
  Time since last request: 0.018589 seconds.
  path: Assets/Scripts/FireShooter.cs
  artifactKey: Guid(b5b554dacb116df578925792f74ac1d9) Importer(815301076,1909f56bfc062723c751e8b465ee728b)
Start importing Assets/Scripts/FireShooter.cs using Guid(b5b554dacb116df578925792f74ac1d9) Importer(815301076,1909f56bfc062723c751e8b465ee728b) (PreviewImporter) -> (artifact id: '00000000000000000000000000000000') in 0.000402629 seconds
Import Error Code:(4)
Message: Build asset version error: assets/scripts/fireshooter.cs in SourceAssetDB has modification time of '2026-04-26T17:42:50Z' while content on disk has modification time of '2026-04-26T17:43:02Z'
  ERROR: Build asset version error: assets/scripts/fireshooter.cs in SourceAssetDB has modification time of '2026-04-26T17:42:50Z' while content on disk has modification time of '2026-04-26T17:43:02Z'
Number of updated asset objects reloaded before import = 0Number of asset objects unloaded after import = 0

========================================================================
Received Import Request.
  Time since last request: 0.028378 seconds.
  path: Assets/Scripts/FireShooter.cs
  artifactKey: Guid(b5b554dacb116df578925792f74ac1d9) Importer(815301076,1909f56bfc062723c751e8b465ee728b)
Start importing Assets/Scripts/FireShooter.cs using Guid(b5b554dacb116df578925792f74ac1d9) Importer(815301076,1909f56bfc062723c751e8b465ee728b) (PreviewImporter) -> (artifact id: '00000000000000000000000000000000') in 0.000440518 seconds
Import Error Code:(4)
Message: Build asset version error: assets/scripts/fireshooter.cs in SourceAssetDB has modification time of '2026-04-26T17:42:50Z' while content on disk has modification time of '2026-04-26T17:43:02Z'
  ERROR: Build asset version error: assets/scripts/fireshooter.cs in SourceAssetDB has modification time of '2026-04-26T17:42:50Z' while content on disk has modification time of '2026-04-26T17:43:02Z'
Number of updated asset objects reloaded before import = 0Number of asset objects unloaded after import = 0

========================================================================
Received Import Request.
  Time since last request: 0.027764 seconds.
  path: Assets/Scripts/FireShooter.cs
  artifactKey: Guid(b5b554dacb116df578925792f74ac1d9) Importer(815301076,1909f56bfc062723c751e8b465ee728b)
Start importing Assets/Scripts/FireShooter.cs using Guid(b5b554dacb116df578925792f74ac1d9) Importer(815301076,1909f56bfc062723c751e8b465ee728b) (PreviewImporter) -> (artifact id: '00000000000000000000000000000000') in 0.000389609 seconds
Import Error Code:(4)
Message: Build asset version error: assets/scripts/fireshooter.cs in SourceAssetDB has modification time of '2026-04-26T17:42:50Z' while content on disk has modification time of '2026-04-26T17:43:02Z'
  ERROR: Build asset version error: assets/scripts/fireshooter.cs in SourceAssetDB has modification time of '2026-04-26T17:42:50Z' while content on disk has modification time of '2026-04-26T17:43:02Z'
Number of updated asset objects reloaded before import = 0Number of asset objects unloaded after import = 0

========================================================================
Received Import Request.
  Time since last request: 0.031089 seconds.
  path: Assets/Scripts/FireShooter.cs
  artifactKey: Guid(b5b554dacb116df578925792f74ac1d9) Importer(815301076,1909f56bfc062723c751e8b465ee728b)
Start importing Assets/Scripts/FireShooter.cs using Guid(b5b554dacb116df578925792f74ac1d9) Importer(815301076,1909f56bfc062723c751e8b465ee728b) (PreviewImporter) -> (artifact id: '00000000000000000000000000000000') in 0.000491433 seconds
Import Error Code:(4)
Message: Build asset version error: assets/scripts/fireshooter.cs in SourceAssetDB has modification time of '2026-04-26T17:42:50Z' while content on disk has modification time of '2026-04-26T17:43:02Z'
  ERROR: Build asset version error: assets/scripts/fireshooter.cs in SourceAssetDB has modification time of '2026-04-26T17:42:50Z' while content on disk has modification time of '2026-04-26T17:43:02Z'
Number of updated asset objects reloaded before import = 0Number of asset objects unloaded after import = 0

========================================================================
Received Import Request.
  Time since last request: 0.025261 seconds.
  path: Assets/Scripts/FireShooter.cs
  artifactKey: Guid(b5b554dacb116df578925792f74ac1d9) Importer(815301076,1909f56bfc062723c751e8b465ee728b)
Start importing Assets/Scripts/FireShooter.cs using Guid(b5b554dacb116df578925792f74ac1d9) Importer(815301076,1909f56bfc062723c751e8b465ee728b) (PreviewImporter) -> (artifact id: '00000000000000000000000000000000') in 0.00037569 seconds
Import Error Code:(4)
Message: Build asset version error: assets/scripts/fireshooter.cs in SourceAssetDB has modification time of '2026-04-26T17:42:50Z' while content on disk has modification time of '2026-04-26T17:43:02Z'
  ERROR: Build asset version error: assets/scripts/fireshooter.cs in SourceAssetDB has modification time of '2026-04-26T17:42:50Z' while content on disk has modification time of '2026-04-26T17:43:02Z'
Number of updated asset objects reloaded before import = 0Number of asset objects unloaded after import = 0

========================================================================
Received Import Request.
  Time since last request: 0.027048 seconds.
  path: Assets/Scripts/FireShooter.cs
  artifactKey: Guid(b5b554dacb116df578925792f74ac1d9) Importer(815301076,1909f56bfc062723c751e8b465ee728b)
Start importing Assets/Scripts/FireShooter.cs using Guid(b5b554dacb116df578925792f74ac1d9) Importer(815301076,1909f56bfc062723c751e8b465ee728b) (PreviewImporter) -> (artifact id: '00000000000000000000000000000000') in 0.00036729 seconds
Import Error Code:(4)
Message: Build asset version error: assets/scripts/fireshooter.cs in SourceAssetDB has modification time of '2026-04-26T17:42:50Z' while content on disk has modification time of '2026-04-26T17:43:02Z'
  ERROR: Build asset version error: assets/scripts/fireshooter.cs in SourceAssetDB has modification time of '2026-04-26T17:42:50Z' while content on disk has modification time of '2026-04-26T17:43:02Z'
Number of updated asset objects reloaded before import = 0Number of asset objects unloaded after import = 0

========================================================================
Received Import Request.
  Time since last request: 0.034843 seconds.
  path: Assets/Scripts/FireShooter.cs
  artifactKey: Guid(b5b554dacb116df578925792f74ac1d9) Importer(815301076,1909f56bfc062723c751e8b465ee728b)
Start importing Assets/Scripts/FireShooter.cs using Guid(b5b554dacb116df578925792f74ac1d9) Importer(815301076,1909f56bfc062723c751e8b465ee728b) (PreviewImporter) -> (artifact id: '00000000000000000000000000000000') in 0.000421813 seconds
Import Error Code:(4)
Message: Build asset version error: assets/scripts/fireshooter.cs in SourceAssetDB has modification time of '2026-04-26T17:42:50Z' while content on disk has modification time of '2026-04-26T17:43:02Z'
  ERROR: Build asset version error: assets/scripts/fireshooter.cs in SourceAssetDB has modification time of '2026-04-26T17:42:50Z' while content on disk has modification time of '2026-04-26T17:43:02Z'
Number of updated asset objects reloaded before import = 0Number of asset objects unloaded after import = 0

========================================================================
Received Import Request.
  Time since last request: 0.030271 seconds.
  path: Assets/Scripts/FireShooter.cs
  artifactKey: Guid(b5b554dacb116df578925792f74ac1d9) Importer(815301076,1909f56bfc062723c751e8b465ee728b)
Start importing Assets/Scripts/FireShooter.cs using Guid(b5b554dacb116df578925792f74ac1d9) Importer(815301076,1909f56bfc062723c751e8b465ee728b) (PreviewImporter) -> (artifact id: '00000000000000000000000000000000') in 0.000448626 seconds
Import Error Code:(4)
Message: Build asset version error: assets/scripts/fireshooter.cs in SourceAssetDB has modification time of '2026-04-26T17:42:50Z' while content on disk has modification time of '2026-04-26T17:43:02Z'
  ERROR: Build asset version error: assets/scripts/fireshooter.cs in SourceAssetDB has modification time of '2026-04-26T17:42:50Z' while content on disk has modification time of '2026-04-26T17:43:02Z'
Number of updated asset objects reloaded before import = 0Number of asset objects unloaded after import = 0

========================================================================
Received Import Request.
  Time since last request: 0.028112 seconds.
  path: Assets/Scripts/FireShooter.cs
  artifactKey: Guid(b5b554dacb116df578925792f74ac1d9) Importer(815301076,1909f56bfc062723c751e8b465ee728b)
Start importing Assets/Scripts/FireShooter.cs using Guid(b5b554dacb116df578925792f74ac1d9) Importer(815301076,1909f56bfc062723c751e8b465ee728b) (PreviewImporter) -> (artifact id: '00000000000000000000000000000000') in 0.000385193 seconds
Import Error Code:(4)
Message: Build asset version error: assets/scripts/fireshooter.cs in SourceAssetDB has modification time of '2026-04-26T17:42:50Z' while content on disk has modification time of '2026-04-26T17:43:02Z'
  ERROR: Build asset version error: assets/scripts/fireshooter.cs in SourceAssetDB has modification time of '2026-04-26T17:42:50Z' while content on disk has modification time of '2026-04-26T17:43:02Z'
Number of updated asset objects reloaded before import = 0Number of asset objects unloaded after import = 0

========================================================================
Received Import Request.
  Time since last request: 0.047575 seconds.
  path: Assets/Scripts/FireShooter.cs
  artifactKey: Guid(b5b554dacb116df578925792f74ac1d9) Importer(815301076,1909f56bfc062723c751e8b465ee728b)
Start importing Assets/Scripts/FireShooter.cs using Guid(b5b554dacb116df578925792f74ac1d9) Importer(815301076,1909f56bfc062723c751e8b465ee728b) (PreviewImporter) -> (artifact id: '00000000000000000000000000000000') in 0.000431911 seconds
Import Error Code:(4)
Message: Build asset version error: assets/scripts/fireshooter.cs in SourceAssetDB has modification time of '2026-04-26T17:42:50Z' while content on disk has modification time of '2026-04-26T17:43:02Z'
  ERROR: Build asset version error: assets/scripts/fireshooter.cs in SourceAssetDB has modification time of '2026-04-26T17:42:50Z' while content on disk has modification time of '2026-04-26T17:43:02Z'
Number of updated asset objects reloaded before import = 0Number of asset objects unloaded after import = 0

========================================================================
Received Import Request.
  Time since last request: 0.016481 seconds.
  path: Assets/Scripts/FireShooter.cs
  artifactKey: Guid(b5b554dacb116df578925792f74ac1d9) Importer(815301076,1909f56bfc062723c751e8b465ee728b)
Start importing Assets/Scripts/FireShooter.cs using Guid(b5b554dacb116df578925792f74ac1d9) Importer(815301076,1909f56bfc062723c751e8b465ee728b) (PreviewImporter) -> (artifact id: '00000000000000000000000000000000') in 0.00040599 seconds
Import Error Code:(4)
Message: Build asset version error: assets/scripts/fireshooter.cs in SourceAssetDB has modification time of '2026-04-26T17:42:50Z' while content on disk has modification time of '2026-04-26T17:43:02Z'
  ERROR: Build asset version error: assets/scripts/fireshooter.cs in SourceAssetDB has modification time of '2026-04-26T17:42:50Z' while content on disk has modification time of '2026-04-26T17:43:02Z'
Number of updated asset objects reloaded before import = 0Number of asset objects unloaded after import = 0

========================================================================
Received Import Request.
  Time since last request: 0.028208 seconds.
  path: Assets/Scripts/FireShooter.cs
  artifactKey: Guid(b5b554dacb116df578925792f74ac1d9) Importer(815301076,1909f56bfc062723c751e8b465ee728b)
Start importing Assets/Scripts/FireShooter.cs using Guid(b5b554dacb116df578925792f74ac1d9) Importer(815301076,1909f56bfc062723c751e8b465ee728b) (PreviewImporter) -> (artifact id: '00000000000000000000000000000000') in 0.000464159 seconds
Import Error Code:(4)
Message: Build asset version error: assets/scripts/fireshooter.cs in SourceAssetDB has modification time of '2026-04-26T17:42:50Z' while content on disk has modification time of '2026-04-26T17:43:02Z'
  ERROR: Build asset version error: assets/scripts/fireshooter.cs in SourceAssetDB has modification time of '2026-04-26T17:42:50Z' while content on disk has modification time of '2026-04-26T17:43:02Z'
Number of updated asset objects reloaded before import = 0Number of asset objects unloaded after import = 0

========================================================================
Received Import Request.
  Time since last request: 0.034197 seconds.
  path: Assets/Scripts/FireShooter.cs
  artifactKey: Guid(b5b554dacb116df578925792f74ac1d9) Importer(815301076,1909f56bfc062723c751e8b465ee728b)
Start importing Assets/Scripts/FireShooter.cs using Guid(b5b554dacb116df578925792f74ac1d9) Importer(815301076,1909f56bfc062723c751e8b465ee728b) (PreviewImporter) -> (artifact id: '00000000000000000000000000000000') in 0.000476458 seconds
Import Error Code:(4)
Message: Build asset version error: assets/scripts/fireshooter.cs in SourceAssetDB has modification time of '2026-04-26T17:42:50Z' while content on disk has modification time of '2026-04-26T17:43:02Z'
  ERROR: Build asset version error: assets/scripts/fireshooter.cs in SourceAssetDB has modification time of '2026-04-26T17:42:50Z' while content on disk has modification time of '2026-04-26T17:43:02Z'
Number of updated asset objects reloaded before import = 0Number of asset objects unloaded after import = 0

========================================================================
Received Import Request.
  Time since last request: 0.021653 seconds.
  path: Assets/Scripts/FireShooter.cs
  artifactKey: Guid(b5b554dacb116df578925792f74ac1d9) Importer(815301076,1909f56bfc062723c751e8b465ee728b)
Start importing Assets/Scripts/FireShooter.cs using Guid(b5b554dacb116df578925792f74ac1d9) Importer(815301076,1909f56bfc062723c751e8b465ee728b) (PreviewImporter) -> (artifact id: '00000000000000000000000000000000') in 0.000532345 seconds
Import Error Code:(4)
Message: Build asset version error: assets/scripts/fireshooter.cs in SourceAssetDB has modification time of '2026-04-26T17:42:50Z' while content on disk has modification time of '2026-04-26T17:43:02Z'
  ERROR: Build asset version error: assets/scripts/fireshooter.cs in SourceAssetDB has modification time of '2026-04-26T17:42:50Z' while content on disk has modification time of '2026-04-26T17:43:02Z'
Number of updated asset objects reloaded before import = 0Number of asset objects unloaded after import = 0

========================================================================
Received Import Request.
  Time since last request: 0.018928 seconds.
  path: Assets/Scripts/FireShooter.cs
  artifactKey: Guid(b5b554dacb116df578925792f74ac1d9) Importer(815301076,1909f56bfc062723c751e8b465ee728b)
Start importing Assets/Scripts/FireShooter.cs using Guid(b5b554dacb116df578925792f74ac1d9) Importer(815301076,1909f56bfc062723c751e8b465ee728b) (PreviewImporter) -> (artifact id: '00000000000000000000000000000000') in 0.000534637 seconds
Import Error Code:(4)
Message: Build asset version error: assets/scripts/fireshooter.cs in SourceAssetDB has modification time of '2026-04-26T17:42:50Z' while content on disk has modification time of '2026-04-26T17:43:02Z'
  ERROR: Build asset version error: assets/scripts/fireshooter.cs in SourceAssetDB has modification time of '2026-04-26T17:42:50Z' while content on disk has modification time of '2026-04-26T17:43:02Z'
Number of updated asset objects reloaded before import = 0Number of asset objects unloaded after import = 0

========================================================================
Received Import Request.
  Time since last request: 0.033656 seconds.
  path: Assets/Scripts/FireShooter.cs
  artifactKey: Guid(b5b554dacb116df578925792f74ac1d9) Importer(815301076,1909f56bfc062723c751e8b465ee728b)
Start importing Assets/Scripts/FireShooter.cs using Guid(b5b554dacb116df578925792f74ac1d9) Importer(815301076,1909f56bfc062723c751e8b465ee728b) (PreviewImporter) -> (artifact id: '00000000000000000000000000000000') in 0.000672706 seconds
Import Error Code:(4)
Message: Build asset version error: assets/scripts/fireshooter.cs in SourceAssetDB has modification time of '2026-04-26T17:42:50Z' while content on disk has modification time of '2026-04-26T17:43:02Z'
  ERROR: Build asset version error: assets/scripts/fireshooter.cs in SourceAssetDB has modification time of '2026-04-26T17:42:50Z' while content on disk has modification time of '2026-04-26T17:43:02Z'
Number of updated asset objects reloaded before import = 0Number of asset objects unloaded after import = 0

========================================================================
Received Import Request.
  Time since last request: 0.017429 seconds.
  path: Assets/Scripts/FireShooter.cs
  artifactKey: Guid(b5b554dacb116df578925792f74ac1d9) Importer(815301076,1909f56bfc062723c751e8b465ee728b)
Start importing Assets/Scripts/FireShooter.cs using Guid(b5b554dacb116df578925792f74ac1d9) Importer(815301076,1909f56bfc062723c751e8b465ee728b) (PreviewImporter) -> (artifact id: '00000000000000000000000000000000') in 0.000511519 seconds
Import Error Code:(4)
Message: Build asset version error: assets/scripts/fireshooter.cs in SourceAssetDB has modification time of '2026-04-26T17:42:50Z' while content on disk has modification time of '2026-04-26T17:43:02Z'
  ERROR: Build asset version error: assets/scripts/fireshooter.cs in SourceAssetDB has modification time of '2026-04-26T17:42:50Z' while content on disk has modification time of '2026-04-26T17:43:02Z'
Number of updated asset objects reloaded before import = 0Number of asset objects unloaded after import = 0

========================================================================
Received Import Request.
  Time since last request: 0.017406 seconds.
  path: Assets/Scripts/FireShooter.cs
  artifactKey: Guid(b5b554dacb116df578925792f74ac1d9) Importer(815301076,1909f56bfc062723c751e8b465ee728b)
Start importing Assets/Scripts/FireShooter.cs using Guid(b5b554dacb116df578925792f74ac1d9) Importer(815301076,1909f56bfc062723c751e8b465ee728b) (PreviewImporter) -> (artifact id: '00000000000000000000000000000000') in 0.000529941 seconds
Import Error Code:(4)
Message: Build asset version error: assets/scripts/fireshooter.cs in SourceAssetDB has modification time of '2026-04-26T17:42:50Z' while content on disk has modification time of '2026-04-26T17:43:02Z'
  ERROR: Build asset version error: assets/scripts/fireshooter.cs in SourceAssetDB has modification time of '2026-04-26T17:42:50Z' while content on disk has modification time of '2026-04-26T17:43:02Z'
Number of updated asset objects reloaded before import = 0Number of asset objects unloaded after import = 0

========================================================================
Received Import Request.
  Time since last request: 0.014184 seconds.
  path: Assets/Scripts/FireShooter.cs
  artifactKey: Guid(b5b554dacb116df578925792f74ac1d9) Importer(815301076,1909f56bfc062723c751e8b465ee728b)
Start importing Assets/Scripts/FireShooter.cs using Guid(b5b554dacb116df578925792f74ac1d9) Importer(815301076,1909f56bfc062723c751e8b465ee728b) (PreviewImporter) -> (artifact id: '00000000000000000000000000000000') in 0.000370946 seconds
Import Error Code:(4)
Message: Build asset version error: assets/scripts/fireshooter.cs in SourceAssetDB has modification time of '2026-04-26T17:42:50Z' while content on disk has modification time of '2026-04-26T17:43:02Z'
  ERROR: Build asset version error: assets/scripts/fireshooter.cs in SourceAssetDB has modification time of '2026-04-26T17:42:50Z' while content on disk has modification time of '2026-04-26T17:43:02Z'
Number of updated asset objects reloaded before import = 0Number of asset objects unloaded after import = 0

========================================================================
Received Import Request.
  Time since last request: 0.010417 seconds.
  path: Assets/Scripts/FireShooter.cs
  artifactKey: Guid(b5b554dacb116df578925792f74ac1d9) Importer(815301076,1909f56bfc062723c751e8b465ee728b)
Start importing Assets/Scripts/FireShooter.cs using Guid(b5b554dacb116df578925792f74ac1d9) Importer(815301076,1909f56bfc062723c751e8b465ee728b) (PreviewImporter) -> (artifact id: '00000000000000000000000000000000') in 0.000387706 seconds
Import Error Code:(4)
Message: Build asset version error: assets/scripts/fireshooter.cs in SourceAssetDB has modification time of '2026-04-26T17:42:50Z' while content on disk has modification time of '2026-04-26T17:43:02Z'
  ERROR: Build asset version error: assets/scripts/fireshooter.cs in SourceAssetDB has modification time of '2026-04-26T17:42:50Z' while content on disk has modification time of '2026-04-26T17:43:02Z'
Number of updated asset objects reloaded before import = 0Number of asset objects unloaded after import = 0

========================================================================
Received Import Request.
  Time since last request: 0.017488 seconds.
  path: Assets/Scripts/FireShooter.cs
  artifactKey: Guid(b5b554dacb116df578925792f74ac1d9) Importer(815301076,1909f56bfc062723c751e8b465ee728b)
Start importing Assets/Scripts/FireShooter.cs using Guid(b5b554dacb116df578925792f74ac1d9) Importer(815301076,1909f56bfc062723c751e8b465ee728b) (PreviewImporter) -> (artifact id: '00000000000000000000000000000000') in 0.000472185 seconds
Import Error Code:(4)
Message: Build asset version error: assets/scripts/fireshooter.cs in SourceAssetDB has modification time of '2026-04-26T17:42:50Z' while content on disk has modification time of '2026-04-26T17:43:02Z'
  ERROR: Build asset version error: assets/scripts/fireshooter.cs in SourceAssetDB has modification time of '2026-04-26T17:42:50Z' while content on disk has modification time of '2026-04-26T17:43:02Z'
Number of updated asset objects reloaded before import = 0Number of asset objects unloaded after import = 0

========================================================================
Received Import Request.
  Time since last request: 0.013505 seconds.
  path: Assets/Scripts/FireShooter.cs
  artifactKey: Guid(b5b554dacb116df578925792f74ac1d9) Importer(815301076,1909f56bfc062723c751e8b465ee728b)
Start importing Assets/Scripts/FireShooter.cs using Guid(b5b554dacb116df578925792f74ac1d9) Importer(815301076,1909f56bfc062723c751e8b465ee728b) (PreviewImporter) -> (artifact id: '00000000000000000000000000000000') in 0.00047847 seconds
Import Error Code:(4)
Message: Build asset version error: assets/scripts/fireshooter.cs in SourceAssetDB has modification time of '2026-04-26T17:42:50Z' while content on disk has modification time of '2026-04-26T17:43:02Z'
  ERROR: Build asset version error: assets/scripts/fireshooter.cs in SourceAssetDB has modification time of '2026-04-26T17:42:50Z' while content on disk has modification time of '2026-04-26T17:43:02Z'
Number of updated asset objects reloaded before import = 0Number of asset objects unloaded after import = 0

========================================================================
Received Import Request.
  Time since last request: 0.037955 seconds.
  path: Assets/Scripts/FireShooter.cs
  artifactKey: Guid(b5b554dacb116df578925792f74ac1d9) Importer(815301076,1909f56bfc062723c751e8b465ee728b)
Start importing Assets/Scripts/FireShooter.cs using Guid(b5b554dacb116df578925792f74ac1d9) Importer(815301076,1909f56bfc062723c751e8b465ee728b) (PreviewImporter) -> (artifact id: '00000000000000000000000000000000') in 0.000378447 seconds
Import Error Code:(4)
Message: Build asset version error: assets/scripts/fireshooter.cs in SourceAssetDB has modification time of '2026-04-26T17:42:50Z' while content on disk has modification time of '2026-04-26T17:43:02Z'
  ERROR: Build asset version error: assets/scripts/fireshooter.cs in SourceAssetDB has modification time of '2026-04-26T17:42:50Z' while content on disk has modification time of '2026-04-26T17:43:02Z'
Number of updated asset objects reloaded before import = 0Number of asset objects unloaded after import = 0

========================================================================
Received Import Request.
  Time since last request: 0.025735 seconds.
  path: Assets/Scripts/FireShooter.cs
  artifactKey: Guid(b5b554dacb116df578925792f74ac1d9) Importer(815301076,1909f56bfc062723c751e8b465ee728b)
Start importing Assets/Scripts/FireShooter.cs using Guid(b5b554dacb116df578925792f74ac1d9) Importer(815301076,1909f56bfc062723c751e8b465ee728b) (PreviewImporter) -> (artifact id: '00000000000000000000000000000000') in 0.000363477 seconds
Import Error Code:(4)
Message: Build asset version error: assets/scripts/fireshooter.cs in SourceAssetDB has modification time of '2026-04-26T17:42:50Z' while content on disk has modification time of '2026-04-26T17:43:02Z'
  ERROR: Build asset version error: assets/scripts/fireshooter.cs in SourceAssetDB has modification time of '2026-04-26T17:42:50Z' while content on disk has modification time of '2026-04-26T17:43:02Z'
Number of updated asset objects reloaded before import = 0Number of asset objects unloaded after import = 0

========================================================================
Received Import Request.
  Time since last request: 0.028970 seconds.
  path: Assets/Scripts/FireShooter.cs
  artifactKey: Guid(b5b554dacb116df578925792f74ac1d9) Importer(815301076,1909f56bfc062723c751e8b465ee728b)
Start importing Assets/Scripts/FireShooter.cs using Guid(b5b554dacb116df578925792f74ac1d9) Importer(815301076,1909f56bfc062723c751e8b465ee728b) (PreviewImporter) -> (artifact id: '00000000000000000000000000000000') in 0.000359479 seconds
Import Error Code:(4)
Message: Build asset version error: assets/scripts/fireshooter.cs in SourceAssetDB has modification time of '2026-04-26T17:42:50Z' while content on disk has modification time of '2026-04-26T17:43:02Z'
  ERROR: Build asset version error: assets/scripts/fireshooter.cs in SourceAssetDB has modification time of '2026-04-26T17:42:50Z' while content on disk has modification time of '2026-04-26T17:43:02Z'
Number of updated asset objects reloaded before import = 0Number of asset objects unloaded after import = 0

========================================================================
Received Import Request.
  Time since last request: 0.029626 seconds.
  path: Assets/Scripts/FireShooter.cs
  artifactKey: Guid(b5b554dacb116df578925792f74ac1d9) Importer(815301076,1909f56bfc062723c751e8b465ee728b)
Start importing Assets/Scripts/FireShooter.cs using Guid(b5b554dacb116df578925792f74ac1d9) Importer(815301076,1909f56bfc062723c751e8b465ee728b) (PreviewImporter) -> (artifact id: '00000000000000000000000000000000') in 0.000365085 seconds
Import Error Code:(4)
Message: Build asset version error: assets/scripts/fireshooter.cs in SourceAssetDB has modification time of '2026-04-26T17:42:50Z' while content on disk has modification time of '2026-04-26T17:43:02Z'
  ERROR: Build asset version error: assets/scripts/fireshooter.cs in SourceAssetDB has modification time of '2026-04-26T17:42:50Z' while content on disk has modification time of '2026-04-26T17:43:02Z'
Number of updated asset objects reloaded before import = 0Number of asset objects unloaded after import = 0

========================================================================
Received Import Request.
  Time since last request: 0.023259 seconds.
  path: Assets/Scripts/FireShooter.cs
  artifactKey: Guid(b5b554dacb116df578925792f74ac1d9) Importer(815301076,1909f56bfc062723c751e8b465ee728b)
Start importing Assets/Scripts/FireShooter.cs using Guid(b5b554dacb116df578925792f74ac1d9) Importer(815301076,1909f56bfc062723c751e8b465ee728b) (PreviewImporter) -> (artifact id: '00000000000000000000000000000000') in 0.000364022 seconds
Import Error Code:(4)
Message: Build asset version error: assets/scripts/fireshooter.cs in SourceAssetDB has modification time of '2026-04-26T17:42:50Z' while content on disk has modification time of '2026-04-26T17:43:02Z'
  ERROR: Build asset version error: assets/scripts/fireshooter.cs in SourceAssetDB has modification time of '2026-04-26T17:42:50Z' while content on disk has modification time of '2026-04-26T17:43:02Z'
Number of updated asset objects reloaded before import = 0Number of asset objects unloaded after import = 0

========================================================================
Received Import Request.
  Time since last request: 0.036825 seconds.
  path: Assets/Scripts/FireShooter.cs
  artifactKey: Guid(b5b554dacb116df578925792f74ac1d9) Importer(815301076,1909f56bfc062723c751e8b465ee728b)
Start importing Assets/Scripts/FireShooter.cs using Guid(b5b554dacb116df578925792f74ac1d9) Importer(815301076,1909f56bfc062723c751e8b465ee728b) (PreviewImporter) -> (artifact id: '00000000000000000000000000000000') in 0.000341421 seconds
Import Error Code:(4)
Message: Build asset version error: assets/scripts/fireshooter.cs in SourceAssetDB has modification time of '2026-04-26T17:42:50Z' while content on disk has modification time of '2026-04-26T17:43:02Z'
  ERROR: Build asset version error: assets/scripts/fireshooter.cs in SourceAssetDB has modification time of '2026-04-26T17:42:50Z' while content on disk has modification time of '2026-04-26T17:43:02Z'
Number of updated asset objects reloaded before import = 0Number of asset objects unloaded after import = 0

========================================================================
Received Import Request.
  Time since last request: 0.032873 seconds.
  path: Assets/Scripts/FireShooter.cs
  artifactKey: Guid(b5b554dacb116df578925792f74ac1d9) Importer(815301076,1909f56bfc062723c751e8b465ee728b)
Start importing Assets/Scripts/FireShooter.cs using Guid(b5b554dacb116df578925792f74ac1d9) Importer(815301076,1909f56bfc062723c751e8b465ee728b) (PreviewImporter) -> (artifact id: '00000000000000000000000000000000') in 0.000444211 seconds
Import Error Code:(4)
Message: Build asset version error: assets/scripts/fireshooter.cs in SourceAssetDB has modification time of '2026-04-26T17:42:50Z' while content on disk has modification time of '2026-04-26T17:43:02Z'
  ERROR: Build asset version error: assets/scripts/fireshooter.cs in SourceAssetDB has modification time of '2026-04-26T17:42:50Z' while content on disk has modification time of '2026-04-26T17:43:02Z'
Number of updated asset objects reloaded before import = 0Number of asset objects unloaded after import = 0

========================================================================
Received Import Request.
  Time since last request: 0.026335 seconds.
  path: Assets/Scripts/FireShooter.cs
  artifactKey: Guid(b5b554dacb116df578925792f74ac1d9) Importer(815301076,1909f56bfc062723c751e8b465ee728b)
Start importing Assets/Scripts/FireShooter.cs using Guid(b5b554dacb116df578925792f74ac1d9) Importer(815301076,1909f56bfc062723c751e8b465ee728b) (PreviewImporter) -> (artifact id: '00000000000000000000000000000000') in 0.000398774 seconds
Import Error Code:(4)
Message: Build asset version error: assets/scripts/fireshooter.cs in SourceAssetDB has modification time of '2026-04-26T17:42:50Z' while content on disk has modification time of '2026-04-26T17:43:02Z'
  ERROR: Build asset version error: assets/scripts/fireshooter.cs in SourceAssetDB has modification time of '2026-04-26T17:42:50Z' while content on disk has modification time of '2026-04-26T17:43:02Z'
Number of updated asset objects reloaded before import = 0Number of asset objects unloaded after import = 0

========================================================================
Received Import Request.
  Time since last request: 0.044022 seconds.
  path: Assets/Scripts/FireShooter.cs
  artifactKey: Guid(b5b554dacb116df578925792f74ac1d9) Importer(815301076,1909f56bfc062723c751e8b465ee728b)
Start importing Assets/Scripts/FireShooter.cs using Guid(b5b554dacb116df578925792f74ac1d9) Importer(815301076,1909f56bfc062723c751e8b465ee728b) (PreviewImporter) -> (artifact id: '00000000000000000000000000000000') in 0.000390027 seconds
Import Error Code:(4)
Message: Build asset version error: assets/scripts/fireshooter.cs in SourceAssetDB has modification time of '2026-04-26T17:42:50Z' while content on disk has modification time of '2026-04-26T17:43:02Z'
  ERROR: Build asset version error: assets/scripts/fireshooter.cs in SourceAssetDB has modification time of '2026-04-26T17:42:50Z' while content on disk has modification time of '2026-04-26T17:43:02Z'
Number of updated asset objects reloaded before import = 0Number of asset objects unloaded after import = 0

========================================================================
Received Import Request.
  Time since last request: 0.021810 seconds.
  path: Assets/Scripts/FireShooter.cs
  artifactKey: Guid(b5b554dacb116df578925792f74ac1d9) Importer(815301076,1909f56bfc062723c751e8b465ee728b)
Start importing Assets/Scripts/FireShooter.cs using Guid(b5b554dacb116df578925792f74ac1d9) Importer(815301076,1909f56bfc062723c751e8b465ee728b) (PreviewImporter) -> (artifact id: '00000000000000000000000000000000') in 0.000418679 seconds
Import Error Code:(4)
Message: Build asset version error: assets/scripts/fireshooter.cs in SourceAssetDB has modification time of '2026-04-26T17:42:50Z' while content on disk has modification time of '2026-04-26T17:43:02Z'
  ERROR: Build asset version error: assets/scripts/fireshooter.cs in SourceAssetDB has modification time of '2026-04-26T17:42:50Z' while content on disk has modification time of '2026-04-26T17:43:02Z'
Number of updated asset objects reloaded before import = 0Number of asset objects unloaded after import = 0

========================================================================
Received Import Request.
  Time since last request: 0.026090 seconds.
  path: Assets/Scripts/FireShooter.cs
  artifactKey: Guid(b5b554dacb116df578925792f74ac1d9) Importer(815301076,1909f56bfc062723c751e8b465ee728b)
Start importing Assets/Scripts/FireShooter.cs using Guid(b5b554dacb116df578925792f74ac1d9) Importer(815301076,1909f56bfc062723c751e8b465ee728b) (PreviewImporter) -> (artifact id: '00000000000000000000000000000000') in 0.000501256 seconds
Import Error Code:(4)
Message: Build asset version error: assets/scripts/fireshooter.cs in SourceAssetDB has modification time of '2026-04-26T17:42:50Z' while content on disk has modification time of '2026-04-26T17:43:02Z'
  ERROR: Build asset version error: assets/scripts/fireshooter.cs in SourceAssetDB has modification time of '2026-04-26T17:42:50Z' while content on disk has modification time of '2026-04-26T17:43:02Z'
Number of updated asset objects reloaded before import = 0Number of asset objects unloaded after import = 0

========================================================================
Received Import Request.
  Time since last request: 0.024011 seconds.
  path: Assets/Scripts/FireShooter.cs
  artifactKey: Guid(b5b554dacb116df578925792f74ac1d9) Importer(815301076,1909f56bfc062723c751e8b465ee728b)
Start importing Assets/Scripts/FireShooter.cs using Guid(b5b554dacb116df578925792f74ac1d9) Importer(815301076,1909f56bfc062723c751e8b465ee728b) (PreviewImporter) -> (artifact id: '00000000000000000000000000000000') in 0.000425397 seconds
Import Error Code:(4)
Message: Build asset version error: assets/scripts/fireshooter.cs in SourceAssetDB has modification time of '2026-04-26T17:42:50Z' while content on disk has modification time of '2026-04-26T17:43:02Z'
  ERROR: Build asset version error: assets/scripts/fireshooter.cs in SourceAssetDB has modification time of '2026-04-26T17:42:50Z' while content on disk has modification time of '2026-04-26T17:43:02Z'
Number of updated asset objects reloaded before import = 0Number of asset objects unloaded after import = 0

========================================================================
Received Import Request.
  Time since last request: 0.042971 seconds.
  path: Assets/Scripts/FireShooter.cs
  artifactKey: Guid(b5b554dacb116df578925792f74ac1d9) Importer(815301076,1909f56bfc062723c751e8b465ee728b)
Start importing Assets/Scripts/FireShooter.cs using Guid(b5b554dacb116df578925792f74ac1d9) Importer(815301076,1909f56bfc062723c751e8b465ee728b) (PreviewImporter) -> (artifact id: '00000000000000000000000000000000') in 0.000564916 seconds
Import Error Code:(4)
Message: Build asset version error: assets/scripts/fireshooter.cs in SourceAssetDB has modification time of '2026-04-26T17:42:50Z' while content on disk has modification time of '2026-04-26T17:43:02Z'
  ERROR: Build asset version error: assets/scripts/fireshooter.cs in SourceAssetDB has modification time of '2026-04-26T17:42:50Z' while content on disk has modification time of '2026-04-26T17:43:02Z'
Number of updated asset objects reloaded before import = 0Number of asset objects unloaded after import = 0

========================================================================
Received Import Request.
  Time since last request: 0.025913 seconds.
  path: Assets/Scripts/FireShooter.cs
  artifactKey: Guid(b5b554dacb116df578925792f74ac1d9) Importer(815301076,1909f56bfc062723c751e8b465ee728b)
Start importing Assets/Scripts/FireShooter.cs using Guid(b5b554dacb116df578925792f74ac1d9) Importer(815301076,1909f56bfc062723c751e8b465ee728b) (PreviewImporter) -> (artifact id: '00000000000000000000000000000000') in 0.00035567 seconds
Import Error Code:(4)
Message: Build asset version error: assets/scripts/fireshooter.cs in SourceAssetDB has modification time of '2026-04-26T17:42:50Z' while content on disk has modification time of '2026-04-26T17:43:02Z'
  ERROR: Build asset version error: assets/scripts/fireshooter.cs in SourceAssetDB has modification time of '2026-04-26T17:42:50Z' while content on disk has modification time of '2026-04-26T17:43:02Z'
Number of updated asset objects reloaded before import = 0Number of asset objects unloaded after import = 0

========================================================================
Received Import Request.
  Time since last request: 0.039756 seconds.
  path: Assets/Scripts/FireShooter.cs
  artifactKey: Guid(b5b554dacb116df578925792f74ac1d9) Importer(815301076,1909f56bfc062723c751e8b465ee728b)
Start importing Assets/Scripts/FireShooter.cs using Guid(b5b554dacb116df578925792f74ac1d9) Importer(815301076,1909f56bfc062723c751e8b465ee728b) (PreviewImporter) -> (artifact id: '00000000000000000000000000000000') in 0.000453819 seconds
Import Error Code:(4)
Message: Build asset version error: assets/scripts/fireshooter.cs in SourceAssetDB has modification time of '2026-04-26T17:42:50Z' while content on disk has modification time of '2026-04-26T17:43:02Z'
  ERROR: Build asset version error: assets/scripts/fireshooter.cs in SourceAssetDB has modification time of '2026-04-26T17:42:50Z' while content on disk has modification time of '2026-04-26T17:43:02Z'
Number of updated asset objects reloaded before import = 0Number of asset objects unloaded after import = 0

========================================================================
Received Import Request.
  Time since last request: 0.025456 seconds.
  path: Assets/Scripts/FireShooter.cs
  artifactKey: Guid(b5b554dacb116df578925792f74ac1d9) Importer(815301076,1909f56bfc062723c751e8b465ee728b)
Start importing Assets/Scripts/FireShooter.cs using Guid(b5b554dacb116df578925792f74ac1d9) Importer(815301076,1909f56bfc062723c751e8b465ee728b) (PreviewImporter) -> (artifact id: '00000000000000000000000000000000') in 0.00048775 seconds
Import Error Code:(4)
Message: Build asset version error: assets/scripts/fireshooter.cs in SourceAssetDB has modification time of '2026-04-26T17:42:50Z' while content on disk has modification time of '2026-04-26T17:43:02Z'
  ERROR: Build asset version error: assets/scripts/fireshooter.cs in SourceAssetDB has modification time of '2026-04-26T17:42:50Z' while content on disk has modification time of '2026-04-26T17:43:02Z'
Number of updated asset objects reloaded before import = 0Number of asset objects unloaded after import = 0

========================================================================
Received Import Request.
  Time since last request: 0.016003 seconds.
  path: Assets/Scripts/FireShooter.cs
  artifactKey: Guid(b5b554dacb116df578925792f74ac1d9) Importer(815301076,1909f56bfc062723c751e8b465ee728b)
Start importing Assets/Scripts/FireShooter.cs using Guid(b5b554dacb116df578925792f74ac1d9) Importer(815301076,1909f56bfc062723c751e8b465ee728b) (PreviewImporter) -> (artifact id: '00000000000000000000000000000000') in 0.000380978 seconds
Import Error Code:(4)
Message: Build asset version error: assets/scripts/fireshooter.cs in SourceAssetDB has modification time of '2026-04-26T17:42:50Z' while content on disk has modification time of '2026-04-26T17:43:02Z'
  ERROR: Build asset version error: assets/scripts/fireshooter.cs in SourceAssetDB has modification time of '2026-04-26T17:42:50Z' while content on disk has modification time of '2026-04-26T17:43:02Z'
Number of updated asset objects reloaded before import = 0Number of asset objects unloaded after import = 0

========================================================================
Received Import Request.
  Time since last request: 0.008586 seconds.
  path: Assets/Scripts/FireShooter.cs
  artifactKey: Guid(b5b554dacb116df578925792f74ac1d9) Importer(815301076,1909f56bfc062723c751e8b465ee728b)
Start importing Assets/Scripts/FireShooter.cs using Guid(b5b554dacb116df578925792f74ac1d9) Importer(815301076,1909f56bfc062723c751e8b465ee728b) (PreviewImporter) -> (artifact id: '00000000000000000000000000000000') in 0.000368753 seconds
Import Error Code:(4)
Message: Build asset version error: assets/scripts/fireshooter.cs in SourceAssetDB has modification time of '2026-04-26T17:42:50Z' while content on disk has modification time of '2026-04-26T17:43:02Z'
  ERROR: Build asset version error: assets/scripts/fireshooter.cs in SourceAssetDB has modification time of '2026-04-26T17:42:50Z' while content on disk has modification time of '2026-04-26T17:43:02Z'
Number of updated asset objects reloaded before import = 0Number of asset objects unloaded after import = 0

========================================================================
Received Import Request.
  Time since last request: 0.017018 seconds.
  path: Assets/Scripts/FireShooter.cs
  artifactKey: Guid(b5b554dacb116df578925792f74ac1d9) Importer(815301076,1909f56bfc062723c751e8b465ee728b)
Start importing Assets/Scripts/FireShooter.cs using Guid(b5b554dacb116df578925792f74ac1d9) Importer(815301076,1909f56bfc062723c751e8b465ee728b) (PreviewImporter) -> (artifact id: '00000000000000000000000000000000') in 0.000447461 seconds
Import Error Code:(4)
Message: Build asset version error: assets/scripts/fireshooter.cs in SourceAssetDB has modification time of '2026-04-26T17:42:50Z' while content on disk has modification time of '2026-04-26T17:43:02Z'
  ERROR: Build asset version error: assets/scripts/fireshooter.cs in SourceAssetDB has modification time of '2026-04-26T17:42:50Z' while content on disk has modification time of '2026-04-26T17:43:02Z'
Number of updated asset objects reloaded before import = 0Number of asset objects unloaded after import = 0

========================================================================
Received Import Request.
  Time since last request: 0.029776 seconds.
  path: Assets/Scripts/FireShooter.cs
  artifactKey: Guid(b5b554dacb116df578925792f74ac1d9) Importer(815301076,1909f56bfc062723c751e8b465ee728b)
Start importing Assets/Scripts/FireShooter.cs using Guid(b5b554dacb116df578925792f74ac1d9) Importer(815301076,1909f56bfc062723c751e8b465ee728b) (PreviewImporter) -> (artifact id: '00000000000000000000000000000000') in 0.000396179 seconds
Import Error Code:(4)
Message: Build asset version error: assets/scripts/fireshooter.cs in SourceAssetDB has modification time of '2026-04-26T17:42:50Z' while content on disk has modification time of '2026-04-26T17:43:02Z'
  ERROR: Build asset version error: assets/scripts/fireshooter.cs in SourceAssetDB has modification time of '2026-04-26T17:42:50Z' while content on disk has modification time of '2026-04-26T17:43:02Z'
Number of updated asset objects reloaded before import = 0Number of asset objects unloaded after import = 0

========================================================================
Received Import Request.
  Time since last request: 0.014611 seconds.
  path: Assets/Scripts/FireShooter.cs
  artifactKey: Guid(b5b554dacb116df578925792f74ac1d9) Importer(815301076,1909f56bfc062723c751e8b465ee728b)
Start importing Assets/Scripts/FireShooter.cs using Guid(b5b554dacb116df578925792f74ac1d9) Importer(815301076,1909f56bfc062723c751e8b465ee728b) (PreviewImporter) -> (artifact id: '00000000000000000000000000000000') in 0.000375584 seconds
Import Error Code:(4)
Message: Build asset version error: assets/scripts/fireshooter.cs in SourceAssetDB has modification time of '2026-04-26T17:42:50Z' while content on disk has modification time of '2026-04-26T17:43:02Z'
  ERROR: Build asset version error: assets/scripts/fireshooter.cs in SourceAssetDB has modification time of '2026-04-26T17:42:50Z' while content on disk has modification time of '2026-04-26T17:43:02Z'
Number of updated asset objects reloaded before import = 0Number of asset objects unloaded after import = 0

========================================================================
Received Import Request.
  Time since last request: 0.025250 seconds.
  path: Assets/Scripts/FireShooter.cs
  artifactKey: Guid(b5b554dacb116df578925792f74ac1d9) Importer(815301076,1909f56bfc062723c751e8b465ee728b)
Start importing Assets/Scripts/FireShooter.cs using Guid(b5b554dacb116df578925792f74ac1d9) Importer(815301076,1909f56bfc062723c751e8b465ee728b) (PreviewImporter) -> (artifact id: '00000000000000000000000000000000') in 0.000649811 seconds
Import Error Code:(4)
Message: Build asset version error: assets/scripts/fireshooter.cs in SourceAssetDB has modification time of '2026-04-26T17:42:50Z' while content on disk has modification time of '2026-04-26T17:43:02Z'
  ERROR: Build asset version error: assets/scripts/fireshooter.cs in SourceAssetDB has modification time of '2026-04-26T17:42:50Z' while content on disk has modification time of '2026-04-26T17:43:02Z'
Number of updated asset objects reloaded before import = 0Number of asset objects unloaded after import = 0

========================================================================
Received Import Request.
  Time since last request: 0.025792 seconds.
  path: Assets/Scripts/FireShooter.cs
  artifactKey: Guid(b5b554dacb116df578925792f74ac1d9) Importer(815301076,1909f56bfc062723c751e8b465ee728b)
Start importing Assets/Scripts/FireShooter.cs using Guid(b5b554dacb116df578925792f74ac1d9) Importer(815301076,1909f56bfc062723c751e8b465ee728b) (PreviewImporter) -> (artifact id: '00000000000000000000000000000000') in 0.000364808 seconds
Import Error Code:(4)
Message: Build asset version error: assets/scripts/fireshooter.cs in SourceAssetDB has modification time of '2026-04-26T17:42:50Z' while content on disk has modification time of '2026-04-26T17:43:02Z'
  ERROR: Build asset version error: assets/scripts/fireshooter.cs in SourceAssetDB has modification time of '2026-04-26T17:42:50Z' while content on disk has modification time of '2026-04-26T17:43:02Z'
Number of updated asset objects reloaded before import = 0Number of asset objects unloaded after import = 0

========================================================================
Received Import Request.
  Time since last request: 0.030864 seconds.
  path: Assets/Scripts/FireShooter.cs
  artifactKey: Guid(b5b554dacb116df578925792f74ac1d9) Importer(815301076,1909f56bfc062723c751e8b465ee728b)
Start importing Assets/Scripts/FireShooter.cs using Guid(b5b554dacb116df578925792f74ac1d9) Importer(815301076,1909f56bfc062723c751e8b465ee728b) (PreviewImporter) -> (artifact id: '00000000000000000000000000000000') in 0.000436602 seconds
Import Error Code:(4)
Message: Build asset version error: assets/scripts/fireshooter.cs in SourceAssetDB has modification time of '2026-04-26T17:42:50Z' while content on disk has modification time of '2026-04-26T17:43:02Z'
  ERROR: Build asset version error: assets/scripts/fireshooter.cs in SourceAssetDB has modification time of '2026-04-26T17:42:50Z' while content on disk has modification time of '2026-04-26T17:43:02Z'
Number of updated asset objects reloaded before import = 0Number of asset objects unloaded after import = 0

========================================================================
Received Import Request.
  Time since last request: 0.025109 seconds.
  path: Assets/Scripts/FireShooter.cs
  artifactKey: Guid(b5b554dacb116df578925792f74ac1d9) Importer(815301076,1909f56bfc062723c751e8b465ee728b)
Start importing Assets/Scripts/FireShooter.cs using Guid(b5b554dacb116df578925792f74ac1d9) Importer(815301076,1909f56bfc062723c751e8b465ee728b) (PreviewImporter) -> (artifact id: '00000000000000000000000000000000') in 0.000435832 seconds
Import Error Code:(4)
Message: Build asset version error: assets/scripts/fireshooter.cs in SourceAssetDB has modification time of '2026-04-26T17:42:50Z' while content on disk has modification time of '2026-04-26T17:43:02Z'
  ERROR: Build asset version error: assets/scripts/fireshooter.cs in SourceAssetDB has modification time of '2026-04-26T17:42:50Z' while content on disk has modification time of '2026-04-26T17:43:02Z'
Number of updated asset objects reloaded before import = 0Number of asset objects unloaded after import = 0

========================================================================
Received Import Request.
  Time since last request: 0.025616 seconds.
  path: Assets/Scripts/FireShooter.cs
  artifactKey: Guid(b5b554dacb116df578925792f74ac1d9) Importer(815301076,1909f56bfc062723c751e8b465ee728b)
Start importing Assets/Scripts/FireShooter.cs using Guid(b5b554dacb116df578925792f74ac1d9) Importer(815301076,1909f56bfc062723c751e8b465ee728b) (PreviewImporter) -> (artifact id: '00000000000000000000000000000000') in 0.000524868 seconds
Import Error Code:(4)
Message: Build asset version error: assets/scripts/fireshooter.cs in SourceAssetDB has modification time of '2026-04-26T17:42:50Z' while content on disk has modification time of '2026-04-26T17:43:02Z'
  ERROR: Build asset version error: assets/scripts/fireshooter.cs in SourceAssetDB has modification time of '2026-04-26T17:42:50Z' while content on disk has modification time of '2026-04-26T17:43:02Z'
Number of updated asset objects reloaded before import = 0Number of asset objects unloaded after import = 0

========================================================================
Received Import Request.
  Time since last request: 0.021036 seconds.
  path: Assets/Scripts/FireShooter.cs
  artifactKey: Guid(b5b554dacb116df578925792f74ac1d9) Importer(815301076,1909f56bfc062723c751e8b465ee728b)
Start importing Assets/Scripts/FireShooter.cs using Guid(b5b554dacb116df578925792f74ac1d9) Importer(815301076,1909f56bfc062723c751e8b465ee728b) (PreviewImporter) -> (artifact id: '00000000000000000000000000000000') in 0.000472788 seconds
Import Error Code:(4)
Message: Build asset version error: assets/scripts/fireshooter.cs in SourceAssetDB has modification time of '2026-04-26T17:42:50Z' while content on disk has modification time of '2026-04-26T17:43:02Z'
  ERROR: Build asset version error: assets/scripts/fireshooter.cs in SourceAssetDB has modification time of '2026-04-26T17:42:50Z' while content on disk has modification time of '2026-04-26T17:43:02Z'
Number of updated asset objects reloaded before import = 0Number of asset objects unloaded after import = 0

========================================================================
Received Import Request.
  Time since last request: 0.020616 seconds.
  path: Assets/Scripts/FireShooter.cs
  artifactKey: Guid(b5b554dacb116df578925792f74ac1d9) Importer(815301076,1909f56bfc062723c751e8b465ee728b)
Start importing Assets/Scripts/FireShooter.cs using Guid(b5b554dacb116df578925792f74ac1d9) Importer(815301076,1909f56bfc062723c751e8b465ee728b) (PreviewImporter) -> (artifact id: '00000000000000000000000000000000') in 0.000470334 seconds
Import Error Code:(4)
Message: Build asset version error: assets/scripts/fireshooter.cs in SourceAssetDB has modification time of '2026-04-26T17:42:50Z' while content on disk has modification time of '2026-04-26T17:43:02Z'
  ERROR: Build asset version error: assets/scripts/fireshooter.cs in SourceAssetDB has modification time of '2026-04-26T17:42:50Z' while content on disk has modification time of '2026-04-26T17:43:02Z'
Number of updated asset objects reloaded before import = 0Number of asset objects unloaded after import = 0

========================================================================
Received Import Request.
  Time since last request: 0.032213 seconds.
  path: Assets/Scripts/FireShooter.cs
  artifactKey: Guid(b5b554dacb116df578925792f74ac1d9) Importer(815301076,1909f56bfc062723c751e8b465ee728b)
Start importing Assets/Scripts/FireShooter.cs using Guid(b5b554dacb116df578925792f74ac1d9) Importer(815301076,1909f56bfc062723c751e8b465ee728b) (PreviewImporter) -> (artifact id: '00000000000000000000000000000000') in 0.000369446 seconds
Import Error Code:(4)
Message: Build asset version error: assets/scripts/fireshooter.cs in SourceAssetDB has modification time of '2026-04-26T17:42:50Z' while content on disk has modification time of '2026-04-26T17:43:02Z'
  ERROR: Build asset version error: assets/scripts/fireshooter.cs in SourceAssetDB has modification time of '2026-04-26T17:42:50Z' while content on disk has modification time of '2026-04-26T17:43:02Z'
Number of updated asset objects reloaded before import = 0Number of asset objects unloaded after import = 0

========================================================================
Received Import Request.
  Time since last request: 0.051821 seconds.
  path: Assets/Scripts/FireShooter.cs
  artifactKey: Guid(b5b554dacb116df578925792f74ac1d9) Importer(815301076,1909f56bfc062723c751e8b465ee728b)
Start importing Assets/Scripts/FireShooter.cs using Guid(b5b554dacb116df578925792f74ac1d9) Importer(815301076,1909f56bfc062723c751e8b465ee728b) (PreviewImporter) -> (artifact id: '00000000000000000000000000000000') in 0.000433414 seconds
Import Error Code:(4)
Message: Build asset version error: assets/scripts/fireshooter.cs in SourceAssetDB has modification time of '2026-04-26T17:42:50Z' while content on disk has modification time of '2026-04-26T17:43:02Z'
  ERROR: Build asset version error: assets/scripts/fireshooter.cs in SourceAssetDB has modification time of '2026-04-26T17:42:50Z' while content on disk has modification time of '2026-04-26T17:43:02Z'
Number of updated asset objects reloaded before import = 0Number of asset objects unloaded after import = 0

========================================================================
Received Import Request.
  Time since last request: 0.023408 seconds.
  path: Assets/Scripts/FireShooter.cs
  artifactKey: Guid(b5b554dacb116df578925792f74ac1d9) Importer(815301076,1909f56bfc062723c751e8b465ee728b)
Start importing Assets/Scripts/FireShooter.cs using Guid(b5b554dacb116df578925792f74ac1d9) Importer(815301076,1909f56bfc062723c751e8b465ee728b) (PreviewImporter) -> (artifact id: '00000000000000000000000000000000') in 0.000432513 seconds
Import Error Code:(4)
Message: Build asset version error: assets/scripts/fireshooter.cs in SourceAssetDB has modification time of '2026-04-26T17:42:50Z' while content on disk has modification time of '2026-04-26T17:43:02Z'
  ERROR: Build asset version error: assets/scripts/fireshooter.cs in SourceAssetDB has modification time of '2026-04-26T17:42:50Z' while content on disk has modification time of '2026-04-26T17:43:02Z'
Number of updated asset objects reloaded before import = 0Number of asset objects unloaded after import = 0

========================================================================
Received Import Request.
  Time since last request: 0.023854 seconds.
  path: Assets/Scripts/FireShooter.cs
  artifactKey: Guid(b5b554dacb116df578925792f74ac1d9) Importer(815301076,1909f56bfc062723c751e8b465ee728b)
Start importing Assets/Scripts/FireShooter.cs using Guid(b5b554dacb116df578925792f74ac1d9) Importer(815301076,1909f56bfc062723c751e8b465ee728b) (PreviewImporter) -> (artifact id: '00000000000000000000000000000000') in 0.000349933 seconds
Import Error Code:(4)
Message: Build asset version error: assets/scripts/fireshooter.cs in SourceAssetDB has modification time of '2026-04-26T17:42:50Z' while content on disk has modification time of '2026-04-26T17:43:02Z'
  ERROR: Build asset version error: assets/scripts/fireshooter.cs in SourceAssetDB has modification time of '2026-04-26T17:42:50Z' while content on disk has modification time of '2026-04-26T17:43:02Z'
Number of updated asset objects reloaded before import = 0Number of asset objects unloaded after import = 0

========================================================================
Received Import Request.
  Time since last request: 0.034049 seconds.
  path: Assets/Scripts/FireShooter.cs
  artifactKey: Guid(b5b554dacb116df578925792f74ac1d9) Importer(815301076,1909f56bfc062723c751e8b465ee728b)
Start importing Assets/Scripts/FireShooter.cs using Guid(b5b554dacb116df578925792f74ac1d9) Importer(815301076,1909f56bfc062723c751e8b465ee728b) (PreviewImporter) -> (artifact id: '00000000000000000000000000000000') in 0.000378877 seconds
Import Error Code:(4)
Message: Build asset version error: assets/scripts/fireshooter.cs in SourceAssetDB has modification time of '2026-04-26T17:42:50Z' while content on disk has modification time of '2026-04-26T17:43:02Z'
  ERROR: Build asset version error: assets/scripts/fireshooter.cs in SourceAssetDB has modification time of '2026-04-26T17:42:50Z' while content on disk has modification time of '2026-04-26T17:43:02Z'
Number of updated asset objects reloaded before import = 0Number of asset objects unloaded after import = 0

========================================================================
Received Import Request.
  Time since last request: 0.021835 seconds.
  path: Assets/Scripts/FireShooter.cs
  artifactKey: Guid(b5b554dacb116df578925792f74ac1d9) Importer(815301076,1909f56bfc062723c751e8b465ee728b)
Start importing Assets/Scripts/FireShooter.cs using Guid(b5b554dacb116df578925792f74ac1d9) Importer(815301076,1909f56bfc062723c751e8b465ee728b) (PreviewImporter) -> (artifact id: '00000000000000000000000000000000') in 0.000380267 seconds
Import Error Code:(4)
Message: Build asset version error: assets/scripts/fireshooter.cs in SourceAssetDB has modification time of '2026-04-26T17:42:50Z' while content on disk has modification time of '2026-04-26T17:43:02Z'
  ERROR: Build asset version error: assets/scripts/fireshooter.cs in SourceAssetDB has modification time of '2026-04-26T17:42:50Z' while content on disk has modification time of '2026-04-26T17:43:02Z'
Number of updated asset objects reloaded before import = 0Number of asset objects unloaded after import = 0

========================================================================
Received Import Request.
  Time since last request: 0.027191 seconds.
  path: Assets/Scripts/FireShooter.cs
  artifactKey: Guid(b5b554dacb116df578925792f74ac1d9) Importer(815301076,1909f56bfc062723c751e8b465ee728b)
Start importing Assets/Scripts/FireShooter.cs using Guid(b5b554dacb116df578925792f74ac1d9) Importer(815301076,1909f56bfc062723c751e8b465ee728b) (PreviewImporter) -> (artifact id: '00000000000000000000000000000000') in 0.000357662 seconds
Import Error Code:(4)
Message: Build asset version error: assets/scripts/fireshooter.cs in SourceAssetDB has modification time of '2026-04-26T17:42:50Z' while content on disk has modification time of '2026-04-26T17:43:02Z'
  ERROR: Build asset version error: assets/scripts/fireshooter.cs in SourceAssetDB has modification time of '2026-04-26T17:42:50Z' while content on disk has modification time of '2026-04-26T17:43:02Z'
Number of updated asset objects reloaded before import = 0Number of asset objects unloaded after import = 0

========================================================================
Received Import Request.
  Time since last request: 0.027303 seconds.
  path: Assets/Scripts/FireShooter.cs
  artifactKey: Guid(b5b554dacb116df578925792f74ac1d9) Importer(815301076,1909f56bfc062723c751e8b465ee728b)
Start importing Assets/Scripts/FireShooter.cs using Guid(b5b554dacb116df578925792f74ac1d9) Importer(815301076,1909f56bfc062723c751e8b465ee728b) (PreviewImporter) -> (artifact id: '00000000000000000000000000000000') in 0.000443069 seconds
Import Error Code:(4)
Message: Build asset version error: assets/scripts/fireshooter.cs in SourceAssetDB has modification time of '2026-04-26T17:42:50Z' while content on disk has modification time of '2026-04-26T17:43:02Z'
  ERROR: Build asset version error: assets/scripts/fireshooter.cs in SourceAssetDB has modification time of '2026-04-26T17:42:50Z' while content on disk has modification time of '2026-04-26T17:43:02Z'
Number of updated asset objects reloaded before import = 0Number of asset objects unloaded after import = 0

========================================================================
Received Import Request.
  Time since last request: 0.029751 seconds.
  path: Assets/Scripts/FireShooter.cs
  artifactKey: Guid(b5b554dacb116df578925792f74ac1d9) Importer(815301076,1909f56bfc062723c751e8b465ee728b)
Start importing Assets/Scripts/FireShooter.cs using Guid(b5b554dacb116df578925792f74ac1d9) Importer(815301076,1909f56bfc062723c751e8b465ee728b) (PreviewImporter) -> (artifact id: '00000000000000000000000000000000') in 0.000488288 seconds
Import Error Code:(4)
Message: Build asset version error: assets/scripts/fireshooter.cs in SourceAssetDB has modification time of '2026-04-26T17:42:50Z' while content on disk has modification time of '2026-04-26T17:43:02Z'
  ERROR: Build asset version error: assets/scripts/fireshooter.cs in SourceAssetDB has modification time of '2026-04-26T17:42:50Z' while content on disk has modification time of '2026-04-26T17:43:02Z'
Number of updated asset objects reloaded before import = 0Number of asset objects unloaded after import = 0

========================================================================
Received Import Request.
  Time since last request: 0.023355 seconds.
  path: Assets/Scripts/FireShooter.cs
  artifactKey: Guid(b5b554dacb116df578925792f74ac1d9) Importer(815301076,1909f56bfc062723c751e8b465ee728b)
Start importing Assets/Scripts/FireShooter.cs using Guid(b5b554dacb116df578925792f74ac1d9) Importer(815301076,1909f56bfc062723c751e8b465ee728b) (PreviewImporter) -> (artifact id: '00000000000000000000000000000000') in 0.000356378 seconds
Import Error Code:(4)
Message: Build asset version error: assets/scripts/fireshooter.cs in SourceAssetDB has modification time of '2026-04-26T17:42:50Z' while content on disk has modification time of '2026-04-26T17:43:02Z'
  ERROR: Build asset version error: assets/scripts/fireshooter.cs in SourceAssetDB has modification time of '2026-04-26T17:42:50Z' while content on disk has modification time of '2026-04-26T17:43:02Z'
Number of updated asset objects reloaded before import = 0Number of asset objects unloaded after import = 0

========================================================================
Received Import Request.
  Time since last request: 0.017573 seconds.
  path: Assets/Scripts/FireShooter.cs
  artifactKey: Guid(b5b554dacb116df578925792f74ac1d9) Importer(815301076,1909f56bfc062723c751e8b465ee728b)
Start importing Assets/Scripts/FireShooter.cs using Guid(b5b554dacb116df578925792f74ac1d9) Importer(815301076,1909f56bfc062723c751e8b465ee728b) (PreviewImporter) -> (artifact id: '00000000000000000000000000000000') in 0.000397508 seconds
Import Error Code:(4)
Message: Build asset version error: assets/scripts/fireshooter.cs in SourceAssetDB has modification time of '2026-04-26T17:42:50Z' while content on disk has modification time of '2026-04-26T17:43:02Z'
  ERROR: Build asset version error: assets/scripts/fireshooter.cs in SourceAssetDB has modification time of '2026-04-26T17:42:50Z' while content on disk has modification time of '2026-04-26T17:43:02Z'
Number of updated asset objects reloaded before import = 0Number of asset objects unloaded after import = 0

========================================================================
Received Import Request.
  Time since last request: 0.029311 seconds.
  path: Assets/Scripts/FireShooter.cs
  artifactKey: Guid(b5b554dacb116df578925792f74ac1d9) Importer(815301076,1909f56bfc062723c751e8b465ee728b)
Start importing Assets/Scripts/FireShooter.cs using Guid(b5b554dacb116df578925792f74ac1d9) Importer(815301076,1909f56bfc062723c751e8b465ee728b) (PreviewImporter) -> (artifact id: '00000000000000000000000000000000') in 0.000385156 seconds
Import Error Code:(4)
Message: Build asset version error: assets/scripts/fireshooter.cs in SourceAssetDB has modification time of '2026-04-26T17:42:50Z' while content on disk has modification time of '2026-04-26T17:43:02Z'
  ERROR: Build asset version error: assets/scripts/fireshooter.cs in SourceAssetDB has modification time of '2026-04-26T17:42:50Z' while content on disk has modification time of '2026-04-26T17:43:02Z'
Number of updated asset objects reloaded before import = 0Number of asset objects unloaded after import = 0

========================================================================
Received Import Request.
  Time since last request: 0.016548 seconds.
  path: Assets/Scripts/FireShooter.cs
  artifactKey: Guid(b5b554dacb116df578925792f74ac1d9) Importer(815301076,1909f56bfc062723c751e8b465ee728b)
Start importing Assets/Scripts/FireShooter.cs using Guid(b5b554dacb116df578925792f74ac1d9) Importer(815301076,1909f56bfc062723c751e8b465ee728b) (PreviewImporter) -> (artifact id: '00000000000000000000000000000000') in 0.000349287 seconds
Import Error Code:(4)
Message: Build asset version error: assets/scripts/fireshooter.cs in SourceAssetDB has modification time of '2026-04-26T17:42:50Z' while content on disk has modification time of '2026-04-26T17:43:02Z'
  ERROR: Build asset version error: assets/scripts/fireshooter.cs in SourceAssetDB has modification time of '2026-04-26T17:42:50Z' while content on disk has modification time of '2026-04-26T17:43:02Z'
Number of updated asset objects reloaded before import = 0Number of asset objects unloaded after import = 0

========================================================================
Received Import Request.
  Time since last request: 0.018399 seconds.
  path: Assets/Scripts/FireShooter.cs
  artifactKey: Guid(b5b554dacb116df578925792f74ac1d9) Importer(815301076,1909f56bfc062723c751e8b465ee728b)
Start importing Assets/Scripts/FireShooter.cs using Guid(b5b554dacb116df578925792f74ac1d9) Importer(815301076,1909f56bfc062723c751e8b465ee728b) (PreviewImporter) -> (artifact id: '00000000000000000000000000000000') in 0.000400189 seconds
Import Error Code:(4)
Message: Build asset version error: assets/scripts/fireshooter.cs in SourceAssetDB has modification time of '2026-04-26T17:42:50Z' while content on disk has modification time of '2026-04-26T17:43:02Z'
  ERROR: Build asset version error: assets/scripts/fireshooter.cs in SourceAssetDB has modification time of '2026-04-26T17:42:50Z' while content on disk has modification time of '2026-04-26T17:43:02Z'
Number of updated asset objects reloaded before import = 0Number of asset objects unloaded after import = 0

========================================================================
Received Import Request.
  Time since last request: 0.016502 seconds.
  path: Assets/Scripts/FireShooter.cs
  artifactKey: Guid(b5b554dacb116df578925792f74ac1d9) Importer(815301076,1909f56bfc062723c751e8b465ee728b)
Start importing Assets/Scripts/FireShooter.cs using Guid(b5b554dacb116df578925792f74ac1d9) Importer(815301076,1909f56bfc062723c751e8b465ee728b) (PreviewImporter) -> (artifact id: '00000000000000000000000000000000') in 0.000409015 seconds
Import Error Code:(4)
Message: Build asset version error: assets/scripts/fireshooter.cs in SourceAssetDB has modification time of '2026-04-26T17:42:50Z' while content on disk has modification time of '2026-04-26T17:43:02Z'
  ERROR: Build asset version error: assets/scripts/fireshooter.cs in SourceAssetDB has modification time of '2026-04-26T17:42:50Z' while content on disk has modification time of '2026-04-26T17:43:02Z'
Number of updated asset objects reloaded before import = 0Number of asset objects unloaded after import = 0

========================================================================
Received Import Request.
  Time since last request: 0.025564 seconds.
  path: Assets/Scripts/FireShooter.cs
  artifactKey: Guid(b5b554dacb116df578925792f74ac1d9) Importer(815301076,1909f56bfc062723c751e8b465ee728b)
Start importing Assets/Scripts/FireShooter.cs using Guid(b5b554dacb116df578925792f74ac1d9) Importer(815301076,1909f56bfc062723c751e8b465ee728b) (PreviewImporter) -> (artifact id: '00000000000000000000000000000000') in 0.000409921 seconds
Import Error Code:(4)
Message: Build asset version error: assets/scripts/fireshooter.cs in SourceAssetDB has modification time of '2026-04-26T17:42:50Z' while content on disk has modification time of '2026-04-26T17:43:02Z'
  ERROR: Build asset version error: assets/scripts/fireshooter.cs in SourceAssetDB has modification time of '2026-04-26T17:42:50Z' while content on disk has modification time of '2026-04-26T17:43:02Z'
Number of updated asset objects reloaded before import = 0Number of asset objects unloaded after import = 0

========================================================================
Received Import Request.
  Time since last request: 0.027631 seconds.
  path: Assets/Scripts/FireShooter.cs
  artifactKey: Guid(b5b554dacb116df578925792f74ac1d9) Importer(815301076,1909f56bfc062723c751e8b465ee728b)
Start importing Assets/Scripts/FireShooter.cs using Guid(b5b554dacb116df578925792f74ac1d9) Importer(815301076,1909f56bfc062723c751e8b465ee728b) (PreviewImporter) -> (artifact id: '00000000000000000000000000000000') in 0.000393634 seconds
Import Error Code:(4)
Message: Build asset version error: assets/scripts/fireshooter.cs in SourceAssetDB has modification time of '2026-04-26T17:42:50Z' while content on disk has modification time of '2026-04-26T17:43:02Z'
  ERROR: Build asset version error: assets/scripts/fireshooter.cs in SourceAssetDB has modification time of '2026-04-26T17:42:50Z' while content on disk has modification time of '2026-04-26T17:43:02Z'
Number of updated asset objects reloaded before import = 0Number of asset objects unloaded after import = 0

========================================================================
Received Import Request.
  Time since last request: 0.035596 seconds.
  path: Assets/Scripts/FireShooter.cs
  artifactKey: Guid(b5b554dacb116df578925792f74ac1d9) Importer(815301076,1909f56bfc062723c751e8b465ee728b)
Start importing Assets/Scripts/FireShooter.cs using Guid(b5b554dacb116df578925792f74ac1d9) Importer(815301076,1909f56bfc062723c751e8b465ee728b) (PreviewImporter) -> (artifact id: '00000000000000000000000000000000') in 0.00037265 seconds
Import Error Code:(4)
Message: Build asset version error: assets/scripts/fireshooter.cs in SourceAssetDB has modification time of '2026-04-26T17:42:50Z' while content on disk has modification time of '2026-04-26T17:43:02Z'
  ERROR: Build asset version error: assets/scripts/fireshooter.cs in SourceAssetDB has modification time of '2026-04-26T17:42:50Z' while content on disk has modification time of '2026-04-26T17:43:02Z'
Number of updated asset objects reloaded before import = 0Number of asset objects unloaded after import = 0

========================================================================
Received Import Request.
  Time since last request: 0.036327 seconds.
  path: Assets/Scripts/FireShooter.cs
  artifactKey: Guid(b5b554dacb116df578925792f74ac1d9) Importer(815301076,1909f56bfc062723c751e8b465ee728b)
Start importing Assets/Scripts/FireShooter.cs using Guid(b5b554dacb116df578925792f74ac1d9) Importer(815301076,1909f56bfc062723c751e8b465ee728b) (PreviewImporter) -> (artifact id: '00000000000000000000000000000000') in 0.00040488 seconds
Import Error Code:(4)
Message: Build asset version error: assets/scripts/fireshooter.cs in SourceAssetDB has modification time of '2026-04-26T17:42:50Z' while content on disk has modification time of '2026-04-26T17:43:02Z'
  ERROR: Build asset version error: assets/scripts/fireshooter.cs in SourceAssetDB has modification time of '2026-04-26T17:42:50Z' while content on disk has modification time of '2026-04-26T17:43:02Z'
Number of updated asset objects reloaded before import = 0Number of asset objects unloaded after import = 0

========================================================================
Received Import Request.
  Time since last request: 0.018544 seconds.
  path: Assets/Scripts/FireShooter.cs
  artifactKey: Guid(b5b554dacb116df578925792f74ac1d9) Importer(815301076,1909f56bfc062723c751e8b465ee728b)
Start importing Assets/Scripts/FireShooter.cs using Guid(b5b554dacb116df578925792f74ac1d9) Importer(815301076,1909f56bfc062723c751e8b465ee728b) (PreviewImporter) -> (artifact id: '00000000000000000000000000000000') in 0.00043324 seconds
Import Error Code:(4)
Message: Build asset version error: assets/scripts/fireshooter.cs in SourceAssetDB has modification time of '2026-04-26T17:42:50Z' while content on disk has modification time of '2026-04-26T17:43:02Z'
  ERROR: Build asset version error: assets/scripts/fireshooter.cs in SourceAssetDB has modification time of '2026-04-26T17:42:50Z' while content on disk has modification time of '2026-04-26T17:43:02Z'
Number of updated asset objects reloaded before import = 0Number of asset objects unloaded after import = 0

========================================================================
Received Import Request.
  Time since last request: 0.037211 seconds.
  path: Assets/Scripts/FireShooter.cs
  artifactKey: Guid(b5b554dacb116df578925792f74ac1d9) Importer(815301076,1909f56bfc062723c751e8b465ee728b)
Start importing Assets/Scripts/FireShooter.cs using Guid(b5b554dacb116df578925792f74ac1d9) Importer(815301076,1909f56bfc062723c751e8b465ee728b) (PreviewImporter) -> (artifact id: '00000000000000000000000000000000') in 0.000378209 seconds
Import Error Code:(4)
Message: Build asset version error: assets/scripts/fireshooter.cs in SourceAssetDB has modification time of '2026-04-26T17:42:50Z' while content on disk has modification time of '2026-04-26T17:43:02Z'
  ERROR: Build asset version error: assets/scripts/fireshooter.cs in SourceAssetDB has modification time of '2026-04-26T17:42:50Z' while content on disk has modification time of '2026-04-26T17:43:02Z'
Number of updated asset objects reloaded before import = 0Number of asset objects unloaded after import = 0

========================================================================
Received Import Request.
  Time since last request: 0.035105 seconds.
  path: Assets/Scripts/FireShooter.cs
  artifactKey: Guid(b5b554dacb116df578925792f74ac1d9) Importer(815301076,1909f56bfc062723c751e8b465ee728b)
Start importing Assets/Scripts/FireShooter.cs using Guid(b5b554dacb116df578925792f74ac1d9) Importer(815301076,1909f56bfc062723c751e8b465ee728b) (PreviewImporter) -> (artifact id: '00000000000000000000000000000000') in 0.00036851 seconds
Import Error Code:(4)
Message: Build asset version error: assets/scripts/fireshooter.cs in SourceAssetDB has modification time of '2026-04-26T17:42:50Z' while content on disk has modification time of '2026-04-26T17:43:02Z'
  ERROR: Build asset version error: assets/scripts/fireshooter.cs in SourceAssetDB has modification time of '2026-04-26T17:42:50Z' while content on disk has modification time of '2026-04-26T17:43:02Z'
Number of updated asset objects reloaded before import = 0Number of asset objects unloaded after import = 0

========================================================================
Received Import Request.
  Time since last request: 0.040323 seconds.
  path: Assets/Scripts/FireShooter.cs
  artifactKey: Guid(b5b554dacb116df578925792f74ac1d9) Importer(815301076,1909f56bfc062723c751e8b465ee728b)
Start importing Assets/Scripts/FireShooter.cs using Guid(b5b554dacb116df578925792f74ac1d9) Importer(815301076,1909f56bfc062723c751e8b465ee728b) (PreviewImporter) -> (artifact id: '00000000000000000000000000000000') in 0.000455992 seconds
Import Error Code:(4)
Message: Build asset version error: assets/scripts/fireshooter.cs in SourceAssetDB has modification time of '2026-04-26T17:42:50Z' while content on disk has modification time of '2026-04-26T17:43:02Z'
  ERROR: Build asset version error: assets/scripts/fireshooter.cs in SourceAssetDB has modification time of '2026-04-26T17:42:50Z' while content on disk has modification time of '2026-04-26T17:43:02Z'
Number of updated asset objects reloaded before import = 0Number of asset objects unloaded after import = 0

========================================================================
Received Import Request.
  Time since last request: 0.019744 seconds.
  path: Assets/Scripts/FireShooter.cs
  artifactKey: Guid(b5b554dacb116df578925792f74ac1d9) Importer(815301076,1909f56bfc062723c751e8b465ee728b)
Start importing Assets/Scripts/FireShooter.cs using Guid(b5b554dacb116df578925792f74ac1d9) Importer(815301076,1909f56bfc062723c751e8b465ee728b) (PreviewImporter) -> (artifact id: '00000000000000000000000000000000') in 0.000429939 seconds
Import Error Code:(4)
Message: Build asset version error: assets/scripts/fireshooter.cs in SourceAssetDB has modification time of '2026-04-26T17:42:50Z' while content on disk has modification time of '2026-04-26T17:43:02Z'
  ERROR: Build asset version error: assets/scripts/fireshooter.cs in SourceAssetDB has modification time of '2026-04-26T17:42:50Z' while content on disk has modification time of '2026-04-26T17:43:02Z'
Number of updated asset objects reloaded before import = 0Number of asset objects unloaded after import = 0

========================================================================
Received Import Request.
  Time since last request: 0.035952 seconds.
  path: Assets/Scripts/FireShooter.cs
  artifactKey: Guid(b5b554dacb116df578925792f74ac1d9) Importer(815301076,1909f56bfc062723c751e8b465ee728b)
Start importing Assets/Scripts/FireShooter.cs using Guid(b5b554dacb116df578925792f74ac1d9) Importer(815301076,1909f56bfc062723c751e8b465ee728b) (PreviewImporter) -> (artifact id: '00000000000000000000000000000000') in 0.000373571 seconds
Import Error Code:(4)
Message: Build asset version error: assets/scripts/fireshooter.cs in SourceAssetDB has modification time of '2026-04-26T17:42:50Z' while content on disk has modification time of '2026-04-26T17:43:02Z'
  ERROR: Build asset version error: assets/scripts/fireshooter.cs in SourceAssetDB has modification time of '2026-04-26T17:42:50Z' while content on disk has modification time of '2026-04-26T17:43:02Z'
Number of updated asset objects reloaded before import = 0Number of asset objects unloaded after import = 0

========================================================================
Received Import Request.
  Time since last request: 0.020211 seconds.
  path: Assets/Scripts/FireShooter.cs
  artifactKey: Guid(b5b554dacb116df578925792f74ac1d9) Importer(815301076,1909f56bfc062723c751e8b465ee728b)
Start importing Assets/Scripts/FireShooter.cs using Guid(b5b554dacb116df578925792f74ac1d9) Importer(815301076,1909f56bfc062723c751e8b465ee728b) (PreviewImporter) -> (artifact id: '00000000000000000000000000000000') in 0.000353735 seconds
Import Error Code:(4)
Message: Build asset version error: assets/scripts/fireshooter.cs in SourceAssetDB has modification time of '2026-04-26T17:42:50Z' while content on disk has modification time of '2026-04-26T17:43:02Z'
  ERROR: Build asset version error: assets/scripts/fireshooter.cs in SourceAssetDB has modification time of '2026-04-26T17:42:50Z' while content on disk has modification time of '2026-04-26T17:43:02Z'
Number of updated asset objects reloaded before import = 0Number of asset objects unloaded after import = 0

========================================================================
Received Import Request.
  Time since last request: 0.033272 seconds.
  path: Assets/Scripts/FireShooter.cs
  artifactKey: Guid(b5b554dacb116df578925792f74ac1d9) Importer(815301076,1909f56bfc062723c751e8b465ee728b)
Start importing Assets/Scripts/FireShooter.cs using Guid(b5b554dacb116df578925792f74ac1d9) Importer(815301076,1909f56bfc062723c751e8b465ee728b) (PreviewImporter) -> (artifact id: '00000000000000000000000000000000') in 0.000396881 seconds
Import Error Code:(4)
Message: Build asset version error: assets/scripts/fireshooter.cs in SourceAssetDB has modification time of '2026-04-26T17:42:50Z' while content on disk has modification time of '2026-04-26T17:43:02Z'
  ERROR: Build asset version error: assets/scripts/fireshooter.cs in SourceAssetDB has modification time of '2026-04-26T17:42:50Z' while content on disk has modification time of '2026-04-26T17:43:02Z'
Number of updated asset objects reloaded before import = 0Number of asset objects unloaded after import = 0

========================================================================
Received Import Request.
  Time since last request: 0.047334 seconds.
  path: Assets/Scripts/FireShooter.cs
  artifactKey: Guid(b5b554dacb116df578925792f74ac1d9) Importer(815301076,1909f56bfc062723c751e8b465ee728b)
Start importing Assets/Scripts/FireShooter.cs using Guid(b5b554dacb116df578925792f74ac1d9) Importer(815301076,1909f56bfc062723c751e8b465ee728b) (PreviewImporter) -> (artifact id: '00000000000000000000000000000000') in 0.000375774 seconds
Import Error Code:(4)
Message: Build asset version error: assets/scripts/fireshooter.cs in SourceAssetDB has modification time of '2026-04-26T17:42:50Z' while content on disk has modification time of '2026-04-26T17:43:02Z'
  ERROR: Build asset version error: assets/scripts/fireshooter.cs in SourceAssetDB has modification time of '2026-04-26T17:42:50Z' while content on disk has modification time of '2026-04-26T17:43:02Z'
Number of updated asset objects reloaded before import = 0Number of asset objects unloaded after import = 0

========================================================================
Received Import Request.
  Time since last request: 0.060491 seconds.
  path: Assets/Scripts/FireShooter.cs
  artifactKey: Guid(b5b554dacb116df578925792f74ac1d9) Importer(815301076,1909f56bfc062723c751e8b465ee728b)
Start importing Assets/Scripts/FireShooter.cs using Guid(b5b554dacb116df578925792f74ac1d9) Importer(815301076,1909f56bfc062723c751e8b465ee728b) (PreviewImporter) -> (artifact id: '00000000000000000000000000000000') in 0.0003535 seconds
Import Error Code:(4)
Message: Build asset version error: assets/scripts/fireshooter.cs in SourceAssetDB has modification time of '2026-04-26T17:42:50Z' while content on disk has modification time of '2026-04-26T17:43:02Z'
  ERROR: Build asset version error: assets/scripts/fireshooter.cs in SourceAssetDB has modification time of '2026-04-26T17:42:50Z' while content on disk has modification time of '2026-04-26T17:43:02Z'
Number of updated asset objects reloaded before import = 0Number of asset objects unloaded after import = 0

========================================================================
Received Import Request.
  Time since last request: 0.038031 seconds.
  path: Assets/Scripts/FireShooter.cs
  artifactKey: Guid(b5b554dacb116df578925792f74ac1d9) Importer(815301076,1909f56bfc062723c751e8b465ee728b)
Start importing Assets/Scripts/FireShooter.cs using Guid(b5b554dacb116df578925792f74ac1d9) Importer(815301076,1909f56bfc062723c751e8b465ee728b) (PreviewImporter) -> (artifact id: '00000000000000000000000000000000') in 0.000340613 seconds
Import Error Code:(4)
Message: Build asset version error: assets/scripts/fireshooter.cs in SourceAssetDB has modification time of '2026-04-26T17:42:50Z' while content on disk has modification time of '2026-04-26T17:43:02Z'
  ERROR: Build asset version error: assets/scripts/fireshooter.cs in SourceAssetDB has modification time of '2026-04-26T17:42:50Z' while content on disk has modification time of '2026-04-26T17:43:02Z'
Number of updated asset objects reloaded before import = 0Number of asset objects unloaded after import = 0

========================================================================
Received Import Request.
  Time since last request: 0.030292 seconds.
  path: Assets/Scripts/FireShooter.cs
  artifactKey: Guid(b5b554dacb116df578925792f74ac1d9) Importer(815301076,1909f56bfc062723c751e8b465ee728b)
Start importing Assets/Scripts/FireShooter.cs using Guid(b5b554dacb116df578925792f74ac1d9) Importer(815301076,1909f56bfc062723c751e8b465ee728b) (PreviewImporter) -> (artifact id: '00000000000000000000000000000000') in 0.000440177 seconds
Import Error Code:(4)
Message: Build asset version error: assets/scripts/fireshooter.cs in SourceAssetDB has modification time of '2026-04-26T17:42:50Z' while content on disk has modification time of '2026-04-26T17:43:02Z'
  ERROR: Build asset version error: assets/scripts/fireshooter.cs in SourceAssetDB has modification time of '2026-04-26T17:42:50Z' while content on disk has modification time of '2026-04-26T17:43:02Z'
Number of updated asset objects reloaded before import = 0Number of asset objects unloaded after import = 0

========================================================================
Received Import Request.
  Time since last request: 0.008200 seconds.
  path: Assets/Scripts/FireShooter.cs
  artifactKey: Guid(b5b554dacb116df578925792f74ac1d9) Importer(815301076,1909f56bfc062723c751e8b465ee728b)
Start importing Assets/Scripts/FireShooter.cs using Guid(b5b554dacb116df578925792f74ac1d9) Importer(815301076,1909f56bfc062723c751e8b465ee728b) (PreviewImporter) -> (artifact id: '00000000000000000000000000000000') in 0.000396768 seconds
Import Error Code:(4)
Message: Build asset version error: assets/scripts/fireshooter.cs in SourceAssetDB has modification time of '2026-04-26T17:42:50Z' while content on disk has modification time of '2026-04-26T17:43:02Z'
  ERROR: Build asset version error: assets/scripts/fireshooter.cs in SourceAssetDB has modification time of '2026-04-26T17:42:50Z' while content on disk has modification time of '2026-04-26T17:43:02Z'
Number of updated asset objects reloaded before import = 0Number of asset objects unloaded after import = 0

========================================================================
Received Import Request.
  Time since last request: 0.021298 seconds.
  path: Assets/Scripts/FireShooter.cs
  artifactKey: Guid(b5b554dacb116df578925792f74ac1d9) Importer(815301076,1909f56bfc062723c751e8b465ee728b)
Start importing Assets/Scripts/FireShooter.cs using Guid(b5b554dacb116df578925792f74ac1d9) Importer(815301076,1909f56bfc062723c751e8b465ee728b) (PreviewImporter) -> (artifact id: '00000000000000000000000000000000') in 0.00039351 seconds
Import Error Code:(4)
Message: Build asset version error: assets/scripts/fireshooter.cs in SourceAssetDB has modification time of '2026-04-26T17:42:50Z' while content on disk has modification time of '2026-04-26T17:43:02Z'
  ERROR: Build asset version error: assets/scripts/fireshooter.cs in SourceAssetDB has modification time of '2026-04-26T17:42:50Z' while content on disk has modification time of '2026-04-26T17:43:02Z'
Number of updated asset objects reloaded before import = 0Number of asset objects unloaded after import = 0

========================================================================
Received Import Request.
  Time since last request: 0.011192 seconds.
  path: Assets/Scripts/FireShooter.cs
  artifactKey: Guid(b5b554dacb116df578925792f74ac1d9) Importer(815301076,1909f56bfc062723c751e8b465ee728b)
Start importing Assets/Scripts/FireShooter.cs using Guid(b5b554dacb116df578925792f74ac1d9) Importer(815301076,1909f56bfc062723c751e8b465ee728b) (PreviewImporter) -> (artifact id: '00000000000000000000000000000000') in 0.000408261 seconds
Import Error Code:(4)
Message: Build asset version error: assets/scripts/fireshooter.cs in SourceAssetDB has modification time of '2026-04-26T17:42:50Z' while content on disk has modification time of '2026-04-26T17:43:02Z'
  ERROR: Build asset version error: assets/scripts/fireshooter.cs in SourceAssetDB has modification time of '2026-04-26T17:42:50Z' while content on disk has modification time of '2026-04-26T17:43:02Z'
Number of updated asset objects reloaded before import = 0Number of asset objects unloaded after import = 0

========================================================================
Received Import Request.
  Time since last request: 0.021383 seconds.
  path: Assets/Scripts/FireShooter.cs
  artifactKey: Guid(b5b554dacb116df578925792f74ac1d9) Importer(815301076,1909f56bfc062723c751e8b465ee728b)
Start importing Assets/Scripts/FireShooter.cs using Guid(b5b554dacb116df578925792f74ac1d9) Importer(815301076,1909f56bfc062723c751e8b465ee728b) (PreviewImporter) -> (artifact id: '00000000000000000000000000000000') in 0.000345846 seconds
Import Error Code:(4)
Message: Build asset version error: assets/scripts/fireshooter.cs in SourceAssetDB has modification time of '2026-04-26T17:42:50Z' while content on disk has modification time of '2026-04-26T17:43:02Z'
  ERROR: Build asset version error: assets/scripts/fireshooter.cs in SourceAssetDB has modification time of '2026-04-26T17:42:50Z' while content on disk has modification time of '2026-04-26T17:43:02Z'
Number of updated asset objects reloaded before import = 0Number of asset objects unloaded after import = 0

========================================================================
Received Import Request.
  Time since last request: 0.040280 seconds.
  path: Assets/Scripts/FireShooter.cs
  artifactKey: Guid(b5b554dacb116df578925792f74ac1d9) Importer(815301076,1909f56bfc062723c751e8b465ee728b)
Start importing Assets/Scripts/FireShooter.cs using Guid(b5b554dacb116df578925792f74ac1d9) Importer(815301076,1909f56bfc062723c751e8b465ee728b) (PreviewImporter) -> (artifact id: '00000000000000000000000000000000') in 0.000353781 seconds
Import Error Code:(4)
Message: Build asset version error: assets/scripts/fireshooter.cs in SourceAssetDB has modification time of '2026-04-26T17:42:50Z' while content on disk has modification time of '2026-04-26T17:43:02Z'
  ERROR: Build asset version error: assets/scripts/fireshooter.cs in SourceAssetDB has modification time of '2026-04-26T17:42:50Z' while content on disk has modification time of '2026-04-26T17:43:02Z'
Number of updated asset objects reloaded before import = 0Number of asset objects unloaded after import = 0

========================================================================
Received Import Request.
  Time since last request: 0.065366 seconds.
  path: Assets/Scripts/FireShooter.cs
  artifactKey: Guid(b5b554dacb116df578925792f74ac1d9) Importer(815301076,1909f56bfc062723c751e8b465ee728b)
Start importing Assets/Scripts/FireShooter.cs using Guid(b5b554dacb116df578925792f74ac1d9) Importer(815301076,1909f56bfc062723c751e8b465ee728b) (PreviewImporter) -> (artifact id: '00000000000000000000000000000000') in 0.000419674 seconds
Import Error Code:(4)
Message: Build asset version error: assets/scripts/fireshooter.cs in SourceAssetDB has modification time of '2026-04-26T17:42:50Z' while content on disk has modification time of '2026-04-26T17:43:02Z'
  ERROR: Build asset version error: assets/scripts/fireshooter.cs in SourceAssetDB has modification time of '2026-04-26T17:42:50Z' while content on disk has modification time of '2026-04-26T17:43:02Z'
Number of updated asset objects reloaded before import = 0Number of asset objects unloaded after import = 0

========================================================================
Received Import Request.
  Time since last request: 0.023719 seconds.
  path: Assets/Scripts/FireShooter.cs
  artifactKey: Guid(b5b554dacb116df578925792f74ac1d9) Importer(815301076,1909f56bfc062723c751e8b465ee728b)
Start importing Assets/Scripts/FireShooter.cs using Guid(b5b554dacb116df578925792f74ac1d9) Importer(815301076,1909f56bfc062723c751e8b465ee728b) (PreviewImporter) -> (artifact id: '00000000000000000000000000000000') in 0.000357035 seconds
Import Error Code:(4)
Message: Build asset version error: assets/scripts/fireshooter.cs in SourceAssetDB has modification time of '2026-04-26T17:42:50Z' while content on disk has modification time of '2026-04-26T17:43:02Z'
  ERROR: Build asset version error: assets/scripts/fireshooter.cs in SourceAssetDB has modification time of '2026-04-26T17:42:50Z' while content on disk has modification time of '2026-04-26T17:43:02Z'
Number of updated asset objects reloaded before import = 0Number of asset objects unloaded after import = 0

========================================================================
Received Import Request.
  Time since last request: 0.033322 seconds.
  path: Assets/Scripts/FireShooter.cs
  artifactKey: Guid(b5b554dacb116df578925792f74ac1d9) Importer(815301076,1909f56bfc062723c751e8b465ee728b)
Start importing Assets/Scripts/FireShooter.cs using Guid(b5b554dacb116df578925792f74ac1d9) Importer(815301076,1909f56bfc062723c751e8b465ee728b) (PreviewImporter) -> (artifact id: '00000000000000000000000000000000') in 0.000346762 seconds
Import Error Code:(4)
Message: Build asset version error: assets/scripts/fireshooter.cs in SourceAssetDB has modification time of '2026-04-26T17:42:50Z' while content on disk has modification time of '2026-04-26T17:43:02Z'
  ERROR: Build asset version error: assets/scripts/fireshooter.cs in SourceAssetDB has modification time of '2026-04-26T17:42:50Z' while content on disk has modification time of '2026-04-26T17:43:02Z'
Number of updated asset objects reloaded before import = 0Number of asset objects unloaded after import = 0

========================================================================
Received Import Request.
  Time since last request: 0.030035 seconds.
  path: Assets/Scripts/FireShooter.cs
  artifactKey: Guid(b5b554dacb116df578925792f74ac1d9) Importer(815301076,1909f56bfc062723c751e8b465ee728b)
Start importing Assets/Scripts/FireShooter.cs using Guid(b5b554dacb116df578925792f74ac1d9) Importer(815301076,1909f56bfc062723c751e8b465ee728b) (PreviewImporter) -> (artifact id: '00000000000000000000000000000000') in 0.000371241 seconds
Import Error Code:(4)
Message: Build asset version error: assets/scripts/fireshooter.cs in SourceAssetDB has modification time of '2026-04-26T17:42:50Z' while content on disk has modification time of '2026-04-26T17:43:02Z'
  ERROR: Build asset version error: assets/scripts/fireshooter.cs in SourceAssetDB has modification time of '2026-04-26T17:42:50Z' while content on disk has modification time of '2026-04-26T17:43:02Z'
Number of updated asset objects reloaded before import = 0Number of asset objects unloaded after import = 0

========================================================================
Received Import Request.
  Time since last request: 0.049432 seconds.
  path: Assets/Scripts/FireShooter.cs
  artifactKey: Guid(b5b554dacb116df578925792f74ac1d9) Importer(815301076,1909f56bfc062723c751e8b465ee728b)
Start importing Assets/Scripts/FireShooter.cs using Guid(b5b554dacb116df578925792f74ac1d9) Importer(815301076,1909f56bfc062723c751e8b465ee728b) (PreviewImporter) -> (artifact id: '00000000000000000000000000000000') in 0.000382922 seconds
Import Error Code:(4)
Message: Build asset version error: assets/scripts/fireshooter.cs in SourceAssetDB has modification time of '2026-04-26T17:42:50Z' while content on disk has modification time of '2026-04-26T17:43:02Z'
  ERROR: Build asset version error: assets/scripts/fireshooter.cs in SourceAssetDB has modification time of '2026-04-26T17:42:50Z' while content on disk has modification time of '2026-04-26T17:43:02Z'
Number of updated asset objects reloaded before import = 0Number of asset objects unloaded after import = 0

========================================================================
Received Import Request.
  Time since last request: 0.017484 seconds.
  path: Assets/Scripts/FireShooter.cs
  artifactKey: Guid(b5b554dacb116df578925792f74ac1d9) Importer(815301076,1909f56bfc062723c751e8b465ee728b)
Start importing Assets/Scripts/FireShooter.cs using Guid(b5b554dacb116df578925792f74ac1d9) Importer(815301076,1909f56bfc062723c751e8b465ee728b) (PreviewImporter) -> (artifact id: '00000000000000000000000000000000') in 0.000376035 seconds
Import Error Code:(4)
Message: Build asset version error: assets/scripts/fireshooter.cs in SourceAssetDB has modification time of '2026-04-26T17:42:50Z' while content on disk has modification time of '2026-04-26T17:43:02Z'
  ERROR: Build asset version error: assets/scripts/fireshooter.cs in SourceAssetDB has modification time of '2026-04-26T17:42:50Z' while content on disk has modification time of '2026-04-26T17:43:02Z'
Number of updated asset objects reloaded before import = 0Number of asset objects unloaded after import = 0

========================================================================
Received Import Request.
  Time since last request: 0.077732 seconds.
  path: Assets/Scripts/FireShooter.cs
  artifactKey: Guid(b5b554dacb116df578925792f74ac1d9) Importer(815301076,1909f56bfc062723c751e8b465ee728b)
Start importing Assets/Scripts/FireShooter.cs using Guid(b5b554dacb116df578925792f74ac1d9) Importer(815301076,1909f56bfc062723c751e8b465ee728b) (PreviewImporter) -> (artifact id: '00000000000000000000000000000000') in 0.00034902 seconds
Import Error Code:(4)
Message: Build asset version error: assets/scripts/fireshooter.cs in SourceAssetDB has modification time of '2026-04-26T17:42:50Z' while content on disk has modification time of '2026-04-26T17:43:02Z'
  ERROR: Build asset version error: assets/scripts/fireshooter.cs in SourceAssetDB has modification time of '2026-04-26T17:42:50Z' while content on disk has modification time of '2026-04-26T17:43:02Z'
Number of updated asset objects reloaded before import = 0Number of asset objects unloaded after import = 0

========================================================================
Received Import Request.
  Time since last request: 0.043320 seconds.
  path: Assets/Scripts/FireShooter.cs
  artifactKey: Guid(b5b554dacb116df578925792f74ac1d9) Importer(815301076,1909f56bfc062723c751e8b465ee728b)
Start importing Assets/Scripts/FireShooter.cs using Guid(b5b554dacb116df578925792f74ac1d9) Importer(815301076,1909f56bfc062723c751e8b465ee728b) (PreviewImporter) -> (artifact id: '00000000000000000000000000000000') in 0.000609184 seconds
Import Error Code:(4)
Message: Build asset version error: assets/scripts/fireshooter.cs in SourceAssetDB has modification time of '2026-04-26T17:42:50Z' while content on disk has modification time of '2026-04-26T17:43:02Z'
  ERROR: Build asset version error: assets/scripts/fireshooter.cs in SourceAssetDB has modification time of '2026-04-26T17:42:50Z' while content on disk has modification time of '2026-04-26T17:43:02Z'
Number of updated asset objects reloaded before import = 0Number of asset objects unloaded after import = 0

========================================================================
Received Import Request.
  Time since last request: 0.022787 seconds.
  path: Assets/Scripts/FireShooter.cs
  artifactKey: Guid(b5b554dacb116df578925792f74ac1d9) Importer(815301076,1909f56bfc062723c751e8b465ee728b)
Start importing Assets/Scripts/FireShooter.cs using Guid(b5b554dacb116df578925792f74ac1d9) Importer(815301076,1909f56bfc062723c751e8b465ee728b) (PreviewImporter) -> (artifact id: '00000000000000000000000000000000') in 0.000356476 seconds
Import Error Code:(4)
Message: Build asset version error: assets/scripts/fireshooter.cs in SourceAssetDB has modification time of '2026-04-26T17:42:50Z' while content on disk has modification time of '2026-04-26T17:43:02Z'
  ERROR: Build asset version error: assets/scripts/fireshooter.cs in SourceAssetDB has modification time of '2026-04-26T17:42:50Z' while content on disk has modification time of '2026-04-26T17:43:02Z'
Number of updated asset objects reloaded before import = 0Number of asset objects unloaded after import = 0

========================================================================
Received Import Request.
  Time since last request: 0.028967 seconds.
  path: Assets/Scripts/FireShooter.cs
  artifactKey: Guid(b5b554dacb116df578925792f74ac1d9) Importer(815301076,1909f56bfc062723c751e8b465ee728b)
Start importing Assets/Scripts/FireShooter.cs using Guid(b5b554dacb116df578925792f74ac1d9) Importer(815301076,1909f56bfc062723c751e8b465ee728b) (PreviewImporter) -> (artifact id: '00000000000000000000000000000000') in 0.000349017 seconds
Import Error Code:(4)
Message: Build asset version error: assets/scripts/fireshooter.cs in SourceAssetDB has modification time of '2026-04-26T17:42:50Z' while content on disk has modification time of '2026-04-26T17:43:02Z'
  ERROR: Build asset version error: assets/scripts/fireshooter.cs in SourceAssetDB has modification time of '2026-04-26T17:42:50Z' while content on disk has modification time of '2026-04-26T17:43:02Z'
Number of updated asset objects reloaded before import = 0Number of asset objects unloaded after import = 0

========================================================================
Received Import Request.
  Time since last request: 0.026371 seconds.
  path: Assets/Scripts/FireShooter.cs
  artifactKey: Guid(b5b554dacb116df578925792f74ac1d9) Importer(815301076,1909f56bfc062723c751e8b465ee728b)
Start importing Assets/Scripts/FireShooter.cs using Guid(b5b554dacb116df578925792f74ac1d9) Importer(815301076,1909f56bfc062723c751e8b465ee728b) (PreviewImporter) -> (artifact id: '00000000000000000000000000000000') in 0.000409076 seconds
Import Error Code:(4)
Message: Build asset version error: assets/scripts/fireshooter.cs in SourceAssetDB has modification time of '2026-04-26T17:42:50Z' while content on disk has modification time of '2026-04-26T17:43:02Z'
  ERROR: Build asset version error: assets/scripts/fireshooter.cs in SourceAssetDB has modification time of '2026-04-26T17:42:50Z' while content on disk has modification time of '2026-04-26T17:43:02Z'
Number of updated asset objects reloaded before import = 0Number of asset objects unloaded after import = 0

========================================================================
Received Import Request.
  Time since last request: 0.065719 seconds.
  path: Assets/Scripts/FireShooter.cs
  artifactKey: Guid(b5b554dacb116df578925792f74ac1d9) Importer(815301076,1909f56bfc062723c751e8b465ee728b)
Start importing Assets/Scripts/FireShooter.cs using Guid(b5b554dacb116df578925792f74ac1d9) Importer(815301076,1909f56bfc062723c751e8b465ee728b) (PreviewImporter) -> (artifact id: '00000000000000000000000000000000') in 0.000386203 seconds
Import Error Code:(4)
Message: Build asset version error: assets/scripts/fireshooter.cs in SourceAssetDB has modification time of '2026-04-26T17:42:50Z' while content on disk has modification time of '2026-04-26T17:43:02Z'
  ERROR: Build asset version error: assets/scripts/fireshooter.cs in SourceAssetDB has modification time of '2026-04-26T17:42:50Z' while content on disk has modification time of '2026-04-26T17:43:02Z'
Number of updated asset objects reloaded before import = 0Number of asset objects unloaded after import = 0

========================================================================
Received Import Request.
  Time since last request: 0.060144 seconds.
  path: Assets/Scripts/FireShooter.cs
  artifactKey: Guid(b5b554dacb116df578925792f74ac1d9) Importer(815301076,1909f56bfc062723c751e8b465ee728b)
Start importing Assets/Scripts/FireShooter.cs using Guid(b5b554dacb116df578925792f74ac1d9) Importer(815301076,1909f56bfc062723c751e8b465ee728b) (PreviewImporter) -> (artifact id: '00000000000000000000000000000000') in 0.000372236 seconds
Import Error Code:(4)
Message: Build asset version error: assets/scripts/fireshooter.cs in SourceAssetDB has modification time of '2026-04-26T17:42:50Z' while content on disk has modification time of '2026-04-26T17:43:02Z'
  ERROR: Build asset version error: assets/scripts/fireshooter.cs in SourceAssetDB has modification time of '2026-04-26T17:42:50Z' while content on disk has modification time of '2026-04-26T17:43:02Z'
Number of updated asset objects reloaded before import = 0Number of asset objects unloaded after import = 0

========================================================================
Received Import Request.
  Time since last request: 0.012819 seconds.
  path: Assets/Scripts/FireShooter.cs
  artifactKey: Guid(b5b554dacb116df578925792f74ac1d9) Importer(815301076,1909f56bfc062723c751e8b465ee728b)
Start importing Assets/Scripts/FireShooter.cs using Guid(b5b554dacb116df578925792f74ac1d9) Importer(815301076,1909f56bfc062723c751e8b465ee728b) (PreviewImporter) -> (artifact id: '00000000000000000000000000000000') in 0.000338564 seconds
Import Error Code:(4)
Message: Build asset version error: assets/scripts/fireshooter.cs in SourceAssetDB has modification time of '2026-04-26T17:42:50Z' while content on disk has modification time of '2026-04-26T17:43:02Z'
  ERROR: Build asset version error: assets/scripts/fireshooter.cs in SourceAssetDB has modification time of '2026-04-26T17:42:50Z' while content on disk has modification time of '2026-04-26T17:43:02Z'
Number of updated asset objects reloaded before import = 0Number of asset objects unloaded after import = 0

========================================================================
Received Import Request.
  Time since last request: 0.022642 seconds.
  path: Assets/Scripts/FireShooter.cs
  artifactKey: Guid(b5b554dacb116df578925792f74ac1d9) Importer(815301076,1909f56bfc062723c751e8b465ee728b)
Start importing Assets/Scripts/FireShooter.cs using Guid(b5b554dacb116df578925792f74ac1d9) Importer(815301076,1909f56bfc062723c751e8b465ee728b) (PreviewImporter) -> (artifact id: '00000000000000000000000000000000') in 0.000346969 seconds
Import Error Code:(4)
Message: Build asset version error: assets/scripts/fireshooter.cs in SourceAssetDB has modification time of '2026-04-26T17:42:50Z' while content on disk has modification time of '2026-04-26T17:43:02Z'
  ERROR: Build asset version error: assets/scripts/fireshooter.cs in SourceAssetDB has modification time of '2026-04-26T17:42:50Z' while content on disk has modification time of '2026-04-26T17:43:02Z'
Number of updated asset objects reloaded before import = 0Number of asset objects unloaded after import = 0

========================================================================
Received Import Request.
  Time since last request: 0.019012 seconds.
  path: Assets/Scripts/FireShooter.cs
  artifactKey: Guid(b5b554dacb116df578925792f74ac1d9) Importer(815301076,1909f56bfc062723c751e8b465ee728b)
Start importing Assets/Scripts/FireShooter.cs using Guid(b5b554dacb116df578925792f74ac1d9) Importer(815301076,1909f56bfc062723c751e8b465ee728b) (PreviewImporter) -> (artifact id: '00000000000000000000000000000000') in 0.000367718 seconds
Import Error Code:(4)
Message: Build asset version error: assets/scripts/fireshooter.cs in SourceAssetDB has modification time of '2026-04-26T17:42:50Z' while content on disk has modification time of '2026-04-26T17:43:02Z'
  ERROR: Build asset version error: assets/scripts/fireshooter.cs in SourceAssetDB has modification time of '2026-04-26T17:42:50Z' while content on disk has modification time of '2026-04-26T17:43:02Z'
Number of updated asset objects reloaded before import = 0Number of asset objects unloaded after import = 0

========================================================================
Received Import Request.
  Time since last request: 0.029161 seconds.
  path: Assets/Scripts/FireShooter.cs
  artifactKey: Guid(b5b554dacb116df578925792f74ac1d9) Importer(815301076,1909f56bfc062723c751e8b465ee728b)
Start importing Assets/Scripts/FireShooter.cs using Guid(b5b554dacb116df578925792f74ac1d9) Importer(815301076,1909f56bfc062723c751e8b465ee728b) (PreviewImporter) -> (artifact id: '00000000000000000000000000000000') in 0.000377757 seconds
Import Error Code:(4)
Message: Build asset version error: assets/scripts/fireshooter.cs in SourceAssetDB has modification time of '2026-04-26T17:42:50Z' while content on disk has modification time of '2026-04-26T17:43:02Z'
  ERROR: Build asset version error: assets/scripts/fireshooter.cs in SourceAssetDB has modification time of '2026-04-26T17:42:50Z' while content on disk has modification time of '2026-04-26T17:43:02Z'
Number of updated asset objects reloaded before import = 0Number of asset objects unloaded after import = 0

========================================================================
Received Import Request.
  Time since last request: 0.012944 seconds.
  path: Assets/Scripts/FireShooter.cs
  artifactKey: Guid(b5b554dacb116df578925792f74ac1d9) Importer(815301076,1909f56bfc062723c751e8b465ee728b)
Start importing Assets/Scripts/FireShooter.cs using Guid(b5b554dacb116df578925792f74ac1d9) Importer(815301076,1909f56bfc062723c751e8b465ee728b) (PreviewImporter) -> (artifact id: '00000000000000000000000000000000') in 0.000353251 seconds
Import Error Code:(4)
Message: Build asset version error: assets/scripts/fireshooter.cs in SourceAssetDB has modification time of '2026-04-26T17:42:50Z' while content on disk has modification time of '2026-04-26T17:43:02Z'
  ERROR: Build asset version error: assets/scripts/fireshooter.cs in SourceAssetDB has modification time of '2026-04-26T17:42:50Z' while content on disk has modification time of '2026-04-26T17:43:02Z'
Number of updated asset objects reloaded before import = 0Number of asset objects unloaded after import = 0

========================================================================
Received Import Request.
  Time since last request: 0.022871 seconds.
  path: Assets/Scripts/FireShooter.cs
  artifactKey: Guid(b5b554dacb116df578925792f74ac1d9) Importer(815301076,1909f56bfc062723c751e8b465ee728b)
Start importing Assets/Scripts/FireShooter.cs using Guid(b5b554dacb116df578925792f74ac1d9) Importer(815301076,1909f56bfc062723c751e8b465ee728b) (PreviewImporter) -> (artifact id: '00000000000000000000000000000000') in 0.000419184 seconds
Import Error Code:(4)
Message: Build asset version error: assets/scripts/fireshooter.cs in SourceAssetDB has modification time of '2026-04-26T17:42:50Z' while content on disk has modification time of '2026-04-26T17:43:02Z'
  ERROR: Build asset version error: assets/scripts/fireshooter.cs in SourceAssetDB has modification time of '2026-04-26T17:42:50Z' while content on disk has modification time of '2026-04-26T17:43:02Z'
Number of updated asset objects reloaded before import = 0Number of asset objects unloaded after import = 0

========================================================================
Received Import Request.
  Time since last request: 0.029753 seconds.
  path: Assets/Scripts/FireShooter.cs
  artifactKey: Guid(b5b554dacb116df578925792f74ac1d9) Importer(815301076,1909f56bfc062723c751e8b465ee728b)
Start importing Assets/Scripts/FireShooter.cs using Guid(b5b554dacb116df578925792f74ac1d9) Importer(815301076,1909f56bfc062723c751e8b465ee728b) (PreviewImporter) -> (artifact id: '00000000000000000000000000000000') in 0.000374028 seconds
Import Error Code:(4)
Message: Build asset version error: assets/scripts/fireshooter.cs in SourceAssetDB has modification time of '2026-04-26T17:42:50Z' while content on disk has modification time of '2026-04-26T17:43:02Z'
  ERROR: Build asset version error: assets/scripts/fireshooter.cs in SourceAssetDB has modification time of '2026-04-26T17:42:50Z' while content on disk has modification time of '2026-04-26T17:43:02Z'
Number of updated asset objects reloaded before import = 0Number of asset objects unloaded after import = 0

========================================================================
Received Import Request.
  Time since last request: 0.030240 seconds.
  path: Assets/Scripts/FireShooter.cs
  artifactKey: Guid(b5b554dacb116df578925792f74ac1d9) Importer(815301076,1909f56bfc062723c751e8b465ee728b)
Start importing Assets/Scripts/FireShooter.cs using Guid(b5b554dacb116df578925792f74ac1d9) Importer(815301076,1909f56bfc062723c751e8b465ee728b) (PreviewImporter) -> (artifact id: '00000000000000000000000000000000') in 0.000349078 seconds
Import Error Code:(4)
Message: Build asset version error: assets/scripts/fireshooter.cs in SourceAssetDB has modification time of '2026-04-26T17:42:50Z' while content on disk has modification time of '2026-04-26T17:43:02Z'
  ERROR: Build asset version error: assets/scripts/fireshooter.cs in SourceAssetDB has modification time of '2026-04-26T17:42:50Z' while content on disk has modification time of '2026-04-26T17:43:02Z'
Number of updated asset objects reloaded before import = 0Number of asset objects unloaded after import = 0

========================================================================
Received Import Request.
  Time since last request: 0.021302 seconds.
  path: Assets/Scripts/FireShooter.cs
  artifactKey: Guid(b5b554dacb116df578925792f74ac1d9) Importer(815301076,1909f56bfc062723c751e8b465ee728b)
Start importing Assets/Scripts/FireShooter.cs using Guid(b5b554dacb116df578925792f74ac1d9) Importer(815301076,1909f56bfc062723c751e8b465ee728b) (PreviewImporter) -> (artifact id: '00000000000000000000000000000000') in 0.000328434 seconds
Import Error Code:(4)
Message: Build asset version error: assets/scripts/fireshooter.cs in SourceAssetDB has modification time of '2026-04-26T17:42:50Z' while content on disk has modification time of '2026-04-26T17:43:02Z'
  ERROR: Build asset version error: assets/scripts/fireshooter.cs in SourceAssetDB has modification time of '2026-04-26T17:42:50Z' while content on disk has modification time of '2026-04-26T17:43:02Z'
Number of updated asset objects reloaded before import = 0Number of asset objects unloaded after import = 0

========================================================================
Received Import Request.
  Time since last request: 0.035355 seconds.
  path: Assets/Scripts/FireShooter.cs
  artifactKey: Guid(b5b554dacb116df578925792f74ac1d9) Importer(815301076,1909f56bfc062723c751e8b465ee728b)
Start importing Assets/Scripts/FireShooter.cs using Guid(b5b554dacb116df578925792f74ac1d9) Importer(815301076,1909f56bfc062723c751e8b465ee728b) (PreviewImporter) -> (artifact id: '00000000000000000000000000000000') in 0.000435609 seconds
Import Error Code:(4)
Message: Build asset version error: assets/scripts/fireshooter.cs in SourceAssetDB has modification time of '2026-04-26T17:42:50Z' while content on disk has modification time of '2026-04-26T17:43:02Z'
  ERROR: Build asset version error: assets/scripts/fireshooter.cs in SourceAssetDB has modification time of '2026-04-26T17:42:50Z' while content on disk has modification time of '2026-04-26T17:43:02Z'
Number of updated asset objects reloaded before import = 0Number of asset objects unloaded after import = 0

========================================================================
Received Import Request.
  Time since last request: 0.048745 seconds.
  path: Assets/Scripts/FireShooter.cs
  artifactKey: Guid(b5b554dacb116df578925792f74ac1d9) Importer(815301076,1909f56bfc062723c751e8b465ee728b)
Start importing Assets/Scripts/FireShooter.cs using Guid(b5b554dacb116df578925792f74ac1d9) Importer(815301076,1909f56bfc062723c751e8b465ee728b) (PreviewImporter) -> (artifact id: '00000000000000000000000000000000') in 0.000352991 seconds
Import Error Code:(4)
Message: Build asset version error: assets/scripts/fireshooter.cs in SourceAssetDB has modification time of '2026-04-26T17:42:50Z' while content on disk has modification time of '2026-04-26T17:43:02Z'
  ERROR: Build asset version error: assets/scripts/fireshooter.cs in SourceAssetDB has modification time of '2026-04-26T17:42:50Z' while content on disk has modification time of '2026-04-26T17:43:02Z'
Number of updated asset objects reloaded before import = 0Number of asset objects unloaded after import = 0

========================================================================
Received Import Request.
  Time since last request: 0.012935 seconds.
  path: Assets/Scripts/FireShooter.cs
  artifactKey: Guid(b5b554dacb116df578925792f74ac1d9) Importer(815301076,1909f56bfc062723c751e8b465ee728b)
Start importing Assets/Scripts/FireShooter.cs using Guid(b5b554dacb116df578925792f74ac1d9) Importer(815301076,1909f56bfc062723c751e8b465ee728b) (PreviewImporter) -> (artifact id: '00000000000000000000000000000000') in 0.000318935 seconds
Import Error Code:(4)
Message: Build asset version error: assets/scripts/fireshooter.cs in SourceAssetDB has modification time of '2026-04-26T17:42:50Z' while content on disk has modification time of '2026-04-26T17:43:02Z'
  ERROR: Build asset version error: assets/scripts/fireshooter.cs in SourceAssetDB has modification time of '2026-04-26T17:42:50Z' while content on disk has modification time of '2026-04-26T17:43:02Z'
Number of updated asset objects reloaded before import = 0Number of asset objects unloaded after import = 0

========================================================================
Received Import Request.
  Time since last request: 0.042151 seconds.
  path: Assets/Scripts/FireShooter.cs
  artifactKey: Guid(b5b554dacb116df578925792f74ac1d9) Importer(815301076,1909f56bfc062723c751e8b465ee728b)
Start importing Assets/Scripts/FireShooter.cs using Guid(b5b554dacb116df578925792f74ac1d9) Importer(815301076,1909f56bfc062723c751e8b465ee728b) (PreviewImporter) -> (artifact id: '00000000000000000000000000000000') in 0.000438286 seconds
Import Error Code:(4)
Message: Build asset version error: assets/scripts/fireshooter.cs in SourceAssetDB has modification time of '2026-04-26T17:42:50Z' while content on disk has modification time of '2026-04-26T17:43:02Z'
  ERROR: Build asset version error: assets/scripts/fireshooter.cs in SourceAssetDB has modification time of '2026-04-26T17:42:50Z' while content on disk has modification time of '2026-04-26T17:43:02Z'
Number of updated asset objects reloaded before import = 0Number of asset objects unloaded after import = 0

========================================================================
Received Import Request.
  Time since last request: 0.056028 seconds.
  path: Assets/Scripts/FireShooter.cs
  artifactKey: Guid(b5b554dacb116df578925792f74ac1d9) Importer(815301076,1909f56bfc062723c751e8b465ee728b)
Start importing Assets/Scripts/FireShooter.cs using Guid(b5b554dacb116df578925792f74ac1d9) Importer(815301076,1909f56bfc062723c751e8b465ee728b) (PreviewImporter) -> (artifact id: '00000000000000000000000000000000') in 0.000390571 seconds
Import Error Code:(4)
Message: Build asset version error: assets/scripts/fireshooter.cs in SourceAssetDB has modification time of '2026-04-26T17:42:50Z' while content on disk has modification time of '2026-04-26T17:43:02Z'
  ERROR: Build asset version error: assets/scripts/fireshooter.cs in SourceAssetDB has modification time of '2026-04-26T17:42:50Z' while content on disk has modification time of '2026-04-26T17:43:02Z'
Number of updated asset objects reloaded before import = 0Number of asset objects unloaded after import = 0

========================================================================
Received Import Request.
  Time since last request: 0.042114 seconds.
  path: Assets/Scripts/FireShooter.cs
  artifactKey: Guid(b5b554dacb116df578925792f74ac1d9) Importer(815301076,1909f56bfc062723c751e8b465ee728b)
Start importing Assets/Scripts/FireShooter.cs using Guid(b5b554dacb116df578925792f74ac1d9) Importer(815301076,1909f56bfc062723c751e8b465ee728b) (PreviewImporter) -> (artifact id: '00000000000000000000000000000000') in 0.000392398 seconds
Import Error Code:(4)
Message: Build asset version error: assets/scripts/fireshooter.cs in SourceAssetDB has modification time of '2026-04-26T17:42:50Z' while content on disk has modification time of '2026-04-26T17:43:02Z'
  ERROR: Build asset version error: assets/scripts/fireshooter.cs in SourceAssetDB has modification time of '2026-04-26T17:42:50Z' while content on disk has modification time of '2026-04-26T17:43:02Z'
Number of updated asset objects reloaded before import = 0Number of asset objects unloaded after import = 0

========================================================================
Received Import Request.
  Time since last request: 0.040498 seconds.
  path: Assets/Scripts/FireShooter.cs
  artifactKey: Guid(b5b554dacb116df578925792f74ac1d9) Importer(815301076,1909f56bfc062723c751e8b465ee728b)
Start importing Assets/Scripts/FireShooter.cs using Guid(b5b554dacb116df578925792f74ac1d9) Importer(815301076,1909f56bfc062723c751e8b465ee728b) (PreviewImporter) -> (artifact id: '00000000000000000000000000000000') in 0.000332936 seconds
Import Error Code:(4)
Message: Build asset version error: assets/scripts/fireshooter.cs in SourceAssetDB has modification time of '2026-04-26T17:42:50Z' while content on disk has modification time of '2026-04-26T17:43:02Z'
  ERROR: Build asset version error: assets/scripts/fireshooter.cs in SourceAssetDB has modification time of '2026-04-26T17:42:50Z' while content on disk has modification time of '2026-04-26T17:43:02Z'
Number of updated asset objects reloaded before import = 0Number of asset objects unloaded after import = 0

========================================================================
Received Import Request.
  Time since last request: 0.031418 seconds.
  path: Assets/Scripts/FireShooter.cs
  artifactKey: Guid(b5b554dacb116df578925792f74ac1d9) Importer(815301076,1909f56bfc062723c751e8b465ee728b)
Start importing Assets/Scripts/FireShooter.cs using Guid(b5b554dacb116df578925792f74ac1d9) Importer(815301076,1909f56bfc062723c751e8b465ee728b) (PreviewImporter) -> (artifact id: '00000000000000000000000000000000') in 0.000338349 seconds
Import Error Code:(4)
Message: Build asset version error: assets/scripts/fireshooter.cs in SourceAssetDB has modification time of '2026-04-26T17:42:50Z' while content on disk has modification time of '2026-04-26T17:43:02Z'
  ERROR: Build asset version error: assets/scripts/fireshooter.cs in SourceAssetDB has modification time of '2026-04-26T17:42:50Z' while content on disk has modification time of '2026-04-26T17:43:02Z'
Number of updated asset objects reloaded before import = 0Number of asset objects unloaded after import = 0

========================================================================
Received Import Request.
  Time since last request: 0.028414 seconds.
  path: Assets/Scripts/FireShooter.cs
  artifactKey: Guid(b5b554dacb116df578925792f74ac1d9) Importer(815301076,1909f56bfc062723c751e8b465ee728b)
Start importing Assets/Scripts/FireShooter.cs using Guid(b5b554dacb116df578925792f74ac1d9) Importer(815301076,1909f56bfc062723c751e8b465ee728b) (PreviewImporter) -> (artifact id: '00000000000000000000000000000000') in 0.000362555 seconds
Import Error Code:(4)
Message: Build asset version error: assets/scripts/fireshooter.cs in SourceAssetDB has modification time of '2026-04-26T17:42:50Z' while content on disk has modification time of '2026-04-26T17:43:02Z'
  ERROR: Build asset version error: assets/scripts/fireshooter.cs in SourceAssetDB has modification time of '2026-04-26T17:42:50Z' while content on disk has modification time of '2026-04-26T17:43:02Z'
Number of updated asset objects reloaded before import = 0Number of asset objects unloaded after import = 0

========================================================================
Received Import Request.
  Time since last request: 0.030848 seconds.
  path: Assets/Scripts/FireShooter.cs
  artifactKey: Guid(b5b554dacb116df578925792f74ac1d9) Importer(815301076,1909f56bfc062723c751e8b465ee728b)
Start importing Assets/Scripts/FireShooter.cs using Guid(b5b554dacb116df578925792f74ac1d9) Importer(815301076,1909f56bfc062723c751e8b465ee728b) (PreviewImporter) -> (artifact id: '00000000000000000000000000000000') in 0.000378279 seconds
Import Error Code:(4)
Message: Build asset version error: assets/scripts/fireshooter.cs in SourceAssetDB has modification time of '2026-04-26T17:42:50Z' while content on disk has modification time of '2026-04-26T17:43:02Z'
  ERROR: Build asset version error: assets/scripts/fireshooter.cs in SourceAssetDB has modification time of '2026-04-26T17:42:50Z' while content on disk has modification time of '2026-04-26T17:43:02Z'
Number of updated asset objects reloaded before import = 0Number of asset objects unloaded after import = 0

========================================================================
Received Import Request.
  Time since last request: 0.040317 seconds.
  path: Assets/Scripts/FireShooter.cs
  artifactKey: Guid(b5b554dacb116df578925792f74ac1d9) Importer(815301076,1909f56bfc062723c751e8b465ee728b)
Start importing Assets/Scripts/FireShooter.cs using Guid(b5b554dacb116df578925792f74ac1d9) Importer(815301076,1909f56bfc062723c751e8b465ee728b) (PreviewImporter) -> (artifact id: '00000000000000000000000000000000') in 0.000407658 seconds
Import Error Code:(4)
Message: Build asset version error: assets/scripts/fireshooter.cs in SourceAssetDB has modification time of '2026-04-26T17:42:50Z' while content on disk has modification time of '2026-04-26T17:43:02Z'
  ERROR: Build asset version error: assets/scripts/fireshooter.cs in SourceAssetDB has modification time of '2026-04-26T17:42:50Z' while content on disk has modification time of '2026-04-26T17:43:02Z'
Number of updated asset objects reloaded before import = 0Number of asset objects unloaded after import = 0

========================================================================
Received Import Request.
  Time since last request: 0.030778 seconds.
  path: Assets/Scripts/FireShooter.cs
  artifactKey: Guid(b5b554dacb116df578925792f74ac1d9) Importer(815301076,1909f56bfc062723c751e8b465ee728b)
Start importing Assets/Scripts/FireShooter.cs using Guid(b5b554dacb116df578925792f74ac1d9) Importer(815301076,1909f56bfc062723c751e8b465ee728b) (PreviewImporter) -> (artifact id: '00000000000000000000000000000000') in 0.000378907 seconds
Import Error Code:(4)
Message: Build asset version error: assets/scripts/fireshooter.cs in SourceAssetDB has modification time of '2026-04-26T17:42:50Z' while content on disk has modification time of '2026-04-26T17:43:02Z'
  ERROR: Build asset version error: assets/scripts/fireshooter.cs in SourceAssetDB has modification time of '2026-04-26T17:42:50Z' while content on disk has modification time of '2026-04-26T17:43:02Z'
Number of updated asset objects reloaded before import = 0Number of asset objects unloaded after import = 0

========================================================================
Received Import Request.
  Time since last request: 0.027071 seconds.
  path: Assets/Scripts/FireShooter.cs
  artifactKey: Guid(b5b554dacb116df578925792f74ac1d9) Importer(815301076,1909f56bfc062723c751e8b465ee728b)
Start importing Assets/Scripts/FireShooter.cs using Guid(b5b554dacb116df578925792f74ac1d9) Importer(815301076,1909f56bfc062723c751e8b465ee728b) (PreviewImporter) -> (artifact id: '00000000000000000000000000000000') in 0.000339795 seconds
Import Error Code:(4)
Message: Build asset version error: assets/scripts/fireshooter.cs in SourceAssetDB has modification time of '2026-04-26T17:42:50Z' while content on disk has modification time of '2026-04-26T17:43:02Z'
  ERROR: Build asset version error: assets/scripts/fireshooter.cs in SourceAssetDB has modification time of '2026-04-26T17:42:50Z' while content on disk has modification time of '2026-04-26T17:43:02Z'
Number of updated asset objects reloaded before import = 0Number of asset objects unloaded after import = 0

========================================================================
Received Import Request.
  Time since last request: 0.030759 seconds.
  path: Assets/Scripts/FireShooter.cs
  artifactKey: Guid(b5b554dacb116df578925792f74ac1d9) Importer(815301076,1909f56bfc062723c751e8b465ee728b)
Start importing Assets/Scripts/FireShooter.cs using Guid(b5b554dacb116df578925792f74ac1d9) Importer(815301076,1909f56bfc062723c751e8b465ee728b) (PreviewImporter) -> (artifact id: '00000000000000000000000000000000') in 0.000649171 seconds
Import Error Code:(4)
Message: Build asset version error: assets/scripts/fireshooter.cs in SourceAssetDB has modification time of '2026-04-26T17:42:50Z' while content on disk has modification time of '2026-04-26T17:43:02Z'
  ERROR: Build asset version error: assets/scripts/fireshooter.cs in SourceAssetDB has modification time of '2026-04-26T17:42:50Z' while content on disk has modification time of '2026-04-26T17:43:02Z'
Number of updated asset objects reloaded before import = 0Number of asset objects unloaded after import = 0

========================================================================
Received Import Request.
  Time since last request: 0.012222 seconds.
  path: Assets/Scripts/FireShooter.cs
  artifactKey: Guid(b5b554dacb116df578925792f74ac1d9) Importer(815301076,1909f56bfc062723c751e8b465ee728b)
Start importing Assets/Scripts/FireShooter.cs using Guid(b5b554dacb116df578925792f74ac1d9) Importer(815301076,1909f56bfc062723c751e8b465ee728b) (PreviewImporter) -> (artifact id: '00000000000000000000000000000000') in 0.000401539 seconds
Import Error Code:(4)
Message: Build asset version error: assets/scripts/fireshooter.cs in SourceAssetDB has modification time of '2026-04-26T17:42:50Z' while content on disk has modification time of '2026-04-26T17:43:02Z'
  ERROR: Build asset version error: assets/scripts/fireshooter.cs in SourceAssetDB has modification time of '2026-04-26T17:42:50Z' while content on disk has modification time of '2026-04-26T17:43:02Z'
Number of updated asset objects reloaded before import = 0Number of asset objects unloaded after import = 0

========================================================================
Received Import Request.
  Time since last request: 0.134922 seconds.
  path: Assets/Scripts/FireShooter.cs
  artifactKey: Guid(b5b554dacb116df578925792f74ac1d9) Importer(815301076,1909f56bfc062723c751e8b465ee728b)
Start importing Assets/Scripts/FireShooter.cs using Guid(b5b554dacb116df578925792f74ac1d9) Importer(815301076,1909f56bfc062723c751e8b465ee728b) (PreviewImporter) -> (artifact id: '00000000000000000000000000000000') in 0.000371055 seconds
Import Error Code:(4)
Message: Build asset version error: assets/scripts/fireshooter.cs in SourceAssetDB has modification time of '2026-04-26T17:42:50Z' while content on disk has modification time of '2026-04-26T17:43:02Z'
  ERROR: Build asset version error: assets/scripts/fireshooter.cs in SourceAssetDB has modification time of '2026-04-26T17:42:50Z' while content on disk has modification time of '2026-04-26T17:43:02Z'
Number of updated asset objects reloaded before import = 0Number of asset objects unloaded after import = 0

========================================================================
Received Import Request.
  Time since last request: 0.025300 seconds.
  path: Assets/Scripts/FireShooter.cs
  artifactKey: Guid(b5b554dacb116df578925792f74ac1d9) Importer(815301076,1909f56bfc062723c751e8b465ee728b)
Start importing Assets/Scripts/FireShooter.cs using Guid(b5b554dacb116df578925792f74ac1d9) Importer(815301076,1909f56bfc062723c751e8b465ee728b) (PreviewImporter) -> (artifact id: '00000000000000000000000000000000') in 0.000424632 seconds
Import Error Code:(4)
Message: Build asset version error: assets/scripts/fireshooter.cs in SourceAssetDB has modification time of '2026-04-26T17:42:50Z' while content on disk has modification time of '2026-04-26T17:43:02Z'
  ERROR: Build asset version error: assets/scripts/fireshooter.cs in SourceAssetDB has modification time of '2026-04-26T17:42:50Z' while content on disk has modification time of '2026-04-26T17:43:02Z'
Number of updated asset objects reloaded before import = 0Number of asset objects unloaded after import = 0

========================================================================
Received Import Request.
  Time since last request: 0.137529 seconds.
  path: Assets/Scripts/FireShooter.cs
  artifactKey: Guid(b5b554dacb116df578925792f74ac1d9) Importer(815301076,1909f56bfc062723c751e8b465ee728b)
Start importing Assets/Scripts/FireShooter.cs using Guid(b5b554dacb116df578925792f74ac1d9) Importer(815301076,1909f56bfc062723c751e8b465ee728b) (PreviewImporter) -> (artifact id: '00000000000000000000000000000000') in 0.00033901 seconds
Import Error Code:(4)
Message: Build asset version error: assets/scripts/fireshooter.cs in SourceAssetDB has modification time of '2026-04-26T17:42:50Z' while content on disk has modification time of '2026-04-26T17:43:02Z'
  ERROR: Build asset version error: assets/scripts/fireshooter.cs in SourceAssetDB has modification time of '2026-04-26T17:42:50Z' while content on disk has modification time of '2026-04-26T17:43:02Z'
Number of updated asset objects reloaded before import = 0Number of asset objects unloaded after import = 0

========================================================================
Received Import Request.
  Time since last request: 0.070858 seconds.
  path: Assets/Scripts/FireShooter.cs
  artifactKey: Guid(b5b554dacb116df578925792f74ac1d9) Importer(815301076,1909f56bfc062723c751e8b465ee728b)
Start importing Assets/Scripts/FireShooter.cs using Guid(b5b554dacb116df578925792f74ac1d9) Importer(815301076,1909f56bfc062723c751e8b465ee728b) (PreviewImporter) -> (artifact id: '00000000000000000000000000000000') in 0.00047871 seconds
Import Error Code:(4)
Message: Build asset version error: assets/scripts/fireshooter.cs in SourceAssetDB has modification time of '2026-04-26T17:42:50Z' while content on disk has modification time of '2026-04-26T17:43:02Z'
  ERROR: Build asset version error: assets/scripts/fireshooter.cs in SourceAssetDB has modification time of '2026-04-26T17:42:50Z' while content on disk has modification time of '2026-04-26T17:43:02Z'
Number of updated asset objects reloaded before import = 0Number of asset objects unloaded after import = 0

========================================================================
Received Import Request.
  Time since last request: 0.103257 seconds.
  path: Assets/Scripts/FireShooter.cs
  artifactKey: Guid(b5b554dacb116df578925792f74ac1d9) Importer(815301076,1909f56bfc062723c751e8b465ee728b)
Start importing Assets/Scripts/FireShooter.cs using Guid(b5b554dacb116df578925792f74ac1d9) Importer(815301076,1909f56bfc062723c751e8b465ee728b) (PreviewImporter) -> (artifact id: '00000000000000000000000000000000') in 0.000376867 seconds
Import Error Code:(4)
Message: Build asset version error: assets/scripts/fireshooter.cs in SourceAssetDB has modification time of '2026-04-26T17:42:50Z' while content on disk has modification time of '2026-04-26T17:43:02Z'
  ERROR: Build asset version error: assets/scripts/fireshooter.cs in SourceAssetDB has modification time of '2026-04-26T17:42:50Z' while content on disk has modification time of '2026-04-26T17:43:02Z'
Number of updated asset objects reloaded before import = 0Number of asset objects unloaded after import = 0

========================================================================
Received Import Request.
  Time since last request: 0.065625 seconds.
  path: Assets/Scripts/FireShooter.cs
  artifactKey: Guid(b5b554dacb116df578925792f74ac1d9) Importer(815301076,1909f56bfc062723c751e8b465ee728b)
Start importing Assets/Scripts/FireShooter.cs using Guid(b5b554dacb116df578925792f74ac1d9) Importer(815301076,1909f56bfc062723c751e8b465ee728b) (PreviewImporter) -> (artifact id: '00000000000000000000000000000000') in 0.000484965 seconds
Import Error Code:(4)
Message: Build asset version error: assets/scripts/fireshooter.cs in SourceAssetDB has modification time of '2026-04-26T17:42:50Z' while content on disk has modification time of '2026-04-26T17:43:02Z'
  ERROR: Build asset version error: assets/scripts/fireshooter.cs in SourceAssetDB has modification time of '2026-04-26T17:42:50Z' while content on disk has modification time of '2026-04-26T17:43:02Z'
Number of updated asset objects reloaded before import = 0Number of asset objects unloaded after import = 0

========================================================================
Received Import Request.
  Time since last request: 0.067428 seconds.
  path: Assets/Scripts/FireShooter.cs
  artifactKey: Guid(b5b554dacb116df578925792f74ac1d9) Importer(815301076,1909f56bfc062723c751e8b465ee728b)
Start importing Assets/Scripts/FireShooter.cs using Guid(b5b554dacb116df578925792f74ac1d9) Importer(815301076,1909f56bfc062723c751e8b465ee728b) (PreviewImporter) -> (artifact id: '00000000000000000000000000000000') in 0.000359227 seconds
Import Error Code:(4)
Message: Build asset version error: assets/scripts/fireshooter.cs in SourceAssetDB has modification time of '2026-04-26T17:42:50Z' while content on disk has modification time of '2026-04-26T17:43:02Z'
  ERROR: Build asset version error: assets/scripts/fireshooter.cs in SourceAssetDB has modification time of '2026-04-26T17:42:50Z' while content on disk has modification time of '2026-04-26T17:43:02Z'
Number of updated asset objects reloaded before import = 0Number of asset objects unloaded after import = 0

========================================================================
Received Import Request.
  Time since last request: 0.058610 seconds.
  path: Assets/Scripts/FireShooter.cs
  artifactKey: Guid(b5b554dacb116df578925792f74ac1d9) Importer(815301076,1909f56bfc062723c751e8b465ee728b)
Start importing Assets/Scripts/FireShooter.cs using Guid(b5b554dacb116df578925792f74ac1d9) Importer(815301076,1909f56bfc062723c751e8b465ee728b) (PreviewImporter) -> (artifact id: '00000000000000000000000000000000') in 0.00059783 seconds
Import Error Code:(4)
Message: Build asset version error: assets/scripts/fireshooter.cs in SourceAssetDB has modification time of '2026-04-26T17:42:50Z' while content on disk has modification time of '2026-04-26T17:43:02Z'
  ERROR: Build asset version error: assets/scripts/fireshooter.cs in SourceAssetDB has modification time of '2026-04-26T17:42:50Z' while content on disk has modification time of '2026-04-26T17:43:02Z'
Number of updated asset objects reloaded before import = 0Number of asset objects unloaded after import = 0

========================================================================
Received Import Request.
  Time since last request: 0.031726 seconds.
  path: Assets/Scripts/FireShooter.cs
  artifactKey: Guid(b5b554dacb116df578925792f74ac1d9) Importer(815301076,1909f56bfc062723c751e8b465ee728b)
Start importing Assets/Scripts/FireShooter.cs using Guid(b5b554dacb116df578925792f74ac1d9) Importer(815301076,1909f56bfc062723c751e8b465ee728b) (PreviewImporter) -> (artifact id: '00000000000000000000000000000000') in 0.000396045 seconds
Import Error Code:(4)
Message: Build asset version error: assets/scripts/fireshooter.cs in SourceAssetDB has modification time of '2026-04-26T17:42:50Z' while content on disk has modification time of '2026-04-26T17:43:02Z'
  ERROR: Build asset version error: assets/scripts/fireshooter.cs in SourceAssetDB has modification time of '2026-04-26T17:42:50Z' while content on disk has modification time of '2026-04-26T17:43:02Z'
Number of updated asset objects reloaded before import = 0Number of asset objects unloaded after import = 0

========================================================================
Received Import Request.
  Time since last request: 0.006149 seconds.
  path: Assets/Scripts/FireShooter.cs
  artifactKey: Guid(b5b554dacb116df578925792f74ac1d9) Importer(815301076,1909f56bfc062723c751e8b465ee728b)
Start importing Assets/Scripts/FireShooter.cs using Guid(b5b554dacb116df578925792f74ac1d9) Importer(815301076,1909f56bfc062723c751e8b465ee728b) (PreviewImporter) -> (artifact id: '00000000000000000000000000000000') in 0.000455366 seconds
Import Error Code:(4)
Message: Build asset version error: assets/scripts/fireshooter.cs in SourceAssetDB has modification time of '2026-04-26T17:42:50Z' while content on disk has modification time of '2026-04-26T17:43:02Z'
  ERROR: Build asset version error: assets/scripts/fireshooter.cs in SourceAssetDB has modification time of '2026-04-26T17:42:50Z' while content on disk has modification time of '2026-04-26T17:43:02Z'
Number of updated asset objects reloaded before import = 0Number of asset objects unloaded after import = 0

========================================================================
Received Import Request.
  Time since last request: 0.026962 seconds.
  path: Assets/Scripts/FireShooter.cs
  artifactKey: Guid(b5b554dacb116df578925792f74ac1d9) Importer(815301076,1909f56bfc062723c751e8b465ee728b)
Start importing Assets/Scripts/FireShooter.cs using Guid(b5b554dacb116df578925792f74ac1d9) Importer(815301076,1909f56bfc062723c751e8b465ee728b) (PreviewImporter) -> (artifact id: '00000000000000000000000000000000') in 0.00045709 seconds
Import Error Code:(4)
Message: Build asset version error: assets/scripts/fireshooter.cs in SourceAssetDB has modification time of '2026-04-26T17:42:50Z' while content on disk has modification time of '2026-04-26T17:43:02Z'
  ERROR: Build asset version error: assets/scripts/fireshooter.cs in SourceAssetDB has modification time of '2026-04-26T17:42:50Z' while content on disk has modification time of '2026-04-26T17:43:02Z'
Number of updated asset objects reloaded before import = 0Number of asset objects unloaded after import = 0

========================================================================
Received Import Request.
  Time since last request: 0.007588 seconds.
  path: Assets/Scripts/FireShooter.cs
  artifactKey: Guid(b5b554dacb116df578925792f74ac1d9) Importer(815301076,1909f56bfc062723c751e8b465ee728b)
Start importing Assets/Scripts/FireShooter.cs using Guid(b5b554dacb116df578925792f74ac1d9) Importer(815301076,1909f56bfc062723c751e8b465ee728b) (PreviewImporter) -> (artifact id: '00000000000000000000000000000000') in 0.001204367 seconds
Import Error Code:(4)
Message: Build asset version error: assets/scripts/fireshooter.cs in SourceAssetDB has modification time of '2026-04-26T17:42:50Z' while content on disk has modification time of '2026-04-26T17:43:02Z'
  ERROR: Build asset version error: assets/scripts/fireshooter.cs in SourceAssetDB has modification time of '2026-04-26T17:42:50Z' while content on disk has modification time of '2026-04-26T17:43:02Z'
Number of updated asset objects reloaded before import = 0Number of asset objects unloaded after import = 0

========================================================================
Received Import Request.
  Time since last request: 0.006782 seconds.
  path: Assets/Scripts/FireShooter.cs
  artifactKey: Guid(b5b554dacb116df578925792f74ac1d9) Importer(815301076,1909f56bfc062723c751e8b465ee728b)
Start importing Assets/Scripts/FireShooter.cs using Guid(b5b554dacb116df578925792f74ac1d9) Importer(815301076,1909f56bfc062723c751e8b465ee728b) (PreviewImporter) -> (artifact id: '00000000000000000000000000000000') in 0.000448547 seconds
Import Error Code:(4)
Message: Build asset version error: assets/scripts/fireshooter.cs in SourceAssetDB has modification time of '2026-04-26T17:42:50Z' while content on disk has modification time of '2026-04-26T17:43:02Z'
  ERROR: Build asset version error: assets/scripts/fireshooter.cs in SourceAssetDB has modification time of '2026-04-26T17:42:50Z' while content on disk has modification time of '2026-04-26T17:43:02Z'
Number of updated asset objects reloaded before import = 0Number of asset objects unloaded after import = 0

========================================================================
Received Import Request.
  Time since last request: 0.015892 seconds.
  path: Assets/Scripts/FireShooter.cs
  artifactKey: Guid(b5b554dacb116df578925792f74ac1d9) Importer(815301076,1909f56bfc062723c751e8b465ee728b)
Start importing Assets/Scripts/FireShooter.cs using Guid(b5b554dacb116df578925792f74ac1d9) Importer(815301076,1909f56bfc062723c751e8b465ee728b) (PreviewImporter) -> (artifact id: '00000000000000000000000000000000') in 0.000587959 seconds
Import Error Code:(4)
Message: Build asset version error: assets/scripts/fireshooter.cs in SourceAssetDB has modification time of '2026-04-26T17:42:50Z' while content on disk has modification time of '2026-04-26T17:43:02Z'
  ERROR: Build asset version error: assets/scripts/fireshooter.cs in SourceAssetDB has modification time of '2026-04-26T17:42:50Z' while content on disk has modification time of '2026-04-26T17:43:02Z'
Number of updated asset objects reloaded before import = 0Number of asset objects unloaded after import = 0

========================================================================
Received Import Request.
  Time since last request: 0.004706 seconds.
  path: Assets/Scripts/FireShooter.cs
  artifactKey: Guid(b5b554dacb116df578925792f74ac1d9) Importer(815301076,1909f56bfc062723c751e8b465ee728b)
Start importing Assets/Scripts/FireShooter.cs using Guid(b5b554dacb116df578925792f74ac1d9) Importer(815301076,1909f56bfc062723c751e8b465ee728b) (PreviewImporter) -> (artifact id: '00000000000000000000000000000000') in 0.000351173 seconds
Import Error Code:(4)
Message: Build asset version error: assets/scripts/fireshooter.cs in SourceAssetDB has modification time of '2026-04-26T17:42:50Z' while content on disk has modification time of '2026-04-26T17:43:02Z'
  ERROR: Build asset version error: assets/scripts/fireshooter.cs in SourceAssetDB has modification time of '2026-04-26T17:42:50Z' while content on disk has modification time of '2026-04-26T17:43:02Z'
Number of updated asset objects reloaded before import = 0Number of asset objects unloaded after import = 0

========================================================================
Received Import Request.
  Time since last request: 0.172089 seconds.
  path: Assets/Scripts/FireShooter.cs
  artifactKey: Guid(b5b554dacb116df578925792f74ac1d9) Importer(815301076,1909f56bfc062723c751e8b465ee728b)
Start importing Assets/Scripts/FireShooter.cs using Guid(b5b554dacb116df578925792f74ac1d9) Importer(815301076,1909f56bfc062723c751e8b465ee728b) (PreviewImporter) -> (artifact id: '00000000000000000000000000000000') in 0.000577333 seconds
Import Error Code:(4)
Message: Build asset version error: assets/scripts/fireshooter.cs in SourceAssetDB has modification time of '2026-04-26T17:42:50Z' while content on disk has modification time of '2026-04-26T17:43:02Z'
  ERROR: Build asset version error: assets/scripts/fireshooter.cs in SourceAssetDB has modification time of '2026-04-26T17:42:50Z' while content on disk has modification time of '2026-04-26T17:43:02Z'
Number of updated asset objects reloaded before import = 0Number of asset objects unloaded after import = 0

========================================================================
Received Prepare
Assembly reference Packages/com.unity.cinemachine/Editor/Samples/ExposeHDRPInternals/HDRP-Editor-ref.asmref has no target assembly definition
Assembly reference Packages/com.unity.cinemachine/Editor/Samples/ExposeHDRPInternals/HDRP-Editor-ref.asmref has no target assembly definition
Begin MonoManager ReloadAssembly
- Loaded All Assemblies, in  0.592 seconds
Assembly reference Packages/com.unity.cinemachine/Editor/Samples/ExposeHDRPInternals/HDRP-Editor-ref.asmref has no target assembly definition
'Packages/com.unity.cinemachine/Editor/Obsolete/CinemachineVirtualCameraBaseEditor.cs' contains partial class of Unity.Object, exactly 1 of the partial classes needs to be in a file with the same filename. This is to know the one that can be referenced from ie. GameObjects
'Packages/com.unity.cinemachine/Editor/Editors/CinemachineVirtualCameraBaseEditor.cs' contains partial class of Unity.Object, exactly 1 of the partial classes needs to be in a file with the same filename. This is to know the one that can be referenced from ie. GameObjects
Refreshing native plugins compatible for Editor in 0.33 ms, found 0 plugins.
Native extension for LinuxStandalone target not found
Assembly reference Packages/com.unity.cinemachine/Editor/Samples/ExposeHDRPInternals/HDRP-Editor-ref.asmref has no target assembly definition
[Package Manager] Failed to launch server process. Reason: Unity was launched with the -noUpm command-line argument
[Package Manager] Unable to send message (not connected to server process).
[Package Manager] Cannot connect to Unity Package Manager local server
[Package Manager] Failed to launch server process. Reason: Unity was launched with the -noUpm command-line argument
[Package Manager] Unable to send message (not connected to server process).
[Package Manager] Cannot connect to Unity Package Manager local server
Refreshing native plugins compatible for Editor in 0.42 ms, found 0 plugins.
[MODES] ModeService[none].Initialize
[MODES] ModeService[none].LoadModes
Mono: successfully reloaded assembly
- Finished resetting the current domain, in  0.674 seconds
Domain Reload Profiling: 1269ms
	BeginReloadAssembly (151ms)
		ExecutionOrderSort (0ms)
		DisableScriptedObjects (5ms)
		BackupInstance (0ms)
		ReleaseScriptingObjects (0ms)
		CreateAndSetChildDomain (51ms)
	RebuildCommonClasses (29ms)
	RebuildNativeTypeToScriptingClass (7ms)
	initialDomainReloadingComplete (21ms)
	LoadAllAssembliesAndSetupDomain (388ms)
		LoadAssemblies (246ms)
		RebuildTransferFunctionScriptingTraits (0ms)
		AnalyzeDomain (182ms)
			TypeCache.Refresh (12ms)
				TypeCache.ScanAssembly (1ms)
			BuildScriptInfoCaches (158ms)
			ResolveRequiredComponents (10ms)
	FinalizeReload (674ms)
		ReleaseScriptCaches (0ms)
		RebuildScriptCaches (0ms)
		SetupLoadedEditorAssemblies (537ms)
			LogAssemblyErrors (0ms)
			InitializePlatformSupportModulesInManaged (2ms)
			SetLoadedEditorAssemblies (4ms)
			BeforeProcessingInitializeOnLoad (122ms)
			ProcessInitializeOnLoadAttributes (332ms)
			ProcessInitializeOnLoadMethodAttributes (75ms)
			AfterProcessingInitializeOnLoad (2ms)
			EditorAssembliesLoaded (0ms)
		ExecutionOrderSort2 (0ms)
		AwakeInstancesAfterBackupRestoration (11ms)
Shader Hidden/ProbeVolume/VoxelizeScene is not supported: GPU does not support conservative rasterization
Refreshing native plugins compatible for Editor in 0.38 ms, found 0 plugins.
Preloading 0 native plugins for Editor in 0.00 ms.
Unloading 27 Unused Serialized files (Serialized files now loaded: 0)
Unloading 7133 unused Assets / (6.4 MB). Loaded Objects now: 7995.
Memory consumption went from 151.6 MB to 145.2 MB.
Total: 8.942771 ms (FindLiveObjects: 0.513650 ms CreateObjectMapping: 0.564426 ms MarkObjects: 5.036504 ms  DeleteObjects: 2.826730 ms)

Prepare: number of updated asset objects reloaded= 0
========================================================================
Received Import Request.
  Time since last request: 92.286318 seconds.
  path: Assets/UnityTechnologies/ParticlePack/EffectExamples/Fire & Explosion Effects/Materials
  artifactKey: Guid(d55d5882cc8028a459a0a5793070b388) Importer(815301076,1909f56bfc062723c751e8b465ee728b)
Start importing Assets/UnityTechnologies/ParticlePack/EffectExamples/Fire & Explosion Effects/Materials using Guid(d55d5882cc8028a459a0a5793070b388) Importer(815301076,1909f56bfc062723c751e8b465ee728b) (PreviewImporter) -> (artifact id: 'd2d90adef36b135d638cc9a03b4f9662') in 0.001889747 seconds
Number of updated asset objects reloaded before import = 0Number of asset objects unloaded after import = 0

========================================================================
Received Prepare
Assembly reference Packages/com.unity.cinemachine/Editor/Samples/ExposeHDRPInternals/HDRP-Editor-ref.asmref has no target assembly definition
Assembly reference Packages/com.unity.cinemachine/Editor/Samples/ExposeHDRPInternals/HDRP-Editor-ref.asmref has no target assembly definition
Begin MonoManager ReloadAssembly
- Loaded All Assemblies, in  0.594 seconds
Assembly reference Packages/com.unity.cinemachine/Editor/Samples/ExposeHDRPInternals/HDRP-Editor-ref.asmref has no target assembly definition
'Packages/com.unity.cinemachine/Editor/Obsolete/CinemachineVirtualCameraBaseEditor.cs' contains partial class of Unity.Object, exactly 1 of the partial classes needs to be in a file with the same filename. This is to know the one that can be referenced from ie. GameObjects
'Packages/com.unity.cinemachine/Editor/Editors/CinemachineVirtualCameraBaseEditor.cs' contains partial class of Unity.Object, exactly 1 of the partial classes needs to be in a file with the same filename. This is to know the one that can be referenced from ie. GameObjects
Refreshing native plugins compatible for Editor in 0.34 ms, found 0 plugins.
Native extension for LinuxStandalone target not found
Assembly reference Packages/com.unity.cinemachine/Editor/Samples/ExposeHDRPInternals/HDRP-Editor-ref.asmref has no target assembly definition
[Package Manager] Failed to launch server process. Reason: Unity was launched with the -noUpm command-line argument
[Package Manager] Unable to send message (not connected to server process).
[Package Manager] Cannot connect to Unity Package Manager local server
[Package Manager] Failed to launch server process. Reason: Unity was launched with the -noUpm command-line argument
[Package Manager] Unable to send message (not connected to server process).
[Package Manager] Cannot connect to Unity Package Manager local server
Refreshing native plugins compatible for Editor in 0.41 ms, found 0 plugins.
[MODES] ModeService[none].Initialize
[MODES] ModeService[none].LoadModes
Mono: successfully reloaded assembly
- Finished resetting the current domain, in  0.630 seconds
Domain Reload Profiling: 1229ms
	BeginReloadAssembly (140ms)
		ExecutionOrderSort (0ms)
		DisableScriptedObjects (4ms)
		BackupInstance (0ms)
		ReleaseScriptingObjects (0ms)
		CreateAndSetChildDomain (49ms)
	RebuildCommonClasses (31ms)
	RebuildNativeTypeToScriptingClass (7ms)
	initialDomainReloadingComplete (21ms)
	LoadAllAssembliesAndSetupDomain (400ms)
		LoadAssemblies (244ms)
		RebuildTransferFunctionScriptingTraits (0ms)
		AnalyzeDomain (190ms)
			TypeCache.Refresh (10ms)
				TypeCache.ScanAssembly (0ms)
			BuildScriptInfoCaches (162ms)
			ResolveRequiredComponents (14ms)
	FinalizeReload (630ms)
		ReleaseScriptCaches (0ms)
		RebuildScriptCaches (0ms)
		SetupLoadedEditorAssemblies (489ms)
			LogAssemblyErrors (0ms)
			InitializePlatformSupportModulesInManaged (3ms)
			SetLoadedEditorAssemblies (4ms)
			BeforeProcessingInitializeOnLoad (96ms)
			ProcessInitializeOnLoadAttributes (309ms)
			ProcessInitializeOnLoadMethodAttributes (75ms)
			AfterProcessingInitializeOnLoad (2ms)
			EditorAssembliesLoaded (0ms)
		ExecutionOrderSort2 (0ms)
		AwakeInstancesAfterBackupRestoration (10ms)
Shader Hidden/ProbeVolume/VoxelizeScene is not supported: GPU does not support conservative rasterization
Refreshing native plugins compatible for Editor in 0.38 ms, found 0 plugins.
Preloading 0 native plugins for Editor in 0.00 ms.
Unloading 27 Unused Serialized files (Serialized files now loaded: 0)
Unloading 7133 unused Assets / (6.3 MB). Loaded Objects now: 7998.
Memory consumption went from 151.6 MB to 145.3 MB.
Total: 8.357412 ms (FindLiveObjects: 0.525402 ms CreateObjectMapping: 0.534928 ms MarkObjects: 4.516573 ms  DeleteObjects: 2.779427 ms)

Prepare: number of updated asset objects reloaded= 0
========================================================================
Received Prepare
Assembly reference Packages/com.unity.cinemachine/Editor/Samples/ExposeHDRPInternals/HDRP-Editor-ref.asmref has no target assembly definition
Assembly reference Packages/com.unity.cinemachine/Editor/Samples/ExposeHDRPInternals/HDRP-Editor-ref.asmref has no target assembly definition
Begin MonoManager ReloadAssembly
- Loaded All Assemblies, in  0.616 seconds
Assembly reference Packages/com.unity.cinemachine/Editor/Samples/ExposeHDRPInternals/HDRP-Editor-ref.asmref has no target assembly definition
'Packages/com.unity.cinemachine/Editor/Obsolete/CinemachineVirtualCameraBaseEditor.cs' contains partial class of Unity.Object, exactly 1 of the partial classes needs to be in a file with the same filename. This is to know the one that can be referenced from ie. GameObjects
'Packages/com.unity.cinemachine/Editor/Editors/CinemachineVirtualCameraBaseEditor.cs' contains partial class of Unity.Object, exactly 1 of the partial classes needs to be in a file with the same filename. This is to know the one that can be referenced from ie. GameObjects
Refreshing native plugins compatible for Editor in 0.35 ms, found 0 plugins.
Native extension for LinuxStandalone target not found
Assembly reference Packages/com.unity.cinemachine/Editor/Samples/ExposeHDRPInternals/HDRP-Editor-ref.asmref has no target assembly definition
[Package Manager] Failed to launch server process. Reason: Unity was launched with the -noUpm command-line argument
[Package Manager] Unable to send message (not connected to server process).
[Package Manager] Cannot connect to Unity Package Manager local server
[Package Manager] Failed to launch server process. Reason: Unity was launched with the -noUpm command-line argument
[Package Manager] Unable to send message (not connected to server process).
[Package Manager] Cannot connect to Unity Package Manager local server
Refreshing native plugins compatible for Editor in 0.42 ms, found 0 plugins.
[MODES] ModeService[none].Initialize
[MODES] ModeService[none].LoadModes
Mono: successfully reloaded assembly
- Finished resetting the current domain, in  0.671 seconds
Domain Reload Profiling: 1290ms
	BeginReloadAssembly (156ms)
		ExecutionOrderSort (0ms)
		DisableScriptedObjects (5ms)
		BackupInstance (0ms)
		ReleaseScriptingObjects (0ms)
		CreateAndSetChildDomain (54ms)
	RebuildCommonClasses (33ms)
	RebuildNativeTypeToScriptingClass (7ms)
	initialDomainReloadingComplete (20ms)
	LoadAllAssembliesAndSetupDomain (403ms)
		LoadAssemblies (256ms)
		RebuildTransferFunctionScriptingTraits (0ms)
		AnalyzeDomain (194ms)
			TypeCache.Refresh (11ms)
				TypeCache.ScanAssembly (1ms)
			BuildScriptInfoCaches (170ms)
			ResolveRequiredComponents (9ms)
	FinalizeReload (671ms)
		ReleaseScriptCaches (0ms)
		RebuildScriptCaches (0ms)
		SetupLoadedEditorAssemblies (542ms)
			LogAssemblyErrors (0ms)
			InitializePlatformSupportModulesInManaged (2ms)
			SetLoadedEditorAssemblies (4ms)
			BeforeProcessingInitializeOnLoad (108ms)
			ProcessInitializeOnLoadAttributes (350ms)
			ProcessInitializeOnLoadMethodAttributes (76ms)
			AfterProcessingInitializeOnLoad (2ms)
			EditorAssembliesLoaded (0ms)
		ExecutionOrderSort2 (0ms)
		AwakeInstancesAfterBackupRestoration (10ms)
Shader Hidden/ProbeVolume/VoxelizeScene is not supported: GPU does not support conservative rasterization
Refreshing native plugins compatible for Editor in 0.37 ms, found 0 plugins.
Preloading 0 native plugins for Editor in 0.00 ms.
Unloading 27 Unused Serialized files (Serialized files now loaded: 0)
Unloading 7133 unused Assets / (7.1 MB). Loaded Objects now: 8001.
Memory consumption went from 151.6 MB to 144.5 MB.
Total: 9.475461 ms (FindLiveObjects: 0.531970 ms CreateObjectMapping: 0.600478 ms MarkObjects: 5.022742 ms  DeleteObjects: 3.319146 ms)

Prepare: number of updated asset objects reloaded= 0
========================================================================
Received Prepare
Assembly reference Packages/com.unity.cinemachine/Editor/Samples/ExposeHDRPInternals/HDRP-Editor-ref.asmref has no target assembly definition
Assembly reference Packages/com.unity.cinemachine/Editor/Samples/ExposeHDRPInternals/HDRP-Editor-ref.asmref has no target assembly definition
Begin MonoManager ReloadAssembly
- Loaded All Assemblies, in  0.564 seconds
Assembly reference Packages/com.unity.cinemachine/Editor/Samples/ExposeHDRPInternals/HDRP-Editor-ref.asmref has no target assembly definition
'Packages/com.unity.cinemachine/Editor/Obsolete/CinemachineVirtualCameraBaseEditor.cs' contains partial class of Unity.Object, exactly 1 of the partial classes needs to be in a file with the same filename. This is to know the one that can be referenced from ie. GameObjects
'Packages/com.unity.cinemachine/Editor/Editors/CinemachineVirtualCameraBaseEditor.cs' contains partial class of Unity.Object, exactly 1 of the partial classes needs to be in a file with the same filename. This is to know the one that can be referenced from ie. GameObjects
Refreshing native plugins compatible for Editor in 0.33 ms, found 0 plugins.
Native extension for LinuxStandalone target not found
Assembly reference Packages/com.unity.cinemachine/Editor/Samples/ExposeHDRPInternals/HDRP-Editor-ref.asmref has no target assembly definition
[Package Manager] Failed to launch server process. Reason: Unity was launched with the -noUpm command-line argument
[Package Manager] Unable to send message (not connected to server process).
[Package Manager] Cannot connect to Unity Package Manager local server
[Package Manager] Failed to launch server process. Reason: Unity was launched with the -noUpm command-line argument
[Package Manager] Unable to send message (not connected to server process).
[Package Manager] Cannot connect to Unity Package Manager local server
Refreshing native plugins compatible for Editor in 0.41 ms, found 0 plugins.
[MODES] ModeService[none].Initialize
[MODES] ModeService[none].LoadModes
Mono: successfully reloaded assembly
- Finished resetting the current domain, in  0.659 seconds
Domain Reload Profiling: 1226ms
	BeginReloadAssembly (143ms)
		ExecutionOrderSort (0ms)
		DisableScriptedObjects (4ms)
		BackupInstance (0ms)
		ReleaseScriptingObjects (0ms)
		CreateAndSetChildDomain (46ms)
	RebuildCommonClasses (29ms)
	RebuildNativeTypeToScriptingClass (7ms)
	initialDomainReloadingComplete (22ms)
	LoadAllAssembliesAndSetupDomain (367ms)
		LoadAssemblies (234ms)
		RebuildTransferFunctionScriptingTraits (0ms)
		AnalyzeDomain (175ms)
			TypeCache.Refresh (10ms)
				TypeCache.ScanAssembly (0ms)
			BuildScriptInfoCaches (153ms)
			ResolveRequiredComponents (9ms)
	FinalizeReload (659ms)
		ReleaseScriptCaches (0ms)
		RebuildScriptCaches (0ms)
		SetupLoadedEditorAssemblies (516ms)
			LogAssemblyErrors (0ms)
			InitializePlatformSupportModulesInManaged (4ms)
			SetLoadedEditorAssemblies (6ms)
			BeforeProcessingInitializeOnLoad (119ms)
			ProcessInitializeOnLoadAttributes (315ms)
			ProcessInitializeOnLoadMethodAttributes (69ms)
			AfterProcessingInitializeOnLoad (2ms)
			EditorAssembliesLoaded (0ms)
		ExecutionOrderSort2 (0ms)
		AwakeInstancesAfterBackupRestoration (15ms)
Shader Hidden/ProbeVolume/VoxelizeScene is not supported: GPU does not support conservative rasterization
Refreshing native plugins compatible for Editor in 0.40 ms, found 0 plugins.
Preloading 0 native plugins for Editor in 0.00 ms.
Unloading 27 Unused Serialized files (Serialized files now loaded: 0)
Unloading 7133 unused Assets / (5.1 MB). Loaded Objects now: 8004.
Memory consumption went from 151.7 MB to 146.5 MB.
Total: 8.488987 ms (FindLiveObjects: 0.572243 ms CreateObjectMapping: 0.528465 ms MarkObjects: 4.693969 ms  DeleteObjects: 2.692844 ms)

Prepare: number of updated asset objects reloaded= 0
