Unity Editor version:    6000.0.58f2 (92dee566b325)
Branch:                  6000.0/respin/6000.0.58f2-44b8bf3a32
Build type:              Release
Batch mode:              YES
System name:             Linux
Distro version:          #1 ZEN SMP PREEMPT_DYNAMIC Sat, 11 Apr 2026 22:36:16 +0000
Kernel version:          6.19.12-zen1-1-zen
Architecture:            x86_64
Window Protocol:         Wayland (XWayland)
Available memory:        23731 MB
Using pre-set license
The selected window backend is (null) 
Desktop is 1920 x 1080 @ 60 Hz
Initialize udev device monitor.

COMMAND LINE ARGUMENTS:
Unity
-adb2
-batchMode
-noUpm
-name
AssetImportWorker4
-projectPath
/home/kastra/GenZ-Protest-Simulator
-logFile
Logs/AssetImportWorker4.log
-srvPort
46321
-job-worker-count
5
-background-job-worker-count
8
-gc-helper-count
1
Successfully changed project path to: /home/kastra/GenZ-Protest-Simulator

(Unity:12654): Gtk-CRITICAL **: 19:50:53.445: gtk_label_set_text: assertion 'GTK_IS_LABEL (label)' failed

(Unity:12654): Gtk-CRITICAL **: 19:50:53.450: gtk_label_set_text: assertion 'GTK_IS_LABEL (label)' failed
/home/kastra/GenZ-Protest-Simulator
[UnityMemory] Configuration Parameters - Can be set up in boot.config
    "memorysetup-bucket-allocator-granularity=16"
    "memorysetup-bucket-allocator-bucket-count=8"
    "memorysetup-bucket-allocator-block-size=33554432"
    "memorysetup-bucket-allocator-block-count=8"
    "memorysetup-main-allocator-block-size=16777216"
    "memorysetup-thread-allocator-block-size=16777216"
    "memorysetup-gfx-main-allocator-block-size=16777216"
    "memorysetup-gfx-thread-allocator-block-size=16777216"
    "memorysetup-cache-allocator-block-size=4194304"
    "memorysetup-typetree-allocator-block-size=2097152"
    "memorysetup-profiler-bucket-allocator-granularity=16"
    "memorysetup-profiler-bucket-allocator-bucket-count=8"
    "memorysetup-profiler-bucket-allocator-block-size=33554432"
    "memorysetup-profiler-bucket-allocator-block-count=8"
    "memorysetup-profiler-allocator-block-size=16777216"
    "memorysetup-profiler-editor-allocator-block-size=1048576"
    "memorysetup-temp-allocator-size-main=16777216"
    "memorysetup-job-temp-allocator-block-size=2097152"
    "memorysetup-job-temp-allocator-block-size-background=1048576"
    "memorysetup-job-temp-allocator-reduction-small-platforms=262144"
    "memorysetup-allocator-temp-initial-block-size-main=262144"
    "memorysetup-allocator-temp-initial-block-size-worker=262144"
    "memorysetup-temp-allocator-size-background-worker=32768"
    "memorysetup-temp-allocator-size-job-worker=262144"
    "memorysetup-temp-allocator-size-preload-manager=33554432"
    "memorysetup-temp-allocator-size-nav-mesh-worker=65536"
    "memorysetup-temp-allocator-size-audio-worker=65536"
    "memorysetup-temp-allocator-size-cloud-worker=32768"
    "memorysetup-temp-allocator-size-gi-baking-worker=262144"
    "memorysetup-temp-allocator-size-gi-baking-worker=262144"
    "memorysetup-temp-allocator-size-gi-baking-worker=262144"
    "memorysetup-temp-allocator-size-gi-baking-worker=262144"
    "memorysetup-temp-allocator-size-gi-baking-worker=262144"
    "memorysetup-temp-allocator-size-gfx=262144"
Player connection [140631871415936]  Target information:

Player connection [140631871415936]  * "[IP] 192.168.1.11 [Port] 0 [Flags] 2 [Guid] 1191638406 [EditorId] 1191638406 [Version] 1048832 [Id] LinuxEditor(16,192.168.1.11) [Debug] 1 [PackageName] LinuxEditor [ProjectName] Editor" 

Player connection [140631871415936] Host joined multi-casting on [225.0.0.222:54997]...
Player connection [140631871415936] Host joined alternative multi-casting on [225.0.0.222:34997]...
JobSystem: Creating JobQueue using job-worker-count value 5
Input System module state changed to: Initialized.
[Physics::Module] Initialized fallback backend.
[Physics::Module] Id: 0xdecafbad
Library Redirect Path: Library/
[Physics::Module] Selected backend.
[Physics::Module] Name: PhysX
[Physics::Module] Id: 0xf2b8ea05
[Physics::Module] SDK Version: 4.1.2
[Physics::Module] Integration Version: 1.0.0
[Physics::Module] Threading Mode: Multi-Threaded
Refreshing native plugins compatible for Editor in 0.90 ms, found 0 plugins.
Preloading 0 native plugins for Editor in 0.00 ms.
Initialize engine version: 6000.0.58f2 (92dee566b325)
[Subsystems] Discovering subsystems at path /home/kastra/Unity/Hub/Editor/6000.0.58f2/Editor/Data/Resources/UnitySubsystems
[Subsystems] Discovering subsystems at path /home/kastra/GenZ-Protest-Simulator/Assets
kGfxThreadingModeNonThreaded is not supported on OpenGL Core. Reverting to kGfxThreadingModeDirect instead.
GfxDevice: creating device client; kGfxThreadingModeDirect
GLX Extensions: GLX_ARB_context_flush_control GLX_ARB_create_context GLX_ARB_create_context_no_error GLX_ARB_create_context_profile GLX_ARB_create_context_robustness GLX_ARB_fbconfig_float GLX_ARB_framebuffer_sRGB GLX_ARB_get_proc_address GLX_ARB_multisample GLX_EXT_buffer_age GLX_EXT_create_context_es2_profile GLX_EXT_create_context_es_profile GLX_EXT_fbconfig_packed_float GLX_EXT_framebuffer_sRGB GLX_EXT_no_config_context GLX_EXT_swap_control GLX_EXT_swap_control_tear GLX_EXT_texture_from_pixmap GLX_EXT_visual_info GLX_EXT_visual_rating GLX_MESA_copy_sub_buffer GLX_MESA_gl_interop GLX_MESA_query_renderer GLX_MESA_swap_control GLX_OML_sync_control GLX_SGIS_multisample GLX_SGIX_fbconfig GLX_SGIX_pbuffer GLX_SGIX_visual_select_group GLX_SGI_make_current_read GLX_SGI_video_sync 
Renderer: Mesa Intel(R) UHD Graphics (ADL-S GT0.5)
Vendor:   Intel
Version:  4.6 (Core Profile) Mesa 26.0.5-arch1.1
GLES:     0
 GL_3DFX_texture_compression_FXT1 GL_AMD_conservative_depth GL_AMD_depth_clamp_separate GL_AMD_draw_buffers_blend GL_AMD_gpu_shader_int64 GL_AMD_multi_draw_indirect GL_AMD_performance_monitor GL_AMD_pinned_memory GL_AMD_query_buffer_object GL_AMD_seamless_cubemap_per_texture GL_AMD_shader_stencil_export GL_AMD_shader_trinary_minmax GL_AMD_texture_texture4 GL_AMD_vertex_shader_layer GL_AMD_vertex_shader_viewport_index GL_ANGLE_texture_compression_dxt3 GL_ANGLE_texture_compression_dxt5 GL_ARB_ES2_compatibility GL_ARB_ES3_1_compatibility GL_ARB_ES3_2_compatibility GL_ARB_ES3_compatibility GL_ARB_arrays_of_arrays GL_ARB_base_instance GL_ARB_blend_func_extended GL_ARB_buffer_storage GL_ARB_clear_buffer_object GL_ARB_clear_texture GL_ARB_clip_control GL_ARB_compressed_texture_pixel_storage GL_ARB_compute_shader GL_ARB_compute_variable_group_size GL_ARB_conditional_render_inverted GL_ARB_conservative_depth GL_ARB_copy_buffer GL_ARB_copy_image GL_ARB_cull_distance GL_ARB_debug_output GL_ARB_depth_buffer_float GL_ARB
_depth_clamp GL_ARB_derivative_control GL_ARB_direct_state_access GL_ARB_draw_buffers GL_ARB_draw_buffers_blend GL_ARB_draw_elements_base_vertex GL_ARB_draw_indirect GL_ARB_draw_instanced GL_ARB_enhanced_layouts GL_ARB_explicit_attrib_location GL_ARB_explicit_uniform_location GL_ARB_fragment_coord_conventions GL_ARB_fragment_layer_viewport GL_ARB_fragment_shader GL_ARB_fragment_shader_interlock GL_ARB_framebuffer_no_attachments GL_ARB_framebuffer_object GL_ARB_framebuffer_sRGB GL_ARB_get_program_binary GL_ARB_get_texture_sub_image GL_ARB_gl_spirv GL_ARB_gpu_shader5 GL_ARB_gpu_shader_fp64 GL_ARB_gpu_shader_int64 GL_ARB_half_float_pixel GL_ARB_half_float_vertex GL_ARB_indirect_parameters GL_ARB_instanced_arrays GL_ARB_internalformat_query GL_ARB_internalformat_query2 GL_ARB_invalidate_subdata GL_ARB_map_buffer_alignment GL_ARB_map_buffer_range GL_ARB_multi_bind GL_ARB_multi_draw_indirect GL_ARB_occlusion_query2 GL_ARB_parallel_shader_compile GL_ARB_pipeline_statistics_query GL_ARB_pixel_buffer_object GL_ARB_po
int_sprite GL_ARB_polygon_offset_clamp GL_ARB_post_depth_coverage GL_ARB_program_interface_query GL_ARB_provoking_vertex GL_ARB_query_buffer_object GL_ARB_robust_buffer_access_behavior GL_ARB_robustness GL_ARB_sample_shading GL_ARB_sampler_objects GL_ARB_seamless_cube_map GL_ARB_seamless_cubemap_per_texture GL_ARB_separate_shader_objects GL_ARB_shader_atomic_counter_ops GL_ARB_shader_atomic_counters GL_ARB_shader_ballot GL_ARB_shader_bit_encoding GL_ARB_shader_clock GL_ARB_shader_draw_parameters GL_ARB_shader_group_vote GL_ARB_shader_image_load_store GL_ARB_shader_image_size GL_ARB_shader_objects GL_ARB_shader_precision GL_ARB_shader_stencil_export GL_ARB_shader_storage_buffer_object GL_ARB_shader_subroutine GL_ARB_shader_texture_image_samples GL_ARB_shader_texture_lod GL_ARB_shader_viewport_layer_array GL_ARB_shading_language_420pack GL_ARB_shading_language_include GL_ARB_shading_language_packing GL_ARB_spirv_extensions GL_ARB_stencil_texturing GL_ARB_sync GL_ARB_tessellation_shader GL_ARB_texture_barrier G
L_ARB_texture_border_clamp GL_ARB_texture_buffer_object GL_ARB_texture_buffer_object_rgb32 GL_ARB_texture_buffer_range GL_ARB_texture_compression_bptc GL_ARB_texture_compression_rgtc GL_ARB_texture_cube_map_array GL_ARB_texture_filter_anisotropic GL_ARB_texture_filter_minmax GL_ARB_texture_float GL_ARB_texture_gather GL_ARB_texture_mirror_clamp_to_edge GL_ARB_texture_multisample GL_ARB_texture_non_power_of_two GL_ARB_texture_query_levels GL_ARB_texture_query_lod GL_ARB_texture_rectangle GL_ARB_texture_rg GL_ARB_texture_rgb10_a2ui GL_ARB_texture_stencil8 GL_ARB_texture_storage GL_ARB_texture_storage_multisample GL_ARB_texture_swizzle GL_ARB_texture_view GL_ARB_timer_query GL_ARB_transform_feedback2 GL_ARB_transform_feedback3 GL_ARB_transform_feedback_instanced GL_ARB_transform_feedback_overflow_query GL_ARB_uniform_buffer_object GL_ARB_vertex_array_bgra GL_ARB_vertex_array_object GL_ARB_vertex_attrib_64bit GL_ARB_vertex_attrib_binding GL_ARB_vertex_buffer_object GL_ARB_vertex_shader GL_ARB_vertex_type_10f_11f
_11f_rev GL_ARB_vertex_type_2_10_10_10_rev GL_ARB_viewport_array GL_ATI_blend_equation_separate GL_ATI_texture_float GL_EXT_EGL_image_storage GL_EXT_EGL_image_storage_compression GL_EXT_EGL_sync GL_EXT_abgr GL_EXT_blend_equation_separate GL_EXT_debug_label GL_EXT_demote_to_helper_invocation GL_EXT_depth_bounds_test GL_EXT_draw_buffers2 GL_EXT_draw_instanced GL_EXT_framebuffer_blit GL_EXT_framebuffer_multisample GL_EXT_framebuffer_multisample_blit_scaled GL_EXT_framebuffer_object GL_EXT_framebuffer_sRGB GL_EXT_memory_object GL_EXT_memory_object_fd GL_EXT_packed_depth_stencil GL_EXT_packed_float GL_EXT_pixel_buffer_object GL_EXT_polygon_offset_clamp GL_EXT_provoking_vertex GL_EXT_semaphore GL_EXT_semaphore_fd GL_EXT_shader_clock GL_EXT_shader_framebuffer_fetch GL_EXT_shader_framebuffer_fetch_non_coherent GL_EXT_shader_integer_mix GL_EXT_shader_samples_identical GL_EXT_texture_array GL_EXT_texture_compression_dxt1 GL_EXT_texture_compression_rgtc GL_EXT_texture_compression_s3tc GL_EXT_texture_filter_anisotropic 
GL_EXT_texture_integer GL_EXT_texture_sRGB GL_EXT_texture_sRGB_R8 GL_EXT_texture_sRGB_decode GL_EXT_texture_shadow_lod GL_EXT_texture_shared_exponent GL_EXT_texture_snorm GL_EXT_texture_storage GL_EXT_texture_swizzle GL_EXT_timer_query GL_EXT_transform_feedback GL_EXT_vertex_array_bgra GL_EXT_vertex_attrib_64bit GL_IBM_multimode_draw_arrays GL_INTEL_blackhole_render GL_INTEL_conservative_rasterization GL_INTEL_performance_query GL_INTEL_shader_atomic_float_minmax GL_INTEL_shader_integer_functions2 GL_KHR_blend_equation_advanced GL_KHR_blend_equation_advanced_coherent GL_KHR_context_flush_control GL_KHR_debug GL_KHR_no_error GL_KHR_parallel_shader_compile GL_KHR_robust_buffer_access_behavior GL_KHR_robustness GL_KHR_shader_subgroup GL_KHR_texture_compression_astc_ldr GL_KHR_texture_compression_astc_sliced_3d GL_MESA_framebuffer_flip_y GL_MESA_pack_invert GL_MESA_shader_integer_functions GL_MESA_texture_const_bandwidth GL_MESA_texture_signed_rgba GL_NV_alpha_to_coverage_dither_control GL_NV_compute_shader_deri
vatives GL_NV_conditional_render GL_NV_copy_image GL_NV_depth_clamp GL_NV_fragment_shader_interlock GL_NV_packed_depth_stencil GL_NV_texture_barrier GL_OES_EGL_image GL_S3_s3tc
OPENGL LOG: Creating OpenGL 4.6 graphics device ; Context level  <OpenGL 4.5> ; Context handle -442074736
Shader Hidden/ProbeVolume/VoxelizeScene is not supported: GPU does not support conservative rasterization
Initialize mono
Mono path[0] = '/home/kastra/Unity/Hub/Editor/6000.0.58f2/Editor/Data/Managed'
Mono path[1] = '/home/kastra/Unity/Hub/Editor/6000.0.58f2/Editor/Data/MonoBleedingEdge/lib/mono/unityjit-linux'
Mono config path = '/home/kastra/Unity/Hub/Editor/6000.0.58f2/Editor/Data/MonoBleedingEdge/etc'
Using monoOptions --debugger-agent=transport=dt_socket,embedding=1,server=y,suspend=n,address=127.0.0.1:56654
Begin MonoManager ReloadAssembly
Registering precompiled unity dll's ...
Register platform support module: /home/kastra/Unity/Hub/Editor/6000.0.58f2/Editor/Data/PlaybackEngines/LinuxStandaloneSupport/UnityEditor.LinuxStandalone.Extensions.dll
Registered in 0.001895 seconds.
- Loaded All Assemblies, in  0.412 seconds
Native extension for LinuxStandalone target not found
Mono: successfully reloaded assembly
- Finished resetting the current domain, in  0.538 seconds
Domain Reload Profiling: 950ms
	BeginReloadAssembly (86ms)
		ExecutionOrderSort (0ms)
		DisableScriptedObjects (0ms)
		BackupInstance (0ms)
		ReleaseScriptingObjects (0ms)
		CreateAndSetChildDomain (1ms)
	RebuildCommonClasses (48ms)
	RebuildNativeTypeToScriptingClass (11ms)
	initialDomainReloadingComplete (71ms)
	LoadAllAssembliesAndSetupDomain (195ms)
		LoadAssemblies (84ms)
		RebuildTransferFunctionScriptingTraits (0ms)
		AnalyzeDomain (192ms)
			TypeCache.Refresh (190ms)
				TypeCache.ScanAssembly (175ms)
			BuildScriptInfoCaches (0ms)
			ResolveRequiredComponents (1ms)
	FinalizeReload (539ms)
		ReleaseScriptCaches (0ms)
		RebuildScriptCaches (0ms)
		SetupLoadedEditorAssemblies (472ms)
			LogAssemblyErrors (0ms)
			InitializePlatformSupportModulesInManaged (30ms)
			SetLoadedEditorAssemblies (9ms)
			BeforeProcessingInitializeOnLoad (115ms)
			ProcessInitializeOnLoadAttributes (236ms)
			ProcessInitializeOnLoadMethodAttributes (81ms)
			AfterProcessingInitializeOnLoad (0ms)
			EditorAssembliesLoaded (0ms)
		ExecutionOrderSort2 (0ms)
		AwakeInstancesAfterBackupRestoration (0ms)
Assembly reference Packages/com.unity.cinemachine/Editor/Samples/ExposeHDRPInternals/HDRP-Editor-ref.asmref has no target assembly definition
========================================================================
Worker process is ready to serve import requests
Import Worker Mode flag is 0x00
Assembly reference Packages/com.unity.cinemachine/Editor/Samples/ExposeHDRPInternals/HDRP-Editor-ref.asmref has no target assembly definition
Assembly reference Packages/com.unity.cinemachine/Editor/Samples/ExposeHDRPInternals/HDRP-Editor-ref.asmref has no target assembly definition
Begin MonoManager ReloadAssembly
- Loaded All Assemblies, in  0.904 seconds
Assembly reference Packages/com.unity.cinemachine/Editor/Samples/ExposeHDRPInternals/HDRP-Editor-ref.asmref has no target assembly definition
'Packages/com.unity.cinemachine/Editor/Obsolete/CinemachineVirtualCameraBaseEditor.cs' contains partial class of Unity.Object, exactly 1 of the partial classes needs to be in a file with the same filename. This is to know the one that can be referenced from ie. GameObjects
'Packages/com.unity.cinemachine/Editor/Editors/CinemachineVirtualCameraBaseEditor.cs' contains partial class of Unity.Object, exactly 1 of the partial classes needs to be in a file with the same filename. This is to know the one that can be referenced from ie. GameObjects
Refreshing native plugins compatible for Editor in 0.59 ms, found 0 plugins.
Native extension for LinuxStandalone target not found
Assembly reference Packages/com.unity.cinemachine/Editor/Samples/ExposeHDRPInternals/HDRP-Editor-ref.asmref has no target assembly definition
Package Manager log level set to [2]
[Package Manager] Failed to launch server process. Reason: Unity was launched with the -noUpm command-line argument
[Package Manager] Unable to send message (not connected to server process).
[Package Manager] Cannot connect to Unity Package Manager local server
[Package Manager] Failed to launch server process. Reason: Unity was launched with the -noUpm command-line argument
[Package Manager] Unable to send message (not connected to server process).
[Package Manager] Cannot connect to Unity Package Manager local server
Refreshing native plugins compatible for Editor in 0.67 ms, found 0 plugins.
UpdateMenuTitleForLanguage: 10
[MODES] ModeService[none].Initialize
[MODES] ModeService[none].LoadModes
[MODES] Loading mode Default (0) for mode-current-id-GenZ-Protest-Simulator
Mono: successfully reloaded assembly
- Finished resetting the current domain, in  1.099 seconds
Domain Reload Profiling: 2002ms
	BeginReloadAssembly (167ms)
		ExecutionOrderSort (0ms)
		DisableScriptedObjects (8ms)
		BackupInstance (0ms)
		ReleaseScriptingObjects (0ms)
		CreateAndSetChildDomain (44ms)
	RebuildCommonClasses (48ms)
	RebuildNativeTypeToScriptingClass (11ms)
	initialDomainReloadingComplete (54ms)
	LoadAllAssembliesAndSetupDomain (621ms)
		LoadAssemblies (308ms)
		RebuildTransferFunctionScriptingTraits (0ms)
		AnalyzeDomain (376ms)
			TypeCache.Refresh (280ms)
				TypeCache.ScanAssembly (260ms)
			BuildScriptInfoCaches (77ms)
			ResolveRequiredComponents (16ms)
	FinalizeReload (1100ms)
		ReleaseScriptCaches (0ms)
		RebuildScriptCaches (0ms)
		SetupLoadedEditorAssemblies (848ms)
			LogAssemblyErrors (0ms)
			InitializePlatformSupportModulesInManaged (4ms)
			SetLoadedEditorAssemblies (7ms)
			BeforeProcessingInitializeOnLoad (137ms)
			ProcessInitializeOnLoadAttributes (573ms)
			ProcessInitializeOnLoadMethodAttributes (123ms)
			AfterProcessingInitializeOnLoad (3ms)
			EditorAssembliesLoaded (0ms)
		ExecutionOrderSort2 (0ms)
		AwakeInstancesAfterBackupRestoration (5ms)
Shader Hidden/ProbeVolume/VoxelizeScene is not supported: GPU does not support conservative rasterization
AutoLocale: current locale expects 'C' but got 'en_US.UTF-8'Launched and connected shader compiler UnityShaderCompiler after 0.01 seconds
Refreshing native plugins compatible for Editor in 0.85 ms, found 0 plugins.
Preloading 0 native plugins for Editor in 0.00 ms.
Unloading 27 Unused Serialized files (Serialized files now loaded: 0)
Unloading 7125 unused Assets / (6.3 MB). Loaded Objects now: 7828.
Memory consumption went from 134.0 MB to 127.7 MB.
Total: 21.771012 ms (FindLiveObjects: 0.769486 ms CreateObjectMapping: 0.862543 ms MarkObjects: 13.905117 ms  DeleteObjects: 6.230709 ms)

========================================================================
Received Import Request.
  Time since last request: 3630.694200 seconds.
  path: Assets/SimplePoly City - Low Poly Assets/Models/Building_Residential_color01.fbx
  artifactKey: Guid(42f28010e67310c4c9ea88fbc4084fc6) Importer(815301076,1909f56bfc062723c751e8b465ee728b)
Start importing Assets/SimplePoly City - Low Poly Assets/Models/Building_Residential_color01.fbx using Guid(42f28010e67310c4c9ea88fbc4084fc6) Importer(815301076,1909f56bfc062723c751e8b465ee728b) (PreviewImporter) -> (artifact id: 'd8747330b032d8eaa3ce40e6844f73fe') in 0.913329921 seconds
Number of updated asset objects reloaded before import = 0Number of asset objects unloaded after import = 9

========================================================================
Received Import Request.
  Time since last request: 0.000038 seconds.
  path: Assets/SimplePoly City - Low Poly Assets/Models/Natures_Grass Tile.fbx
  artifactKey: Guid(fbb8756519c039b4f804c77c5e3293f9) Importer(815301076,1909f56bfc062723c751e8b465ee728b)
Start importing Assets/SimplePoly City - Low Poly Assets/Models/Natures_Grass Tile.fbx using Guid(fbb8756519c039b4f804c77c5e3293f9) Importer(815301076,1909f56bfc062723c751e8b465ee728b) (PreviewImporter) -> (artifact id: 'bc034839102fcb487d2a10d8d60c709a') in 0.142524626 seconds
Number of updated asset objects reloaded before import = 0Number of asset objects unloaded after import = 9

========================================================================
Received Import Request.
  Time since last request: 0.000047 seconds.
  path: Assets/SimplePoly City - Low Poly Assets/Models/Vehicle_Bus.fbx
  artifactKey: Guid(0d82ae0493e1c264bad0588fde0a3d8a) Importer(815301076,1909f56bfc062723c751e8b465ee728b)
Start importing Assets/SimplePoly City - Low Poly Assets/Models/Vehicle_Bus.fbx using Guid(0d82ae0493e1c264bad0588fde0a3d8a) Importer(815301076,1909f56bfc062723c751e8b465ee728b) (PreviewImporter) -> (artifact id: '41f0b10085afc1b9b3e5537e01c0112c') in 0.040941855 seconds
Number of updated asset objects reloaded before import = 0Number of asset objects unloaded after import = 9

========================================================================
Received Import Request.
  Time since last request: 0.000034 seconds.
  path: Assets/SimplePoly City - Low Poly Assets/Models/Vehicle_Container.fbx
  artifactKey: Guid(af2166692e99625489131a7bf2114bd6) Importer(815301076,1909f56bfc062723c751e8b465ee728b)
Start importing Assets/SimplePoly City - Low Poly Assets/Models/Vehicle_Container.fbx using Guid(af2166692e99625489131a7bf2114bd6) Importer(815301076,1909f56bfc062723c751e8b465ee728b) (PreviewImporter) -> (artifact id: '9c650dfb1fa101bfc86dd904863ac94e') in 0.151378671 seconds
Number of updated asset objects reloaded before import = 0Number of asset objects unloaded after import = 9

========================================================================
Received Import Request.
  Time since last request: 0.000034 seconds.
  path: Assets/SimplePoly City - Low Poly Assets/Models/Road Intersection_01.fbx
  artifactKey: Guid(dd3c656fc0e01f746b07825c92b09beb) Importer(815301076,1909f56bfc062723c751e8b465ee728b)
Start importing Assets/SimplePoly City - Low Poly Assets/Models/Road Intersection_01.fbx using Guid(dd3c656fc0e01f746b07825c92b09beb) Importer(815301076,1909f56bfc062723c751e8b465ee728b) (PreviewImporter) -> (artifact id: '3796f015f94aaa2985dcf7a530d3abcc') in 0.040232127 seconds
Number of updated asset objects reloaded before import = 0Number of asset objects unloaded after import = 9

========================================================================
Received Import Request.
  Time since last request: 0.000046 seconds.
  path: Assets/SimplePoly City - Low Poly Assets/Models/Vehicle_Pick up Truck.fbx
  artifactKey: Guid(6780ac7fd67c9ab43aebe63ff3fb60aa) Importer(815301076,1909f56bfc062723c751e8b465ee728b)
Start importing Assets/SimplePoly City - Low Poly Assets/Models/Vehicle_Pick up Truck.fbx using Guid(6780ac7fd67c9ab43aebe63ff3fb60aa) Importer(815301076,1909f56bfc062723c751e8b465ee728b) (PreviewImporter) -> (artifact id: 'ed660bec33b5813706d58e099e714190') in 0.129283901 seconds
Number of updated asset objects reloaded before import = 0Number of asset objects unloaded after import = 9

========================================================================
Received Import Request.
  Time since last request: 0.000028 seconds.
  path: Assets/SimplePoly City - Low Poly Assets/Models/Road Split Line.fbx
  artifactKey: Guid(63ec040e5e2c7354191119a82429932a) Importer(815301076,1909f56bfc062723c751e8b465ee728b)
Start importing Assets/SimplePoly City - Low Poly Assets/Models/Road Split Line.fbx using Guid(63ec040e5e2c7354191119a82429932a) Importer(815301076,1909f56bfc062723c751e8b465ee728b) (PreviewImporter) -> (artifact id: 'ce5f620cb5d7481544037ac60fda4649') in 0.051050746 seconds
Number of updated asset objects reloaded before import = 0Number of asset objects unloaded after import = 9

========================================================================
Received Import Request.
  Time since last request: 0.000037 seconds.
  path: Assets/SimplePoly City - Low Poly Assets/Models/Road Lane Half.fbx
  artifactKey: Guid(036c334cb6a05bd4fad2a33b9e2ea03b) Importer(815301076,1909f56bfc062723c751e8b465ee728b)
Start importing Assets/SimplePoly City - Low Poly Assets/Models/Road Lane Half.fbx using Guid(036c334cb6a05bd4fad2a33b9e2ea03b) Importer(815301076,1909f56bfc062723c751e8b465ee728b) (PreviewImporter) -> (artifact id: '4a8d61530ab07fc4a8e0b3bb88cef194') in 0.072810697 seconds
Number of updated asset objects reloaded before import = 0Number of asset objects unloaded after import = 9

========================================================================
Received Import Request.
  Time since last request: 0.000038 seconds.
  path: Assets/SimplePoly City - Low Poly Assets/Models/Props_Bus Stop.fbx
  artifactKey: Guid(9e6e51a480e2d6f43878a5d789bd8704) Importer(815301076,1909f56bfc062723c751e8b465ee728b)
Start importing Assets/SimplePoly City - Low Poly Assets/Models/Props_Bus Stop.fbx using Guid(9e6e51a480e2d6f43878a5d789bd8704) Importer(815301076,1909f56bfc062723c751e8b465ee728b) (PreviewImporter) -> (artifact id: 'fa2ae82baf9822c6c3798ec9fc41bde1') in 0.044020787 seconds
Number of updated asset objects reloaded before import = 0Number of asset objects unloaded after import = 9

========================================================================
Received Import Request.
  Time since last request: 0.000026 seconds.
  path: Assets/SimplePoly City - Low Poly Assets/Models/Vehicle_Taxi.fbx
  artifactKey: Guid(a7419a75ac6929e48842c0470aa44718) Importer(815301076,1909f56bfc062723c751e8b465ee728b)
Start importing Assets/SimplePoly City - Low Poly Assets/Models/Vehicle_Taxi.fbx using Guid(a7419a75ac6929e48842c0470aa44718) Importer(815301076,1909f56bfc062723c751e8b465ee728b) (PreviewImporter) -> (artifact id: '365bfaa64b89a9068de6213a2cbce986') in 0.104756403 seconds
Number of updated asset objects reloaded before import = 0Number of asset objects unloaded after import = 9

========================================================================
Received Import Request.
  Time since last request: 0.000037 seconds.
  path: Assets/SimplePoly City - Low Poly Assets/Models/Props_Roof prop air.fbx
  artifactKey: Guid(dccc704d9a70b064b8d29fe27fcbc17b) Importer(815301076,1909f56bfc062723c751e8b465ee728b)
Start importing Assets/SimplePoly City - Low Poly Assets/Models/Props_Roof prop air.fbx using Guid(dccc704d9a70b064b8d29fe27fcbc17b) Importer(815301076,1909f56bfc062723c751e8b465ee728b) (PreviewImporter) -> (artifact id: 'f71de483d5ffbfbbf64bd550065bb519') in 0.096214651 seconds
Number of updated asset objects reloaded before import = 0Number of asset objects unloaded after import = 9

========================================================================
Received Import Request.
  Time since last request: 0.000038 seconds.
  path: Assets/SimplePoly City - Low Poly Assets/Models/Props_Traffic cone.fbx
  artifactKey: Guid(85d54012e6db84f428646fd470b7a555) Importer(815301076,1909f56bfc062723c751e8b465ee728b)
Start importing Assets/SimplePoly City - Low Poly Assets/Models/Props_Traffic cone.fbx using Guid(85d54012e6db84f428646fd470b7a555) Importer(815301076,1909f56bfc062723c751e8b465ee728b) (PreviewImporter) -> (artifact id: '72672cf16d46af20c90b30ad30853586') in 0.101615641 seconds
Number of updated asset objects reloaded before import = 0Number of asset objects unloaded after import = 9

========================================================================
Received Import Request.
  Time since last request: 0.000032 seconds.
  path: Assets/SimplePoly City - Low Poly Assets/Models/Road Lane Bus Stop.fbx
  artifactKey: Guid(b2e48a8553cc56243892a06271dc3c99) Importer(815301076,1909f56bfc062723c751e8b465ee728b)
Start importing Assets/SimplePoly City - Low Poly Assets/Models/Road Lane Bus Stop.fbx using Guid(b2e48a8553cc56243892a06271dc3c99) Importer(815301076,1909f56bfc062723c751e8b465ee728b) (PreviewImporter) -> (artifact id: '4c4cee00408c84863cb2cdc30167769b') in 0.073559175 seconds
Number of updated asset objects reloaded before import = 0Number of asset objects unloaded after import = 9

========================================================================
Received Import Request.
  Time since last request: 0.000028 seconds.
  path: Assets/SimplePoly City - Low Poly Assets/Models/Natures_Bush_01.fbx
  artifactKey: Guid(736724502c2975348b2f19e5e99e1ec5) Importer(815301076,1909f56bfc062723c751e8b465ee728b)
Start importing Assets/SimplePoly City - Low Poly Assets/Models/Natures_Bush_01.fbx using Guid(736724502c2975348b2f19e5e99e1ec5) Importer(815301076,1909f56bfc062723c751e8b465ee728b) (PreviewImporter) -> (artifact id: 'f5fb2c2db3ad390ddecb3fa6e93fe782') in 0.108617988 seconds
Number of updated asset objects reloaded before import = 0Number of asset objects unloaded after import = 9

========================================================================
Received Import Request.
  Time since last request: 0.000046 seconds.
  path: Assets/SimplePoly City - Low Poly Assets/Models/Natures_Rock_Big.fbx
  artifactKey: Guid(9af6d300c4b48bb4ebe9539c44d73f0c) Importer(815301076,1909f56bfc062723c751e8b465ee728b)
Start importing Assets/SimplePoly City - Low Poly Assets/Models/Natures_Rock_Big.fbx using Guid(9af6d300c4b48bb4ebe9539c44d73f0c) Importer(815301076,1909f56bfc062723c751e8b465ee728b) (PreviewImporter) -> (artifact id: 'c9e3b4fed717d9f20a9d897cec4a19b2') in 0.02813966 seconds
Number of updated asset objects reloaded before import = 0Number of asset objects unloaded after import = 9

========================================================================
Received Import Request.
  Time since last request: 0.000048 seconds.
  path: Assets/SimplePoly City - Low Poly Assets/Models/Props_Windmill.fbx
  artifactKey: Guid(2605c818ea0c2df4092b898402e71aae) Importer(815301076,1909f56bfc062723c751e8b465ee728b)
Start importing Assets/SimplePoly City - Low Poly Assets/Models/Props_Windmill.fbx using Guid(2605c818ea0c2df4092b898402e71aae) Importer(815301076,1909f56bfc062723c751e8b465ee728b) (PreviewImporter) -> (artifact id: '22804e35c666995007b81f87f19a7117') in 0.142323854 seconds
Number of updated asset objects reloaded before import = 0Number of asset objects unloaded after import = 14

========================================================================
Received Import Request.
  Time since last request: 0.000041 seconds.
  path: Assets/SimplePoly City - Low Poly Assets/Models/Natures_Rock_small.fbx
  artifactKey: Guid(099a2df3d1c472a43907d07813eee880) Importer(815301076,1909f56bfc062723c751e8b465ee728b)
Start importing Assets/SimplePoly City - Low Poly Assets/Models/Natures_Rock_small.fbx using Guid(099a2df3d1c472a43907d07813eee880) Importer(815301076,1909f56bfc062723c751e8b465ee728b) (PreviewImporter) -> (artifact id: 'a76b7e10c2d324ef9a4b33da2070d890') in 0.05412021 seconds
Number of updated asset objects reloaded before import = 0Number of asset objects unloaded after import = 9

========================================================================
Received Import Request.
  Time since last request: 0.000055 seconds.
  path: Assets/SimplePoly City - Low Poly Assets/Models/Vehicle_SUV.fbx
  artifactKey: Guid(c887da5f6e3230f4aa38afe5e8e30387) Importer(815301076,1909f56bfc062723c751e8b465ee728b)
Start importing Assets/SimplePoly City - Low Poly Assets/Models/Vehicle_SUV.fbx using Guid(c887da5f6e3230f4aa38afe5e8e30387) Importer(815301076,1909f56bfc062723c751e8b465ee728b) (PreviewImporter) -> (artifact id: '01488d029db5e4f25dae3653a23f0711') in 0.052981053 seconds
Number of updated asset objects reloaded before import = 0Number of asset objects unloaded after import = 9

========================================================================
Received Import Request.
  Time since last request: 0.000024 seconds.
  path: Assets/SimplePoly City - Low Poly Assets/Models/Natures_Pot Bush_small.fbx
  artifactKey: Guid(2c5a85095f7a19d479cf428b0ed03e0b) Importer(815301076,1909f56bfc062723c751e8b465ee728b)
Start importing Assets/SimplePoly City - Low Poly Assets/Models/Natures_Pot Bush_small.fbx using Guid(2c5a85095f7a19d479cf428b0ed03e0b) Importer(815301076,1909f56bfc062723c751e8b465ee728b) (PreviewImporter) -> (artifact id: '7e98ac82c48c9f55bf2a6cf62e4ecf39') in 0.124217413 seconds
Number of updated asset objects reloaded before import = 0Number of asset objects unloaded after import = 9

========================================================================
Received Import Request.
  Time since last request: 0.000035 seconds.
  path: Assets/SimplePoly City - Low Poly Assets/Models/Road T_Intersection_02.fbx
  artifactKey: Guid(a6fe5bcbc6a87fb41af9ba32e09b0cda) Importer(815301076,1909f56bfc062723c751e8b465ee728b)
Start importing Assets/SimplePoly City - Low Poly Assets/Models/Road T_Intersection_02.fbx using Guid(a6fe5bcbc6a87fb41af9ba32e09b0cda) Importer(815301076,1909f56bfc062723c751e8b465ee728b) (PreviewImporter) -> (artifact id: 'fa14d86f9530551227cffde6f9394740') in 0.034231927 seconds
Number of updated asset objects reloaded before import = 0Number of asset objects unloaded after import = 9

========================================================================
Received Import Request.
  Time since last request: 0.000044 seconds.
  path: Assets/SimplePoly City - Low Poly Assets/Models/Road Lane_02.fbx
  artifactKey: Guid(11b7c9a58a603e74caec54e139efb58d) Importer(815301076,1909f56bfc062723c751e8b465ee728b)
Start importing Assets/SimplePoly City - Low Poly Assets/Models/Road Lane_02.fbx using Guid(11b7c9a58a603e74caec54e139efb58d) Importer(815301076,1909f56bfc062723c751e8b465ee728b) (PreviewImporter) -> (artifact id: 'f944247effcb011c1f3efd3db666801a') in 0.73919542 seconds
Number of updated asset objects reloaded before import = 0Number of asset objects unloaded after import = 9

========================================================================
Received Import Request.
  Time since last request: 0.000046 seconds.
  path: Assets/Tower/Models/Tower.FBX
  artifactKey: Guid(683f7c9a5dac6a44caaa4b601e92dfcc) Importer(815301076,1909f56bfc062723c751e8b465ee728b)
Start importing Assets/Tower/Models/Tower.FBX using Guid(683f7c9a5dac6a44caaa4b601e92dfcc) Importer(815301076,1909f56bfc062723c751e8b465ee728b) (PreviewImporter) -> (artifact id: 'ad79773457b4e0df208935c19786bcb1') in 0.066203598 seconds
Number of updated asset objects reloaded before import = 0Number of asset objects unloaded after import = 13

========================================================================
Received Import Request.
  Time since last request: 0.000067 seconds.
  path: Assets/SimplePoly City - Low Poly Assets/Models/Props_Traffic Sign_stop.fbx
  artifactKey: Guid(ffcc7ab27000f2a4dbcc4ff9f0526b4d) Importer(815301076,1909f56bfc062723c751e8b465ee728b)
Start importing Assets/SimplePoly City - Low Poly Assets/Models/Props_Traffic Sign_stop.fbx using Guid(ffcc7ab27000f2a4dbcc4ff9f0526b4d) Importer(815301076,1909f56bfc062723c751e8b465ee728b) (PreviewImporter) -> (artifact id: '1d40127522c1ee48dc5c1981adaa9ab9') in 0.055984028 seconds
Number of updated asset objects reloaded before import = 0Number of asset objects unloaded after import = 9

========================================================================
Received Import Request.
  Time since last request: 0.000054 seconds.
  path: Assets/SimplePoly City - Low Poly Assets/Models/Natures_Fir Tree.fbx
  artifactKey: Guid(a4051385261ccbb45a4060203fd8d66e) Importer(815301076,1909f56bfc062723c751e8b465ee728b)
Start importing Assets/SimplePoly City - Low Poly Assets/Models/Natures_Fir Tree.fbx using Guid(a4051385261ccbb45a4060203fd8d66e) Importer(815301076,1909f56bfc062723c751e8b465ee728b) (PreviewImporter) -> (artifact id: '3edaa174444b63ee7cbec7f8adb743f4') in 0.013868429 seconds
Number of updated asset objects reloaded before import = 0Number of asset objects unloaded after import = 9

========================================================================
Received Import Request.
  Time since last request: 0.000038 seconds.
  path: Assets/SimplePoly City - Low Poly Assets/Models/Props_Roof Helipad.fbx
  artifactKey: Guid(b602d657274d2c24b88fe0f3fa83287b) Importer(815301076,1909f56bfc062723c751e8b465ee728b)
Start importing Assets/SimplePoly City - Low Poly Assets/Models/Props_Roof Helipad.fbx using Guid(b602d657274d2c24b88fe0f3fa83287b) Importer(815301076,1909f56bfc062723c751e8b465ee728b) (PreviewImporter) -> (artifact id: 'c268d8d3fdbada5caf3cea7883a6f240') in 0.034370001 seconds
Number of updated asset objects reloaded before import = 0Number of asset objects unloaded after import = 9

========================================================================
Received Import Request.
  Time since last request: 0.000038 seconds.
  path: Assets/SimplePoly City - Low Poly Assets/Models/Road Tile Small.fbx
  artifactKey: Guid(c832ad2636f5fca47b8947e48a90fe48) Importer(815301076,1909f56bfc062723c751e8b465ee728b)
Start importing Assets/SimplePoly City - Low Poly Assets/Models/Road Tile Small.fbx using Guid(c832ad2636f5fca47b8947e48a90fe48) Importer(815301076,1909f56bfc062723c751e8b465ee728b) (PreviewImporter) -> (artifact id: 'a4c0426020113a39c863f40f1a8731f4') in 0.072748446 seconds
Number of updated asset objects reloaded before import = 0Number of asset objects unloaded after import = 9

========================================================================
Received Import Request.
  Time since last request: 0.000049 seconds.
  path: Assets/SimplePoly City - Low Poly Assets/Models/Props_Dustbin.fbx
  artifactKey: Guid(8b615931481e47849972f85e029c22cf) Importer(815301076,1909f56bfc062723c751e8b465ee728b)
Start importing Assets/SimplePoly City - Low Poly Assets/Models/Props_Dustbin.fbx using Guid(8b615931481e47849972f85e029c22cf) Importer(815301076,1909f56bfc062723c751e8b465ee728b) (PreviewImporter) -> (artifact id: '98e5a2169285d6dd1dd9947c1b4bac0a') in 0.080112767 seconds
Number of updated asset objects reloaded before import = 0Number of asset objects unloaded after import = 9

========================================================================
Received Import Request.
  Time since last request: 0.000029 seconds.
  path: Assets/SimplePoly City - Low Poly Assets/Models/Vehicle_Container_separate.fbx
  artifactKey: Guid(5e76bd7f638b280469d7653f47693abd) Importer(815301076,1909f56bfc062723c751e8b465ee728b)
Start importing Assets/SimplePoly City - Low Poly Assets/Models/Vehicle_Container_separate.fbx using Guid(5e76bd7f638b280469d7653f47693abd) Importer(815301076,1909f56bfc062723c751e8b465ee728b) (PreviewImporter) -> (artifact id: 'c711e087b32690fc1065d1845bdd4f10') in 0.41419397 seconds
Number of updated asset objects reloaded before import = 0Number of asset objects unloaded after import = 41

========================================================================
Received Import Request.
  Time since last request: 0.000036 seconds.
  path: Assets/SimplePoly City - Low Poly Assets/Models/Vehicle_Ambulance.fbx
  artifactKey: Guid(ca65f40fba8c4d146800611d34e2e114) Importer(815301076,1909f56bfc062723c751e8b465ee728b)
Start importing Assets/SimplePoly City - Low Poly Assets/Models/Vehicle_Ambulance.fbx using Guid(ca65f40fba8c4d146800611d34e2e114) Importer(815301076,1909f56bfc062723c751e8b465ee728b) (PreviewImporter) -> (artifact id: '57fb2725346219e735f82cad44998e2e') in 0.02277623 seconds
Number of updated asset objects reloaded before import = 0Number of asset objects unloaded after import = 9

========================================================================
Received Import Request.
  Time since last request: 0.000047 seconds.
  path: Assets/SimplePoly City - Low Poly Assets/Models/Props_BillBoard_large.fbx
  artifactKey: Guid(3b11d86015e5ec34498b9a3d432bd029) Importer(815301076,1909f56bfc062723c751e8b465ee728b)
Start importing Assets/SimplePoly City - Low Poly Assets/Models/Props_BillBoard_large.fbx using Guid(3b11d86015e5ec34498b9a3d432bd029) Importer(815301076,1909f56bfc062723c751e8b465ee728b) (PreviewImporter) -> (artifact id: 'dd92f460274f4d507217b22402c27664') in 0.077341921 seconds
Number of updated asset objects reloaded before import = 0Number of asset objects unloaded after import = 9

========================================================================
Received Import Request.
  Time since last request: 0.000049 seconds.
  path: Assets/SimplePoly City - Low Poly Assets/Models/Road Lane_01.fbx
  artifactKey: Guid(e3c71c50de390ec4190b877211ba0717) Importer(815301076,1909f56bfc062723c751e8b465ee728b)
Start importing Assets/SimplePoly City - Low Poly Assets/Models/Road Lane_01.fbx using Guid(e3c71c50de390ec4190b877211ba0717) Importer(815301076,1909f56bfc062723c751e8b465ee728b) (PreviewImporter) -> (artifact id: '0921d13f1d184444ad2866a74b92f9a6') in 0.052952278 seconds
Number of updated asset objects reloaded before import = 0Number of asset objects unloaded after import = 9

========================================================================
Received Import Request.
  Time since last request: 0.000046 seconds.
  path: Assets/SimplePoly City - Low Poly Assets/Models/Props_Traffic Signal_big.fbx
  artifactKey: Guid(773c211b627e8c648b96743ec461a88f) Importer(815301076,1909f56bfc062723c751e8b465ee728b)
Start importing Assets/SimplePoly City - Low Poly Assets/Models/Props_Traffic Signal_big.fbx using Guid(773c211b627e8c648b96743ec461a88f) Importer(815301076,1909f56bfc062723c751e8b465ee728b) (PreviewImporter) -> (artifact id: '38aef2cf7ea195b670c12907e58154b3') in 0.04771255 seconds
Number of updated asset objects reloaded before import = 0Number of asset objects unloaded after import = 9

========================================================================
Received Import Request.
  Time since last request: 0.000068 seconds.
  path: Assets/SimplePoly City - Low Poly Assets/Models/Vehicle_Police Car.fbx
  artifactKey: Guid(c89ff10cad1be9a4e83cf49bf466e148) Importer(815301076,1909f56bfc062723c751e8b465ee728b)
Start importing Assets/SimplePoly City - Low Poly Assets/Models/Vehicle_Police Car.fbx using Guid(c89ff10cad1be9a4e83cf49bf466e148) Importer(815301076,1909f56bfc062723c751e8b465ee728b) (PreviewImporter) -> (artifact id: '566bac785f763bf57c61880152d9b590') in 0.043488756 seconds
Number of updated asset objects reloaded before import = 0Number of asset objects unloaded after import = 9

========================================================================
Received Import Request.
  Time since last request: 0.000036 seconds.
  path: Assets/SimplePoly City - Low Poly Assets/Models/Natures_Cube Tree.fbx
  artifactKey: Guid(01f6af96e305cdf409f4be242c9178e7) Importer(815301076,1909f56bfc062723c751e8b465ee728b)
Start importing Assets/SimplePoly City - Low Poly Assets/Models/Natures_Cube Tree.fbx using Guid(01f6af96e305cdf409f4be242c9178e7) Importer(815301076,1909f56bfc062723c751e8b465ee728b) (PreviewImporter) -> (artifact id: 'a1857f11f493984928fd273f5f464c0a') in 0.060301942 seconds
Number of updated asset objects reloaded before import = 0Number of asset objects unloaded after import = 9

========================================================================
Received Import Request.
  Time since last request: 0.000049 seconds.
  path: Assets/SimplePoly City - Low Poly Assets/Models/Road Lane_04.fbx
  artifactKey: Guid(2397ca4030d2a7446812ad23c04c9821) Importer(815301076,1909f56bfc062723c751e8b465ee728b)
Start importing Assets/SimplePoly City - Low Poly Assets/Models/Road Lane_04.fbx using Guid(2397ca4030d2a7446812ad23c04c9821) Importer(815301076,1909f56bfc062723c751e8b465ee728b) (PreviewImporter) -> (artifact id: '45fe42d25be2b21f6c200809ef4f3d78') in 0.034133557 seconds
Number of updated asset objects reloaded before import = 0Number of asset objects unloaded after import = 9

========================================================================
Received Import Request.
  Time since last request: 5.145391 seconds.
  path: Assets/Animations/Breathing Idle.fbx
  artifactKey: Guid(8c91fc39ec76d8041acaaef595670418) Importer(815301076,1909f56bfc062723c751e8b465ee728b)
Start importing Assets/Animations/Breathing Idle.fbx using Guid(8c91fc39ec76d8041acaaef595670418) Importer(815301076,1909f56bfc062723c751e8b465ee728b) (PreviewImporter) -> (artifact id: '6c3f42fae5b38c4ff4ff70cff31c630e') in 0.003401753 seconds
Number of updated asset objects reloaded before import = 0Number of asset objects unloaded after import = 134

========================================================================
Received Import Request.
  Time since last request: 15.435799 seconds.
  path: Assets/InputSystem_Actions.inputactions
  artifactKey: Guid(052faaac586de48259a63d0c4782560b) Importer(2089858483,192608db42251d675da83286b1cce702)
Start importing Assets/InputSystem_Actions.inputactions using Guid(052faaac586de48259a63d0c4782560b) Importer(2089858483,192608db42251d675da83286b1cce702) (ScriptedImporter) -> (artifact id: '06d15067b4aef0836ec101b42c12f143') in 0.593775943 seconds
Number of updated asset objects reloaded before import = 0Number of asset objects unloaded after import = 22

========================================================================
Received Import Request.
  Time since last request: 0.000041 seconds.
  path: Assets/Adventure_Character/Mesh/Stand.obj
  artifactKey: Guid(3c301751d216fda459821781864ff346) Importer(2089858483,192608db42251d675da83286b1cce702)
Start importing Assets/Adventure_Character/Mesh/Stand.obj using Guid(3c301751d216fda459821781864ff346) Importer(2089858483,192608db42251d675da83286b1cce702) (ScriptedImporter) -> (artifact id: '92ef75adba11fc153dbc92367891c15d') in 0.069794898 seconds
Number of updated asset objects reloaded before import = 0Number of asset objects unloaded after import = 10

========================================================================
Received Import Request.
  Time since last request: 0.000049 seconds.
  path: Assets/Dnk_Dev/Brick_Fence/Demo Brick_Fence.unity
  artifactKey: Guid(ee795083402a49a4ab0c9718138cc1bd) Importer(2089858483,192608db42251d675da83286b1cce702)
Start importing Assets/Dnk_Dev/Brick_Fence/Demo Brick_Fence.unity using Guid(ee795083402a49a4ab0c9718138cc1bd) Importer(2089858483,192608db42251d675da83286b1cce702) (ScriptedImporter) -> (artifact id: 'a6f24ac22e192dbe3974b731f938c541') in 0.014734257 seconds
Number of updated asset objects reloaded before import = 0Number of asset objects unloaded after import = 1

========================================================================
Received Import Request.
  Time since last request: 0.000026 seconds.
  path: Assets/Adventure_Character/Textures/Man_Cloth_Up_Normals.tga
  artifactKey: Guid(de91175a07959b449a003d1de1c6279e) Importer(2089858483,192608db42251d675da83286b1cce702)
Start importing Assets/Adventure_Character/Textures/Man_Cloth_Up_Normals.tga using Guid(de91175a07959b449a003d1de1c6279e) Importer(2089858483,192608db42251d675da83286b1cce702) (ScriptedImporter) -> (artifact id: 'df89cabacbfc3cce19483d520e09e13d') in 0.080083732 seconds
Number of updated asset objects reloaded before import = 0Number of asset objects unloaded after import = 1

========================================================================
Received Import Request.
  Time since last request: 0.000022 seconds.
  path: Assets/BodyGuards/Textures/Boduguard_02_Ao.tga
  artifactKey: Guid(30afadbf948915849a277a91e4eb6d01) Importer(2089858483,192608db42251d675da83286b1cce702)
Start importing Assets/BodyGuards/Textures/Boduguard_02_Ao.tga using Guid(30afadbf948915849a277a91e4eb6d01) Importer(2089858483,192608db42251d675da83286b1cce702) (ScriptedImporter) -> (artifact id: '41f583e07b8812bd765160af21b940f3') in 0.017579087 seconds
Number of updated asset objects reloaded before import = 0Number of asset objects unloaded after import = 1

========================================================================
Received Import Request.
  Time since last request: 0.000037 seconds.
  path: Assets/FantasyMedievalTown_LITE/Models/Rock_01.fbx
  artifactKey: Guid(07713a36c4ecb2a488a4e82794bd578a) Importer(2089858483,192608db42251d675da83286b1cce702)
Start importing Assets/FantasyMedievalTown_LITE/Models/Rock_01.fbx using Guid(07713a36c4ecb2a488a4e82794bd578a) Importer(2089858483,192608db42251d675da83286b1cce702) (ScriptedImporter) -> (artifact id: '3bcf1c1f3b5d575a99404b87e2086ba9') in 0.024860288 seconds
Number of updated asset objects reloaded before import = 0Number of asset objects unloaded after import = 15

========================================================================
Received Import Request.
  Time since last request: 0.000039 seconds.
  path: Assets/Adventure_Character/Textures/Man_Body_Albedo.tga
  artifactKey: Guid(14a564f7fa4e12844919f637dc3c17ce) Importer(2089858483,192608db42251d675da83286b1cce702)
Start importing Assets/Adventure_Character/Textures/Man_Body_Albedo.tga using Guid(14a564f7fa4e12844919f637dc3c17ce) Importer(2089858483,192608db42251d675da83286b1cce702) (ScriptedImporter) -> (artifact id: '3886ba3618145c16da30c988de706c1a') in 0.017953666 seconds
Number of updated asset objects reloaded before import = 0Number of asset objects unloaded after import = 1

========================================================================
Received Import Request.
  Time since last request: 0.000028 seconds.
  path: Assets/Adventure_Character/Textures/Man_Cloth_Up_Albedo_01.tga
  artifactKey: Guid(5261f9f7e9518de418e30e30514a7d58) Importer(2089858483,192608db42251d675da83286b1cce702)
Start importing Assets/Adventure_Character/Textures/Man_Cloth_Up_Albedo_01.tga using Guid(5261f9f7e9518de418e30e30514a7d58) Importer(2089858483,192608db42251d675da83286b1cce702) (ScriptedImporter) -> (artifact id: '9b23b435220a87cc8e1829ed9042be46') in 0.015556054 seconds
Number of updated asset objects reloaded before import = 0Number of asset objects unloaded after import = 1

========================================================================
Received Import Request.
  Time since last request: 0.000024 seconds.
  path: Assets/FantasyMedievalTown_LITE/Models/HouseWall_08.fbx
  artifactKey: Guid(f8a8c40c38c3827428f0d23ae93856a4) Importer(2089858483,192608db42251d675da83286b1cce702)
Start importing Assets/FantasyMedievalTown_LITE/Models/HouseWall_08.fbx using Guid(f8a8c40c38c3827428f0d23ae93856a4) Importer(2089858483,192608db42251d675da83286b1cce702) (ScriptedImporter) -> (artifact id: '4958336ffc8934c344a68533357c9f04') in 0.012823296 seconds
Number of updated asset objects reloaded before import = 0Number of asset objects unloaded after import = 15

========================================================================
Received Import Request.
  Time since last request: 0.000031 seconds.
  path: Assets/FantasyMedievalTown_LITE/Models/HouseWall_02.fbx
  artifactKey: Guid(914e26c773673014a80d972d24d6abb9) Importer(2089858483,192608db42251d675da83286b1cce702)
Start importing Assets/FantasyMedievalTown_LITE/Models/HouseWall_02.fbx using Guid(914e26c773673014a80d972d24d6abb9) Importer(2089858483,192608db42251d675da83286b1cce702) (ScriptedImporter) -> (artifact id: 'da9ea077c53791ba5cae28e39f3b59e0') in 0.015599016 seconds
Number of updated asset objects reloaded before import = 0Number of asset objects unloaded after import = 15

========================================================================
Received Import Request.
  Time since last request: 0.000025 seconds.
  path: Assets/BodyGuards/Textures/Boduguard_02_N.tga
  artifactKey: Guid(4b534fe9e5393554dafc0aef62f69c5c) Importer(2089858483,192608db42251d675da83286b1cce702)
Start importing Assets/BodyGuards/Textures/Boduguard_02_N.tga using Guid(4b534fe9e5393554dafc0aef62f69c5c) Importer(2089858483,192608db42251d675da83286b1cce702) (ScriptedImporter) -> (artifact id: '32c294173a9062bd4a3cc8e11ea69929') in 0.016343423 seconds
Number of updated asset objects reloaded before import = 0Number of asset objects unloaded after import = 1

========================================================================
Received Import Request.
  Time since last request: 0.000034 seconds.
  path: Assets/LowPolyMedievalPropsLite/Models/Box_01.fbx
  artifactKey: Guid(a736403e8215c0644931533af77a47de) Importer(2089858483,192608db42251d675da83286b1cce702)
Start importing Assets/LowPolyMedievalPropsLite/Models/Box_01.fbx using Guid(a736403e8215c0644931533af77a47de) Importer(2089858483,192608db42251d675da83286b1cce702) (ScriptedImporter) -> (artifact id: '89879dfccd6c981818b101efce869091') in 0.031714098 seconds
Number of updated asset objects reloaded before import = 0Number of asset objects unloaded after import = 7

========================================================================
Received Import Request.
  Time since last request: 0.000041 seconds.
  path: Assets/FantasyMedievalTown_LITE/Prefabs/HouseRoof_02_LITE.prefab
  artifactKey: Guid(4f2713344093cbc42be1bc8cee65aa05) Importer(2089858483,192608db42251d675da83286b1cce702)
Start importing Assets/FantasyMedievalTown_LITE/Prefabs/HouseRoof_02_LITE.prefab using Guid(4f2713344093cbc42be1bc8cee65aa05) Importer(2089858483,192608db42251d675da83286b1cce702) (ScriptedImporter) -> (artifact id: '18ef38184e93445cd81a1d8cb9c40527') in 0.007461349 seconds
Number of updated asset objects reloaded before import = 0Number of asset objects unloaded after import = 23

========================================================================
Received Import Request.
  Time since last request: 0.000022 seconds.
  path: Assets/LowPolyMedievalPropsLite/Models/Barrel_01.fbx
  artifactKey: Guid(4b794b6ae7f5ee74fa07f8325d11e9e9) Importer(2089858483,192608db42251d675da83286b1cce702)
Start importing Assets/LowPolyMedievalPropsLite/Models/Barrel_01.fbx using Guid(4b794b6ae7f5ee74fa07f8325d11e9e9) Importer(2089858483,192608db42251d675da83286b1cce702) (ScriptedImporter) -> (artifact id: '2a6e389e47d989c9a38091e98b6f6074') in 0.010261937 seconds
Number of updated asset objects reloaded before import = 0Number of asset objects unloaded after import = 7

========================================================================
Received Import Request.
  Time since last request: 0.000029 seconds.
  path: Assets/Animations/Crouching Idle.fbx
  artifactKey: Guid(83b81a2f7fbedf72b863e11d77461a72) Importer(2089858483,192608db42251d675da83286b1cce702)
Start importing Assets/Animations/Crouching Idle.fbx using Guid(83b81a2f7fbedf72b863e11d77461a72) Importer(2089858483,192608db42251d675da83286b1cce702) (ScriptedImporter) -> (artifact id: 'f00b656e4a1eb69d2da16728e07fc1a0') in 0.020027665 seconds
Number of updated asset objects reloaded before import = 0Number of asset objects unloaded after import = 135

========================================================================
Received Import Request.
  Time since last request: 0.000028 seconds.
  path: Assets/LowPolyMedievalPropsLite/Models/Candle_03.fbx
  artifactKey: Guid(5dcd92043d7b0884caca6772c1469673) Importer(2089858483,192608db42251d675da83286b1cce702)
Start importing Assets/LowPolyMedievalPropsLite/Models/Candle_03.fbx using Guid(5dcd92043d7b0884caca6772c1469673) Importer(2089858483,192608db42251d675da83286b1cce702) (ScriptedImporter) -> (artifact id: '79690ac7c87f173e9e400f4021642ece') in 0.023988577 seconds
Number of updated asset objects reloaded before import = 0Number of asset objects unloaded after import = 7

========================================================================
Received Import Request.
  Time since last request: 0.000029 seconds.
  path: Assets/Settings/DefaultVolumeProfile.asset
  artifactKey: Guid(ab09877e2e707104187f6f83e2f62510) Importer(2089858483,192608db42251d675da83286b1cce702)
Start importing Assets/Settings/DefaultVolumeProfile.asset using Guid(ab09877e2e707104187f6f83e2f62510) Importer(2089858483,192608db42251d675da83286b1cce702) (ScriptedImporter) -> (artifact id: '2f58ace83248724182c98cf60ce111d2') in 0.005904621 seconds
Number of updated asset objects reloaded before import = 0Number of asset objects unloaded after import = 0

========================================================================
Received Import Request.
  Time since last request: 0.000031 seconds.
  path: Assets/Adventure_Character/Materials/Stand.mat
  artifactKey: Guid(6cc77a6303488d84aadaf60ef4023104) Importer(2089858483,192608db42251d675da83286b1cce702)
Start importing Assets/Adventure_Character/Materials/Stand.mat using Guid(6cc77a6303488d84aadaf60ef4023104) Importer(2089858483,192608db42251d675da83286b1cce702) (ScriptedImporter) -> (artifact id: 'a85e07bbf25f8a543111132138318ba6') in 0.004711464 seconds
Number of updated asset objects reloaded before import = 0Number of asset objects unloaded after import = 1

========================================================================
Received Import Request.
  Time since last request: 0.000041 seconds.
  path: Assets/background_music.mp3
  artifactKey: Guid(21f59104a7179c68797e32483353e122) Importer(2089858483,192608db42251d675da83286b1cce702)
Start importing Assets/background_music.mp3 using Guid(21f59104a7179c68797e32483353e122) Importer(2089858483,192608db42251d675da83286b1cce702) (ScriptedImporter) -> (artifact id: 'd347b8e1a91085338f0835efd38749ff') in 0.034497872 seconds
Number of updated asset objects reloaded before import = 0Number of asset objects unloaded after import = 1

========================================================================
Received Import Request.
  Time since last request: 0.000032 seconds.
  path: Assets/Settings/UniversalRenderPipelineGlobalSettings.asset
  artifactKey: Guid(18dc0cd2c080841dea60987a38ce93fa) Importer(2089858483,192608db42251d675da83286b1cce702)
Start importing Assets/Settings/UniversalRenderPipelineGlobalSettings.asset using Guid(18dc0cd2c080841dea60987a38ce93fa) Importer(2089858483,192608db42251d675da83286b1cce702) (ScriptedImporter) -> (artifact id: '8a690f79078df2da63cb9a53564493c2') in 0.091427309 seconds
Number of updated asset objects reloaded before import = 0Number of asset objects unloaded after import = 0

========================================================================
Received Import Request.
  Time since last request: 0.000026 seconds.
  path: Assets/LowPolyMedievalPropsLite/Models/Candle_02.fbx
  artifactKey: Guid(c8d4d7992498e6943b15f04a0b5acb6b) Importer(2089858483,192608db42251d675da83286b1cce702)
Start importing Assets/LowPolyMedievalPropsLite/Models/Candle_02.fbx using Guid(c8d4d7992498e6943b15f04a0b5acb6b) Importer(2089858483,192608db42251d675da83286b1cce702) (ScriptedImporter) -> (artifact id: '0e618430f7aab55129bebff7905699ee') in 0.014573986 seconds
Number of updated asset objects reloaded before import = 0Number of asset objects unloaded after import = 7

========================================================================
Received Import Request.
  Time since last request: 0.000046 seconds.
  path: Assets/Adventure_Character/Textures/Man_Cloth_Down_Metallic.tga
  artifactKey: Guid(fbb02d1059395f94ca8cdb1d9cc8b9d3) Importer(2089858483,192608db42251d675da83286b1cce702)
Start importing Assets/Adventure_Character/Textures/Man_Cloth_Down_Metallic.tga using Guid(fbb02d1059395f94ca8cdb1d9cc8b9d3) Importer(2089858483,192608db42251d675da83286b1cce702) (ScriptedImporter) -> (artifact id: 'c3bb7d3cbb5e78f12c17bf06ca0f5e6c') in 0.033754435 seconds
Number of updated asset objects reloaded before import = 0Number of asset objects unloaded after import = 1

========================================================================
Received Import Request.
  Time since last request: 0.000037 seconds.
  path: Assets/FantasyMedievalTown_LITE/Models/Fence_01.fbx
  artifactKey: Guid(1e83475c1f24318459924e476284e1cf) Importer(2089858483,192608db42251d675da83286b1cce702)
Start importing Assets/FantasyMedievalTown_LITE/Models/Fence_01.fbx using Guid(1e83475c1f24318459924e476284e1cf) Importer(2089858483,192608db42251d675da83286b1cce702) (ScriptedImporter) -> (artifact id: '8dc863dc27be587c1e3e6a2a9dd045a8') in 0.017999829 seconds
Number of updated asset objects reloaded before import = 0Number of asset objects unloaded after import = 20

========================================================================
Received Import Request.
  Time since last request: 0.000025 seconds.
  path: Assets/Materials/GrassColor.mat
  artifactKey: Guid(5c79117de63eed34aac55b74240e5dd1) Importer(2089858483,192608db42251d675da83286b1cce702)
Start importing Assets/Materials/GrassColor.mat using Guid(5c79117de63eed34aac55b74240e5dd1) Importer(2089858483,192608db42251d675da83286b1cce702) (ScriptedImporter) -> (artifact id: '0a5d43df86558f2c68262120d4b987b8') in 0.008136748 seconds
Number of updated asset objects reloaded before import = 0Number of asset objects unloaded after import = 2

========================================================================
Received Import Request.
  Time since last request: 0.000025 seconds.
  path: Assets/FantasyMedievalTown_LITE/Prefabs/Barrel_01_LITE.prefab
  artifactKey: Guid(516bb2fe1d1c8584d9ad829a9eb9d4d3) Importer(2089858483,192608db42251d675da83286b1cce702)
Start importing Assets/FantasyMedievalTown_LITE/Prefabs/Barrel_01_LITE.prefab using Guid(516bb2fe1d1c8584d9ad829a9eb9d4d3) Importer(2089858483,192608db42251d675da83286b1cce702) (ScriptedImporter) -> (artifact id: '1b7fba53179f4150a581b7f711c579c8') in 0.007881802 seconds
Number of updated asset objects reloaded before import = 0Number of asset objects unloaded after import = 23

========================================================================
Received Import Request.
  Time since last request: 0.000027 seconds.
  path: Assets/PBR_Grass_Textures/example_scene.unity
  artifactKey: Guid(200011fc71925fc49aa69623b937f8e6) Importer(2089858483,192608db42251d675da83286b1cce702)
Start importing Assets/PBR_Grass_Textures/example_scene.unity using Guid(200011fc71925fc49aa69623b937f8e6) Importer(2089858483,192608db42251d675da83286b1cce702) (ScriptedImporter) -> (artifact id: 'd8a55e528f2e5de60ee36d79d7f55133') in 0.003314666 seconds
Number of updated asset objects reloaded before import = 0Number of asset objects unloaded after import = 1

========================================================================
Received Import Request.
  Time since last request: 0.000024 seconds.
  path: Assets/FantasyMedievalTown_LITE/Models/Floor_01.fbx
  artifactKey: Guid(3c4740f0dda958143ba94c8d573713bf) Importer(2089858483,192608db42251d675da83286b1cce702)
Start importing Assets/FantasyMedievalTown_LITE/Models/Floor_01.fbx using Guid(3c4740f0dda958143ba94c8d573713bf) Importer(2089858483,192608db42251d675da83286b1cce702) (ScriptedImporter) -> (artifact id: '72757854eecda6663b1f4fd8c2bdcb11') in 0.010814513 seconds
Number of updated asset objects reloaded before import = 0Number of asset objects unloaded after import = 15

========================================================================
Received Import Request.
  Time since last request: 0.000025 seconds.
  path: Assets/BodyGuards/Textures/Boduguard_03_S.tga
  artifactKey: Guid(13c234ed86c11ed45877a9b065136542) Importer(2089858483,192608db42251d675da83286b1cce702)
Start importing Assets/BodyGuards/Textures/Boduguard_03_S.tga using Guid(13c234ed86c11ed45877a9b065136542) Importer(2089858483,192608db42251d675da83286b1cce702) (ScriptedImporter) -> (artifact id: 'b7257042b46537de6b0583a6fa6cf87e') in 0.016446881 seconds
Number of updated asset objects reloaded before import = 0Number of asset objects unloaded after import = 1

========================================================================
Received Import Request.
  Time since last request: 0.000030 seconds.
  path: Assets/Adventure_Character/Prefabs/Man_Full.prefab
  artifactKey: Guid(5358fd1db56fd5f4ebd3a9185f223155) Importer(2089858483,192608db42251d675da83286b1cce702)
Start importing Assets/Adventure_Character/Prefabs/Man_Full.prefab using Guid(5358fd1db56fd5f4ebd3a9185f223155) Importer(2089858483,192608db42251d675da83286b1cce702) (ScriptedImporter) -> (artifact id: '35a75521efd393b3408c51fb81d0bf16') in 0.031389236 seconds
Number of updated asset objects reloaded before import = 0Number of asset objects unloaded after import = 184

========================================================================
Received Import Request.
  Time since last request: 0.000045 seconds.
  path: Assets/LowPolyMedievalPropsLite/Models/Bottle_02.fbx
  artifactKey: Guid(605e437c1d871944fa716a75a6d62d20) Importer(2089858483,192608db42251d675da83286b1cce702)
Start importing Assets/LowPolyMedievalPropsLite/Models/Bottle_02.fbx using Guid(605e437c1d871944fa716a75a6d62d20) Importer(2089858483,192608db42251d675da83286b1cce702) (ScriptedImporter) -> (artifact id: '3a5c3e4c1ad495a81d27ceef40a6deac') in 0.017679275 seconds
Number of updated asset objects reloaded before import = 0Number of asset objects unloaded after import = 7

========================================================================
Received Import Request.
  Time since last request: 0.000028 seconds.
  path: Assets/LowPolyMedievalPropsLite/Models/Candle_01.fbx
  artifactKey: Guid(101d69a2d9a63e14ea79b02a6a8a8b3a) Importer(2089858483,192608db42251d675da83286b1cce702)
Start importing Assets/LowPolyMedievalPropsLite/Models/Candle_01.fbx using Guid(101d69a2d9a63e14ea79b02a6a8a8b3a) Importer(2089858483,192608db42251d675da83286b1cce702) (ScriptedImporter) -> (artifact id: '1a4fff05f81b1f5c5cfd8b811cb57dad') in 0.021956365 seconds
Number of updated asset objects reloaded before import = 0Number of asset objects unloaded after import = 7

========================================================================
Received Import Request.
  Time since last request: 0.000023 seconds.
  path: Assets/Dnk_Dev/Brick_Fence/Demo Brick_FenceSettings.lighting
  artifactKey: Guid(6e6ab4d0e248c9ed7a4d456cbab07de2) Importer(2089858483,192608db42251d675da83286b1cce702)
Start importing Assets/Dnk_Dev/Brick_Fence/Demo Brick_FenceSettings.lighting using Guid(6e6ab4d0e248c9ed7a4d456cbab07de2) Importer(2089858483,192608db42251d675da83286b1cce702) (ScriptedImporter) -> (artifact id: '9040c25b09680fe8ff8a6b77ee0de6b3') in 0.011548936 seconds
Number of updated asset objects reloaded before import = 0Number of asset objects unloaded after import = 1

========================================================================
Received Import Request.
  Time since last request: 0.000033 seconds.
  path: Assets/FantasyMedievalTown_LITE/Prefabs/Floor_01_LITE.prefab
  artifactKey: Guid(7a660ebf797107540b2e0443416860fe) Importer(2089858483,192608db42251d675da83286b1cce702)
Start importing Assets/FantasyMedievalTown_LITE/Prefabs/Floor_01_LITE.prefab using Guid(7a660ebf797107540b2e0443416860fe) Importer(2089858483,192608db42251d675da83286b1cce702) (ScriptedImporter) -> (artifact id: 'af07f3273888bef72f692053bbc3343e') in 0.018656056 seconds
Number of updated asset objects reloaded before import = 0Number of asset objects unloaded after import = 17

========================================================================
Received Import Request.
  Time since last request: 0.000031 seconds.
  path: Assets/LowPolyMedievalPropsLite/Prefabs/Furniture_01.prefab
  artifactKey: Guid(170b5c8bc206e434bbabb0dfb4c448a2) Importer(2089858483,192608db42251d675da83286b1cce702)
Start importing Assets/LowPolyMedievalPropsLite/Prefabs/Furniture_01.prefab using Guid(170b5c8bc206e434bbabb0dfb4c448a2) Importer(2089858483,192608db42251d675da83286b1cce702) (ScriptedImporter) -> (artifact id: '3c0e16689924479e0eda085ea5066bca') in 0.016843557 seconds
Number of updated asset objects reloaded before import = 0Number of asset objects unloaded after import = 9

========================================================================
Received Import Request.
  Time since last request: 0.000047 seconds.
  path: Assets/LowPolyMedievalPropsLite/Models/Fence_01.fbx
  artifactKey: Guid(a213e06a6af889b478652c916515cf68) Importer(2089858483,192608db42251d675da83286b1cce702)
Start importing Assets/LowPolyMedievalPropsLite/Models/Fence_01.fbx using Guid(a213e06a6af889b478652c916515cf68) Importer(2089858483,192608db42251d675da83286b1cce702) (ScriptedImporter) -> (artifact id: 'f1e95a8bb5f40e334b055bf763139f38') in 0.013960374 seconds
Number of updated asset objects reloaded before import = 0Number of asset objects unloaded after import = 7

========================================================================
Received Import Request.
  Time since last request: 0.000031 seconds.
  path: Assets/LowPolyMedievalPropsLite/Models/Food_02.fbx
  artifactKey: Guid(6fe7dcc4259a56f48a849e7ff954d529) Importer(2089858483,192608db42251d675da83286b1cce702)
Start importing Assets/LowPolyMedievalPropsLite/Models/Food_02.fbx using Guid(6fe7dcc4259a56f48a849e7ff954d529) Importer(2089858483,192608db42251d675da83286b1cce702) (ScriptedImporter) -> (artifact id: '0c9f5b320db0470bba6156830d7f6ed7') in 0.013200579 seconds
Number of updated asset objects reloaded before import = 0Number of asset objects unloaded after import = 7

========================================================================
Received Import Request.
  Time since last request: 0.000030 seconds.
  path: Assets/LowPolyMedievalPropsLite/Prefabs/Bottle_01.prefab
  artifactKey: Guid(b6f9b587034166549809f3a9c6c33262) Importer(2089858483,192608db42251d675da83286b1cce702)
Start importing Assets/LowPolyMedievalPropsLite/Prefabs/Bottle_01.prefab using Guid(b6f9b587034166549809f3a9c6c33262) Importer(2089858483,192608db42251d675da83286b1cce702) (ScriptedImporter) -> (artifact id: 'd98e8856b005bff0a958a3a507fd4a0d') in 0.017059108 seconds
Number of updated asset objects reloaded before import = 0Number of asset objects unloaded after import = 9

========================================================================
Received Import Request.
  Time since last request: 0.000025 seconds.
  path: Assets/LowPolyMedievalPropsLite/Prefabs/Coin_01.prefab
  artifactKey: Guid(503cf83fd490b1640bbc9aea8a7ded93) Importer(2089858483,192608db42251d675da83286b1cce702)
Start importing Assets/LowPolyMedievalPropsLite/Prefabs/Coin_01.prefab using Guid(503cf83fd490b1640bbc9aea8a7ded93) Importer(2089858483,192608db42251d675da83286b1cce702) (ScriptedImporter) -> (artifact id: '37c393b122c4d1e09c06ba56a993c05f') in 0.014118779 seconds
Number of updated asset objects reloaded before import = 0Number of asset objects unloaded after import = 9

========================================================================
Received Import Request.
  Time since last request: 0.000036 seconds.
  path: Assets/LowPolyMedievalPropsLite/Prefabs/Bottle_03.prefab
  artifactKey: Guid(dce278a18cc98aa41a4185c95e564f6f) Importer(2089858483,192608db42251d675da83286b1cce702)
Start importing Assets/LowPolyMedievalPropsLite/Prefabs/Bottle_03.prefab using Guid(dce278a18cc98aa41a4185c95e564f6f) Importer(2089858483,192608db42251d675da83286b1cce702) (ScriptedImporter) -> (artifact id: 'e5c198397c798d3495cbc8c34b500ec2') in 0.010155636 seconds
Number of updated asset objects reloaded before import = 0Number of asset objects unloaded after import = 9

========================================================================
Received Import Request.
  Time since last request: 0.000040 seconds.
  path: Assets/LowPolyMedievalPropsLite/Prefabs/Bucket_01.prefab
  artifactKey: Guid(f2db1d06f79fef94592fee4b86c679d8) Importer(2089858483,192608db42251d675da83286b1cce702)
Start importing Assets/LowPolyMedievalPropsLite/Prefabs/Bucket_01.prefab using Guid(f2db1d06f79fef94592fee4b86c679d8) Importer(2089858483,192608db42251d675da83286b1cce702) (ScriptedImporter) -> (artifact id: '5990e47bc0f9a1cadcf660c8ef435734') in 0.013798769 seconds
Number of updated asset objects reloaded before import = 0Number of asset objects unloaded after import = 15

========================================================================
Received Import Request.
  Time since last request: 0.000030 seconds.
  path: Assets/LowPolyMedievalPropsLite/Models/Firewood_01.fbx
  artifactKey: Guid(146d79ab5faee0e42bdea04f5a9c8a0a) Importer(2089858483,192608db42251d675da83286b1cce702)
Start importing Assets/LowPolyMedievalPropsLite/Models/Firewood_01.fbx using Guid(146d79ab5faee0e42bdea04f5a9c8a0a) Importer(2089858483,192608db42251d675da83286b1cce702) (ScriptedImporter) -> (artifact id: 'cb4f96d9c791cd3bae9fa2ae441b223f') in 0.009557731 seconds
Number of updated asset objects reloaded before import = 0Number of asset objects unloaded after import = 7

========================================================================
Received Import Request.
  Time since last request: 0.000031 seconds.
  path: Assets/LowPolyMedievalPropsLite/Models/Cup_02.fbx
  artifactKey: Guid(62419620f07825b47bc717f663da6e9c) Importer(2089858483,192608db42251d675da83286b1cce702)
Start importing Assets/LowPolyMedievalPropsLite/Models/Cup_02.fbx using Guid(62419620f07825b47bc717f663da6e9c) Importer(2089858483,192608db42251d675da83286b1cce702) (ScriptedImporter) -> (artifact id: 'd9cb603d5088adac796d472c13858880') in 0.010262182 seconds
Number of updated asset objects reloaded before import = 0Number of asset objects unloaded after import = 7

========================================================================
Received Import Request.
  Time since last request: 0.000039 seconds.
  path: Assets/LowPolyMedievalPropsLite/Models/Furniture_02.fbx
  artifactKey: Guid(8f9007a17c3ecd34d8df64f86745c329) Importer(2089858483,192608db42251d675da83286b1cce702)
Start importing Assets/LowPolyMedievalPropsLite/Models/Furniture_02.fbx using Guid(8f9007a17c3ecd34d8df64f86745c329) Importer(2089858483,192608db42251d675da83286b1cce702) (ScriptedImporter) -> (artifact id: '4e755083995049f3aa9fed9f7dcf320a') in 0.016153893 seconds
Number of updated asset objects reloaded before import = 0Number of asset objects unloaded after import = 7

========================================================================
Received Import Request.
  Time since last request: 0.000024 seconds.
  path: Assets/LowPolyMedievalPropsLite/Models/Jug_01.fbx
  artifactKey: Guid(6bc014ba5fa38744d911b7a4233d1c00) Importer(2089858483,192608db42251d675da83286b1cce702)
Start importing Assets/LowPolyMedievalPropsLite/Models/Jug_01.fbx using Guid(6bc014ba5fa38744d911b7a4233d1c00) Importer(2089858483,192608db42251d675da83286b1cce702) (ScriptedImporter) -> (artifact id: '7c4e568dc5ace473127573b8a21aae4c') in 0.022942878 seconds
Number of updated asset objects reloaded before import = 0Number of asset objects unloaded after import = 7

========================================================================
Received Import Request.
  Time since last request: 0.000032 seconds.
  path: Assets/LowPolyMedievalPropsLite/Prefabs/Jug_04.prefab
  artifactKey: Guid(6217a840ef7b5da40bc3c9075de53ea4) Importer(2089858483,192608db42251d675da83286b1cce702)
Start importing Assets/LowPolyMedievalPropsLite/Prefabs/Jug_04.prefab using Guid(6217a840ef7b5da40bc3c9075de53ea4) Importer(2089858483,192608db42251d675da83286b1cce702) (ScriptedImporter) -> (artifact id: '10dd2bf9a4c9f06a8720bc5910eaf9e6') in 0.009162346 seconds
Number of updated asset objects reloaded before import = 0Number of asset objects unloaded after import = 9

========================================================================
Received Import Request.
  Time since last request: 0.000037 seconds.
  path: Assets/LowPolyMedievalPropsLite/Prefabs/Furniture_02.prefab
  artifactKey: Guid(cf53323f590366f43b4564f7d3d614d7) Importer(2089858483,192608db42251d675da83286b1cce702)
Start importing Assets/LowPolyMedievalPropsLite/Prefabs/Furniture_02.prefab using Guid(cf53323f590366f43b4564f7d3d614d7) Importer(2089858483,192608db42251d675da83286b1cce702) (ScriptedImporter) -> (artifact id: '876d3d9de0668093ff11ea24760f5240') in 0.008106502 seconds
Number of updated asset objects reloaded before import = 0Number of asset objects unloaded after import = 9

========================================================================
Received Import Request.
  Time since last request: 0.000029 seconds.
  path: Assets/LowPolyMedievalPropsLite/Prefabs/Food_02.prefab
  artifactKey: Guid(219b3ba7a1084d44ba6ba3754e84f3a4) Importer(2089858483,192608db42251d675da83286b1cce702)
Start importing Assets/LowPolyMedievalPropsLite/Prefabs/Food_02.prefab using Guid(219b3ba7a1084d44ba6ba3754e84f3a4) Importer(2089858483,192608db42251d675da83286b1cce702) (ScriptedImporter) -> (artifact id: '5b3af7c297f0514123b9d97ae04785e8') in 0.009179604 seconds
Number of updated asset objects reloaded before import = 0Number of asset objects unloaded after import = 9

========================================================================
Received Import Request.
  Time since last request: 0.000035 seconds.
  path: Assets/LowPolyMedievalPropsLite/Models/Pointer_01.fbx
  artifactKey: Guid(3ec06af1d7955b644a0a2ac99cb7482d) Importer(2089858483,192608db42251d675da83286b1cce702)
Start importing Assets/LowPolyMedievalPropsLite/Models/Pointer_01.fbx using Guid(3ec06af1d7955b644a0a2ac99cb7482d) Importer(2089858483,192608db42251d675da83286b1cce702) (ScriptedImporter) -> (artifact id: '48a481fd7b88476f2a3f23ba9170f9db') in 0.011941699 seconds
Number of updated asset objects reloaded before import = 0Number of asset objects unloaded after import = 7

========================================================================
Received Import Request.
  Time since last request: 0.000024 seconds.
  path: Assets/LowPolyMedievalPropsLite/Models/Jug_04.fbx
  artifactKey: Guid(9eb6f36c20a0bd9418b111315fa2b88c) Importer(2089858483,192608db42251d675da83286b1cce702)
Start importing Assets/LowPolyMedievalPropsLite/Models/Jug_04.fbx using Guid(9eb6f36c20a0bd9418b111315fa2b88c) Importer(2089858483,192608db42251d675da83286b1cce702) (ScriptedImporter) -> (artifact id: 'f13be5c5838433f68a2f378ee460f89b') in 0.010342307 seconds
Number of updated asset objects reloaded before import = 0Number of asset objects unloaded after import = 7

========================================================================
Received Import Request.
  Time since last request: 0.000029 seconds.
  path: Assets/LowPolyMedievalPropsLite/Prefabs/Candle_01.prefab
  artifactKey: Guid(74f1aa9e584aa4842aecf049e25f5339) Importer(2089858483,192608db42251d675da83286b1cce702)
Start importing Assets/LowPolyMedievalPropsLite/Prefabs/Candle_01.prefab using Guid(74f1aa9e584aa4842aecf049e25f5339) Importer(2089858483,192608db42251d675da83286b1cce702) (ScriptedImporter) -> (artifact id: 'bcd989a0555bcdfb229a66ea1975bb48') in 0.011515408 seconds
Number of updated asset objects reloaded before import = 0Number of asset objects unloaded after import = 9

========================================================================
Received Import Request.
  Time since last request: 0.000030 seconds.
  path: Assets/LowPolyMedievalPropsLite/Prefabs/Cup_01.prefab
  artifactKey: Guid(180e2fa043d9e8742a7d8391684bb993) Importer(2089858483,192608db42251d675da83286b1cce702)
Start importing Assets/LowPolyMedievalPropsLite/Prefabs/Cup_01.prefab using Guid(180e2fa043d9e8742a7d8391684bb993) Importer(2089858483,192608db42251d675da83286b1cce702) (ScriptedImporter) -> (artifact id: '9db46aebdbfbd3b41057ceab3e50f07b') in 0.012511227 seconds
Number of updated asset objects reloaded before import = 0Number of asset objects unloaded after import = 9

========================================================================
Received Import Request.
  Time since last request: 0.000029 seconds.
  path: Assets/LowPolyMedievalPropsLite/Models/Plate_04.fbx
  artifactKey: Guid(86b87744f3b849247a5e2b1fd4576e84) Importer(2089858483,192608db42251d675da83286b1cce702)
Start importing Assets/LowPolyMedievalPropsLite/Models/Plate_04.fbx using Guid(86b87744f3b849247a5e2b1fd4576e84) Importer(2089858483,192608db42251d675da83286b1cce702) (ScriptedImporter) -> (artifact id: 'fda982c3b91b3752c69fc5490640b05b') in 0.010643632 seconds
Number of updated asset objects reloaded before import = 0Number of asset objects unloaded after import = 7

========================================================================
Received Import Request.
  Time since last request: 0.000044 seconds.
  path: Assets/Settings/Mobile_RPAsset.asset
  artifactKey: Guid(5e6cbd92db86f4b18aec3ed561671858) Importer(2089858483,192608db42251d675da83286b1cce702)
Start importing Assets/Settings/Mobile_RPAsset.asset using Guid(5e6cbd92db86f4b18aec3ed561671858) Importer(2089858483,192608db42251d675da83286b1cce702) (ScriptedImporter) -> (artifact id: '4bd0abc29c6c6ff7a38c588fb664ed24') in 0.076840339 seconds
Number of updated asset objects reloaded before import = 0Number of asset objects unloaded after import = 2

========================================================================
Received Import Request.
  Time since last request: 0.000029 seconds.
  path: Assets/FantasyMedievalTown_LITE/Models/FlowerPot_03.fbx
  artifactKey: Guid(089f1b370459c0e45b5f5a295849b18c) Importer(2089858483,192608db42251d675da83286b1cce702)
Start importing Assets/FantasyMedievalTown_LITE/Models/FlowerPot_03.fbx using Guid(089f1b370459c0e45b5f5a295849b18c) Importer(2089858483,192608db42251d675da83286b1cce702) (ScriptedImporter) -> (artifact id: '6af36b7f892678ad5b5edf9eb6118383') in 0.011826165 seconds
Number of updated asset objects reloaded before import = 0Number of asset objects unloaded after import = 15

========================================================================
Received Import Request.
  Time since last request: 0.000027 seconds.
  path: Assets/PBR_Grass_Textures/Scripts/CameraFreeflight.cs
  artifactKey: Guid(6debde311e6d221429cabeb3f3f9432c) Importer(2089858483,192608db42251d675da83286b1cce702)
Start importing Assets/PBR_Grass_Textures/Scripts/CameraFreeflight.cs using Guid(6debde311e6d221429cabeb3f3f9432c) Importer(2089858483,192608db42251d675da83286b1cce702) (ScriptedImporter) -> (artifact id: '354a9802e3ab9fb32537042f1a48009d') in 0.0038256 seconds
Number of updated asset objects reloaded before import = 0Number of asset objects unloaded after import = 0

========================================================================
Received Import Request.
  Time since last request: 0.000030 seconds.
  path: Assets/LowPolyMedievalPropsLite/Prefabs/Plate_01.prefab
  artifactKey: Guid(a85d74d78da4d334caf7d581691d2df7) Importer(2089858483,192608db42251d675da83286b1cce702)
Start importing Assets/LowPolyMedievalPropsLite/Prefabs/Plate_01.prefab using Guid(a85d74d78da4d334caf7d581691d2df7) Importer(2089858483,192608db42251d675da83286b1cce702) (ScriptedImporter) -> (artifact id: '20097ba4e103f8084426f07fb17815a5') in 0.008850582 seconds
Number of updated asset objects reloaded before import = 0Number of asset objects unloaded after import = 9

========================================================================
Received Import Request.
  Time since last request: 0.000033 seconds.
  path: Assets/LowPolyMedievalPropsLite/Prefabs/Plate_02.prefab
  artifactKey: Guid(c12c2872ef9d9e94fb404dc0c9784fcb) Importer(2089858483,192608db42251d675da83286b1cce702)
Start importing Assets/LowPolyMedievalPropsLite/Prefabs/Plate_02.prefab using Guid(c12c2872ef9d9e94fb404dc0c9784fcb) Importer(2089858483,192608db42251d675da83286b1cce702) (ScriptedImporter) -> (artifact id: '09be23a6430ae0bc370f6147c6f40a78') in 0.012430155 seconds
Number of updated asset objects reloaded before import = 0Number of asset objects unloaded after import = 9

========================================================================
Received Import Request.
  Time since last request: 0.000037 seconds.
  path: Assets/PBR_Grass_Textures/Textures/grass_03_normal.png
  artifactKey: Guid(a34dbb64b78c32a478a651544f7585a8) Importer(2089858483,192608db42251d675da83286b1cce702)
Start importing Assets/PBR_Grass_Textures/Textures/grass_03_normal.png using Guid(a34dbb64b78c32a478a651544f7585a8) Importer(2089858483,192608db42251d675da83286b1cce702) (ScriptedImporter) -> (artifact id: '281d9a14101e89591a8af6008f0f4bdb') in 0.035057274 seconds
Number of updated asset objects reloaded before import = 0Number of asset objects unloaded after import = 1

========================================================================
Received Import Request.
  Time since last request: 0.000023 seconds.
  path: Assets/PBR_Grass_Textures/Textures/grass_01_normal.png
  artifactKey: Guid(9955698b184ee234590c49a05a2a09e5) Importer(2089858483,192608db42251d675da83286b1cce702)
Start importing Assets/PBR_Grass_Textures/Textures/grass_01_normal.png using Guid(9955698b184ee234590c49a05a2a09e5) Importer(2089858483,192608db42251d675da83286b1cce702) (ScriptedImporter) -> (artifact id: 'b3f50497c61017f9ddd5b2c146e09249') in 0.031029115 seconds
Number of updated asset objects reloaded before import = 0Number of asset objects unloaded after import = 1

========================================================================
Received Import Request.
  Time since last request: 0.000029 seconds.
  path: Assets/SimplePoly City - Low Poly Assets/Materials/Building_Bakery.mat
  artifactKey: Guid(0f42aff1d68094547961d46298d2dba2) Importer(2089858483,192608db42251d675da83286b1cce702)
Start importing Assets/SimplePoly City - Low Poly Assets/Materials/Building_Bakery.mat using Guid(0f42aff1d68094547961d46298d2dba2) Importer(2089858483,192608db42251d675da83286b1cce702) (ScriptedImporter) -> (artifact id: '485b1388955488f035e59d5e510295a9') in 0.006617214 seconds
Number of updated asset objects reloaded before import = 0Number of asset objects unloaded after import = 3

========================================================================
Received Import Request.
  Time since last request: 0.000025 seconds.
  path: Assets/PBR_Grass_Textures/Textures/grass_03_smoothness.png
  artifactKey: Guid(2c190177ab4e2914381dd2b8c54fc824) Importer(2089858483,192608db42251d675da83286b1cce702)
Start importing Assets/PBR_Grass_Textures/Textures/grass_03_smoothness.png using Guid(2c190177ab4e2914381dd2b8c54fc824) Importer(2089858483,192608db42251d675da83286b1cce702) (ScriptedImporter) -> (artifact id: '3c5fd0779aae54fbf7e59671945df28c') in 0.019172444 seconds
Number of updated asset objects reloaded before import = 0Number of asset objects unloaded after import = 1

========================================================================
Received Import Request.
  Time since last request: 0.000032 seconds.
  path: Assets/PBR_Grass_Textures/Textures/grass_03_ao.png
  artifactKey: Guid(dccdc0590104f4747ad7b93faefdb820) Importer(2089858483,192608db42251d675da83286b1cce702)
Start importing Assets/PBR_Grass_Textures/Textures/grass_03_ao.png using Guid(dccdc0590104f4747ad7b93faefdb820) Importer(2089858483,192608db42251d675da83286b1cce702) (ScriptedImporter) -> (artifact id: '290f1521281e653a6ec46d44fce813a9') in 0.019148877 seconds
Number of updated asset objects reloaded before import = 0Number of asset objects unloaded after import = 1

========================================================================
Received Import Request.
  Time since last request: 0.000038 seconds.
  path: Assets/LowPolyMedievalPropsLite/Prefabs/Pointer_03.prefab
  artifactKey: Guid(43a2c776338fcb84ca02d902bbfd0a20) Importer(2089858483,192608db42251d675da83286b1cce702)
Start importing Assets/LowPolyMedievalPropsLite/Prefabs/Pointer_03.prefab using Guid(43a2c776338fcb84ca02d902bbfd0a20) Importer(2089858483,192608db42251d675da83286b1cce702) (ScriptedImporter) -> (artifact id: '5f921a4c5c38a01e20a39fea4dfbfe34') in 0.011340296 seconds
Number of updated asset objects reloaded before import = 0Number of asset objects unloaded after import = 9

========================================================================
Received Import Request.
  Time since last request: 0.000028 seconds.
  path: Assets/LowPolyMedievalPropsLite/Prefabs/Plate_03.prefab
  artifactKey: Guid(8ad79b265210cac4180535b79fd4f14c) Importer(2089858483,192608db42251d675da83286b1cce702)
Start importing Assets/LowPolyMedievalPropsLite/Prefabs/Plate_03.prefab using Guid(8ad79b265210cac4180535b79fd4f14c) Importer(2089858483,192608db42251d675da83286b1cce702) (ScriptedImporter) -> (artifact id: 'b978c4af7825091e8ed2d4054ab375df') in 0.012516576 seconds
Number of updated asset objects reloaded before import = 0Number of asset objects unloaded after import = 9

========================================================================
Received Import Request.
  Time since last request: 0.000023 seconds.
  path: Assets/PBR_Grass_Textures/Textures/grass_01_smoohtness.png
  artifactKey: Guid(4601883a585028646af509d494130b02) Importer(2089858483,192608db42251d675da83286b1cce702)
Start importing Assets/PBR_Grass_Textures/Textures/grass_01_smoohtness.png using Guid(4601883a585028646af509d494130b02) Importer(2089858483,192608db42251d675da83286b1cce702) (ScriptedImporter) -> (artifact id: 'c7a63179e9990de5cf8cdbdd3fa495f3') in 0.019410267 seconds
Number of updated asset objects reloaded before import = 0Number of asset objects unloaded after import = 1

========================================================================
Received Import Request.
  Time since last request: 0.000028 seconds.
  path: Assets/PBR_Grass_Textures/Textures/grass_04_ao.png
  artifactKey: Guid(bf64c87dd7e962f4881f59938515497f) Importer(2089858483,192608db42251d675da83286b1cce702)
Start importing Assets/PBR_Grass_Textures/Textures/grass_04_ao.png using Guid(bf64c87dd7e962f4881f59938515497f) Importer(2089858483,192608db42251d675da83286b1cce702) (ScriptedImporter) -> (artifact id: 'e3a8c17b96ba3e16cc67be7e674285ae') in 0.03156658 seconds
Number of updated asset objects reloaded before import = 0Number of asset objects unloaded after import = 1

========================================================================
Received Import Request.
  Time since last request: 0.000026 seconds.
  path: Assets/PBR_Grass_Textures/Textures/grass_01_ao.png
  artifactKey: Guid(d21f0d935be318743a856c0b6b43c641) Importer(2089858483,192608db42251d675da83286b1cce702)
Start importing Assets/PBR_Grass_Textures/Textures/grass_01_ao.png using Guid(d21f0d935be318743a856c0b6b43c641) Importer(2089858483,192608db42251d675da83286b1cce702) (ScriptedImporter) -> (artifact id: '5a4742ce4172fadd1d1d63d933721617') in 0.019295076 seconds
Number of updated asset objects reloaded before import = 0Number of asset objects unloaded after import = 1

========================================================================
Received Import Request.
  Time since last request: 0.000034 seconds.
  path: Assets/PBR_Grass_Textures/example_scene/grass_02.mat
  artifactKey: Guid(379063af1ad6f1f42b8ed93ddfa72855) Importer(2089858483,192608db42251d675da83286b1cce702)
Start importing Assets/PBR_Grass_Textures/example_scene/grass_02.mat using Guid(379063af1ad6f1f42b8ed93ddfa72855) Importer(2089858483,192608db42251d675da83286b1cce702) (ScriptedImporter) -> (artifact id: '7af3ac099ccfeb6189fff2240ed670b7') in 0.075721087 seconds
Number of updated asset objects reloaded before import = 0Number of asset objects unloaded after import = 4

========================================================================
Received Import Request.
  Time since last request: 0.000038 seconds.
  path: Assets/PBR_Grass_Textures/Textures/grass_01.png
  artifactKey: Guid(15f6d1c452c8e9f4c896260d6bb8433d) Importer(2089858483,192608db42251d675da83286b1cce702)
Start importing Assets/PBR_Grass_Textures/Textures/grass_01.png using Guid(15f6d1c452c8e9f4c896260d6bb8433d) Importer(2089858483,192608db42251d675da83286b1cce702) (ScriptedImporter) -> (artifact id: 'b27e9edcf0f9bd37d03b282461458e8b') in 0.059758908 seconds
Number of updated asset objects reloaded before import = 0Number of asset objects unloaded after import = 1

========================================================================
Received Import Request.
  Time since last request: 0.000024 seconds.
  path: Assets/PBR_Grass_Textures/Textures/grass_05_smoothness.png
  artifactKey: Guid(36736ae60db09d144a127086117801a1) Importer(2089858483,192608db42251d675da83286b1cce702)
Start importing Assets/PBR_Grass_Textures/Textures/grass_05_smoothness.png using Guid(36736ae60db09d144a127086117801a1) Importer(2089858483,192608db42251d675da83286b1cce702) (ScriptedImporter) -> (artifact id: '7b9bdbb9b15fc41664bd1a477740ac09') in 0.019120683 seconds
Number of updated asset objects reloaded before import = 0Number of asset objects unloaded after import = 1

========================================================================
Received Import Request.
  Time since last request: 0.000028 seconds.
  path: Assets/PBR_Grass_Textures/Textures/grass_02_smoothness.png
  artifactKey: Guid(bd0d06ed462f301429744cbff86a9e00) Importer(2089858483,192608db42251d675da83286b1cce702)
Start importing Assets/PBR_Grass_Textures/Textures/grass_02_smoothness.png using Guid(bd0d06ed462f301429744cbff86a9e00) Importer(2089858483,192608db42251d675da83286b1cce702) (ScriptedImporter) -> (artifact id: '09928c28318c8dc93d2925c3db8a67fe') in 0.01826093 seconds
Number of updated asset objects reloaded before import = 0Number of asset objects unloaded after import = 1

========================================================================
Received Import Request.
  Time since last request: 0.000035 seconds.
  path: Assets/LowPolyMedievalPropsLite/Prefabs/Stone_01.prefab
  artifactKey: Guid(89a32941865132c4ba1c2782790ed46b) Importer(2089858483,192608db42251d675da83286b1cce702)
Start importing Assets/LowPolyMedievalPropsLite/Prefabs/Stone_01.prefab using Guid(89a32941865132c4ba1c2782790ed46b) Importer(2089858483,192608db42251d675da83286b1cce702) (ScriptedImporter) -> (artifact id: 'fb91b28da9d4eb043388b1cb2a2f58ac') in 0.010651572 seconds
Number of updated asset objects reloaded before import = 0Number of asset objects unloaded after import = 9

========================================================================
Received Import Request.
  Time since last request: 0.000038 seconds.
  path: Assets/LowPolyMedievalPropsLite/Prefabs/WoodPlank_03.prefab
  artifactKey: Guid(1fdb83abe97881945a999271a05f4c52) Importer(2089858483,192608db42251d675da83286b1cce702)
Start importing Assets/LowPolyMedievalPropsLite/Prefabs/WoodPlank_03.prefab using Guid(1fdb83abe97881945a999271a05f4c52) Importer(2089858483,192608db42251d675da83286b1cce702) (ScriptedImporter) -> (artifact id: '93efc271879bac5aee563d963034e090') in 0.009744348 seconds
Number of updated asset objects reloaded before import = 0Number of asset objects unloaded after import = 9

========================================================================
Received Import Request.
  Time since last request: 0.000038 seconds.
  path: Assets/LowPolyMedievalPropsLite/Prefabs/Pointer_01.prefab
  artifactKey: Guid(5e9dfc284f47ee240a7bf279a27c0b30) Importer(2089858483,192608db42251d675da83286b1cce702)
Start importing Assets/LowPolyMedievalPropsLite/Prefabs/Pointer_01.prefab using Guid(5e9dfc284f47ee240a7bf279a27c0b30) Importer(2089858483,192608db42251d675da83286b1cce702) (ScriptedImporter) -> (artifact id: '813d9ff4ca38825e73d37da9bb1d4a95') in 0.022577797 seconds
Number of updated asset objects reloaded before import = 0Number of asset objects unloaded after import = 9

========================================================================
Received Import Request.
  Time since last request: 0.000033 seconds.
  path: Assets/SimplePoly City - Low Poly Assets/Materials/Building_Gas Station.mat
  artifactKey: Guid(5008df5fba3101c4c81e4cf6b008c663) Importer(2089858483,192608db42251d675da83286b1cce702)
Start importing Assets/SimplePoly City - Low Poly Assets/Materials/Building_Gas Station.mat using Guid(5008df5fba3101c4c81e4cf6b008c663) Importer(2089858483,192608db42251d675da83286b1cce702) (ScriptedImporter) -> (artifact id: 'a237756fbdb84f61a60eb8bb5640b969') in 0.010892028 seconds
Number of updated asset objects reloaded before import = 0Number of asset objects unloaded after import = 3

========================================================================
Received Import Request.
  Time since last request: 0.000023 seconds.
  path: Assets/SimplePoly City - Low Poly Assets/Materials/Vehicle_Car_color03.mat
  artifactKey: Guid(37608e6988151a248951cdd1a93a59c5) Importer(2089858483,192608db42251d675da83286b1cce702)
Start importing Assets/SimplePoly City - Low Poly Assets/Materials/Vehicle_Car_color03.mat using Guid(37608e6988151a248951cdd1a93a59c5) Importer(2089858483,192608db42251d675da83286b1cce702) (ScriptedImporter) -> (artifact id: '0c5f2f016494251f4d9992f98206819b') in 0.089257849 seconds
Number of updated asset objects reloaded before import = 0Number of asset objects unloaded after import = 3

========================================================================
Received Import Request.
  Time since last request: 0.000034 seconds.
  path: Assets/SimplePoly City - Low Poly Assets/Materials/Building_House_01_color01.mat
  artifactKey: Guid(d0b99db790965dc40a437662f169eb57) Importer(2089858483,192608db42251d675da83286b1cce702)
Start importing Assets/SimplePoly City - Low Poly Assets/Materials/Building_House_01_color01.mat using Guid(d0b99db790965dc40a437662f169eb57) Importer(2089858483,192608db42251d675da83286b1cce702) (ScriptedImporter) -> (artifact id: '9a58706705988f87da4268631378543c') in 0.0058041 seconds
Number of updated asset objects reloaded before import = 0Number of asset objects unloaded after import = 3

========================================================================
Received Import Request.
  Time since last request: 0.000039 seconds.
  path: Assets/SimplePoly City - Low Poly Assets/Materials/Vehicle_Container_color02.mat
  artifactKey: Guid(28c4d6fc3a6598a49bd5947f62155562) Importer(2089858483,192608db42251d675da83286b1cce702)
Start importing Assets/SimplePoly City - Low Poly Assets/Materials/Vehicle_Container_color02.mat using Guid(28c4d6fc3a6598a49bd5947f62155562) Importer(2089858483,192608db42251d675da83286b1cce702) (ScriptedImporter) -> (artifact id: 'c8084f18f299b89b389880597502e01d') in 0.007334847 seconds
Number of updated asset objects reloaded before import = 0Number of asset objects unloaded after import = 3

========================================================================
Received Import Request.
  Time since last request: 0.000023 seconds.
  path: Assets/SimplePoly City - Low Poly Assets/Materials/Building_House_04_color01.mat
  artifactKey: Guid(b5a19d15b0a91e74eacfaf96d03ca2f0) Importer(2089858483,192608db42251d675da83286b1cce702)
Start importing Assets/SimplePoly City - Low Poly Assets/Materials/Building_House_04_color01.mat using Guid(b5a19d15b0a91e74eacfaf96d03ca2f0) Importer(2089858483,192608db42251d675da83286b1cce702) (ScriptedImporter) -> (artifact id: 'aba8649dc7d4d78a836ff50c8f5a612d') in 0.005920651 seconds
Number of updated asset objects reloaded before import = 0Number of asset objects unloaded after import = 3

========================================================================
Received Import Request.
  Time since last request: 0.000029 seconds.
  path: Assets/SimplePoly City - Low Poly Assets/Materials/Props_RoofProps.mat
  artifactKey: Guid(9e031cf10ecdeb64486f21e9f55ffcfd) Importer(2089858483,192608db42251d675da83286b1cce702)
Start importing Assets/SimplePoly City - Low Poly Assets/Materials/Props_RoofProps.mat using Guid(9e031cf10ecdeb64486f21e9f55ffcfd) Importer(2089858483,192608db42251d675da83286b1cce702) (ScriptedImporter) -> (artifact id: 'bef16fe7398858f918cfd9d998b50b59') in 0.005506034 seconds
Number of updated asset objects reloaded before import = 0Number of asset objects unloaded after import = 3

========================================================================
Received Import Request.
  Time since last request: 0.000022 seconds.
  path: Assets/SimplePoly City - Low Poly Assets/Materials/Building_House_02_color01.mat
  artifactKey: Guid(374ab596cd3f81b429cc260ead5cad1d) Importer(2089858483,192608db42251d675da83286b1cce702)
Start importing Assets/SimplePoly City - Low Poly Assets/Materials/Building_House_02_color01.mat using Guid(374ab596cd3f81b429cc260ead5cad1d) Importer(2089858483,192608db42251d675da83286b1cce702) (ScriptedImporter) -> (artifact id: '77d0dfacac771dfb3659b212310c5f2c') in 0.006277831 seconds
Number of updated asset objects reloaded before import = 0Number of asset objects unloaded after import = 3

========================================================================
Received Import Request.
  Time since last request: 0.000028 seconds.
  path: Assets/SimplePoly City - Low Poly Assets/Materials/Building_House_01_color03.mat
  artifactKey: Guid(b6d73c7816cc2914d8f49ccc54d19714) Importer(2089858483,192608db42251d675da83286b1cce702)
Start importing Assets/SimplePoly City - Low Poly Assets/Materials/Building_House_01_color03.mat using Guid(b6d73c7816cc2914d8f49ccc54d19714) Importer(2089858483,192608db42251d675da83286b1cce702) (ScriptedImporter) -> (artifact id: 'f7ca03c5785236b83ae921b6f739ee5e') in 0.006028403 seconds
Number of updated asset objects reloaded before import = 0Number of asset objects unloaded after import = 3

========================================================================
Received Import Request.
  Time since last request: 0.000023 seconds.
  path: Assets/SimplePoly City - Low Poly Assets/Materials/Vehicle_Bus_color02.mat
  artifactKey: Guid(1ff3955181d667949a055e4e15ec3e8a) Importer(2089858483,192608db42251d675da83286b1cce702)
Start importing Assets/SimplePoly City - Low Poly Assets/Materials/Vehicle_Bus_color02.mat using Guid(1ff3955181d667949a055e4e15ec3e8a) Importer(2089858483,192608db42251d675da83286b1cce702) (ScriptedImporter) -> (artifact id: '73ecab72a39ee228bdec2497b04edee3') in 0.007578839 seconds
Number of updated asset objects reloaded before import = 0Number of asset objects unloaded after import = 3

========================================================================
Received Import Request.
  Time since last request: 0.000033 seconds.
  path: Assets/SimplePoly City - Low Poly Assets/Materials/Vehicle_Car_color01.mat
  artifactKey: Guid(c55cd13c983151f488686d50353a716f) Importer(2089858483,192608db42251d675da83286b1cce702)
Start importing Assets/SimplePoly City - Low Poly Assets/Materials/Vehicle_Car_color01.mat using Guid(c55cd13c983151f488686d50353a716f) Importer(2089858483,192608db42251d675da83286b1cce702) (ScriptedImporter) -> (artifact id: '4eaa8cde5f68927ae857390e414adf86') in 0.007353804 seconds
Number of updated asset objects reloaded before import = 0Number of asset objects unloaded after import = 3

========================================================================
Received Import Request.
  Time since last request: 0.000037 seconds.
  path: Assets/SimplePoly City - Low Poly Assets/Materials/Building_Residential_color01.mat
  artifactKey: Guid(2016355b121a1d141a5a696a5e1a3204) Importer(2089858483,192608db42251d675da83286b1cce702)
Start importing Assets/SimplePoly City - Low Poly Assets/Materials/Building_Residential_color01.mat using Guid(2016355b121a1d141a5a696a5e1a3204) Importer(2089858483,192608db42251d675da83286b1cce702) (ScriptedImporter) -> (artifact id: '05808060529c613cda58550bc9052fba') in 0.005446015 seconds
Number of updated asset objects reloaded before import = 0Number of asset objects unloaded after import = 3

========================================================================
Received Import Request.
  Time since last request: 0.000027 seconds.
  path: Assets/SimplePoly City - Low Poly Assets/Materials/Building_Gift Shop.mat
  artifactKey: Guid(bf630e064503ad541ab39df076952029) Importer(2089858483,192608db42251d675da83286b1cce702)
Start importing Assets/SimplePoly City - Low Poly Assets/Materials/Building_Gift Shop.mat using Guid(bf630e064503ad541ab39df076952029) Importer(2089858483,192608db42251d675da83286b1cce702) (ScriptedImporter) -> (artifact id: '9cd57b69158521c6e9a5c3705977cbc8') in 0.006337743 seconds
Number of updated asset objects reloaded before import = 0Number of asset objects unloaded after import = 3

========================================================================
Received Import Request.
  Time since last request: 0.000023 seconds.
  path: Assets/SimplePoly City - Low Poly Assets/Materials/Building_Stadium.mat
  artifactKey: Guid(748bc3a1eddacab499ba4248377c18a3) Importer(2089858483,192608db42251d675da83286b1cce702)
Start importing Assets/SimplePoly City - Low Poly Assets/Materials/Building_Stadium.mat using Guid(748bc3a1eddacab499ba4248377c18a3) Importer(2089858483,192608db42251d675da83286b1cce702) (ScriptedImporter) -> (artifact id: '6c75717eb9c553ab5b0c1f2317c44acc') in 0.005901574 seconds
Number of updated asset objects reloaded before import = 0Number of asset objects unloaded after import = 3

========================================================================
Received Import Request.
  Time since last request: 0.000020 seconds.
  path: Assets/SimplePoly City - Low Poly Assets/Materials/Building_Clothing.mat
  artifactKey: Guid(906011f6bacf9c9479526c7df3eacc75) Importer(2089858483,192608db42251d675da83286b1cce702)
Start importing Assets/SimplePoly City - Low Poly Assets/Materials/Building_Clothing.mat using Guid(906011f6bacf9c9479526c7df3eacc75) Importer(2089858483,192608db42251d675da83286b1cce702) (ScriptedImporter) -> (artifact id: 'f9e6def77edb50dbb02c8ce7587be5a6') in 0.005194721 seconds
Number of updated asset objects reloaded before import = 0Number of asset objects unloaded after import = 3

========================================================================
Received Import Request.
  Time since last request: 0.000027 seconds.
  path: Assets/SimplePoly City - Low Poly Assets/Materials/Building_Fruits  Shop.mat
  artifactKey: Guid(ae4c28532c8b3154a80bef6e9ca5939c) Importer(2089858483,192608db42251d675da83286b1cce702)
Start importing Assets/SimplePoly City - Low Poly Assets/Materials/Building_Fruits  Shop.mat using Guid(ae4c28532c8b3154a80bef6e9ca5939c) Importer(2089858483,192608db42251d675da83286b1cce702) (ScriptedImporter) -> (artifact id: '9147bdf1f65dadcecb4dbd8117bca6fa') in 0.005864267 seconds
Number of updated asset objects reloaded before import = 0Number of asset objects unloaded after import = 3

========================================================================
Received Import Request.
  Time since last request: 0.000026 seconds.
  path: Assets/SimplePoly City - Low Poly Assets/Materials/Building_House_03_color01.mat
  artifactKey: Guid(ca3609b9bffbfb14ab8e97e2329ad3b0) Importer(2089858483,192608db42251d675da83286b1cce702)
Start importing Assets/SimplePoly City - Low Poly Assets/Materials/Building_House_03_color01.mat using Guid(ca3609b9bffbfb14ab8e97e2329ad3b0) Importer(2089858483,192608db42251d675da83286b1cce702) (ScriptedImporter) -> (artifact id: 'fe8eadc07a60d9b88860247eb4765cf3') in 0.007766954 seconds
Number of updated asset objects reloaded before import = 0Number of asset objects unloaded after import = 3

========================================================================
Received Import Request.
  Time since last request: 0.000029 seconds.
  path: Assets/SimplePoly City - Low Poly Assets/Materials/Building_House_04_color03.mat
  artifactKey: Guid(ecb113d6169c1ea49ae708ac05a9128c) Importer(2089858483,192608db42251d675da83286b1cce702)
Start importing Assets/SimplePoly City - Low Poly Assets/Materials/Building_House_04_color03.mat using Guid(ecb113d6169c1ea49ae708ac05a9128c) Importer(2089858483,192608db42251d675da83286b1cce702) (ScriptedImporter) -> (artifact id: '96552b5a504533d71d48110b01a95856') in 0.01190492 seconds
Number of updated asset objects reloaded before import = 0Number of asset objects unloaded after import = 3

========================================================================
Received Import Request.
  Time since last request: 0.000051 seconds.
  path: Assets/SimplePoly City - Low Poly Assets/Materials/Building Sky_small_color01.mat
  artifactKey: Guid(cf528230e5d0dcd42ab2d20dcda96917) Importer(2089858483,192608db42251d675da83286b1cce702)
Start importing Assets/SimplePoly City - Low Poly Assets/Materials/Building Sky_small_color01.mat using Guid(cf528230e5d0dcd42ab2d20dcda96917) Importer(2089858483,192608db42251d675da83286b1cce702) (ScriptedImporter) -> (artifact id: '247759e97acb9ec9c2b0cbe1b6fab576') in 0.009833396 seconds
Number of updated asset objects reloaded before import = 0Number of asset objects unloaded after import = 3

========================================================================
Received Import Request.
  Time since last request: 0.000028 seconds.
  path: Assets/PBR_Grass_Textures/Textures/grass_01_maskmap.png
  artifactKey: Guid(699b468ed0165234ebb614480ac207ff) Importer(2089858483,192608db42251d675da83286b1cce702)
Start importing Assets/PBR_Grass_Textures/Textures/grass_01_maskmap.png using Guid(699b468ed0165234ebb614480ac207ff) Importer(2089858483,192608db42251d675da83286b1cce702) (ScriptedImporter) -> (artifact id: 'e3523107483609122183fd27f5504c35') in 0.023005356 seconds
Number of updated asset objects reloaded before import = 0Number of asset objects unloaded after import = 1

========================================================================
Received Import Request.
  Time since last request: 0.000042 seconds.
  path: Assets/LowPolyMedievalPropsLite/Prefabs/Jug_03.prefab
  artifactKey: Guid(913a7c559afba3e4b904814a31557cca) Importer(2089858483,192608db42251d675da83286b1cce702)
Start importing Assets/LowPolyMedievalPropsLite/Prefabs/Jug_03.prefab using Guid(913a7c559afba3e4b904814a31557cca) Importer(2089858483,192608db42251d675da83286b1cce702) (ScriptedImporter) -> (artifact id: 'f04ce051ad1a6a5923c64c7e6834e591') in 0.008551903 seconds
Number of updated asset objects reloaded before import = 0Number of asset objects unloaded after import = 9

========================================================================
Received Import Request.
  Time since last request: 0.000028 seconds.
  path: Assets/PBR_Grass_Textures/Textures/grass_02_normal.png
  artifactKey: Guid(66319961537921f499d8f1b181eabbc4) Importer(2089858483,192608db42251d675da83286b1cce702)
Start importing Assets/PBR_Grass_Textures/Textures/grass_02_normal.png using Guid(66319961537921f499d8f1b181eabbc4) Importer(2089858483,192608db42251d675da83286b1cce702) (ScriptedImporter) -> (artifact id: '902298e009afe58e856f2ffb86c828a0') in 0.011486282 seconds
Number of updated asset objects reloaded before import = 0Number of asset objects unloaded after import = 1

========================================================================
Received Import Request.
  Time since last request: 0.000038 seconds.
  path: Assets/SimplePoly City - Low Poly Assets/Models/Building_Gas Station.fbx
  artifactKey: Guid(25449c1a4c4ca004ead70b6c0889695b) Importer(2089858483,192608db42251d675da83286b1cce702)
Start importing Assets/SimplePoly City - Low Poly Assets/Models/Building_Gas Station.fbx using Guid(25449c1a4c4ca004ead70b6c0889695b) Importer(2089858483,192608db42251d675da83286b1cce702) (ScriptedImporter) -> (artifact id: 'ce4b90579eee989105aefbe811ae1c0d') in 0.014203692 seconds
Number of updated asset objects reloaded before import = 0Number of asset objects unloaded after import = 9

========================================================================
Received Import Request.
  Time since last request: 0.000035 seconds.
  path: Assets/SimplePoly City - Low Poly Assets/Models/Building_Gift Shop.fbx
  artifactKey: Guid(4a3db8768f20288458711d0f979974bd) Importer(2089858483,192608db42251d675da83286b1cce702)
Start importing Assets/SimplePoly City - Low Poly Assets/Models/Building_Gift Shop.fbx using Guid(4a3db8768f20288458711d0f979974bd) Importer(2089858483,192608db42251d675da83286b1cce702) (ScriptedImporter) -> (artifact id: '5745e25530dfbfcc4349db976e0d29f7') in 0.016172158 seconds
Number of updated asset objects reloaded before import = 0Number of asset objects unloaded after import = 9

========================================================================
Received Import Request.
  Time since last request: 0.000039 seconds.
  path: Assets/SimplePoly City - Low Poly Assets/Models/Building_Fruits  Shop.fbx
  artifactKey: Guid(0f5d2e6533e3fb44fbd094c173ba3f32) Importer(2089858483,192608db42251d675da83286b1cce702)
Start importing Assets/SimplePoly City - Low Poly Assets/Models/Building_Fruits  Shop.fbx using Guid(0f5d2e6533e3fb44fbd094c173ba3f32) Importer(2089858483,192608db42251d675da83286b1cce702) (ScriptedImporter) -> (artifact id: 'd82424b9af86ce4b1cb7c776f7508f9f') in 0.019304644 seconds
Number of updated asset objects reloaded before import = 0Number of asset objects unloaded after import = 9

========================================================================
Received Import Request.
  Time since last request: 0.000023 seconds.
  path: Assets/SimplePoly City - Low Poly Assets/Models/Building_Chicken Shop.fbx
  artifactKey: Guid(83f25ee3b9f68a04faad68fee3d27b51) Importer(2089858483,192608db42251d675da83286b1cce702)
Start importing Assets/SimplePoly City - Low Poly Assets/Models/Building_Chicken Shop.fbx using Guid(83f25ee3b9f68a04faad68fee3d27b51) Importer(2089858483,192608db42251d675da83286b1cce702) (ScriptedImporter) -> (artifact id: 'f733d238765f28b0a922fffe44545072') in 0.013610317 seconds
Number of updated asset objects reloaded before import = 0Number of asset objects unloaded after import = 9

========================================================================
Received Import Request.
  Time since last request: 0.000025 seconds.
  path: Assets/SimplePoly City - Low Poly Assets/Models/Props_Dustbin.fbx
  artifactKey: Guid(8b615931481e47849972f85e029c22cf) Importer(2089858483,192608db42251d675da83286b1cce702)
Start importing Assets/SimplePoly City - Low Poly Assets/Models/Props_Dustbin.fbx using Guid(8b615931481e47849972f85e029c22cf) Importer(2089858483,192608db42251d675da83286b1cce702) (ScriptedImporter) -> (artifact id: '88a9fbd5868cafb002918410e3ffae36') in 0.019125187 seconds
Number of updated asset objects reloaded before import = 0Number of asset objects unloaded after import = 9

========================================================================
Received Import Request.
  Time since last request: 0.000027 seconds.
  path: Assets/SimplePoly City - Low Poly Assets/Models/Building_Pizza.fbx
  artifactKey: Guid(d015ce89362e9504890f33e36733d925) Importer(2089858483,192608db42251d675da83286b1cce702)
Start importing Assets/SimplePoly City - Low Poly Assets/Models/Building_Pizza.fbx using Guid(d015ce89362e9504890f33e36733d925) Importer(2089858483,192608db42251d675da83286b1cce702) (ScriptedImporter) -> (artifact id: 'ba7a05812cde01df6258c00e1c77eb1d') in 0.02359983 seconds
Number of updated asset objects reloaded before import = 0Number of asset objects unloaded after import = 9

========================================================================
Received Import Request.
  Time since last request: 0.000033 seconds.
  path: Assets/SimplePoly City - Low Poly Assets/Models/Building_Clothing.fbx
  artifactKey: Guid(6f6936b8f5098f34ab9d2dbe641716f2) Importer(2089858483,192608db42251d675da83286b1cce702)
Start importing Assets/SimplePoly City - Low Poly Assets/Models/Building_Clothing.fbx using Guid(6f6936b8f5098f34ab9d2dbe641716f2) Importer(2089858483,192608db42251d675da83286b1cce702) (ScriptedImporter) -> (artifact id: 'cd5712644121cd4a2c2d1b83201b5217') in 0.022161365 seconds
Number of updated asset objects reloaded before import = 0Number of asset objects unloaded after import = 9

========================================================================
Received Import Request.
  Time since last request: 0.000041 seconds.
  path: Assets/SimplePoly City - Low Poly Assets/Models/Props_BillBoard_large.fbx
  artifactKey: Guid(3b11d86015e5ec34498b9a3d432bd029) Importer(2089858483,192608db42251d675da83286b1cce702)
Start importing Assets/SimplePoly City - Low Poly Assets/Models/Props_BillBoard_large.fbx using Guid(3b11d86015e5ec34498b9a3d432bd029) Importer(2089858483,192608db42251d675da83286b1cce702) (ScriptedImporter) -> (artifact id: '04a0bdf24511b5abface83135a10a431') in 0.018973388 seconds
Number of updated asset objects reloaded before import = 0Number of asset objects unloaded after import = 9

========================================================================
Received Import Request.
  Time since last request: 0.000022 seconds.
  path: Assets/SimplePoly City - Low Poly Assets/Models/Natures_Bush_03.fbx
  artifactKey: Guid(878eb4575d3db2143bff9ebf5c266974) Importer(2089858483,192608db42251d675da83286b1cce702)
Start importing Assets/SimplePoly City - Low Poly Assets/Models/Natures_Bush_03.fbx using Guid(878eb4575d3db2143bff9ebf5c266974) Importer(2089858483,192608db42251d675da83286b1cce702) (ScriptedImporter) -> (artifact id: 'bce87020e5c763c49b7ccfc51001a951') in 0.0127778 seconds
Number of updated asset objects reloaded before import = 0Number of asset objects unloaded after import = 9

========================================================================
Received Import Request.
  Time since last request: 0.000025 seconds.
  path: Assets/SimplePoly City - Low Poly Assets/Models/Natures_Cube Tree.fbx
  artifactKey: Guid(01f6af96e305cdf409f4be242c9178e7) Importer(2089858483,192608db42251d675da83286b1cce702)
Start importing Assets/SimplePoly City - Low Poly Assets/Models/Natures_Cube Tree.fbx using Guid(01f6af96e305cdf409f4be242c9178e7) Importer(2089858483,192608db42251d675da83286b1cce702) (ScriptedImporter) -> (artifact id: '871990690cb6b2a5fc00ab6a82096ea8') in 0.022971182 seconds
Number of updated asset objects reloaded before import = 0Number of asset objects unloaded after import = 9

========================================================================
Received Import Request.
  Time since last request: 0.000023 seconds.
  path: Assets/SimplePoly City - Low Poly Assets/Models/Natures_Grass Tile Small.fbx
  artifactKey: Guid(3163f2c03b1dac0419001ac5e42f8c0b) Importer(2089858483,192608db42251d675da83286b1cce702)
Start importing Assets/SimplePoly City - Low Poly Assets/Models/Natures_Grass Tile Small.fbx using Guid(3163f2c03b1dac0419001ac5e42f8c0b) Importer(2089858483,192608db42251d675da83286b1cce702) (ScriptedImporter) -> (artifact id: '321a891cc1c19cc0364bf23b73fba864') in 0.014154598 seconds
Number of updated asset objects reloaded before import = 0Number of asset objects unloaded after import = 9

========================================================================
Received Import Request.
  Time since last request: 0.000025 seconds.
  path: Assets/SimplePoly City - Low Poly Assets/Models/Building Sky_small_color01.fbx
  artifactKey: Guid(47a83e21f77098142be8ace3346172ed) Importer(2089858483,192608db42251d675da83286b1cce702)
Start importing Assets/SimplePoly City - Low Poly Assets/Models/Building Sky_small_color01.fbx using Guid(47a83e21f77098142be8ace3346172ed) Importer(2089858483,192608db42251d675da83286b1cce702) (ScriptedImporter) -> (artifact id: 'be73d32d78ed3c4b97c9c01921f5ff69') in 0.014477661 seconds
Number of updated asset objects reloaded before import = 0Number of asset objects unloaded after import = 9

========================================================================
Received Import Request.
  Time since last request: 0.000029 seconds.
  path: Assets/SimplePoly City - Low Poly Assets/Models/Natures_Pot Bush_small.fbx
  artifactKey: Guid(2c5a85095f7a19d479cf428b0ed03e0b) Importer(2089858483,192608db42251d675da83286b1cce702)
Start importing Assets/SimplePoly City - Low Poly Assets/Models/Natures_Pot Bush_small.fbx using Guid(2c5a85095f7a19d479cf428b0ed03e0b) Importer(2089858483,192608db42251d675da83286b1cce702) (ScriptedImporter) -> (artifact id: '3cf298f07b69fac4f04027174ebea918') in 0.013476222 seconds
Number of updated asset objects reloaded before import = 0Number of asset objects unloaded after import = 9

========================================================================
Received Import Request.
  Time since last request: 0.000041 seconds.
  path: Assets/SimplePoly City - Low Poly Assets/Models/Props_BillBoard_small.fbx
  artifactKey: Guid(98b9127e094001849abe00d6ae4f1c85) Importer(2089858483,192608db42251d675da83286b1cce702)
Start importing Assets/SimplePoly City - Low Poly Assets/Models/Props_BillBoard_small.fbx using Guid(98b9127e094001849abe00d6ae4f1c85) Importer(2089858483,192608db42251d675da83286b1cce702) (ScriptedImporter) -> (artifact id: '5bcc15a1b7eb582d8f41080a003ef5ef') in 0.020836505 seconds
Number of updated asset objects reloaded before import = 0Number of asset objects unloaded after import = 9

========================================================================
Received Import Request.
  Time since last request: 0.000022 seconds.
  path: Assets/SimplePoly City - Low Poly Assets/Models/Building_House_01_color01.fbx
  artifactKey: Guid(6fddb771ca917c6498310bcc16a817e6) Importer(2089858483,192608db42251d675da83286b1cce702)
Start importing Assets/SimplePoly City - Low Poly Assets/Models/Building_House_01_color01.fbx using Guid(6fddb771ca917c6498310bcc16a817e6) Importer(2089858483,192608db42251d675da83286b1cce702) (ScriptedImporter) -> (artifact id: '8e545f97b030a214e344b3326bb7f85b') in 0.018860215 seconds
Number of updated asset objects reloaded before import = 0Number of asset objects unloaded after import = 9

========================================================================
Received Import Request.
  Time since last request: 0.000022 seconds.
  path: Assets/SimplePoly City - Low Poly Assets/Models/Props_Bench_2.fbx
  artifactKey: Guid(fb901750ec5d32f46ad8179f6fb99b8a) Importer(2089858483,192608db42251d675da83286b1cce702)
Start importing Assets/SimplePoly City - Low Poly Assets/Models/Props_Bench_2.fbx using Guid(fb901750ec5d32f46ad8179f6fb99b8a) Importer(2089858483,192608db42251d675da83286b1cce702) (ScriptedImporter) -> (artifact id: 'df2ec0b858b43205b9899165e15dd9bc') in 0.012433652 seconds
Number of updated asset objects reloaded before import = 0Number of asset objects unloaded after import = 9

========================================================================
Received Import Request.
  Time since last request: 0.000025 seconds.
  path: Assets/SimplePoly City - Low Poly Assets/Models/Natures_Bush_01.fbx
  artifactKey: Guid(736724502c2975348b2f19e5e99e1ec5) Importer(2089858483,192608db42251d675da83286b1cce702)
Start importing Assets/SimplePoly City - Low Poly Assets/Models/Natures_Bush_01.fbx using Guid(736724502c2975348b2f19e5e99e1ec5) Importer(2089858483,192608db42251d675da83286b1cce702) (ScriptedImporter) -> (artifact id: '77f9f5830d2c2ecae4ac38831b774dd3') in 0.01291723 seconds
Number of updated asset objects reloaded before import = 0Number of asset objects unloaded after import = 9

========================================================================
Received Import Request.
  Time since last request: 0.000023 seconds.
  path: Assets/SimplePoly City - Low Poly Assets/Models/Building_Books Shop.fbx
  artifactKey: Guid(2c2dcc3c02224de46b4813f3110dca1f) Importer(2089858483,192608db42251d675da83286b1cce702)
Start importing Assets/SimplePoly City - Low Poly Assets/Models/Building_Books Shop.fbx using Guid(2c2dcc3c02224de46b4813f3110dca1f) Importer(2089858483,192608db42251d675da83286b1cce702) (ScriptedImporter) -> (artifact id: '0d03c645fcd56d7a94265c9a8e880f83') in 0.020288657 seconds
Number of updated asset objects reloaded before import = 0Number of asset objects unloaded after import = 9

========================================================================
Received Import Request.
  Time since last request: 0.000037 seconds.
  path: Assets/SimplePoly City - Low Poly Assets/Models/Building_Coffee Shop.fbx
  artifactKey: Guid(a120bc9095fe23d458dc299a94dc00a8) Importer(2089858483,192608db42251d675da83286b1cce702)
Start importing Assets/SimplePoly City - Low Poly Assets/Models/Building_Coffee Shop.fbx using Guid(a120bc9095fe23d458dc299a94dc00a8) Importer(2089858483,192608db42251d675da83286b1cce702) (ScriptedImporter) -> (artifact id: 'b83d3ed8c0445734f108bb60b91a3201') in 0.03168707 seconds
Number of updated asset objects reloaded before import = 0Number of asset objects unloaded after import = 9

========================================================================
Received Import Request.
  Time since last request: 0.000075 seconds.
  path: Assets/SimplePoly City - Low Poly Assets/Models/Road T_Intersection_02.fbx
  artifactKey: Guid(a6fe5bcbc6a87fb41af9ba32e09b0cda) Importer(2089858483,192608db42251d675da83286b1cce702)
Start importing Assets/SimplePoly City - Low Poly Assets/Models/Road T_Intersection_02.fbx using Guid(a6fe5bcbc6a87fb41af9ba32e09b0cda) Importer(2089858483,192608db42251d675da83286b1cce702) (ScriptedImporter) -> (artifact id: '4d329170b3963eca9e1f52a2f37c8b2f') in 0.01286368 seconds
Number of updated asset objects reloaded before import = 0Number of asset objects unloaded after import = 9

========================================================================
Received Import Request.
  Time since last request: 0.000024 seconds.
  path: Assets/SimplePoly City - Low Poly Assets/Models/Vehicle_Bus.fbx
  artifactKey: Guid(0d82ae0493e1c264bad0588fde0a3d8a) Importer(2089858483,192608db42251d675da83286b1cce702)
Start importing Assets/SimplePoly City - Low Poly Assets/Models/Vehicle_Bus.fbx using Guid(0d82ae0493e1c264bad0588fde0a3d8a) Importer(2089858483,192608db42251d675da83286b1cce702) (ScriptedImporter) -> (artifact id: '3be0573607acd8c6b8c16ff4d568eba6') in 0.015827886 seconds
Number of updated asset objects reloaded before import = 0Number of asset objects unloaded after import = 9

========================================================================
Received Import Request.
  Time since last request: 0.000025 seconds.
  path: Assets/SimplePoly City - Low Poly Assets/Models/Vehicle_Ambulance_separate.fbx
  artifactKey: Guid(1acbee872179ec040aac4503ec160fd9) Importer(2089858483,192608db42251d675da83286b1cce702)
Start importing Assets/SimplePoly City - Low Poly Assets/Models/Vehicle_Ambulance_separate.fbx using Guid(1acbee872179ec040aac4503ec160fd9) Importer(2089858483,192608db42251d675da83286b1cce702) (ScriptedImporter) -> (artifact id: 'e67294b8ca9b776f27ab20f447c78141') in 0.026146762 seconds
Number of updated asset objects reloaded before import = 0Number of asset objects unloaded after import = 31

========================================================================
Received Import Request.
  Time since last request: 0.000024 seconds.
  path: Assets/SimplePoly City - Low Poly Assets/Models/Vehicle_Ambulance.fbx
  artifactKey: Guid(ca65f40fba8c4d146800611d34e2e114) Importer(2089858483,192608db42251d675da83286b1cce702)
Start importing Assets/SimplePoly City - Low Poly Assets/Models/Vehicle_Ambulance.fbx using Guid(ca65f40fba8c4d146800611d34e2e114) Importer(2089858483,192608db42251d675da83286b1cce702) (ScriptedImporter) -> (artifact id: 'fafcb1d9d5c08e123c54074b4358d996') in 0.013466788 seconds
Number of updated asset objects reloaded before import = 0Number of asset objects unloaded after import = 9

========================================================================
Received Import Request.
  Time since last request: 0.000022 seconds.
  path: Assets/SimplePoly City - Low Poly Assets/Models/Road Lane_03.fbx
  artifactKey: Guid(ea4072799b7e8ef4d84f4a2cd70bb115) Importer(2089858483,192608db42251d675da83286b1cce702)
Start importing Assets/SimplePoly City - Low Poly Assets/Models/Road Lane_03.fbx using Guid(ea4072799b7e8ef4d84f4a2cd70bb115) Importer(2089858483,192608db42251d675da83286b1cce702) (ScriptedImporter) -> (artifact id: '21df6d297c8da3701feeaa43b8538d4e') in 0.012843427 seconds
Number of updated asset objects reloaded before import = 0Number of asset objects unloaded after import = 9

========================================================================
Received Import Request.
  Time since last request: 0.000024 seconds.
  path: Assets/SimplePoly City - Low Poly Assets/Models/Vehicle_Container_separate.fbx
  artifactKey: Guid(5e76bd7f638b280469d7653f47693abd) Importer(2089858483,192608db42251d675da83286b1cce702)
Start importing Assets/SimplePoly City - Low Poly Assets/Models/Vehicle_Container_separate.fbx using Guid(5e76bd7f638b280469d7653f47693abd) Importer(2089858483,192608db42251d675da83286b1cce702) (ScriptedImporter) -> (artifact id: 'ee8817c5ba0412cb8c1005eff750e4c9') in 0.03669942 seconds
Number of updated asset objects reloaded before import = 0Number of asset objects unloaded after import = 41

========================================================================
Received Import Request.
  Time since last request: 0.000039 seconds.
  path: Assets/SimplePoly City - Low Poly Assets/Models/Road Intersection_02.fbx
  artifactKey: Guid(e99a120d866554343b007e93ab80eb6a) Importer(2089858483,192608db42251d675da83286b1cce702)
Start importing Assets/SimplePoly City - Low Poly Assets/Models/Road Intersection_02.fbx using Guid(e99a120d866554343b007e93ab80eb6a) Importer(2089858483,192608db42251d675da83286b1cce702) (ScriptedImporter) -> (artifact id: '535ec20eb09b444c9260a6272b6a3678') in 0.018964949 seconds
Number of updated asset objects reloaded before import = 0Number of asset objects unloaded after import = 9

========================================================================
Received Import Request.
  Time since last request: 0.000022 seconds.
  path: Assets/SimplePoly City - Low Poly Assets/Models/Vehicle_Taxi.fbx
  artifactKey: Guid(a7419a75ac6929e48842c0470aa44718) Importer(2089858483,192608db42251d675da83286b1cce702)
Start importing Assets/SimplePoly City - Low Poly Assets/Models/Vehicle_Taxi.fbx using Guid(a7419a75ac6929e48842c0470aa44718) Importer(2089858483,192608db42251d675da83286b1cce702) (ScriptedImporter) -> (artifact id: '0666d836b28984a5363496b67621b73c') in 0.01814669 seconds
Number of updated asset objects reloaded before import = 0Number of asset objects unloaded after import = 9

========================================================================
Received Import Request.
  Time since last request: 0.000019 seconds.
  path: Assets/SimplePoly City - Low Poly Assets/Models/Props_Traffic Sign_speed limit.fbx
  artifactKey: Guid(0954ad29f79c9c045bc4a3317ef3f978) Importer(2089858483,192608db42251d675da83286b1cce702)
Start importing Assets/SimplePoly City - Low Poly Assets/Models/Props_Traffic Sign_speed limit.fbx using Guid(0954ad29f79c9c045bc4a3317ef3f978) Importer(2089858483,192608db42251d675da83286b1cce702) (ScriptedImporter) -> (artifact id: 'eff40c1489ed2ac87897c70f0f722d6b') in 0.012709333 seconds
Number of updated asset objects reloaded before import = 0Number of asset objects unloaded after import = 9

========================================================================
Received Import Request.
  Time since last request: 0.000025 seconds.
  path: Assets/SimplePoly City - Low Poly Assets/Models/Road Lane_04.fbx
  artifactKey: Guid(2397ca4030d2a7446812ad23c04c9821) Importer(2089858483,192608db42251d675da83286b1cce702)
Start importing Assets/SimplePoly City - Low Poly Assets/Models/Road Lane_04.fbx using Guid(2397ca4030d2a7446812ad23c04c9821) Importer(2089858483,192608db42251d675da83286b1cce702) (ScriptedImporter) -> (artifact id: 'c706645038977cd5a53a92302c7c550c') in 0.02153525 seconds
Number of updated asset objects reloaded before import = 0Number of asset objects unloaded after import = 9

========================================================================
Received Import Request.
  Time since last request: 0.000025 seconds.
  path: Assets/SimplePoly City - Low Poly Assets/Models/Road Lane Bus Stop.fbx
  artifactKey: Guid(b2e48a8553cc56243892a06271dc3c99) Importer(2089858483,192608db42251d675da83286b1cce702)
Start importing Assets/SimplePoly City - Low Poly Assets/Models/Road Lane Bus Stop.fbx using Guid(b2e48a8553cc56243892a06271dc3c99) Importer(2089858483,192608db42251d675da83286b1cce702) (ScriptedImporter) -> (artifact id: '7c6ba31664963fb139f1a824a69e1568') in 0.013315059 seconds
Number of updated asset objects reloaded before import = 0Number of asset objects unloaded after import = 9

========================================================================
Received Import Request.
  Time since last request: 0.000031 seconds.
  path: Assets/SimplePoly City - Low Poly Assets/Models/Vehicle_Car.fbx
  artifactKey: Guid(49fee4c5907e33545a3b2db2e9d66675) Importer(2089858483,192608db42251d675da83286b1cce702)
Start importing Assets/SimplePoly City - Low Poly Assets/Models/Vehicle_Car.fbx using Guid(49fee4c5907e33545a3b2db2e9d66675) Importer(2089858483,192608db42251d675da83286b1cce702) (ScriptedImporter) -> (artifact id: 'd26dd32e849f42261ba4f68692e0c5cd') in 0.012386384 seconds
Number of updated asset objects reloaded before import = 0Number of asset objects unloaded after import = 9

========================================================================
Received Import Request.
  Time since last request: 0.000037 seconds.
  path: Assets/SimplePoly City - Low Poly Assets/Models/Road Corner_01.fbx
  artifactKey: Guid(17f3d60dae6c4024d980ef9e7722acaa) Importer(2089858483,192608db42251d675da83286b1cce702)
Start importing Assets/SimplePoly City - Low Poly Assets/Models/Road Corner_01.fbx using Guid(17f3d60dae6c4024d980ef9e7722acaa) Importer(2089858483,192608db42251d675da83286b1cce702) (ScriptedImporter) -> (artifact id: '02dcf03e8d90c9130260418bd51767a4') in 0.016425647 seconds
Number of updated asset objects reloaded before import = 0Number of asset objects unloaded after import = 9

========================================================================
Received Import Request.
  Time since last request: 0.000022 seconds.
  path: Assets/SimplePoly City - Low Poly Assets/Models/Road Lane_01.fbx
  artifactKey: Guid(e3c71c50de390ec4190b877211ba0717) Importer(2089858483,192608db42251d675da83286b1cce702)
Start importing Assets/SimplePoly City - Low Poly Assets/Models/Road Lane_01.fbx using Guid(e3c71c50de390ec4190b877211ba0717) Importer(2089858483,192608db42251d675da83286b1cce702) (ScriptedImporter) -> (artifact id: 'ca67eb4ed803ee22e7fdca6913983bd8') in 0.03116608 seconds
Number of updated asset objects reloaded before import = 0Number of asset objects unloaded after import = 9

========================================================================
Received Import Request.
  Time since last request: 0.000032 seconds.
  path: Assets/SimplePoly City - Low Poly Assets/Models/Vehicle_Pick up Truck.fbx
  artifactKey: Guid(6780ac7fd67c9ab43aebe63ff3fb60aa) Importer(2089858483,192608db42251d675da83286b1cce702)
Start importing Assets/SimplePoly City - Low Poly Assets/Models/Vehicle_Pick up Truck.fbx using Guid(6780ac7fd67c9ab43aebe63ff3fb60aa) Importer(2089858483,192608db42251d675da83286b1cce702) (ScriptedImporter) -> (artifact id: '67643a96a75203151db4816bb6dd2403') in 0.014775002 seconds
Number of updated asset objects reloaded before import = 0Number of asset objects unloaded after import = 9

========================================================================
Received Import Request.
  Time since last request: 0.000027 seconds.
  path: Assets/SimplePoly City - Low Poly Assets/Textures/Building_Factory.png
  artifactKey: Guid(952048546b1814f4480519f6d11e8c3c) Importer(2089858483,192608db42251d675da83286b1cce702)
Start importing Assets/SimplePoly City - Low Poly Assets/Textures/Building_Factory.png using Guid(952048546b1814f4480519f6d11e8c3c) Importer(2089858483,192608db42251d675da83286b1cce702) (ScriptedImporter) -> (artifact id: '0c867043d71e5708a7a3b5553cb6e218') in 0.012186769 seconds
Number of updated asset objects reloaded before import = 0Number of asset objects unloaded after import = 1

========================================================================
Received Import Request.
  Time since last request: 0.000029 seconds.
  path: Assets/SimplePoly City - Low Poly Assets/Textures/Building_Coffee Shop.png
  artifactKey: Guid(939ea9febbadb6e4c906dcd31ca81e78) Importer(2089858483,192608db42251d675da83286b1cce702)
Start importing Assets/SimplePoly City - Low Poly Assets/Textures/Building_Coffee Shop.png using Guid(939ea9febbadb6e4c906dcd31ca81e78) Importer(2089858483,192608db42251d675da83286b1cce702) (ScriptedImporter) -> (artifact id: 'f42942f2ada8dc466ef4a9e16599230e') in 0.008639283 seconds
Number of updated asset objects reloaded before import = 0Number of asset objects unloaded after import = 1

========================================================================
Received Import Request.
  Time since last request: 0.000037 seconds.
  path: Assets/SimplePoly City - Low Poly Assets/Textures/Building_Stadium.png
  artifactKey: Guid(96eac2b1cb544804b8e1ddc0c8c7e73e) Importer(2089858483,192608db42251d675da83286b1cce702)
Start importing Assets/SimplePoly City - Low Poly Assets/Textures/Building_Stadium.png using Guid(96eac2b1cb544804b8e1ddc0c8c7e73e) Importer(2089858483,192608db42251d675da83286b1cce702) (ScriptedImporter) -> (artifact id: '920985fdc796ce5eb23f93695f1f5d47') in 0.008286413 seconds
Number of updated asset objects reloaded before import = 0Number of asset objects unloaded after import = 1

========================================================================
Received Import Request.
  Time since last request: 0.000026 seconds.
  path: Assets/SimplePoly City - Low Poly Assets/Textures/Vehicle_Ambulance.png
  artifactKey: Guid(17940d1c2e08c404aa577caf96bbaec2) Importer(2089858483,192608db42251d675da83286b1cce702)
Start importing Assets/SimplePoly City - Low Poly Assets/Textures/Vehicle_Ambulance.png using Guid(17940d1c2e08c404aa577caf96bbaec2) Importer(2089858483,192608db42251d675da83286b1cce702) (ScriptedImporter) -> (artifact id: 'e77bc595dae46e80436f5820e745b5c7') in 0.008591897 seconds
Number of updated asset objects reloaded before import = 0Number of asset objects unloaded after import = 1

========================================================================
Received Import Request.
  Time since last request: 0.000027 seconds.
  path: Assets/SimplePoly City - Low Poly Assets/Textures/Building_Chicken Shop.png
  artifactKey: Guid(b648d0554709c6c4e9269e311432c5d6) Importer(2089858483,192608db42251d675da83286b1cce702)
Start importing Assets/SimplePoly City - Low Poly Assets/Textures/Building_Chicken Shop.png using Guid(b648d0554709c6c4e9269e311432c5d6) Importer(2089858483,192608db42251d675da83286b1cce702) (ScriptedImporter) -> (artifact id: '46d1ea3ddda7f7ee546590dbf3bf715c') in 0.015730072 seconds
Number of updated asset objects reloaded before import = 0Number of asset objects unloaded after import = 1

========================================================================
Received Import Request.
  Time since last request: 0.000031 seconds.
  path: Assets/SimplePoly City - Low Poly Assets/Textures/Building_Gift Shop.png
  artifactKey: Guid(0ddba491ce4a04c4b8def1195e6300d8) Importer(2089858483,192608db42251d675da83286b1cce702)
Start importing Assets/SimplePoly City - Low Poly Assets/Textures/Building_Gift Shop.png using Guid(0ddba491ce4a04c4b8def1195e6300d8) Importer(2089858483,192608db42251d675da83286b1cce702) (ScriptedImporter) -> (artifact id: '042b05ef769725ef30b015685ac55ebf') in 0.00884867 seconds
Number of updated asset objects reloaded before import = 0Number of asset objects unloaded after import = 1

========================================================================
Received Import Request.
  Time since last request: 0.000028 seconds.
  path: Assets/SimplePoly City - Low Poly Assets/Textures/Building_Restaurant.png
  artifactKey: Guid(10b9543b11ed20e46ac740b4f092470d) Importer(2089858483,192608db42251d675da83286b1cce702)
Start importing Assets/SimplePoly City - Low Poly Assets/Textures/Building_Restaurant.png using Guid(10b9543b11ed20e46ac740b4f092470d) Importer(2089858483,192608db42251d675da83286b1cce702) (ScriptedImporter) -> (artifact id: '83a23e4522d30fcc72dbfd53c6553422') in 0.008356953 seconds
Number of updated asset objects reloaded before import = 0Number of asset objects unloaded after import = 1

========================================================================
Received Import Request.
  Time since last request: 0.000029 seconds.
  path: Assets/SimplePoly City - Low Poly Assets/Textures/Building_Music Store.png
  artifactKey: Guid(c15bccaa0f3e30e4caa83edea73909bc) Importer(2089858483,192608db42251d675da83286b1cce702)
Start importing Assets/SimplePoly City - Low Poly Assets/Textures/Building_Music Store.png using Guid(c15bccaa0f3e30e4caa83edea73909bc) Importer(2089858483,192608db42251d675da83286b1cce702) (ScriptedImporter) -> (artifact id: '2e1c59e4f48b33f2eb8bbd1dbfed3103') in 0.008411477 seconds
Number of updated asset objects reloaded before import = 0Number of asset objects unloaded after import = 1

========================================================================
Received Import Request.
  Time since last request: 0.000030 seconds.
  path: Assets/SimplePoly City - Low Poly Assets/Textures/Building_House_02_color02.png
  artifactKey: Guid(9cbdc88e77793ec4ab1d9f074f284bc5) Importer(2089858483,192608db42251d675da83286b1cce702)
Start importing Assets/SimplePoly City - Low Poly Assets/Textures/Building_House_02_color02.png using Guid(9cbdc88e77793ec4ab1d9f074f284bc5) Importer(2089858483,192608db42251d675da83286b1cce702) (ScriptedImporter) -> (artifact id: 'ae67c5a16e5164f6c0cc1283b9b6a42a') in 0.009201595 seconds
Number of updated asset objects reloaded before import = 0Number of asset objects unloaded after import = 1

========================================================================
Received Import Request.
  Time since last request: 0.000035 seconds.
  path: Assets/SimplePoly City - Low Poly Assets/Textures/Building_House_01_color01.png
  artifactKey: Guid(993a27af83ba79149af2300cdf16973a) Importer(2089858483,192608db42251d675da83286b1cce702)
Start importing Assets/SimplePoly City - Low Poly Assets/Textures/Building_House_01_color01.png using Guid(993a27af83ba79149af2300cdf16973a) Importer(2089858483,192608db42251d675da83286b1cce702) (ScriptedImporter) -> (artifact id: 'e7d6a55d84d989996fcc91eedc3378b6') in 0.008715856 seconds
Number of updated asset objects reloaded before import = 0Number of asset objects unloaded after import = 1

========================================================================
Received Import Request.
  Time since last request: 0.000022 seconds.
  path: Assets/SimplePoly City - Low Poly Assets/Textures/Road.png
  artifactKey: Guid(444693aeef5a3f147a427cade2b02400) Importer(2089858483,192608db42251d675da83286b1cce702)
Start importing Assets/SimplePoly City - Low Poly Assets/Textures/Road.png using Guid(444693aeef5a3f147a427cade2b02400) Importer(2089858483,192608db42251d675da83286b1cce702) (ScriptedImporter) -> (artifact id: 'c70f277e9f1047f7fadf98993b015582') in 0.008291555 seconds
Number of updated asset objects reloaded before import = 0Number of asset objects unloaded after import = 1

========================================================================
Received Import Request.
  Time since last request: 0.000021 seconds.
  path: Assets/SimplePoly City - Low Poly Assets/Textures/Building_Books Shop.png
  artifactKey: Guid(29d6ba98d5bca734695ddaf5fdf19baf) Importer(2089858483,192608db42251d675da83286b1cce702)
Start importing Assets/SimplePoly City - Low Poly Assets/Textures/Building_Books Shop.png using Guid(29d6ba98d5bca734695ddaf5fdf19baf) Importer(2089858483,192608db42251d675da83286b1cce702) (ScriptedImporter) -> (artifact id: '707e9d58f18add945a9ae9eb5c3d4f15') in 0.011390911 seconds
Number of updated asset objects reloaded before import = 0Number of asset objects unloaded after import = 1

========================================================================
Received Import Request.
  Time since last request: 0.000025 seconds.
  path: Assets/SimplePoly City - Low Poly Assets/Textures/Props_BillBoard_small.png
  artifactKey: Guid(8d5a4d22644d8d048bc069c218d1c411) Importer(2089858483,192608db42251d675da83286b1cce702)
Start importing Assets/SimplePoly City - Low Poly Assets/Textures/Props_BillBoard_small.png using Guid(8d5a4d22644d8d048bc069c218d1c411) Importer(2089858483,192608db42251d675da83286b1cce702) (ScriptedImporter) -> (artifact id: 'bcae8610809a169f9a03efdc41c9e37d') in 0.013252004 seconds
Number of updated asset objects reloaded before import = 0Number of asset objects unloaded after import = 1

========================================================================
Received Import Request.
  Time since last request: 0.000021 seconds.
  path: Assets/SimplePoly City - Low Poly Assets/Textures/Props_BillBoard_medium.png
  artifactKey: Guid(6072b375808a0114394ccc42008e4d54) Importer(2089858483,192608db42251d675da83286b1cce702)
Start importing Assets/SimplePoly City - Low Poly Assets/Textures/Props_BillBoard_medium.png using Guid(6072b375808a0114394ccc42008e4d54) Importer(2089858483,192608db42251d675da83286b1cce702) (ScriptedImporter) -> (artifact id: '135c5098d9ec79061b1a73fb7271768f') in 0.00855501 seconds
Number of updated asset objects reloaded before import = 0Number of asset objects unloaded after import = 1

========================================================================
Received Import Request.
  Time since last request: 0.000023 seconds.
  path: Assets/SimplePoly City - Low Poly Assets/Textures/Natures.png
  artifactKey: Guid(d4aec383b01f2dc498bf7503531cca39) Importer(2089858483,192608db42251d675da83286b1cce702)
Start importing Assets/SimplePoly City - Low Poly Assets/Textures/Natures.png using Guid(d4aec383b01f2dc498bf7503531cca39) Importer(2089858483,192608db42251d675da83286b1cce702) (ScriptedImporter) -> (artifact id: 'b50c4b13414e104a1200c63f8f098dd0') in 0.008456547 seconds
Number of updated asset objects reloaded before import = 0Number of asset objects unloaded after import = 1

========================================================================
Received Import Request.
  Time since last request: 0.000039 seconds.
  path: Assets/SimplePoly City - Low Poly Assets/Textures/Building_House_04_color02.png
  artifactKey: Guid(38f25d053637e924099f07d4d995d256) Importer(2089858483,192608db42251d675da83286b1cce702)
Start importing Assets/SimplePoly City - Low Poly Assets/Textures/Building_House_04_color02.png using Guid(38f25d053637e924099f07d4d995d256) Importer(2089858483,192608db42251d675da83286b1cce702) (ScriptedImporter) -> (artifact id: '8136415a0c2123eb349741708be283d1') in 0.008737581 seconds
Number of updated asset objects reloaded before import = 0Number of asset objects unloaded after import = 1

========================================================================
Received Import Request.
  Time since last request: 0.000038 seconds.
  path: Assets/SimplePoly City - Low Poly Assets/Textures/Building_Fruits  Shop.png
  artifactKey: Guid(06486f90deb2cc24492333b868a4b0a2) Importer(2089858483,192608db42251d675da83286b1cce702)
Start importing Assets/SimplePoly City - Low Poly Assets/Textures/Building_Fruits  Shop.png using Guid(06486f90deb2cc24492333b868a4b0a2) Importer(2089858483,192608db42251d675da83286b1cce702) (ScriptedImporter) -> (artifact id: '5012b313ddd49d383a3418a79f3a19f3') in 0.008558675 seconds
Number of updated asset objects reloaded before import = 0Number of asset objects unloaded after import = 1

========================================================================
Received Import Request.
  Time since last request: 0.000020 seconds.
  path: Assets/SimplePoly City - Low Poly Assets/Textures/Vehicle_Bus_2.png
  artifactKey: Guid(08b339068450e45418a22d95364200b6) Importer(2089858483,192608db42251d675da83286b1cce702)
Start importing Assets/SimplePoly City - Low Poly Assets/Textures/Vehicle_Bus_2.png using Guid(08b339068450e45418a22d95364200b6) Importer(2089858483,192608db42251d675da83286b1cce702) (ScriptedImporter) -> (artifact id: 'd240a92f18ea85ba29a1f08abeee0437') in 0.008455593 seconds
Number of updated asset objects reloaded before import = 0Number of asset objects unloaded after import = 1

========================================================================
Received Import Request.
  Time since last request: 0.000022 seconds.
  path: Assets/SimplePoly City - Low Poly Assets/Materials/Building_Factory.mat
  artifactKey: Guid(abc266de8c01de040bfa48da3f006d12) Importer(2089858483,192608db42251d675da83286b1cce702)
Start importing Assets/SimplePoly City - Low Poly Assets/Materials/Building_Factory.mat using Guid(abc266de8c01de040bfa48da3f006d12) Importer(2089858483,192608db42251d675da83286b1cce702) (ScriptedImporter) -> (artifact id: '8480d1aa184bcd4a29adcd2f06205c83') in 0.00501314 seconds
Number of updated asset objects reloaded before import = 0Number of asset objects unloaded after import = 3

========================================================================
Received Import Request.
  Time since last request: 0.000021 seconds.
  path: Assets/SimplePoly City - Low Poly Assets/Textures/Building Sky_small_color02.png
  artifactKey: Guid(81c454060dd1fd74d9e2b2e1ca3d0a58) Importer(2089858483,192608db42251d675da83286b1cce702)
Start importing Assets/SimplePoly City - Low Poly Assets/Textures/Building Sky_small_color02.png using Guid(81c454060dd1fd74d9e2b2e1ca3d0a58) Importer(2089858483,192608db42251d675da83286b1cce702) (ScriptedImporter) -> (artifact id: 'f19b6ca44159296232a3adf87b39da7d') in 0.011697444 seconds
Number of updated asset objects reloaded before import = 0Number of asset objects unloaded after import = 1

========================================================================
Received Import Request.
  Time since last request: 0.000024 seconds.
  path: Assets/LowPolyMedievalPropsLite/Textures/MedievalProps_Texture_01.png
  artifactKey: Guid(5ace4ab18ebdda8409d480a2e98266cd) Importer(2089858483,192608db42251d675da83286b1cce702)
Start importing Assets/LowPolyMedievalPropsLite/Textures/MedievalProps_Texture_01.png using Guid(5ace4ab18ebdda8409d480a2e98266cd) Importer(2089858483,192608db42251d675da83286b1cce702) (ScriptedImporter) -> (artifact id: '001fe2dec485b78130f4660f07cc9130') in 0.019424634 seconds
Number of updated asset objects reloaded before import = 0Number of asset objects unloaded after import = 1

========================================================================
Received Import Request.
  Time since last request: 0.000027 seconds.
  path: Assets/PBR_Grass_Textures/example_scene/grass_03.mat
  artifactKey: Guid(52bb7962a4417464585e150c878aff14) Importer(2089858483,192608db42251d675da83286b1cce702)
Start importing Assets/PBR_Grass_Textures/example_scene/grass_03.mat using Guid(52bb7962a4417464585e150c878aff14) Importer(2089858483,192608db42251d675da83286b1cce702) (ScriptedImporter) -> (artifact id: '1fb77cc98ba5842bd61820fe08beed5d') in 0.031739066 seconds
Number of updated asset objects reloaded before import = 0Number of asset objects unloaded after import = 4

========================================================================
Received Import Request.
  Time since last request: 0.000040 seconds.
  path: Assets/TENKOKU - DYNAMIC SKY/SCRIPTS/TenkokuLib.cs
  artifactKey: Guid(6b1b953bcffe1de4ca26373eb69cea28) Importer(2089858483,192608db42251d675da83286b1cce702)
Start importing Assets/TENKOKU - DYNAMIC SKY/SCRIPTS/TenkokuLib.cs using Guid(6b1b953bcffe1de4ca26373eb69cea28) Importer(2089858483,192608db42251d675da83286b1cce702) (ScriptedImporter) -> (artifact id: 'd1527e8436262e30689ec86bbde27eb7') in 0.00372466 seconds
Number of updated asset objects reloaded before import = 0Number of asset objects unloaded after import = 0

========================================================================
Received Import Request.
  Time since last request: 0.000024 seconds.
  path: Assets/TENKOKU - DYNAMIC SKY/EFFECTS/fxCloudTest.prefab
  artifactKey: Guid(cc72da48d05e01a4f8feecbed77fc0fa) Importer(2089858483,192608db42251d675da83286b1cce702)
Start importing Assets/TENKOKU - DYNAMIC SKY/EFFECTS/fxCloudTest.prefab using Guid(cc72da48d05e01a4f8feecbed77fc0fa) Importer(2089858483,192608db42251d675da83286b1cce702) (ScriptedImporter) -> (artifact id: '498019c834f33c5ee18d4ac827580bb7') in 0.137246603 seconds
Number of updated asset objects reloaded before import = 0Number of asset objects unloaded after import = 6

========================================================================
Received Import Request.
  Time since last request: 0.000033 seconds.
  path: Assets/TENKOKU - DYNAMIC SKY/SCRIPTS/ParticleStarfieldHandler.cs
  artifactKey: Guid(c5d68d87ba1c02a40842d396bcde1aa2) Importer(2089858483,192608db42251d675da83286b1cce702)
Start importing Assets/TENKOKU - DYNAMIC SKY/SCRIPTS/ParticleStarfieldHandler.cs using Guid(c5d68d87ba1c02a40842d396bcde1aa2) Importer(2089858483,192608db42251d675da83286b1cce702) (ScriptedImporter) -> (artifact id: 'b30c37c7b64c1e95c9ef1acedb4803f7') in 0.004068181 seconds
Number of updated asset objects reloaded before import = 0Number of asset objects unloaded after import = 0

========================================================================
Received Import Request.
  Time since last request: 0.000054 seconds.
  path: Assets/TENKOKU - DYNAMIC SKY/EFFECTS/fxFogTest.prefab
  artifactKey: Guid(57d9e847574d8eb4189d50a65e47e1de) Importer(2089858483,192608db42251d675da83286b1cce702)
Start importing Assets/TENKOKU - DYNAMIC SKY/EFFECTS/fxFogTest.prefab using Guid(57d9e847574d8eb4189d50a65e47e1de) Importer(2089858483,192608db42251d675da83286b1cce702) (ScriptedImporter) -> (artifact id: 'f506138e619f52fc1886373360bb7200') in 0.052616316 seconds
Number of updated asset objects reloaded before import = 0Number of asset objects unloaded after import = 7

========================================================================
Received Import Request.
  Time since last request: 0.000026 seconds.
  path: Assets/Stylized Door/Textures/m_Door.png
  artifactKey: Guid(862a161b44e45d444afcc1004916274b) Importer(2089858483,192608db42251d675da83286b1cce702)
Start importing Assets/Stylized Door/Textures/m_Door.png using Guid(862a161b44e45d444afcc1004916274b) Importer(2089858483,192608db42251d675da83286b1cce702) (ScriptedImporter) -> (artifact id: '9f50ed54a7ac980b431a4dbefdd24f6a') in 0.015520852 seconds
Number of updated asset objects reloaded before import = 0Number of asset objects unloaded after import = 1

========================================================================
Received Import Request.
  Time since last request: 0.000022 seconds.
  path: Assets/SimplePoly City - Low Poly Assets/Textures/Vehicle_Pick up Truck_3.png
  artifactKey: Guid(3dafb997416bc114c89c714676f7c788) Importer(2089858483,192608db42251d675da83286b1cce702)
Start importing Assets/SimplePoly City - Low Poly Assets/Textures/Vehicle_Pick up Truck_3.png using Guid(3dafb997416bc114c89c714676f7c788) Importer(2089858483,192608db42251d675da83286b1cce702) (ScriptedImporter) -> (artifact id: '82c73e2669fd6290de4ee411ede75a32') in 0.008561268 seconds
Number of updated asset objects reloaded before import = 0Number of asset objects unloaded after import = 1

========================================================================
Received Import Request.
  Time since last request: 0.000024 seconds.
  path: Assets/SimplePoly City - Low Poly Assets/Textures/Vehicle_Truck_2.png
  artifactKey: Guid(b2c12c53daa560a46aa1c588f930acd9) Importer(2089858483,192608db42251d675da83286b1cce702)
Start importing Assets/SimplePoly City - Low Poly Assets/Textures/Vehicle_Truck_2.png using Guid(b2c12c53daa560a46aa1c588f930acd9) Importer(2089858483,192608db42251d675da83286b1cce702) (ScriptedImporter) -> (artifact id: '59ce3db2c318eb4d7500e4b28abd2b95') in 0.008332542 seconds
Number of updated asset objects reloaded before import = 0Number of asset objects unloaded after import = 1

========================================================================
Received Import Request.
  Time since last request: 0.000029 seconds.
  path: Assets/SimplePoly City - Low Poly Assets/Textures/Vehicle_Container_1.png
  artifactKey: Guid(65b68621c76dea14ca7efad04a2716f5) Importer(2089858483,192608db42251d675da83286b1cce702)
Start importing Assets/SimplePoly City - Low Poly Assets/Textures/Vehicle_Container_1.png using Guid(65b68621c76dea14ca7efad04a2716f5) Importer(2089858483,192608db42251d675da83286b1cce702) (ScriptedImporter) -> (artifact id: 'abacc1c5f9e5e68ba3935774cf7a5b59') in 0.012263814 seconds
Number of updated asset objects reloaded before import = 0Number of asset objects unloaded after import = 1

========================================================================
Received Import Request.
  Time since last request: 0.000039 seconds.
  path: Assets/SimplePoly City - Low Poly Assets/Textures/Vehicle_Truck_3.png
  artifactKey: Guid(2eda3c100b5440441a8ce0e35c3fa3fa) Importer(2089858483,192608db42251d675da83286b1cce702)
Start importing Assets/SimplePoly City - Low Poly Assets/Textures/Vehicle_Truck_3.png using Guid(2eda3c100b5440441a8ce0e35c3fa3fa) Importer(2089858483,192608db42251d675da83286b1cce702) (ScriptedImporter) -> (artifact id: 'dbf9ad93952d1e4c05af660e3fef22ff') in 0.012834447 seconds
Number of updated asset objects reloaded before import = 0Number of asset objects unloaded after import = 1

========================================================================
Received Import Request.
  Time since last request: 0.000025 seconds.
  path: Assets/TENKOKU - DYNAMIC SKY/EFFECTS/fxRainSplash.prefab
  artifactKey: Guid(ab51236a129e8fb4b95d7d6cfbabbec9) Importer(2089858483,192608db42251d675da83286b1cce702)
Start importing Assets/TENKOKU - DYNAMIC SKY/EFFECTS/fxRainSplash.prefab using Guid(ab51236a129e8fb4b95d7d6cfbabbec9) Importer(2089858483,192608db42251d675da83286b1cce702) (ScriptedImporter) -> (artifact id: 'edc560ac01f344f9784b22f3e7cb250e') in 0.032864039 seconds
Number of updated asset objects reloaded before import = 0Number of asset objects unloaded after import = 7

========================================================================
Received Import Request.
  Time since last request: 0.000022 seconds.
  path: Assets/TENKOKU - DYNAMIC SKY/EDITOR/NoiseVolumeEditor.cs
  artifactKey: Guid(990d746f448d34ede87401bb1421a0b6) Importer(2089858483,192608db42251d675da83286b1cce702)
Start importing Assets/TENKOKU - DYNAMIC SKY/EDITOR/NoiseVolumeEditor.cs using Guid(990d746f448d34ede87401bb1421a0b6) Importer(2089858483,192608db42251d675da83286b1cce702) (ScriptedImporter) -> (artifact id: 'ad7980a0a46c8ef74a21c45be922cb55') in 0.003129515 seconds
Number of updated asset objects reloaded before import = 0Number of asset objects unloaded after import = 0

========================================================================
Received Import Request.
  Time since last request: 0.000027 seconds.
  path: Assets/SimplePoly City - Low Poly Assets/Textures/Vehicle_Police Car.png
  artifactKey: Guid(c0aa9f00c18fd8f40babb473766f37eb) Importer(2089858483,192608db42251d675da83286b1cce702)
Start importing Assets/SimplePoly City - Low Poly Assets/Textures/Vehicle_Police Car.png using Guid(c0aa9f00c18fd8f40babb473766f37eb) Importer(2089858483,192608db42251d675da83286b1cce702) (ScriptedImporter) -> (artifact id: 'b49ec88ebc06ba17e390c65ce4476259') in 0.010440563 seconds
Number of updated asset objects reloaded before import = 0Number of asset objects unloaded after import = 1

========================================================================
Received Import Request.
  Time since last request: 0.000021 seconds.
  path: Assets/TENKOKU - DYNAMIC SKY/SHADERS/Tenkoku_galaxy.shader
  artifactKey: Guid(a3f19f32f25393048aede62bf6bc8280) Importer(2089858483,192608db42251d675da83286b1cce702)
Start importing Assets/TENKOKU - DYNAMIC SKY/SHADERS/Tenkoku_galaxy.shader using Guid(a3f19f32f25393048aede62bf6bc8280) Importer(2089858483,192608db42251d675da83286b1cce702) (ScriptedImporter) -> (artifact id: '3d0a596c5128f2b5724c1e9e5a988604') in 0.007487739 seconds
Number of updated asset objects reloaded before import = 0Number of asset objects unloaded after import = 1

========================================================================
Received Import Request.
  Time since last request: 0.000030 seconds.
  path: Assets/TENKOKU - DYNAMIC SKY/SHADERS/Tenkoku_cloud_plane.shader
  artifactKey: Guid(334080db660fa8945b0e712aaf764148) Importer(2089858483,192608db42251d675da83286b1cce702)
Start importing Assets/TENKOKU - DYNAMIC SKY/SHADERS/Tenkoku_cloud_plane.shader using Guid(334080db660fa8945b0e712aaf764148) Importer(2089858483,192608db42251d675da83286b1cce702) (ScriptedImporter) -> (artifact id: 'd6b2c433003fc4aa8fba99af7cec0424') in 0.006450622 seconds
Number of updated asset objects reloaded before import = 0Number of asset objects unloaded after import = 1

========================================================================
Received Import Request.
  Time since last request: 0.000037 seconds.
  path: Assets/TENKOKU - DYNAMIC SKY/SHADERS/Tenkoku_sky_elek.shader
  artifactKey: Guid(444a107cd7b6c6440b0da7888a278b72) Importer(2089858483,192608db42251d675da83286b1cce702)
Start importing Assets/TENKOKU - DYNAMIC SKY/SHADERS/Tenkoku_sky_elek.shader using Guid(444a107cd7b6c6440b0da7888a278b72) Importer(2089858483,192608db42251d675da83286b1cce702) (ScriptedImporter) -> (artifact id: '4235b61d15129e5075941cc0c88f9a5e') in 0.003651651 seconds
Number of updated asset objects reloaded before import = 0Number of asset objects unloaded after import = 1

========================================================================
Received Import Request.
  Time since last request: 0.000026 seconds.
  path: Assets/TENKOKU - DYNAMIC SKY/SOUNDS/tenkoku_thunder_close04.wav
  artifactKey: Guid(7ea3159451f31664bbffa999abab396f) Importer(2089858483,192608db42251d675da83286b1cce702)
Start importing Assets/TENKOKU - DYNAMIC SKY/SOUNDS/tenkoku_thunder_close04.wav using Guid(7ea3159451f31664bbffa999abab396f) Importer(2089858483,192608db42251d675da83286b1cce702) (ScriptedImporter) -> (artifact id: '9bec1e522497260b007060d4561ee889') in 0.028413786 seconds
Number of updated asset objects reloaded before import = 0Number of asset objects unloaded after import = 1

========================================================================
Received Import Request.
  Time since last request: 0.000026 seconds.
  path: Assets/TENKOKU - DYNAMIC SKY/SHADERS/Tenkoku_planet.shader
  artifactKey: Guid(8ef1e21c3f4a7a243a97671111c31a00) Importer(2089858483,192608db42251d675da83286b1cce702)
Start importing Assets/TENKOKU - DYNAMIC SKY/SHADERS/Tenkoku_planet.shader using Guid(8ef1e21c3f4a7a243a97671111c31a00) Importer(2089858483,192608db42251d675da83286b1cce702) (ScriptedImporter) -> (artifact id: '62f9458adb68c0e913e90cf6c4d8f30c') in 0.004710257 seconds
Number of updated asset objects reloaded before import = 0Number of asset objects unloaded after import = 1

========================================================================
Received Import Request.
  Time since last request: 0.000022 seconds.
  path: Assets/TENKOKU - DYNAMIC SKY/SOUNDS/tenkoku_thunder_medium04.wav
  artifactKey: Guid(83f80b8bf89985b4e8cb38a65166dc22) Importer(2089858483,192608db42251d675da83286b1cce702)
Start importing Assets/TENKOKU - DYNAMIC SKY/SOUNDS/tenkoku_thunder_medium04.wav using Guid(83f80b8bf89985b4e8cb38a65166dc22) Importer(2089858483,192608db42251d675da83286b1cce702) (ScriptedImporter) -> (artifact id: '04bb89162cae2845eb1e43724d2d5005') in 0.036528608 seconds
Number of updated asset objects reloaded before import = 0Number of asset objects unloaded after import = 1

========================================================================
Received Import Request.
  Time since last request: 0.000033 seconds.
  path: Assets/TENKOKU - DYNAMIC SKY/SOUNDS/tenkoku_thunder_distant02.wav
  artifactKey: Guid(96985b0d4f9608a46a0f93b2535a8018) Importer(2089858483,192608db42251d675da83286b1cce702)
Start importing Assets/TENKOKU - DYNAMIC SKY/SOUNDS/tenkoku_thunder_distant02.wav using Guid(96985b0d4f9608a46a0f93b2535a8018) Importer(2089858483,192608db42251d675da83286b1cce702) (ScriptedImporter) -> (artifact id: '1eb685bbb130213bdf21e55a1d0a7d16') in 0.022349251 seconds
Number of updated asset objects reloaded before import = 0Number of asset objects unloaded after import = 1

========================================================================
Received Import Request.
  Time since last request: 0.000042 seconds.
  path: Assets/SimplePoly City - Low Poly Assets/Textures/Vehicle_Truck_1.png
  artifactKey: Guid(e595569ca689c8c4ead585e8746e4fbb) Importer(2089858483,192608db42251d675da83286b1cce702)
Start importing Assets/SimplePoly City - Low Poly Assets/Textures/Vehicle_Truck_1.png using Guid(e595569ca689c8c4ead585e8746e4fbb) Importer(2089858483,192608db42251d675da83286b1cce702) (ScriptedImporter) -> (artifact id: 'b6c13c28180a2560491126b346cdda55') in 0.008677747 seconds
Number of updated asset objects reloaded before import = 0Number of asset objects unloaded after import = 1

========================================================================
Received Import Request.
  Time since last request: 0.000033 seconds.
  path: Assets/TENKOKU - DYNAMIC SKY/SOUNDS/tenkoku_thunder_medium06.wav
  artifactKey: Guid(35aef346b99a0b54eb2f8f257d4718b7) Importer(2089858483,192608db42251d675da83286b1cce702)
Start importing Assets/TENKOKU - DYNAMIC SKY/SOUNDS/tenkoku_thunder_medium06.wav using Guid(35aef346b99a0b54eb2f8f257d4718b7) Importer(2089858483,192608db42251d675da83286b1cce702) (ScriptedImporter) -> (artifact id: 'ddaeb4ba33e45aa4c015448d64a484af') in 0.03183926 seconds
Number of updated asset objects reloaded before import = 0Number of asset objects unloaded after import = 1

========================================================================
Received Import Request.
  Time since last request: 0.000020 seconds.
  path: Assets/SimplePoly City - Low Poly Assets/Textures/Vehicle_Pick up Truck_1.png
  artifactKey: Guid(d2f1fa2ac23a17e4b9038197903f57ef) Importer(2089858483,192608db42251d675da83286b1cce702)
Start importing Assets/SimplePoly City - Low Poly Assets/Textures/Vehicle_Pick up Truck_1.png using Guid(d2f1fa2ac23a17e4b9038197903f57ef) Importer(2089858483,192608db42251d675da83286b1cce702) (ScriptedImporter) -> (artifact id: '22cbd8f1542efd2c92240640928a908f') in 0.017038142 seconds
Number of updated asset objects reloaded before import = 0Number of asset objects unloaded after import = 1

========================================================================
Received Import Request.
  Time since last request: 0.000025 seconds.
  path: Assets/TENKOKU - DYNAMIC SKY/SHADERS/TenkokuSunShafts.shader
  artifactKey: Guid(ea3d610255255d34abe4dcb18046caca) Importer(2089858483,192608db42251d675da83286b1cce702)
Start importing Assets/TENKOKU - DYNAMIC SKY/SHADERS/TenkokuSunShafts.shader using Guid(ea3d610255255d34abe4dcb18046caca) Importer(2089858483,192608db42251d675da83286b1cce702) (ScriptedImporter) -> (artifact id: '64d5e2599cb17da5c6a8d17f34181e18') in 0.003440379 seconds
Number of updated asset objects reloaded before import = 0Number of asset objects unloaded after import = 1

========================================================================
Received Import Request.
  Time since last request: 0.000022 seconds.
  path: Assets/TENKOKU - DYNAMIC SKY/SHADERS/Tenkoku_star.shader
  artifactKey: Guid(c03ecac9b3b95044ab1b74425e25a091) Importer(2089858483,192608db42251d675da83286b1cce702)
Start importing Assets/TENKOKU - DYNAMIC SKY/SHADERS/Tenkoku_star.shader using Guid(c03ecac9b3b95044ab1b74425e25a091) Importer(2089858483,192608db42251d675da83286b1cce702) (ScriptedImporter) -> (artifact id: 'e70348dc4c9d6054ec42025851ca708a') in 0.003421048 seconds
Number of updated asset objects reloaded before import = 0Number of asset objects unloaded after import = 1

========================================================================
Received Import Request.
  Time since last request: 0.000032 seconds.
  path: Assets/TENKOKU - DYNAMIC SKY/SOUNDS/tenkoku_thunder_medium03.wav
  artifactKey: Guid(93d1883ddbd49c040be25efc721fd949) Importer(2089858483,192608db42251d675da83286b1cce702)
Start importing Assets/TENKOKU - DYNAMIC SKY/SOUNDS/tenkoku_thunder_medium03.wav using Guid(93d1883ddbd49c040be25efc721fd949) Importer(2089858483,192608db42251d675da83286b1cce702) (ScriptedImporter) -> (artifact id: '215d1bebd7c475bb40b384720c8697b8') in 0.032887001 seconds
Number of updated asset objects reloaded before import = 0Number of asset objects unloaded after import = 1

========================================================================
Received Import Request.
  Time since last request: 0.000041 seconds.
  path: Assets/TENKOKU - DYNAMIC SKY/EFFECTS/fxFog.prefab
  artifactKey: Guid(9b91a2faa654f2b4884c2469e12e5006) Importer(2089858483,192608db42251d675da83286b1cce702)
Start importing Assets/TENKOKU - DYNAMIC SKY/EFFECTS/fxFog.prefab using Guid(9b91a2faa654f2b4884c2469e12e5006) Importer(2089858483,192608db42251d675da83286b1cce702) (ScriptedImporter) -> (artifact id: '816b7ce3a023612da354dfa84c009888') in 0.032791841 seconds
Number of updated asset objects reloaded before import = 0Number of asset objects unloaded after import = 6

========================================================================
Received Import Request.
  Time since last request: 0.000026 seconds.
  path: Assets/TENKOKU - DYNAMIC SKY/TEXTURES/tex_aurora_norm.psd
  artifactKey: Guid(5a6b418ea0e065549978f750abf5531e) Importer(2089858483,192608db42251d675da83286b1cce702)
Start importing Assets/TENKOKU - DYNAMIC SKY/TEXTURES/tex_aurora_norm.psd using Guid(5a6b418ea0e065549978f750abf5531e) Importer(2089858483,192608db42251d675da83286b1cce702) (ScriptedImporter) -> (artifact id: '500f6e5bedf5454f37de11c0842ab74a') in 0.01861439 seconds
Number of updated asset objects reloaded before import = 0Number of asset objects unloaded after import = 1

========================================================================
Received Import Request.
  Time since last request: 0.000027 seconds.
  path: Assets/TENKOKU - DYNAMIC SKY/TEXTURES/mat_auroraSphere.mat
  artifactKey: Guid(8f2262c2905a0a4439b34c4a84179da6) Importer(2089858483,192608db42251d675da83286b1cce702)
Start importing Assets/TENKOKU - DYNAMIC SKY/TEXTURES/mat_auroraSphere.mat using Guid(8f2262c2905a0a4439b34c4a84179da6) Importer(2089858483,192608db42251d675da83286b1cce702) (ScriptedImporter) -> (artifact id: 'e52f440db18f88664c4080c9e47356db') in 0.008211449 seconds
Number of updated asset objects reloaded before import = 0Number of asset objects unloaded after import = 3

========================================================================
Received Import Request.
  Time since last request: 0.000022 seconds.
  path: Assets/TENKOKU - DYNAMIC SKY/TEXTURES/tex_aurora_a.psd
  artifactKey: Guid(9e51a16c221c36b49abfbb3a66787a56) Importer(2089858483,192608db42251d675da83286b1cce702)
Start importing Assets/TENKOKU - DYNAMIC SKY/TEXTURES/tex_aurora_a.psd using Guid(9e51a16c221c36b49abfbb3a66787a56) Importer(2089858483,192608db42251d675da83286b1cce702) (ScriptedImporter) -> (artifact id: '876fe915053a10827797a597807d6293') in 0.010129266 seconds
Number of updated asset objects reloaded before import = 0Number of asset objects unloaded after import = 1

========================================================================
Received Import Request.
  Time since last request: 0.000025 seconds.
  path: Assets/TENKOKU - DYNAMIC SKY/TEXTURES/tex_moonsphere.psd
  artifactKey: Guid(1ac62c3237e1f3d4cbede38438a0edda) Importer(2089858483,192608db42251d675da83286b1cce702)
Start importing Assets/TENKOKU - DYNAMIC SKY/TEXTURES/tex_moonsphere.psd using Guid(1ac62c3237e1f3d4cbede38438a0edda) Importer(2089858483,192608db42251d675da83286b1cce702) (ScriptedImporter) -> (artifact id: '78bb548240f09c3d68ad2d8ac2dd3985') in 0.010844391 seconds
Number of updated asset objects reloaded before import = 0Number of asset objects unloaded after import = 1

========================================================================
Received Import Request.
  Time since last request: 0.000042 seconds.
  path: Assets/TENKOKU - DYNAMIC SKY/TEXTURES/mat_cloudSphere.mat
  artifactKey: Guid(1df48e4f275508f4583050a619c2d414) Importer(2089858483,192608db42251d675da83286b1cce702)
Start importing Assets/TENKOKU - DYNAMIC SKY/TEXTURES/mat_cloudSphere.mat using Guid(1df48e4f275508f4583050a619c2d414) Importer(2089858483,192608db42251d675da83286b1cce702) (ScriptedImporter) -> (artifact id: 'f1dfe1618bd8fdc00b3fb03a0825a222') in 0.062575972 seconds
Number of updated asset objects reloaded before import = 0Number of asset objects unloaded after import = 4

========================================================================
Received Import Request.
  Time since last request: 0.000045 seconds.
  path: Assets/TENKOKU - DYNAMIC SKY/TEXTURES/renderTex_skyParticles.renderTexture
  artifactKey: Guid(196e5cae5791e6941979e950d2f30339) Importer(2089858483,192608db42251d675da83286b1cce702)
Start importing Assets/TENKOKU - DYNAMIC SKY/TEXTURES/renderTex_skyParticles.renderTexture using Guid(196e5cae5791e6941979e950d2f30339) Importer(2089858483,192608db42251d675da83286b1cce702) (ScriptedImporter) -> (artifact id: '63bdeae9299b4c0b711988b3e92ad03b') in 0.009297849 seconds
Number of updated asset objects reloaded before import = 0Number of asset objects unloaded after import = 1

========================================================================
Received Import Request.
  Time since last request: 0.000025 seconds.
  path: Assets/TENKOKU - DYNAMIC SKY/TEXTURES/tex_starmapTycho.psd
  artifactKey: Guid(b2601fc8bfd261c4cabb80a8839b8f33) Importer(2089858483,192608db42251d675da83286b1cce702)
Start importing Assets/TENKOKU - DYNAMIC SKY/TEXTURES/tex_starmapTycho.psd using Guid(b2601fc8bfd261c4cabb80a8839b8f33) Importer(2089858483,192608db42251d675da83286b1cce702) (ScriptedImporter) -> (artifact id: 'a68173f184a8b8c6d997b49984f46a97') in 0.011284556 seconds
Number of updated asset objects reloaded before import = 0Number of asset objects unloaded after import = 1

========================================================================
Received Import Request.
  Time since last request: 0.000025 seconds.
  path: Assets/TENKOKU - DYNAMIC SKY/TEXTURES/mat_sun.mat
  artifactKey: Guid(bfd846eff48e100499fb06f3b65a48cf) Importer(2089858483,192608db42251d675da83286b1cce702)
Start importing Assets/TENKOKU - DYNAMIC SKY/TEXTURES/mat_sun.mat using Guid(bfd846eff48e100499fb06f3b65a48cf) Importer(2089858483,192608db42251d675da83286b1cce702) (ScriptedImporter) -> (artifact id: 'bb1631927e1df5c9d772158fb808298a') in 0.004115864 seconds
Number of updated asset objects reloaded before import = 0Number of asset objects unloaded after import = 1

========================================================================
Received Import Request.
  Time since last request: 0.000024 seconds.
  path: Assets/TENKOKU - DYNAMIC SKY/TEXTURES/Perlin128.asset
  artifactKey: Guid(aed356a4d70acc0408acc507ee13d8d3) Importer(2089858483,192608db42251d675da83286b1cce702)
Start importing Assets/TENKOKU - DYNAMIC SKY/TEXTURES/Perlin128.asset using Guid(aed356a4d70acc0408acc507ee13d8d3) Importer(2089858483,192608db42251d675da83286b1cce702) (ScriptedImporter) -> (artifact id: '5b9598552008a8d1c071e3f46b2b9dc2') in 0.035503356 seconds
Number of updated asset objects reloaded before import = 0Number of asset objects unloaded after import = 2

========================================================================
Received Import Request.
  Time since last request: 0.000025 seconds.
  path: Assets/SimplePoly City - Low Poly Assets/Textures/Vehicle_SUV_1.png
  artifactKey: Guid(5bf54643535d07b49b66329a38d342f3) Importer(2089858483,192608db42251d675da83286b1cce702)
Start importing Assets/SimplePoly City - Low Poly Assets/Textures/Vehicle_SUV_1.png using Guid(5bf54643535d07b49b66329a38d342f3) Importer(2089858483,192608db42251d675da83286b1cce702) (ScriptedImporter) -> (artifact id: '8ba3b4cbcf52d48466206957af616959') in 0.013140289 seconds
Number of updated asset objects reloaded before import = 0Number of asset objects unloaded after import = 1

========================================================================
Received Import Request.
  Time since last request: 0.000030 seconds.
  path: Assets/TENKOKU - DYNAMIC SKY/SHADERS/Tenkoku_fx_particle.shader
  artifactKey: Guid(34a267aab59dff94a80ad344d515988e) Importer(2089858483,192608db42251d675da83286b1cce702)
Start importing Assets/TENKOKU - DYNAMIC SKY/SHADERS/Tenkoku_fx_particle.shader using Guid(34a267aab59dff94a80ad344d515988e) Importer(2089858483,192608db42251d675da83286b1cce702) (ScriptedImporter) -> (artifact id: 'b84e1040bb75d8f988f5674e13afccfa') in 0.003543298 seconds
Number of updated asset objects reloaded before import = 0Number of asset objects unloaded after import = 1

========================================================================
Received Import Request.
  Time since last request: 0.000047 seconds.
  path: Assets/TENKOKU - DYNAMIC SKY/SOUNDS/tenkoku_windturbulence_low.wav
  artifactKey: Guid(6bb340e5952e1ce498d4e53eb9f93ffb) Importer(2089858483,192608db42251d675da83286b1cce702)
Start importing Assets/TENKOKU - DYNAMIC SKY/SOUNDS/tenkoku_windturbulence_low.wav using Guid(6bb340e5952e1ce498d4e53eb9f93ffb) Importer(2089858483,192608db42251d675da83286b1cce702) (ScriptedImporter) -> (artifact id: 'eba189f8416a8515ee481f9c2ae77d3d') in 0.082681527 seconds
Number of updated asset objects reloaded before import = 0Number of asset objects unloaded after import = 1

========================================================================
Received Import Request.
  Time since last request: 0.000026 seconds.
  path: Assets/Tower/Models/Tower.FBX
  artifactKey: Guid(683f7c9a5dac6a44caaa4b601e92dfcc) Importer(2089858483,192608db42251d675da83286b1cce702)
Start importing Assets/Tower/Models/Tower.FBX using Guid(683f7c9a5dac6a44caaa4b601e92dfcc) Importer(2089858483,192608db42251d675da83286b1cce702) (ScriptedImporter) -> (artifact id: '2eac58b57ee1e7a04687fe23902be3c0') in 0.015983693 seconds
Number of updated asset objects reloaded before import = 0Number of asset objects unloaded after import = 10

========================================================================
Received Import Request.
  Time since last request: 0.000021 seconds.
  path: Assets/YughuesFreeBushes2018/Materials/M_Bush01.mat
  artifactKey: Guid(3bae03ff15e9f0749abaf52aaf5d1bff) Importer(2089858483,192608db42251d675da83286b1cce702)
Start importing Assets/YughuesFreeBushes2018/Materials/M_Bush01.mat using Guid(3bae03ff15e9f0749abaf52aaf5d1bff) Importer(2089858483,192608db42251d675da83286b1cce702) (ScriptedImporter) -> (artifact id: '94526c09bb143138bd7074c85d3c1042') in 0.008200553 seconds
Number of updated asset objects reloaded before import = 0Number of asset objects unloaded after import = 5

========================================================================
Received Import Request.
  Time since last request: 0.000025 seconds.
  path: Assets/Tower/Materials/Line005_diffuse.mat
  artifactKey: Guid(e4213ff2c212e394480941f08ad55b37) Importer(2089858483,192608db42251d675da83286b1cce702)
Start importing Assets/Tower/Materials/Line005_diffuse.mat using Guid(e4213ff2c212e394480941f08ad55b37) Importer(2089858483,192608db42251d675da83286b1cce702) (ScriptedImporter) -> (artifact id: '28f295f4d20881fcede8d0759c327703') in 0.018688322 seconds
Number of updated asset objects reloaded before import = 0Number of asset objects unloaded after import = 4

========================================================================
Received Import Request.
  Time since last request: 0.000028 seconds.
  path: Assets/Tower/Texture/L2_normal.psd
  artifactKey: Guid(1e5f79e2843f7074dbaeb3c3a0b42bb0) Importer(2089858483,192608db42251d675da83286b1cce702)
Start importing Assets/Tower/Texture/L2_normal.psd using Guid(1e5f79e2843f7074dbaeb3c3a0b42bb0) Importer(2089858483,192608db42251d675da83286b1cce702) (ScriptedImporter) -> (artifact id: '767df11a8555bd2f7edde20c1d69b077') in 0.012136544 seconds
Number of updated asset objects reloaded before import = 0Number of asset objects unloaded after import = 1

========================================================================
Received Import Request.
  Time since last request: 0.000040 seconds.
  path: Assets/YughuesFreeBushes2018/Materials/M_Bush02.mat
  artifactKey: Guid(df6c952ce6b06b649866e65546e9bb38) Importer(2089858483,192608db42251d675da83286b1cce702)
Start importing Assets/YughuesFreeBushes2018/Materials/M_Bush02.mat using Guid(df6c952ce6b06b649866e65546e9bb38) Importer(2089858483,192608db42251d675da83286b1cce702) (ScriptedImporter) -> (artifact id: 'd975f601b11fb55eb58dcd9efaf52693') in 0.015512554 seconds
Number of updated asset objects reloaded before import = 0Number of asset objects unloaded after import = 5

========================================================================
Received Import Request.
  Time since last request: 0.000031 seconds.
  path: Assets/Tower/Texture/L1_diffuse.psd
  artifactKey: Guid(42ddfc22ceadac84aa1920b3ee6d372c) Importer(2089858483,192608db42251d675da83286b1cce702)
Start importing Assets/Tower/Texture/L1_diffuse.psd using Guid(42ddfc22ceadac84aa1920b3ee6d372c) Importer(2089858483,192608db42251d675da83286b1cce702) (ScriptedImporter) -> (artifact id: '99da7e5465e1b422349a048604c96ead') in 0.015318378 seconds
Number of updated asset objects reloaded before import = 0Number of asset objects unloaded after import = 1

========================================================================
Received Import Request.
  Time since last request: 0.000026 seconds.
  path: Assets/YughuesFreeBushes2018/Prefabs/P_Bush02.prefab
  artifactKey: Guid(0cc0db2b14252644da9f1f74ed0c8f90) Importer(2089858483,192608db42251d675da83286b1cce702)
Start importing Assets/YughuesFreeBushes2018/Prefabs/P_Bush02.prefab using Guid(0cc0db2b14252644da9f1f74ed0c8f90) Importer(2089858483,192608db42251d675da83286b1cce702) (ScriptedImporter) -> (artifact id: '59c3b7d8cdf47d573209ad249bb091aa') in 0.008593638 seconds
Number of updated asset objects reloaded before import = 0Number of asset objects unloaded after import = 29

========================================================================
Received Import Request.
  Time since last request: 0.000023 seconds.
  path: Assets/YughuesFreeBushes2018/Textures/T_Bush01_s.tga
  artifactKey: Guid(01ac228eec7ceda4ba0395dea3410cef) Importer(2089858483,192608db42251d675da83286b1cce702)
Start importing Assets/YughuesFreeBushes2018/Textures/T_Bush01_s.tga using Guid(01ac228eec7ceda4ba0395dea3410cef) Importer(2089858483,192608db42251d675da83286b1cce702) (ScriptedImporter) -> (artifact id: 'ea1aa9ec5c74055e434a1b8c1df6401b') in 0.01294238 seconds
Number of updated asset objects reloaded before import = 0Number of asset objects unloaded after import = 1

========================================================================
Received Import Request.
  Time since last request: 0.000026 seconds.
  path: Assets/TENKOKU - DYNAMIC SKY/TEXTURES/tenkokuCloudPlane.fbx
  artifactKey: Guid(ead9c31fa7fcec14ca9dfab57fb2fcd1) Importer(2089858483,192608db42251d675da83286b1cce702)
Start importing Assets/TENKOKU - DYNAMIC SKY/TEXTURES/tenkokuCloudPlane.fbx using Guid(ead9c31fa7fcec14ca9dfab57fb2fcd1) Importer(2089858483,192608db42251d675da83286b1cce702) (ScriptedImporter) -> (artifact id: '05551f08af23fa8982045f45ce022f04') in 0.010796493 seconds
Number of updated asset objects reloaded before import = 0Number of asset objects unloaded after import = 8

========================================================================
Received Import Request.
  Time since last request: 0.000026 seconds.
  path: Assets/TENKOKU - DYNAMIC SKY/TEXTURES/tex_masterRamp.psd
  artifactKey: Guid(ee72550833bc2014093b02f3220ca6e9) Importer(2089858483,192608db42251d675da83286b1cce702)
Start importing Assets/TENKOKU - DYNAMIC SKY/TEXTURES/tex_masterRamp.psd using Guid(ee72550833bc2014093b02f3220ca6e9) Importer(2089858483,192608db42251d675da83286b1cce702) (ScriptedImporter) -> (artifact id: 'fd29c77f3b395631ae2d477f0bbbcbc3') in 0.008682538 seconds
Number of updated asset objects reloaded before import = 0Number of asset objects unloaded after import = 1

========================================================================
Received Import Request.
  Time since last request: 0.000037 seconds.
  path: Assets/TENKOKU - DYNAMIC SKY/SOUNDS/tenkoku_thunder_distant03.wav
  artifactKey: Guid(28f620a477fe1bf4da49b2e62a38d6cb) Importer(2089858483,192608db42251d675da83286b1cce702)
Start importing Assets/TENKOKU - DYNAMIC SKY/SOUNDS/tenkoku_thunder_distant03.wav using Guid(28f620a477fe1bf4da49b2e62a38d6cb) Importer(2089858483,192608db42251d675da83286b1cce702) (ScriptedImporter) -> (artifact id: '2d251877d641ad8ef0c45beaa0de9cdb') in 0.019802613 seconds
Number of updated asset objects reloaded before import = 0Number of asset objects unloaded after import = 1

========================================================================
Received Import Request.
  Time since last request: 0.000023 seconds.
  path: Assets/TENKOKU - DYNAMIC SKY/SCRIPTS/Random.cs
  artifactKey: Guid(085bcf3f6a9e300438b6fb39713d9984) Importer(2089858483,192608db42251d675da83286b1cce702)
Start importing Assets/TENKOKU - DYNAMIC SKY/SCRIPTS/Random.cs using Guid(085bcf3f6a9e300438b6fb39713d9984) Importer(2089858483,192608db42251d675da83286b1cce702) (ScriptedImporter) -> (artifact id: 'cab2bab01dfd291d98b6e8606e2de3fa') in 0.00296347 seconds
Number of updated asset objects reloaded before import = 0Number of asset objects unloaded after import = 0

========================================================================
Received Import Request.
  Time since last request: 0.000023 seconds.
  path: Assets/BodyGuards/Meshes/Materials/Boduguard_02_D.mat
  artifactKey: Guid(6fcd9d698ea07974abf39f90181445d2) Importer(2089858483,192608db42251d675da83286b1cce702)
Start importing Assets/BodyGuards/Meshes/Materials/Boduguard_02_D.mat using Guid(6fcd9d698ea07974abf39f90181445d2) Importer(2089858483,192608db42251d675da83286b1cce702) (ScriptedImporter) -> (artifact id: 'f5623daff679d90716275c800902ce95') in 0.016249309 seconds
Number of updated asset objects reloaded before import = 0Number of asset objects unloaded after import = 5

========================================================================
Received Import Request.
  Time since last request: 0.000024 seconds.
  path: Assets/npc_casual_set_00/Res/npc_character_set.ma
  artifactKey: Guid(a07b4bf188ae1c391b4999563d598b1c) Importer(2089858483,192608db42251d675da83286b1cce702)
Start importing Assets/npc_casual_set_00/Res/npc_character_set.ma using Guid(a07b4bf188ae1c391b4999563d598b1c) Importer(2089858483,192608db42251d675da83286b1cce702) (ScriptedImporter) -> (artifact id: 'fc3beb2ce957106cb388fb34ffda06e8') in 0.007265514 seconds
Number of updated asset objects reloaded before import = 0Number of asset objects unloaded after import = 1

========================================================================
Received Import Request.
  Time since last request: 0.000023 seconds.
  path: Assets/YughuesFreeBushes2018/Textures/T_Bush05_d.tga
  artifactKey: Guid(e5e8c327df51a9d4f90c9c4feba738cf) Importer(2089858483,192608db42251d675da83286b1cce702)
Start importing Assets/YughuesFreeBushes2018/Textures/T_Bush05_d.tga using Guid(e5e8c327df51a9d4f90c9c4feba738cf) Importer(2089858483,192608db42251d675da83286b1cce702) (ScriptedImporter) -> (artifact id: '3f8d358545e70246aefb8d9d7dadb2f8') in 0.012379818 seconds
Number of updated asset objects reloaded before import = 0Number of asset objects unloaded after import = 1

========================================================================
Received Import Request.
  Time since last request: 0.000033 seconds.
  path: Assets/BodyGuards/Meshes/Materials/Boduguard_03_D.mat
  artifactKey: Guid(1c568156d9d473c42a9182ac94535a12) Importer(2089858483,192608db42251d675da83286b1cce702)
Start importing Assets/BodyGuards/Meshes/Materials/Boduguard_03_D.mat using Guid(1c568156d9d473c42a9182ac94535a12) Importer(2089858483,192608db42251d675da83286b1cce702) (ScriptedImporter) -> (artifact id: 'c05bde5b64cd26259e1d73a1d72c5d65') in 0.016767128 seconds
Number of updated asset objects reloaded before import = 0Number of asset objects unloaded after import = 5

========================================================================
Received Import Request.
  Time since last request: 0.000043 seconds.
  path: Assets/YughuesFreeBushes2018/Materials/M_Bush05.mat
  artifactKey: Guid(539e6efd36fe10a4682b450875379c55) Importer(2089858483,192608db42251d675da83286b1cce702)
Start importing Assets/YughuesFreeBushes2018/Materials/M_Bush05.mat using Guid(539e6efd36fe10a4682b450875379c55) Importer(2089858483,192608db42251d675da83286b1cce702) (ScriptedImporter) -> (artifact id: '2fd853d7671d065fa651cf2a7298c9d0') in 0.012791971 seconds
Number of updated asset objects reloaded before import = 0Number of asset objects unloaded after import = 5

========================================================================
Received Import Request.
  Time since last request: 0.000024 seconds.
  path: Assets/YughuesFreeBushes2018/Textures/T_Bush03_d.tga
  artifactKey: Guid(41a43a35ca2c3cf42867fe4f2326da33) Importer(2089858483,192608db42251d675da83286b1cce702)
Start importing Assets/YughuesFreeBushes2018/Textures/T_Bush03_d.tga using Guid(41a43a35ca2c3cf42867fe4f2326da33) Importer(2089858483,192608db42251d675da83286b1cce702) (ScriptedImporter) -> (artifact id: '408c299cab5afba082f6823e86d4d270') in 0.023575059 seconds
Number of updated asset objects reloaded before import = 0Number of asset objects unloaded after import = 1

========================================================================
Received Import Request.
  Time since last request: 0.000025 seconds.
  path: Assets/Dnk_Dev/Brick_Fence/Textures/T_Brick_Fence_01_Grill_N.TGA
  artifactKey: Guid(6fbb09e7e81f8ca448caab4c9f55f17e) Importer(2089858483,192608db42251d675da83286b1cce702)
Start importing Assets/Dnk_Dev/Brick_Fence/Textures/T_Brick_Fence_01_Grill_N.TGA using Guid(6fbb09e7e81f8ca448caab4c9f55f17e) Importer(2089858483,192608db42251d675da83286b1cce702) (ScriptedImporter) -> (artifact id: '8f8da4755281727bf7d9662d77d41e83') in 0.020366591 seconds
Number of updated asset objects reloaded before import = 0Number of asset objects unloaded after import = 1

========================================================================
Received Import Request.
  Time since last request: 0.000026 seconds.
  path: Assets/TENKOKU - DYNAMIC SKY/SOUNDS/tenkoku_thunder_distant06.wav
  artifactKey: Guid(6424605bf79bd3441bd61473255f9da4) Importer(2089858483,192608db42251d675da83286b1cce702)
Start importing Assets/TENKOKU - DYNAMIC SKY/SOUNDS/tenkoku_thunder_distant06.wav using Guid(6424605bf79bd3441bd61473255f9da4) Importer(2089858483,192608db42251d675da83286b1cce702) (ScriptedImporter) -> (artifact id: '317655986c3431125dc0e56a0905dcde') in 0.032360323 seconds
Number of updated asset objects reloaded before import = 0Number of asset objects unloaded after import = 1

========================================================================
Received Import Request.
  Time since last request: 0.000029 seconds.
  path: Assets/TENKOKU - DYNAMIC SKY/TEXTURES/mat_suneclipsefx.mat
  artifactKey: Guid(e510bde2faeb7f64ea8026f94bde5317) Importer(2089858483,192608db42251d675da83286b1cce702)
Start importing Assets/TENKOKU - DYNAMIC SKY/TEXTURES/mat_suneclipsefx.mat using Guid(e510bde2faeb7f64ea8026f94bde5317) Importer(2089858483,192608db42251d675da83286b1cce702) (ScriptedImporter) -> (artifact id: 'ade88814807d472490e55ef94a3f64b1') in 0.00485507 seconds
Number of updated asset objects reloaded before import = 0Number of asset objects unloaded after import = 2

========================================================================
Received Import Request.
  Time since last request: 0.000043 seconds.
  path: Assets/LowPolyMedievalPropsLite/Models/Carpet_01.fbx
  artifactKey: Guid(32664c8d586b2484bbbb75d0c49af488) Importer(2089858483,192608db42251d675da83286b1cce702)
Start importing Assets/LowPolyMedievalPropsLite/Models/Carpet_01.fbx using Guid(32664c8d586b2484bbbb75d0c49af488) Importer(2089858483,192608db42251d675da83286b1cce702) (ScriptedImporter) -> (artifact id: '9e9bd5d633d01999067359662bc944ae') in 0.009946044 seconds
Number of updated asset objects reloaded before import = 0Number of asset objects unloaded after import = 7

========================================================================
Received Import Request.
  Time since last request: 0.000022 seconds.
  path: Assets/SimplePoly City - Low Poly Assets/Materials/Building_Residential_color02.mat
  artifactKey: Guid(032dad8ae2ae60a4b9cb4d7267132a1d) Importer(2089858483,192608db42251d675da83286b1cce702)
Start importing Assets/SimplePoly City - Low Poly Assets/Materials/Building_Residential_color02.mat using Guid(032dad8ae2ae60a4b9cb4d7267132a1d) Importer(2089858483,192608db42251d675da83286b1cce702) (ScriptedImporter) -> (artifact id: '58b28d43d65aa0c6f307b0790a1db297') in 0.005034039 seconds
Number of updated asset objects reloaded before import = 0Number of asset objects unloaded after import = 3

========================================================================
Received Import Request.
  Time since last request: 0.000021 seconds.
  path: Assets/Adventure_Character/Prefabs/Man_03.prefab
  artifactKey: Guid(da1203547328fdb41974e0b5334e799a) Importer(2089858483,192608db42251d675da83286b1cce702)
Start importing Assets/Adventure_Character/Prefabs/Man_03.prefab using Guid(da1203547328fdb41974e0b5334e799a) Importer(2089858483,192608db42251d675da83286b1cce702) (ScriptedImporter) -> (artifact id: 'a52ebfbf87bbae894374e7de5fdbeae6') in 0.019532758 seconds
Number of updated asset objects reloaded before import = 0Number of asset objects unloaded after import = 184

========================================================================
Received Import Request.
  Time since last request: 0.000025 seconds.
  path: Assets/Adventure_Character/Textures/Man_Body_Normals.tga
  artifactKey: Guid(a1b6bb340da40bc41b0c41ce37a80cb4) Importer(2089858483,192608db42251d675da83286b1cce702)
Start importing Assets/Adventure_Character/Textures/Man_Body_Normals.tga using Guid(a1b6bb340da40bc41b0c41ce37a80cb4) Importer(2089858483,192608db42251d675da83286b1cce702) (ScriptedImporter) -> (artifact id: '182f25d1487fc4e2008f1cd63bc1f985') in 0.034882128 seconds
Number of updated asset objects reloaded before import = 0Number of asset objects unloaded after import = 1

========================================================================
Received Import Request.
  Time since last request: 0.000023 seconds.
  path: Assets/LowPolyMedievalPropsLite/Prefabs/FX/FX_Fire_01.prefab
  artifactKey: Guid(93d1b88863b5d6e4f8bd41fd97feb859) Importer(2089858483,192608db42251d675da83286b1cce702)
Start importing Assets/LowPolyMedievalPropsLite/Prefabs/FX/FX_Fire_01.prefab using Guid(93d1b88863b5d6e4f8bd41fd97feb859) Importer(2089858483,192608db42251d675da83286b1cce702) (ScriptedImporter) -> (artifact id: '02c20270337535e5c8509c38d88c0a51') in 0.036005679 seconds
Number of updated asset objects reloaded before import = 0Number of asset objects unloaded after import = 10

========================================================================
Received Import Request.
  Time since last request: 0.000026 seconds.
  path: Assets/GVOZDY/Round Four-Tier Water Fountain/Textures/T_fountain_4_light_MetallicSmoothness.png
  artifactKey: Guid(8f34eebf4c447764dabaed5278d0c4bf) Importer(2089858483,192608db42251d675da83286b1cce702)
Start importing Assets/GVOZDY/Round Four-Tier Water Fountain/Textures/T_fountain_4_light_MetallicSmoothness.png using Guid(8f34eebf4c447764dabaed5278d0c4bf) Importer(2089858483,192608db42251d675da83286b1cce702) (ScriptedImporter) -> (artifact id: '071a8cdcb2a639faa1da06b1345f8bef') in 0.011787976 seconds
Number of updated asset objects reloaded before import = 0Number of asset objects unloaded after import = 1

========================================================================
Received Import Request.
  Time since last request: 0.000039 seconds.
  path: Assets/Dnk_Dev/Brick_Fence/Textures/T_Brick_Fence_02B_N.tga
  artifactKey: Guid(a3771ab128e26894f832c7fadc0900b0) Importer(2089858483,192608db42251d675da83286b1cce702)
Start importing Assets/Dnk_Dev/Brick_Fence/Textures/T_Brick_Fence_02B_N.tga using Guid(a3771ab128e26894f832c7fadc0900b0) Importer(2089858483,192608db42251d675da83286b1cce702) (ScriptedImporter) -> (artifact id: 'd90cf899072541f92fa8a3c494b2800e') in 0.010937176 seconds
Number of updated asset objects reloaded before import = 0Number of asset objects unloaded after import = 1

========================================================================
Received Import Request.
  Time since last request: 0.000029 seconds.
  path: Assets/GVOZDY/Round Four-Tier Water Fountain/Scenes/Main_Scene.unity
  artifactKey: Guid(e59cfbaea5dc0a743ae63b82c4afc1f4) Importer(2089858483,192608db42251d675da83286b1cce702)
Start importing Assets/GVOZDY/Round Four-Tier Water Fountain/Scenes/Main_Scene.unity using Guid(e59cfbaea5dc0a743ae63b82c4afc1f4) Importer(2089858483,192608db42251d675da83286b1cce702) (ScriptedImporter) -> (artifact id: '00cc33338df35130f377da8a128f1d5e') in 0.003222945 seconds
Number of updated asset objects reloaded before import = 0Number of asset objects unloaded after import = 1

========================================================================
Received Import Request.
  Time since last request: 0.000022 seconds.
  path: Assets/SimplePoly City - Low Poly Assets/Prefab/Buildings/Building_Chicken Shop.prefab
  artifactKey: Guid(8b3eca4c34b9e1148a3c4d42a48dd5b8) Importer(2089858483,192608db42251d675da83286b1cce702)
Start importing Assets/SimplePoly City - Low Poly Assets/Prefab/Buildings/Building_Chicken Shop.prefab using Guid(8b3eca4c34b9e1148a3c4d42a48dd5b8) Importer(2089858483,192608db42251d675da83286b1cce702) (ScriptedImporter) -> (artifact id: '78d899f671ad7263b80a903907b5bf7a') in 0.007623316 seconds
Number of updated asset objects reloaded before import = 0Number of asset objects unloaded after import = 8

========================================================================
Received Import Request.
  Time since last request: 0.000021 seconds.
  path: Assets/SimplePoly City - Low Poly Assets/Prefab/Buildings/Building_Books Shop.prefab
  artifactKey: Guid(4c14ffc6a7f79e942885227ac141590c) Importer(2089858483,192608db42251d675da83286b1cce702)
Start importing Assets/SimplePoly City - Low Poly Assets/Prefab/Buildings/Building_Books Shop.prefab using Guid(4c14ffc6a7f79e942885227ac141590c) Importer(2089858483,192608db42251d675da83286b1cce702) (ScriptedImporter) -> (artifact id: 'fd8a6a441f7c52269c6b51467f301410') in 0.00959301 seconds
Number of updated asset objects reloaded before import = 0Number of asset objects unloaded after import = 8

========================================================================
Received Import Request.
  Time since last request: 0.000028 seconds.
  path: Assets/SimplePoly City - Low Poly Assets/Prefab/Buildings/Building Sky_small_color03.prefab
  artifactKey: Guid(35807f23e7899e541b60b2fb2bbb51ef) Importer(2089858483,192608db42251d675da83286b1cce702)
Start importing Assets/SimplePoly City - Low Poly Assets/Prefab/Buildings/Building Sky_small_color03.prefab using Guid(35807f23e7899e541b60b2fb2bbb51ef) Importer(2089858483,192608db42251d675da83286b1cce702) (ScriptedImporter) -> (artifact id: '292a9a34519cd93eca9dfbc2274c8eca') in 0.011359743 seconds
Number of updated asset objects reloaded before import = 0Number of asset objects unloaded after import = 8

========================================================================
Received Import Request.
  Time since last request: 0.000025 seconds.
  path: Assets/SimplePoly City - Low Poly Assets/Prefab/Buildings/Building_House_01_color01.prefab
  artifactKey: Guid(66131d8838f42f545a30ce8606ce5365) Importer(2089858483,192608db42251d675da83286b1cce702)
Start importing Assets/SimplePoly City - Low Poly Assets/Prefab/Buildings/Building_House_01_color01.prefab using Guid(66131d8838f42f545a30ce8606ce5365) Importer(2089858483,192608db42251d675da83286b1cce702) (ScriptedImporter) -> (artifact id: '7370571344b3182ef645e636f9e8d95c') in 0.006818261 seconds
Number of updated asset objects reloaded before import = 0Number of asset objects unloaded after import = 8

========================================================================
Received Import Request.
  Time since last request: 0.000029 seconds.
  path: Assets/GVOZDY/Round Four-Tier Water Fountain/Textures/T_fountain_4_dark_ao.png
  artifactKey: Guid(dd92d9960eee2e94e9c0b76145a64b01) Importer(2089858483,192608db42251d675da83286b1cce702)
Start importing Assets/GVOZDY/Round Four-Tier Water Fountain/Textures/T_fountain_4_dark_ao.png using Guid(dd92d9960eee2e94e9c0b76145a64b01) Importer(2089858483,192608db42251d675da83286b1cce702) (ScriptedImporter) -> (artifact id: '179b93b7def8aef5514a421b05241431') in 0.009638261 seconds
Number of updated asset objects reloaded before import = 0Number of asset objects unloaded after import = 1

========================================================================
Received Import Request.
  Time since last request: 0.000036 seconds.
  path: Assets/Adventure_Character/Materials/Man_Cloth_Up_02.mat
  artifactKey: Guid(1fa5b2a9d37f61244aefcdac8092f401) Importer(2089858483,192608db42251d675da83286b1cce702)
Start importing Assets/Adventure_Character/Materials/Man_Cloth_Up_02.mat using Guid(1fa5b2a9d37f61244aefcdac8092f401) Importer(2089858483,192608db42251d675da83286b1cce702) (ScriptedImporter) -> (artifact id: '615c494c556853f8fa681cd3447a5966') in 0.064206636 seconds
Number of updated asset objects reloaded before import = 0Number of asset objects unloaded after import = 5

========================================================================
Received Import Request.
  Time since last request: 0.000024 seconds.
  path: Assets/Dnk_Dev/Brick_Fence/Textures/T_Brick_BigGate_02.TGA
  artifactKey: Guid(0a30883441f68bc4592e96e3ecd9c0d2) Importer(2089858483,192608db42251d675da83286b1cce702)
Start importing Assets/Dnk_Dev/Brick_Fence/Textures/T_Brick_BigGate_02.TGA using Guid(0a30883441f68bc4592e96e3ecd9c0d2) Importer(2089858483,192608db42251d675da83286b1cce702) (ScriptedImporter) -> (artifact id: '3f8a40f06b463e0de2b9449d6cf11a20') in 0.009657963 seconds
Number of updated asset objects reloaded before import = 0Number of asset objects unloaded after import = 1

========================================================================
Received Import Request.
  Time since last request: 0.000026 seconds.
  path: Assets/Dnk_Dev/Brick_Fence/Textures/T_Brick_BigGate_01.TGA
  artifactKey: Guid(2dbbbbac9987ae049873103394c671fe) Importer(2089858483,192608db42251d675da83286b1cce702)
Start importing Assets/Dnk_Dev/Brick_Fence/Textures/T_Brick_BigGate_01.TGA using Guid(2dbbbbac9987ae049873103394c671fe) Importer(2089858483,192608db42251d675da83286b1cce702) (ScriptedImporter) -> (artifact id: 'a4998120a65769312830327804e347bd') in 0.009935283 seconds
Number of updated asset objects reloaded before import = 0Number of asset objects unloaded after import = 1

========================================================================
Received Import Request.
  Time since last request: 0.000022 seconds.
  path: Assets/Dnk_Dev/Brick_Fence/Models/SM_Brick_Fence_Column_01.obj
  artifactKey: Guid(e5fcb82022153174186076fd71c171c7) Importer(2089858483,192608db42251d675da83286b1cce702)
Start importing Assets/Dnk_Dev/Brick_Fence/Models/SM_Brick_Fence_Column_01.obj using Guid(e5fcb82022153174186076fd71c171c7) Importer(2089858483,192608db42251d675da83286b1cce702) (ScriptedImporter) -> (artifact id: '7765127a281424b47fae89dcaeb74d24') in 0.008403611 seconds
Number of updated asset objects reloaded before import = 0Number of asset objects unloaded after import = 9

========================================================================
Received Import Request.
  Time since last request: 0.000028 seconds.
  path: Assets/SimplePoly City - Low Poly Assets/Prefab/Natures/Natures_Cube Tree.prefab
  artifactKey: Guid(8b680e0f7699a254c84ed6737b7eb53d) Importer(2089858483,192608db42251d675da83286b1cce702)
Start importing Assets/SimplePoly City - Low Poly Assets/Prefab/Natures/Natures_Cube Tree.prefab using Guid(8b680e0f7699a254c84ed6737b7eb53d) Importer(2089858483,192608db42251d675da83286b1cce702) (ScriptedImporter) -> (artifact id: 'e7696318357ebe5a73619aa6d146dade') in 0.014295792 seconds
Number of updated asset objects reloaded before import = 0Number of asset objects unloaded after import = 8

========================================================================
Received Import Request.
  Time since last request: 0.000039 seconds.
  path: Assets/SimplePoly City - Low Poly Assets/Prefab/Props/Props_BillBoard_small.prefab
  artifactKey: Guid(b549b1699e4cdad44b2c014041303df4) Importer(2089858483,192608db42251d675da83286b1cce702)
Start importing Assets/SimplePoly City - Low Poly Assets/Prefab/Props/Props_BillBoard_small.prefab using Guid(b549b1699e4cdad44b2c014041303df4) Importer(2089858483,192608db42251d675da83286b1cce702) (ScriptedImporter) -> (artifact id: 'e4c5767a3d197838e3ec23a72b7f03da') in 0.007624597 seconds
Number of updated asset objects reloaded before import = 0Number of asset objects unloaded after import = 8

========================================================================
Received Import Request.
  Time since last request: 0.000023 seconds.
  path: Assets/SimplePoly City - Low Poly Assets/Prefab/Buildings/Building_House_01_color03.prefab
  artifactKey: Guid(92dcd407350173049ab8c86482fadf42) Importer(2089858483,192608db42251d675da83286b1cce702)
Start importing Assets/SimplePoly City - Low Poly Assets/Prefab/Buildings/Building_House_01_color03.prefab using Guid(92dcd407350173049ab8c86482fadf42) Importer(2089858483,192608db42251d675da83286b1cce702) (ScriptedImporter) -> (artifact id: 'eeaf0007f8a5add60b466d2b08a17581') in 0.009401292 seconds
Number of updated asset objects reloaded before import = 0Number of asset objects unloaded after import = 8

========================================================================
Received Import Request.
  Time since last request: 0.000023 seconds.
  path: Assets/SimplePoly City - Low Poly Assets/Prefab/Natures/Natures_Rock_small.prefab
  artifactKey: Guid(9ec25066ec33fa84d9227e27c5f5a8a0) Importer(2089858483,192608db42251d675da83286b1cce702)
Start importing Assets/SimplePoly City - Low Poly Assets/Prefab/Natures/Natures_Rock_small.prefab using Guid(9ec25066ec33fa84d9227e27c5f5a8a0) Importer(2089858483,192608db42251d675da83286b1cce702) (ScriptedImporter) -> (artifact id: '92c2de710f9269a8ef981701a47f3748') in 0.006809185 seconds
Number of updated asset objects reloaded before import = 0Number of asset objects unloaded after import = 8

========================================================================
Received Import Request.
  Time since last request: 0.000023 seconds.
  path: Assets/SimplePoly City - Low Poly Assets/Prefab/Natures/Natures_Pot Bush_small.prefab
  artifactKey: Guid(800befcc62026a34693972077c91698d) Importer(2089858483,192608db42251d675da83286b1cce702)
Start importing Assets/SimplePoly City - Low Poly Assets/Prefab/Natures/Natures_Pot Bush_small.prefab using Guid(800befcc62026a34693972077c91698d) Importer(2089858483,192608db42251d675da83286b1cce702) (ScriptedImporter) -> (artifact id: 'a95c030970da51b4baba7dab5ee542ca') in 0.010292507 seconds
Number of updated asset objects reloaded before import = 0Number of asset objects unloaded after import = 8

========================================================================
Received Import Request.
  Time since last request: 0.000024 seconds.
  path: Assets/SimplePoly City - Low Poly Assets/Prefab/Props/Props_BillBoard_medium.prefab
  artifactKey: Guid(24ecc5bb467b3fe4b9c1660c3678ef90) Importer(2089858483,192608db42251d675da83286b1cce702)
Start importing Assets/SimplePoly City - Low Poly Assets/Prefab/Props/Props_BillBoard_medium.prefab using Guid(24ecc5bb467b3fe4b9c1660c3678ef90) Importer(2089858483,192608db42251d675da83286b1cce702) (ScriptedImporter) -> (artifact id: '6426132fe5cd6259025f85cc5589dd51') in 0.008993368 seconds
Number of updated asset objects reloaded before import = 0Number of asset objects unloaded after import = 8

========================================================================
Received Import Request.
  Time since last request: 0.000024 seconds.
  path: Assets/SimplePoly City - Low Poly Assets/Prefab/Buildings/Building_Super Market.prefab
  artifactKey: Guid(c3e95e72d6dba334594c3c5c37fcf18a) Importer(2089858483,192608db42251d675da83286b1cce702)
Start importing Assets/SimplePoly City - Low Poly Assets/Prefab/Buildings/Building_Super Market.prefab using Guid(c3e95e72d6dba334594c3c5c37fcf18a) Importer(2089858483,192608db42251d675da83286b1cce702) (ScriptedImporter) -> (artifact id: '8b8066244244c36ab920c43df28ee8e0') in 0.006701081 seconds
Number of updated asset objects reloaded before import = 0Number of asset objects unloaded after import = 8

========================================================================
Received Import Request.
  Time since last request: 0.000031 seconds.
  path: Assets/Dnk_Dev/Brick_Fence/Textures/T_Brick_BigGate_03_N.tga
  artifactKey: Guid(0af2845ab6f0f314e92a04e37a639cca) Importer(2089858483,192608db42251d675da83286b1cce702)
Start importing Assets/Dnk_Dev/Brick_Fence/Textures/T_Brick_BigGate_03_N.tga using Guid(0af2845ab6f0f314e92a04e37a639cca) Importer(2089858483,192608db42251d675da83286b1cce702) (ScriptedImporter) -> (artifact id: '5f6153a1eb69616c05d3e24e5f540c08') in 0.015774714 seconds
Number of updated asset objects reloaded before import = 0Number of asset objects unloaded after import = 1

========================================================================
Received Import Request.
  Time since last request: 0.000038 seconds.
  path: Assets/SimplePoly City - Low Poly Assets/Prefab/Buildings/Building_House_02_color01.prefab
  artifactKey: Guid(142c9543c08ae014bad9d177ad54a989) Importer(2089858483,192608db42251d675da83286b1cce702)
Start importing Assets/SimplePoly City - Low Poly Assets/Prefab/Buildings/Building_House_02_color01.prefab using Guid(142c9543c08ae014bad9d177ad54a989) Importer(2089858483,192608db42251d675da83286b1cce702) (ScriptedImporter) -> (artifact id: 'a8421bf65d001b82a074278a39db16ea') in 0.010543976 seconds
Number of updated asset objects reloaded before import = 0Number of asset objects unloaded after import = 8

========================================================================
Received Import Request.
  Time since last request: 0.000023 seconds.
  path: Assets/Dnk_Dev/Brick_Fence/Models/SM_Brick_Fence_02.FBX
  artifactKey: Guid(75564dabe6a61a54e98fc29a89190176) Importer(2089858483,192608db42251d675da83286b1cce702)
Start importing Assets/Dnk_Dev/Brick_Fence/Models/SM_Brick_Fence_02.FBX using Guid(75564dabe6a61a54e98fc29a89190176) Importer(2089858483,192608db42251d675da83286b1cce702) (ScriptedImporter) -> (artifact id: 'b48084d8e25c7251f91101a45e9bc165') in 0.014199725 seconds
Number of updated asset objects reloaded before import = 0Number of asset objects unloaded after import = 14

========================================================================
Received Import Request.
  Time since last request: 0.000025 seconds.
  path: Assets/SimplePoly City - Low Poly Assets/Prefab/Buildings/Building_House_03_color03.prefab
  artifactKey: Guid(2dbee28eacba7dd42845e0153c4da642) Importer(2089858483,192608db42251d675da83286b1cce702)
Start importing Assets/SimplePoly City - Low Poly Assets/Prefab/Buildings/Building_House_03_color03.prefab using Guid(2dbee28eacba7dd42845e0153c4da642) Importer(2089858483,192608db42251d675da83286b1cce702) (ScriptedImporter) -> (artifact id: '9ad5b875c6bfc67e533cec10be38d9e3') in 0.007154859 seconds
Number of updated asset objects reloaded before import = 0Number of asset objects unloaded after import = 8

========================================================================
Received Import Request.
  Time since last request: 0.000021 seconds.
  path: Assets/Dnk_Dev/Brick_Fence/Prefab/P_Brick_Fence_02.prefab
  artifactKey: Guid(80b7f80d34041be4aa68bba771f26727) Importer(2089858483,192608db42251d675da83286b1cce702)
Start importing Assets/Dnk_Dev/Brick_Fence/Prefab/P_Brick_Fence_02.prefab using Guid(80b7f80d34041be4aa68bba771f26727) Importer(2089858483,192608db42251d675da83286b1cce702) (ScriptedImporter) -> (artifact id: '621e7b874463739ee6a00436b93f7431') in 0.006049212 seconds
Number of updated asset objects reloaded before import = 0Number of asset objects unloaded after import = 15

========================================================================
Received Import Request.
  Time since last request: 0.000028 seconds.
  path: Assets/SimplePoly City - Low Poly Assets/Prefab/Natures/Natures_Big Tree.prefab
  artifactKey: Guid(b82e76f4092b7d24aaeecddf36fe8d3b) Importer(2089858483,192608db42251d675da83286b1cce702)
Start importing Assets/SimplePoly City - Low Poly Assets/Prefab/Natures/Natures_Big Tree.prefab using Guid(b82e76f4092b7d24aaeecddf36fe8d3b) Importer(2089858483,192608db42251d675da83286b1cce702) (ScriptedImporter) -> (artifact id: '9035fabf100997ea7d2c66abd4e76e77') in 0.006750164 seconds
Number of updated asset objects reloaded before import = 0Number of asset objects unloaded after import = 8

========================================================================
Received Import Request.
  Time since last request: 0.000024 seconds.
  path: Assets/Dnk_Dev/Brick_Fence/Prefab/P_Brick_Fence_02b.prefab
  artifactKey: Guid(25ba94a98b71b934fb8ec6f732f3b9a3) Importer(2089858483,192608db42251d675da83286b1cce702)
Start importing Assets/Dnk_Dev/Brick_Fence/Prefab/P_Brick_Fence_02b.prefab using Guid(25ba94a98b71b934fb8ec6f732f3b9a3) Importer(2089858483,192608db42251d675da83286b1cce702) (ScriptedImporter) -> (artifact id: '9a4ef10db5160af4728de6db88a7557f') in 0.006261254 seconds
Number of updated asset objects reloaded before import = 0Number of asset objects unloaded after import = 15

========================================================================
Received Import Request.
  Time since last request: 0.000023 seconds.
  path: Assets/YughuesFreeBushes2018/Textures/T_Bush04_s.tga
  artifactKey: Guid(81fb6e33f8cbc064f9e22867c598783b) Importer(2089858483,192608db42251d675da83286b1cce702)
Start importing Assets/YughuesFreeBushes2018/Textures/T_Bush04_s.tga using Guid(81fb6e33f8cbc064f9e22867c598783b) Importer(2089858483,192608db42251d675da83286b1cce702) (ScriptedImporter) -> (artifact id: '7a10aea1d0fabbaec2317bfdbf432387') in 0.008116103 seconds
Number of updated asset objects reloaded before import = 0Number of asset objects unloaded after import = 1

========================================================================
Received Import Request.
  Time since last request: 0.000033 seconds.
  path: Assets/SimplePoly City - Low Poly Assets/Prefab/Roads/Road Lane_04.prefab
  artifactKey: Guid(5dca1204e7e935d408728950a2ad997e) Importer(2089858483,192608db42251d675da83286b1cce702)
Start importing Assets/SimplePoly City - Low Poly Assets/Prefab/Roads/Road Lane_04.prefab using Guid(5dca1204e7e935d408728950a2ad997e) Importer(2089858483,192608db42251d675da83286b1cce702) (ScriptedImporter) -> (artifact id: 'e2b940863171687020b63f9d15880c0b') in 0.006629617 seconds
Number of updated asset objects reloaded before import = 0Number of asset objects unloaded after import = 8

========================================================================
Received Import Request.
  Time since last request: 0.000026 seconds.
  path: Assets/Starter Assets/Runtime/Settings/High_PipelineAsset.asset
  artifactKey: Guid(85f61ec9fa7114d5f88c736532abeeef) Importer(2089858483,192608db42251d675da83286b1cce702)
Start importing Assets/Starter Assets/Runtime/Settings/High_PipelineAsset.asset using Guid(85f61ec9fa7114d5f88c736532abeeef) Importer(2089858483,192608db42251d675da83286b1cce702) (ScriptedImporter) -> (artifact id: 'bd5cabd2fc142ddf635406c89148e1bb') in 0.021790536 seconds
Number of updated asset objects reloaded before import = 0Number of asset objects unloaded after import = 2

========================================================================
Received Import Request.
  Time since last request: 0.000028 seconds.
  path: Assets/SimplePoly City - Low Poly Assets/Prefab/Props/Props_Roof Helipad.prefab
  artifactKey: Guid(796948bfa75e5ee4ba5a68eabfa08ec3) Importer(2089858483,192608db42251d675da83286b1cce702)
Start importing Assets/SimplePoly City - Low Poly Assets/Prefab/Props/Props_Roof Helipad.prefab using Guid(796948bfa75e5ee4ba5a68eabfa08ec3) Importer(2089858483,192608db42251d675da83286b1cce702) (ScriptedImporter) -> (artifact id: '426446ead3919d35a8547e9ba8370f1d') in 0.014118305 seconds
Number of updated asset objects reloaded before import = 0Number of asset objects unloaded after import = 10

========================================================================
Received Import Request.
  Time since last request: 0.000025 seconds.
  path: Assets/SimplePoly City - Low Poly Assets/Prefab/Props/Props_Windmill.prefab
  artifactKey: Guid(0b6fafa63b69b174584365f2641586a4) Importer(2089858483,192608db42251d675da83286b1cce702)
Start importing Assets/SimplePoly City - Low Poly Assets/Prefab/Props/Props_Windmill.prefab using Guid(0b6fafa63b69b174584365f2641586a4) Importer(2089858483,192608db42251d675da83286b1cce702) (ScriptedImporter) -> (artifact id: 'd2098fd279d93a3d375308f4a63de78d') in 0.00935759 seconds
Number of updated asset objects reloaded before import = 0Number of asset objects unloaded after import = 15

========================================================================
Received Import Request.
  Time since last request: 0.000021 seconds.
  path: Assets/SimplePoly City - Low Poly Assets/Prefab/Roads/Road Lane_01.prefab
  artifactKey: Guid(4f32dfddb033d3e40b5841bc53cc1689) Importer(2089858483,192608db42251d675da83286b1cce702)
Start importing Assets/SimplePoly City - Low Poly Assets/Prefab/Roads/Road Lane_01.prefab using Guid(4f32dfddb033d3e40b5841bc53cc1689) Importer(2089858483,192608db42251d675da83286b1cce702) (ScriptedImporter) -> (artifact id: '76ee80bbf6a271b82122e2d2d6913c70') in 0.006886179 seconds
Number of updated asset objects reloaded before import = 0Number of asset objects unloaded after import = 8

========================================================================
Received Import Request.
  Time since last request: 0.000031 seconds.
  path: Assets/SimplePoly City - Low Poly Assets/Prefab/Roads/Road Split Line.prefab
  artifactKey: Guid(0ee37198b24b2164fbbccfbe92fe5d35) Importer(2089858483,192608db42251d675da83286b1cce702)
Start importing Assets/SimplePoly City - Low Poly Assets/Prefab/Roads/Road Split Line.prefab using Guid(0ee37198b24b2164fbbccfbe92fe5d35) Importer(2089858483,192608db42251d675da83286b1cce702) (ScriptedImporter) -> (artifact id: '2f967291eefdd533f744482c6d5de11f') in 0.006937384 seconds
Number of updated asset objects reloaded before import = 0Number of asset objects unloaded after import = 8

========================================================================
Received Import Request.
  Time since last request: 0.000042 seconds.
  path: Assets/SimplePoly City - Low Poly Assets/Prefab/Roads/Road Concrete Tile.prefab
  artifactKey: Guid(d34e8533c8de8ec45869f9144584d929) Importer(2089858483,192608db42251d675da83286b1cce702)
Start importing Assets/SimplePoly City - Low Poly Assets/Prefab/Roads/Road Concrete Tile.prefab using Guid(d34e8533c8de8ec45869f9144584d929) Importer(2089858483,192608db42251d675da83286b1cce702) (ScriptedImporter) -> (artifact id: 'f47601e85cd8bad3e97ec90284ef95b3') in 0.007310988 seconds
Number of updated asset objects reloaded before import = 0Number of asset objects unloaded after import = 8

========================================================================
Received Import Request.
  Time since last request: 0.000026 seconds.
  path: Assets/Starter Assets/Editor/URPWizard/URPWizard.asmdef
  artifactKey: Guid(18828b1d1020dde47bec693eef18a5b9) Importer(2089858483,192608db42251d675da83286b1cce702)
Start importing Assets/Starter Assets/Editor/URPWizard/URPWizard.asmdef using Guid(18828b1d1020dde47bec693eef18a5b9) Importer(2089858483,192608db42251d675da83286b1cce702) (ScriptedImporter) -> (artifact id: '32be55477907745dff81c84832a4eca9') in 0.003666423 seconds
Number of updated asset objects reloaded before import = 0Number of asset objects unloaded after import = 1

========================================================================
Received Import Request.
  Time since last request: 0.000024 seconds.
  path: Assets/Starter Assets/Runtime/InputSystem/StarterAssetsInputs.cs
  artifactKey: Guid(e087ecce43ebbff45a1b360637807d93) Importer(2089858483,192608db42251d675da83286b1cce702)
Start importing Assets/Starter Assets/Runtime/InputSystem/StarterAssetsInputs.cs using Guid(e087ecce43ebbff45a1b360637807d93) Importer(2089858483,192608db42251d675da83286b1cce702) (ScriptedImporter) -> (artifact id: '72e044c491a931c2c119c0146e69bf88') in 0.003332248 seconds
Number of updated asset objects reloaded before import = 0Number of asset objects unloaded after import = 0

========================================================================
Received Import Request.
  Time since last request: 0.000027 seconds.
  path: Assets/Starter Assets/Runtime/Common/BasicRigidBodyPush.cs
  artifactKey: Guid(909d917d73a63f940ac158d02e936645) Importer(2089858483,192608db42251d675da83286b1cce702)
Start importing Assets/Starter Assets/Runtime/Common/BasicRigidBodyPush.cs using Guid(909d917d73a63f940ac158d02e936645) Importer(2089858483,192608db42251d675da83286b1cce702) (ScriptedImporter) -> (artifact id: 'ab74ee199eff8d7ee4e822fef10cc33d') in 0.002914674 seconds
Number of updated asset objects reloaded before import = 0Number of asset objects unloaded after import = 0

========================================================================
Received Import Request.
  Time since last request: 0.000026 seconds.
  path: Assets/SimplePoly City - Low Poly Assets/Prefab/Props/Props_Coffee shop chair.prefab
  artifactKey: Guid(97229e82747352a43b48688ec573f8e4) Importer(2089858483,192608db42251d675da83286b1cce702)
Start importing Assets/SimplePoly City - Low Poly Assets/Prefab/Props/Props_Coffee shop chair.prefab using Guid(97229e82747352a43b48688ec573f8e4) Importer(2089858483,192608db42251d675da83286b1cce702) (ScriptedImporter) -> (artifact id: '4f02af38cd6c793739eaab10e98d3665') in 0.007127171 seconds
Number of updated asset objects reloaded before import = 0Number of asset objects unloaded after import = 8

========================================================================
Received Import Request.
  Time since last request: 0.000025 seconds.
  path: Assets/SimplePoly City - Low Poly Assets/Prefab/Roads/Road Tile.prefab
  artifactKey: Guid(ffa95796af8d5884f9d08f66e6bb627e) Importer(2089858483,192608db42251d675da83286b1cce702)
Start importing Assets/SimplePoly City - Low Poly Assets/Prefab/Roads/Road Tile.prefab using Guid(ffa95796af8d5884f9d08f66e6bb627e) Importer(2089858483,192608db42251d675da83286b1cce702) (ScriptedImporter) -> (artifact id: '465526c14084c764e74ff7ffa67f368b') in 0.006359 seconds
Number of updated asset objects reloaded before import = 0Number of asset objects unloaded after import = 8

========================================================================
Received Import Request.
  Time since last request: 0.000030 seconds.
  path: Assets/SimplePoly City - Low Poly Assets/Prefab/Roads/Road Lane Bus Stop.prefab
  artifactKey: Guid(3da5840b5d838524cb0128fbccf00053) Importer(2089858483,192608db42251d675da83286b1cce702)
Start importing Assets/SimplePoly City - Low Poly Assets/Prefab/Roads/Road Lane Bus Stop.prefab using Guid(3da5840b5d838524cb0128fbccf00053) Importer(2089858483,192608db42251d675da83286b1cce702) (ScriptedImporter) -> (artifact id: 'e9a695e7be77af9934b23475de5db174') in 0.008187806 seconds
Number of updated asset objects reloaded before import = 0Number of asset objects unloaded after import = 8

========================================================================
Received Import Request.
  Time since last request: 0.000036 seconds.
  path: Assets/SimplePoly City - Low Poly Assets/Prefab/Roads/Road Intersection_01.prefab
  artifactKey: Guid(47ef019eb3bddab469e56e5a31eebf68) Importer(2089858483,192608db42251d675da83286b1cce702)
Start importing Assets/SimplePoly City - Low Poly Assets/Prefab/Roads/Road Intersection_01.prefab using Guid(47ef019eb3bddab469e56e5a31eebf68) Importer(2089858483,192608db42251d675da83286b1cce702) (ScriptedImporter) -> (artifact id: 'b5cfb1ffbf7c7ccaff981c2a4a0d7b89') in 0.010380528 seconds
Number of updated asset objects reloaded before import = 0Number of asset objects unloaded after import = 8

========================================================================
Received Import Request.
  Time since last request: 0.000022 seconds.
  path: Assets/SimplePoly City - Low Poly Assets/Prefab/Props/Props_Traffic cone.prefab
  artifactKey: Guid(52f3bf47c9c62af4588469ff668b805c) Importer(2089858483,192608db42251d675da83286b1cce702)
Start importing Assets/SimplePoly City - Low Poly Assets/Prefab/Props/Props_Traffic cone.prefab using Guid(52f3bf47c9c62af4588469ff668b805c) Importer(2089858483,192608db42251d675da83286b1cce702) (ScriptedImporter) -> (artifact id: '84fdc8e452a483a08b90071e591880b9') in 0.012018357 seconds
Number of updated asset objects reloaded before import = 0Number of asset objects unloaded after import = 8

========================================================================
Received Import Request.
  Time since last request: 0.000026 seconds.
  path: Assets/SimplePoly City - Low Poly Assets/Prefab/Props/Props_Bench_1.prefab
  artifactKey: Guid(62125825e49febf4a89f76daf85d9ca7) Importer(2089858483,192608db42251d675da83286b1cce702)
Start importing Assets/SimplePoly City - Low Poly Assets/Prefab/Props/Props_Bench_1.prefab using Guid(62125825e49febf4a89f76daf85d9ca7) Importer(2089858483,192608db42251d675da83286b1cce702) (ScriptedImporter) -> (artifact id: '0ab7b4001a98826d8dc35c3be2545d3d') in 0.01017251 seconds
Number of updated asset objects reloaded before import = 0Number of asset objects unloaded after import = 8

========================================================================
Received Import Request.
  Time since last request: 0.000027 seconds.
  path: Assets/TENKOKU - DYNAMIC SKY/RESOURCES/textures/gui_tex_tenkokudivrev.psd
  artifactKey: Guid(41cb06fe8a991374e80546ca63fab097) Importer(2089858483,192608db42251d675da83286b1cce702)
Start importing Assets/TENKOKU - DYNAMIC SKY/RESOURCES/textures/gui_tex_tenkokudivrev.psd using Guid(41cb06fe8a991374e80546ca63fab097) Importer(2089858483,192608db42251d675da83286b1cce702) (ScriptedImporter) -> (artifact id: 'e8f7f59749db470bcf24d424857461ed') in 0.01081176 seconds
Number of updated asset objects reloaded before import = 0Number of asset objects unloaded after import = 1

========================================================================
Received Import Request.
  Time since last request: 0.000023 seconds.
  path: Assets/Starter Assets/Runtime/Settings/Ultra_PipelineAsset.asset
  artifactKey: Guid(8b79b977e86dc420c9a4b7b6c05a74a8) Importer(2089858483,192608db42251d675da83286b1cce702)
Start importing Assets/Starter Assets/Runtime/Settings/Ultra_PipelineAsset.asset using Guid(8b79b977e86dc420c9a4b7b6c05a74a8) Importer(2089858483,192608db42251d675da83286b1cce702) (ScriptedImporter) -> (artifact id: '391d31845702c12dae8eb3b89c6367f8') in 0.01612696 seconds
Number of updated asset objects reloaded before import = 0Number of asset objects unloaded after import = 2

========================================================================
Received Import Request.
  Time since last request: 0.000035 seconds.
  path: Assets/TENKOKU - DYNAMIC SKY/EFFECTS/Textures/mat_fx_rainFog.mat
  artifactKey: Guid(eb225d6dba5b8114ea482438f810a3ec) Importer(2089858483,192608db42251d675da83286b1cce702)
Start importing Assets/TENKOKU - DYNAMIC SKY/EFFECTS/Textures/mat_fx_rainFog.mat using Guid(eb225d6dba5b8114ea482438f810a3ec) Importer(2089858483,192608db42251d675da83286b1cce702) (ScriptedImporter) -> (artifact id: 'f6323891901b2aca03656e2a136c25fb') in 0.004866156 seconds
Number of updated asset objects reloaded before import = 0Number of asset objects unloaded after import = 2

========================================================================
Received Import Request.
  Time since last request: 0.000037 seconds.
  path: Assets/Starter Assets/Runtime/Settings/Very Low_PipelineAsset.asset
  artifactKey: Guid(69480fc1192f04488be5781c2ec080a9) Importer(2089858483,192608db42251d675da83286b1cce702)
Start importing Assets/Starter Assets/Runtime/Settings/Very Low_PipelineAsset.asset using Guid(69480fc1192f04488be5781c2ec080a9) Importer(2089858483,192608db42251d675da83286b1cce702) (ScriptedImporter) -> (artifact id: '5f42453e7294d06cd4368d6618655387') in 0.017777407 seconds
Number of updated asset objects reloaded before import = 0Number of asset objects unloaded after import = 2

========================================================================
Received Import Request.
  Time since last request: 0.000028 seconds.
  path: Assets/Starter Assets/Runtime/Settings/Very High_PipelineAsset_ForwardRenderer.asset
  artifactKey: Guid(4962dd039b8344ed295c4518245d6c7b) Importer(2089858483,192608db42251d675da83286b1cce702)
Start importing Assets/Starter Assets/Runtime/Settings/Very High_PipelineAsset_ForwardRenderer.asset using Guid(4962dd039b8344ed295c4518245d6c7b) Importer(2089858483,192608db42251d675da83286b1cce702) (ScriptedImporter) -> (artifact id: 'f7d5da6f4865134bd7a1f913c2698d59') in 0.060944584 seconds
Number of updated asset objects reloaded before import = 0Number of asset objects unloaded after import = 1

========================================================================
Received Import Request.
  Time since last request: 0.000026 seconds.
  path: Assets/TENKOKU - DYNAMIC SKY/RESOURCES/textures/gui_tex_tenkokudiv.psd
  artifactKey: Guid(4155a4c1bceff4148ab76393e4b738b7) Importer(2089858483,192608db42251d675da83286b1cce702)
Start importing Assets/TENKOKU - DYNAMIC SKY/RESOURCES/textures/gui_tex_tenkokudiv.psd using Guid(4155a4c1bceff4148ab76393e4b738b7) Importer(2089858483,192608db42251d675da83286b1cce702) (ScriptedImporter) -> (artifact id: '8e60709b6a31f9fef55f8f2aead29727') in 0.010852619 seconds
Number of updated asset objects reloaded before import = 0Number of asset objects unloaded after import = 1

========================================================================
Received Import Request.
  Time since last request: 0.000023 seconds.
  path: Assets/TENKOKU - DYNAMIC SKY/EFFECTS/Textures/mat_fx_fog.mat
  artifactKey: Guid(86048402a6952f64f84ba9c5bdd2bf13) Importer(2089858483,192608db42251d675da83286b1cce702)
Start importing Assets/TENKOKU - DYNAMIC SKY/EFFECTS/Textures/mat_fx_fog.mat using Guid(86048402a6952f64f84ba9c5bdd2bf13) Importer(2089858483,192608db42251d675da83286b1cce702) (ScriptedImporter) -> (artifact id: '706a879dbdb1342ab2d8bc344253945e') in 0.006773781 seconds
Number of updated asset objects reloaded before import = 0Number of asset objects unloaded after import = 2

========================================================================
Received Import Request.
  Time since last request: 0.000035 seconds.
  path: Assets/Starter Assets/Sample/FirstPersonController/Playground.unity
  artifactKey: Guid(707acc8dffb72b144bb1ffbe1c965f3d) Importer(2089858483,192608db42251d675da83286b1cce702)
Start importing Assets/Starter Assets/Sample/FirstPersonController/Playground.unity using Guid(707acc8dffb72b144bb1ffbe1c965f3d) Importer(2089858483,192608db42251d675da83286b1cce702) (ScriptedImporter) -> (artifact id: 'fa70c740ae71fdc0dd47e6bcf769f0e5') in 0.006142528 seconds
Number of updated asset objects reloaded before import = 0Number of asset objects unloaded after import = 1

========================================================================
Received Import Request.
  Time since last request: 0.000046 seconds.
  path: Assets/TENKOKU - DYNAMIC SKY/EFFECTS/Textures/mat_fx_snow.mat
  artifactKey: Guid(d3a18964e01c3434e805da3dd46a7fef) Importer(2089858483,192608db42251d675da83286b1cce702)
Start importing Assets/TENKOKU - DYNAMIC SKY/EFFECTS/Textures/mat_fx_snow.mat using Guid(d3a18964e01c3434e805da3dd46a7fef) Importer(2089858483,192608db42251d675da83286b1cce702) (ScriptedImporter) -> (artifact id: '15317451d5178c4f2f00049cb9c9aa71') in 0.006198427 seconds
Number of updated asset objects reloaded before import = 0Number of asset objects unloaded after import = 2

========================================================================
Received Import Request.
  Time since last request: 0.000025 seconds.
  path: Assets/Starter Assets/Sample/ThirdPersonController/PlaygroundSettings.lighting
  artifactKey: Guid(3b3f7400d3526e9429c39d03afb714b3) Importer(2089858483,192608db42251d675da83286b1cce702)
Start importing Assets/Starter Assets/Sample/ThirdPersonController/PlaygroundSettings.lighting using Guid(3b3f7400d3526e9429c39d03afb714b3) Importer(2089858483,192608db42251d675da83286b1cce702) (ScriptedImporter) -> (artifact id: 'bbd113f6bb407d21756a416e0d1ece49') in 0.011411502 seconds
Number of updated asset objects reloaded before import = 0Number of asset objects unloaded after import = 1

========================================================================
Received Import Request.
  Time since last request: 0.000029 seconds.
  path: Assets/GVOZDY/Round Four-Tier Water Fountain/Textures/T_fountain_4_dark_albedo.png
  artifactKey: Guid(17e67f3daecdd5a4da069ee867a40b28) Importer(2089858483,192608db42251d675da83286b1cce702)
Start importing Assets/GVOZDY/Round Four-Tier Water Fountain/Textures/T_fountain_4_dark_albedo.png using Guid(17e67f3daecdd5a4da069ee867a40b28) Importer(2089858483,192608db42251d675da83286b1cce702) (ScriptedImporter) -> (artifact id: '7cc89216ea087fe636d66195aa6111df') in 0.019429578 seconds
Number of updated asset objects reloaded before import = 0Number of asset objects unloaded after import = 1

========================================================================
Received Import Request.
  Time since last request: 0.000026 seconds.
  path: Assets/TENKOKU - DYNAMIC SKY/TEXTURES/Materials/No Name.mat
  artifactKey: Guid(80014ad171c13de4a919c7cd11d9ab76) Importer(2089858483,192608db42251d675da83286b1cce702)
Start importing Assets/TENKOKU - DYNAMIC SKY/TEXTURES/Materials/No Name.mat using Guid(80014ad171c13de4a919c7cd11d9ab76) Importer(2089858483,192608db42251d675da83286b1cce702) (ScriptedImporter) -> (artifact id: 'f9523a75961bcc843a486f44f8579f06') in 0.004347693 seconds
Number of updated asset objects reloaded before import = 0Number of asset objects unloaded after import = 1

========================================================================
Received Import Request.
  Time since last request: 0.000025 seconds.
  path: Assets/TENKOKU - DYNAMIC SKY/TEXTURES/LIGHTFLARES/tex_eyepattern.psd
  artifactKey: Guid(cf6ec9924bbb52c4c99e0ea84f894732) Importer(2089858483,192608db42251d675da83286b1cce702)
Start importing Assets/TENKOKU - DYNAMIC SKY/TEXTURES/LIGHTFLARES/tex_eyepattern.psd using Guid(cf6ec9924bbb52c4c99e0ea84f894732) Importer(2089858483,192608db42251d675da83286b1cce702) (ScriptedImporter) -> (artifact id: '521f82e4929d0f3e2f11edddc3df03ba') in 0.008502951 seconds
Number of updated asset objects reloaded before import = 0Number of asset objects unloaded after import = 1

========================================================================
Received Import Request.
  Time since last request: 0.000037 seconds.
  path: Assets/TENKOKU - DYNAMIC SKY/_DEMO/TEXTURES/mat_object_dielectric.mat
  artifactKey: Guid(17709d187eabd6a41928633d80de3126) Importer(2089858483,192608db42251d675da83286b1cce702)
Start importing Assets/TENKOKU - DYNAMIC SKY/_DEMO/TEXTURES/mat_object_dielectric.mat using Guid(17709d187eabd6a41928633d80de3126) Importer(2089858483,192608db42251d675da83286b1cce702) (ScriptedImporter) -> (artifact id: '6335775aee2366e278a8dfcaec18428b') in 0.005275572 seconds
Number of updated asset objects reloaded before import = 0Number of asset objects unloaded after import = 1

========================================================================
Received Import Request.
  Time since last request: 0.000040 seconds.
  path: Assets/TENKOKU - DYNAMIC SKY/_DEMO/SCRIPTS/ui_tenkokuHandler.cs
  artifactKey: Guid(2703938b5cd5ef84383a301d3aee095c) Importer(2089858483,192608db42251d675da83286b1cce702)
Start importing Assets/TENKOKU - DYNAMIC SKY/_DEMO/SCRIPTS/ui_tenkokuHandler.cs using Guid(2703938b5cd5ef84383a301d3aee095c) Importer(2089858483,192608db42251d675da83286b1cce702) (ScriptedImporter) -> (artifact id: 'faf1f8322520f4f9a3a814951e2848da') in 0.00297605 seconds
Number of updated asset objects reloaded before import = 0Number of asset objects unloaded after import = 0

========================================================================
Received Import Request.
  Time since last request: 0.000025 seconds.
  path: Assets/TENKOKU - DYNAMIC SKY/_DEMO/TEXTURES/mat_object_metalrough.mat
  artifactKey: Guid(749807f5dd9e83849856d0c80aa16edd) Importer(2089858483,192608db42251d675da83286b1cce702)
Start importing Assets/TENKOKU - DYNAMIC SKY/_DEMO/TEXTURES/mat_object_metalrough.mat using Guid(749807f5dd9e83849856d0c80aa16edd) Importer(2089858483,192608db42251d675da83286b1cce702) (ScriptedImporter) -> (artifact id: '7b30bc9360ba3c219c3c8227b8768bc9') in 0.004639754 seconds
Number of updated asset objects reloaded before import = 0Number of asset objects unloaded after import = 1

========================================================================
Received Import Request.
  Time since last request: 0.000025 seconds.
  path: Assets/TENKOKU - DYNAMIC SKY/_DEMO/TEXTURES/tex_ui_gradient.png
  artifactKey: Guid(868d3f2b4ff1b154fa16b6acc2c9e143) Importer(2089858483,192608db42251d675da83286b1cce702)
Start importing Assets/TENKOKU - DYNAMIC SKY/_DEMO/TEXTURES/tex_ui_gradient.png using Guid(868d3f2b4ff1b154fa16b6acc2c9e143) Importer(2089858483,192608db42251d675da83286b1cce702) (ScriptedImporter) -> (artifact id: '5db5458c8dc93c38f9de2323f97e5c39') in 0.022202386 seconds
Number of updated asset objects reloaded before import = 0Number of asset objects unloaded after import = 3

========================================================================
Received Import Request.
  Time since last request: 0.000024 seconds.
  path: Assets/TENKOKU - DYNAMIC SKY/_DEMO/TEXTURES/tex_ui_slider.jpg
  artifactKey: Guid(43347c2d2169a85408ec4cc7a5ba19ed) Importer(2089858483,192608db42251d675da83286b1cce702)
Start importing Assets/TENKOKU - DYNAMIC SKY/_DEMO/TEXTURES/tex_ui_slider.jpg using Guid(43347c2d2169a85408ec4cc7a5ba19ed) Importer(2089858483,192608db42251d675da83286b1cce702) (ScriptedImporter) -> (artifact id: '22391e3add41bf6f6b477f2977ac9188') in 0.015717107 seconds
Number of updated asset objects reloaded before import = 0Number of asset objects unloaded after import = 3

========================================================================
Received Import Request.
  Time since last request: 0.000027 seconds.
  path: Assets/Dnk_Dev/Brick_Fence/Models/Materials/Mat_Brick_fence01_D.mat
  artifactKey: Guid(ec3e3c392bb65ed4eb0ad2585235a9a5) Importer(2089858483,192608db42251d675da83286b1cce702)
Start importing Assets/Dnk_Dev/Brick_Fence/Models/Materials/Mat_Brick_fence01_D.mat using Guid(ec3e3c392bb65ed4eb0ad2585235a9a5) Importer(2089858483,192608db42251d675da83286b1cce702) (ScriptedImporter) -> (artifact id: 'b6a349366629781df27d0c99fe7dcea9') in 0.014186057 seconds
Number of updated asset objects reloaded before import = 0Number of asset objects unloaded after import = 3

========================================================================
Received Import Request.
  Time since last request: 0.000035 seconds.
  path: Assets/Tree_Packs/URP_Tree_Pack/Prefabs/URP_Tree_3.prefab
  artifactKey: Guid(af90fe2f0f252bf4b8c2ab79bcd41edf) Importer(2089858483,192608db42251d675da83286b1cce702)
Start importing Assets/Tree_Packs/URP_Tree_Pack/Prefabs/URP_Tree_3.prefab using Guid(af90fe2f0f252bf4b8c2ab79bcd41edf) Importer(2089858483,192608db42251d675da83286b1cce702) (ScriptedImporter) -> (artifact id: 'c12e0993bcceaead81122d85443a1eb9') in 0.013577867 seconds
Number of updated asset objects reloaded before import = 0Number of asset objects unloaded after import = 25

========================================================================
Received Import Request.
  Time since last request: 0.000039 seconds.
  path: Assets/YughuesFreeBushes2018/Meshes/OLD/bush_01.obj
  artifactKey: Guid(efdc2f0914206bb4eb98f617f4ae452c) Importer(2089858483,192608db42251d675da83286b1cce702)
Start importing Assets/YughuesFreeBushes2018/Meshes/OLD/bush_01.obj using Guid(efdc2f0914206bb4eb98f617f4ae452c) Importer(2089858483,192608db42251d675da83286b1cce702) (ScriptedImporter) -> (artifact id: '4ae1a32c6be35d79bebd8f32506d8307') in 0.018638436 seconds
Number of updated asset objects reloaded before import = 0Number of asset objects unloaded after import = 10

========================================================================
Received Import Request.
  Time since last request: 0.000023 seconds.
  path: Assets/TENKOKU - DYNAMIC SKY/TEXTURES/LIGHTFLARES/flareSunOrig.flare
  artifactKey: Guid(add2767f0c47c7c46af0fc0d92799a28) Importer(2089858483,192608db42251d675da83286b1cce702)
Start importing Assets/TENKOKU - DYNAMIC SKY/TEXTURES/LIGHTFLARES/flareSunOrig.flare using Guid(add2767f0c47c7c46af0fc0d92799a28) Importer(2089858483,192608db42251d675da83286b1cce702) (ScriptedImporter) -> (artifact id: 'cb395d009ad2dda8eb09035c0d602c09') in 0.003960761 seconds
Number of updated asset objects reloaded before import = 0Number of asset objects unloaded after import = 2

========================================================================
Received Import Request.
  Time since last request: 0.000021 seconds.
  path: Assets/Dnk_Dev/Brick_Fence/Models/SM_Brick_Fence_01.FBX
  artifactKey: Guid(53d76df54bb1e3040a469750be9670a8) Importer(2089858483,192608db42251d675da83286b1cce702)
Start importing Assets/Dnk_Dev/Brick_Fence/Models/SM_Brick_Fence_01.FBX using Guid(53d76df54bb1e3040a469750be9670a8) Importer(2089858483,192608db42251d675da83286b1cce702) (ScriptedImporter) -> (artifact id: '6b167fce1e9867ba28c4d2fed197f297') in 0.010700979 seconds
Number of updated asset objects reloaded before import = 0Number of asset objects unloaded after import = 19

========================================================================
Received Import Request.
  Time since last request: 0.000025 seconds.
  path: Assets/SimplePoly City - Low Poly Assets/Prefab/Buildings/Building_Residential_color01.prefab
  artifactKey: Guid(921b4e33443ab5943afa3c4841e74cae) Importer(2089858483,192608db42251d675da83286b1cce702)
Start importing Assets/SimplePoly City - Low Poly Assets/Prefab/Buildings/Building_Residential_color01.prefab using Guid(921b4e33443ab5943afa3c4841e74cae) Importer(2089858483,192608db42251d675da83286b1cce702) (ScriptedImporter) -> (artifact id: 'e8fdcb0603751368a52e75040932c888') in 0.007191998 seconds
Number of updated asset objects reloaded before import = 0Number of asset objects unloaded after import = 8

========================================================================
Received Import Request.
  Time since last request: 0.000024 seconds.
  path: Assets/TENKOKU - DYNAMIC SKY/EFFECTS/Textures/tex_screenMask.psd
  artifactKey: Guid(5fbce30555884d047a557b8330f9f5d6) Importer(2089858483,192608db42251d675da83286b1cce702)
Start importing Assets/TENKOKU - DYNAMIC SKY/EFFECTS/Textures/tex_screenMask.psd using Guid(5fbce30555884d047a557b8330f9f5d6) Importer(2089858483,192608db42251d675da83286b1cce702) (ScriptedImporter) -> (artifact id: '92aa46980d6da0d5837e0ed727238f1d') in 0.008736487 seconds
Number of updated asset objects reloaded before import = 0Number of asset objects unloaded after import = 1

========================================================================
Received Import Request.
  Time since last request: 0.000019 seconds.
  path: Assets/SimplePoly City - Low Poly Assets/Prefab/Props/Props_Roof prop air.prefab
  artifactKey: Guid(120449a04911a924ca1239be382ff0be) Importer(2089858483,192608db42251d675da83286b1cce702)
Start importing Assets/SimplePoly City - Low Poly Assets/Prefab/Props/Props_Roof prop air.prefab using Guid(120449a04911a924ca1239be382ff0be) Importer(2089858483,192608db42251d675da83286b1cce702) (ScriptedImporter) -> (artifact id: '479e8ca901c57a431c2a24894d7f66cb') in 0.009134362 seconds
Number of updated asset objects reloaded before import = 0Number of asset objects unloaded after import = 10

========================================================================
Received Import Request.
  Time since last request: 0.000030 seconds.
  path: Assets/SimplePoly City - Low Poly Assets/Prefab/Buildings/Building_Fruits  Shop.prefab
  artifactKey: Guid(931fa17f0ab17504bbfc8903e54e6a16) Importer(2089858483,192608db42251d675da83286b1cce702)
Start importing Assets/SimplePoly City - Low Poly Assets/Prefab/Buildings/Building_Fruits  Shop.prefab using Guid(931fa17f0ab17504bbfc8903e54e6a16) Importer(2089858483,192608db42251d675da83286b1cce702) (ScriptedImporter) -> (artifact id: 'db22637fa1d4d23ab054bad263fc4d48') in 0.010009108 seconds
Number of updated asset objects reloaded before import = 0Number of asset objects unloaded after import = 8

========================================================================
Received Import Request.
  Time since last request: 0.000038 seconds.
  path: Assets/Dnk_Dev/Brick_Fence/Models/Materials/Mat_Brick_fence_03.mat
  artifactKey: Guid(4fafb8d6b3b36774abf2b2b93f29e09f) Importer(2089858483,192608db42251d675da83286b1cce702)
Start importing Assets/Dnk_Dev/Brick_Fence/Models/Materials/Mat_Brick_fence_03.mat using Guid(4fafb8d6b3b36774abf2b2b93f29e09f) Importer(2089858483,192608db42251d675da83286b1cce702) (ScriptedImporter) -> (artifact id: '19e1afaeed900053dd9063b581307ba4') in 0.014446613 seconds
Number of updated asset objects reloaded before import = 0Number of asset objects unloaded after import = 3

========================================================================
Received Import Request.
  Time since last request: 0.000028 seconds.
  path: Assets/SimplePoly City - Low Poly Assets/Prefab/Vehicles/Vehicle with Static Wheels/Vehicle_Bus_color03.prefab
  artifactKey: Guid(f269a0a343ed94c4e908a388c940ea06) Importer(2089858483,192608db42251d675da83286b1cce702)
Start importing Assets/SimplePoly City - Low Poly Assets/Prefab/Vehicles/Vehicle with Static Wheels/Vehicle_Bus_color03.prefab using Guid(f269a0a343ed94c4e908a388c940ea06) Importer(2089858483,192608db42251d675da83286b1cce702) (ScriptedImporter) -> (artifact id: 'a74052ac8dc24afcc2fd5406fc977968') in 0.009115739 seconds
Number of updated asset objects reloaded before import = 0Number of asset objects unloaded after import = 8

========================================================================
Received Import Request.
  Time since last request: 0.000024 seconds.
  path: Assets/SimplePoly City - Low Poly Assets/Prefab/Vehicles/Vehicle with Separated Wheels/Vehicle_Taxi_separate.prefab
  artifactKey: Guid(fba5e236738a7c940b3a8d031c307794) Importer(2089858483,192608db42251d675da83286b1cce702)
Start importing Assets/SimplePoly City - Low Poly Assets/Prefab/Vehicles/Vehicle with Separated Wheels/Vehicle_Taxi_separate.prefab using Guid(fba5e236738a7c940b3a8d031c307794) Importer(2089858483,192608db42251d675da83286b1cce702) (ScriptedImporter) -> (artifact id: '1913c58877d1f6c488e66fc451ade79e') in 0.007752213 seconds
Number of updated asset objects reloaded before import = 0Number of asset objects unloaded after import = 29

========================================================================
Received Import Request.
  Time since last request: 0.000024 seconds.
  path: Assets/SimplePoly City - Low Poly Assets/Prefab/Vehicles/Vehicle with Static Wheels/Vehicle_Pick up Truck_color02.prefab
  artifactKey: Guid(81c050d9e127fdd45af1f6b8da476b2b) Importer(2089858483,192608db42251d675da83286b1cce702)
Start importing Assets/SimplePoly City - Low Poly Assets/Prefab/Vehicles/Vehicle with Static Wheels/Vehicle_Pick up Truck_color02.prefab using Guid(81c050d9e127fdd45af1f6b8da476b2b) Importer(2089858483,192608db42251d675da83286b1cce702) (ScriptedImporter) -> (artifact id: '36470def4d45067898eec7a0daacfb37') in 0.010722674 seconds
Number of updated asset objects reloaded before import = 0Number of asset objects unloaded after import = 8

========================================================================
Received Import Request.
  Time since last request: 0.000023 seconds.
  path: Assets/SimplePoly City - Low Poly Assets/Prefab/Vehicles/Vehicle with Separated Wheels/Vehicle_Pick up Truck_color03_separate.prefab
  artifactKey: Guid(675baac8bae68964e948aabc6ff2857c) Importer(2089858483,192608db42251d675da83286b1cce702)
Start importing Assets/SimplePoly City - Low Poly Assets/Prefab/Vehicles/Vehicle with Separated Wheels/Vehicle_Pick up Truck_color03_separate.prefab using Guid(675baac8bae68964e948aabc6ff2857c) Importer(2089858483,192608db42251d675da83286b1cce702) (ScriptedImporter) -> (artifact id: 'c30a7dc6cd408578cdaf482e929656c8') in 0.007089525 seconds
Number of updated asset objects reloaded before import = 0Number of asset objects unloaded after import = 29

========================================================================
Received Import Request.
  Time since last request: 0.000031 seconds.
  path: Assets/SimplePoly City - Low Poly Assets/Prefab/Vehicles/Vehicle with Separated Wheels/Vehicle_Truck_color03_separate.prefab
  artifactKey: Guid(1508f459923b7df4889f466e17864ab4) Importer(2089858483,192608db42251d675da83286b1cce702)
Start importing Assets/SimplePoly City - Low Poly Assets/Prefab/Vehicles/Vehicle with Separated Wheels/Vehicle_Truck_color03_separate.prefab using Guid(1508f459923b7df4889f466e17864ab4) Importer(2089858483,192608db42251d675da83286b1cce702) (ScriptedImporter) -> (artifact id: '5a80fc6128af392b3c7f4360e963021d') in 0.005028723 seconds
Number of updated asset objects reloaded before import = 0Number of asset objects unloaded after import = 39

========================================================================
Received Import Request.
  Time since last request: 0.000036 seconds.
  path: Assets/SimplePoly City - Low Poly Assets/Prefab/Vehicles/Vehicle with Static Wheels/Vehicle_Police Car.prefab
  artifactKey: Guid(1af0a2c8773f85c40bdb120f32cd8a8a) Importer(2089858483,192608db42251d675da83286b1cce702)
Start importing Assets/SimplePoly City - Low Poly Assets/Prefab/Vehicles/Vehicle with Static Wheels/Vehicle_Police Car.prefab using Guid(1af0a2c8773f85c40bdb120f32cd8a8a) Importer(2089858483,192608db42251d675da83286b1cce702) (ScriptedImporter) -> (artifact id: '457ff1b9bc6aaa8009ef8882d8dc0db9') in 0.007132339 seconds
Number of updated asset objects reloaded before import = 0Number of asset objects unloaded after import = 8

========================================================================
Received Import Request.
  Time since last request: 0.000021 seconds.
  path: Assets/SimplePoly City - Low Poly Assets/Prefab/Vehicles/Vehicle with Static Wheels/Vehicle_SUV_color03.prefab
  artifactKey: Guid(00d77ce56096de34eb6645947a0f8925) Importer(2089858483,192608db42251d675da83286b1cce702)
Start importing Assets/SimplePoly City - Low Poly Assets/Prefab/Vehicles/Vehicle with Static Wheels/Vehicle_SUV_color03.prefab using Guid(00d77ce56096de34eb6645947a0f8925) Importer(2089858483,192608db42251d675da83286b1cce702) (ScriptedImporter) -> (artifact id: 'e81938e466c40191de23b9a384df10d4') in 0.007532715 seconds
Number of updated asset objects reloaded before import = 0Number of asset objects unloaded after import = 8

========================================================================
Received Import Request.
  Time since last request: 0.000021 seconds.
  path: Assets/SimplePoly City - Low Poly Assets/Prefab/Vehicles/Vehicle with Static Wheels/Vehicle_Pick up Truck_color01.prefab
  artifactKey: Guid(93d0d450ec8b42e46b724bf2bbee330b) Importer(2089858483,192608db42251d675da83286b1cce702)
Start importing Assets/SimplePoly City - Low Poly Assets/Prefab/Vehicles/Vehicle with Static Wheels/Vehicle_Pick up Truck_color01.prefab using Guid(93d0d450ec8b42e46b724bf2bbee330b) Importer(2089858483,192608db42251d675da83286b1cce702) (ScriptedImporter) -> (artifact id: '1cbe7bb5c972f8576143602b53ff54ed') in 0.008901197 seconds
Number of updated asset objects reloaded before import = 0Number of asset objects unloaded after import = 8

========================================================================
Received Import Request.
  Time since last request: 0.000021 seconds.
  path: Assets/SimplePoly City - Low Poly Assets/Prefab/Vehicles/Vehicle with Separated Wheels/Vehicle_SUV_color03_separate.prefab
  artifactKey: Guid(f0ffa104f4ba20b40a0421d7c2b5f098) Importer(2089858483,192608db42251d675da83286b1cce702)
Start importing Assets/SimplePoly City - Low Poly Assets/Prefab/Vehicles/Vehicle with Separated Wheels/Vehicle_SUV_color03_separate.prefab using Guid(f0ffa104f4ba20b40a0421d7c2b5f098) Importer(2089858483,192608db42251d675da83286b1cce702) (ScriptedImporter) -> (artifact id: '1b30e450919d9fa56cd9b919ae8da6c3') in 0.004961332 seconds
Number of updated asset objects reloaded before import = 0Number of asset objects unloaded after import = 29

========================================================================
Received Import Request.
  Time since last request: 0.000022 seconds.
  path: Assets/SimplePoly City - Low Poly Assets/Prefab/Vehicles/Vehicle with Static Wheels/Vehicle_Container_color01.prefab
  artifactKey: Guid(979de0ac65f6d2b48a89e9088986637f) Importer(2089858483,192608db42251d675da83286b1cce702)
Start importing Assets/SimplePoly City - Low Poly Assets/Prefab/Vehicles/Vehicle with Static Wheels/Vehicle_Container_color01.prefab using Guid(979de0ac65f6d2b48a89e9088986637f) Importer(2089858483,192608db42251d675da83286b1cce702) (ScriptedImporter) -> (artifact id: '1f0b7b1c4de83a97d9f3ece770911ea7') in 0.008560151 seconds
Number of updated asset objects reloaded before import = 0Number of asset objects unloaded after import = 8

========================================================================
Received Import Request.
  Time since last request: 0.000029 seconds.
  path: Assets/SimplePoly City - Low Poly Assets/Prefab/Vehicles/Vehicle with Separated Wheels/Vehicle_Police Car_separate.prefab
  artifactKey: Guid(a7b60e70606f80245b2f8bc7ce2fadb6) Importer(2089858483,192608db42251d675da83286b1cce702)
Start importing Assets/SimplePoly City - Low Poly Assets/Prefab/Vehicles/Vehicle with Separated Wheels/Vehicle_Police Car_separate.prefab using Guid(a7b60e70606f80245b2f8bc7ce2fadb6) Importer(2089858483,192608db42251d675da83286b1cce702) (ScriptedImporter) -> (artifact id: '6da3e1c4444ee5b130b78036b5fd3b2d') in 0.006471268 seconds
Number of updated asset objects reloaded before import = 0Number of asset objects unloaded after import = 29

========================================================================
Received Import Request.
  Time since last request: 0.000028 seconds.
  path: Assets/SimplePoly City - Low Poly Assets/Prefab/Vehicles/Vehicle with Static Wheels/Vehicle_SUV_color01.prefab
  artifactKey: Guid(288b117258616aa4f928ba6f91dc47c3) Importer(2089858483,192608db42251d675da83286b1cce702)
Start importing Assets/SimplePoly City - Low Poly Assets/Prefab/Vehicles/Vehicle with Static Wheels/Vehicle_SUV_color01.prefab using Guid(288b117258616aa4f928ba6f91dc47c3) Importer(2089858483,192608db42251d675da83286b1cce702) (ScriptedImporter) -> (artifact id: '31d9ca585a0731956c88019cd85fad94') in 0.02108262 seconds
Number of updated asset objects reloaded before import = 0Number of asset objects unloaded after import = 8

========================================================================
Received Import Request.
  Time since last request: 0.000038 seconds.
  path: Assets/SimplePoly City - Low Poly Assets/Prefab/Vehicles/Vehicle with Separated Wheels/Vehicle_Ambulance_separate.prefab
  artifactKey: Guid(b3f4ad6e44f81784ba0ebe95aadf2a7d) Importer(2089858483,192608db42251d675da83286b1cce702)
Start importing Assets/SimplePoly City - Low Poly Assets/Prefab/Vehicles/Vehicle with Separated Wheels/Vehicle_Ambulance_separate.prefab using Guid(b3f4ad6e44f81784ba0ebe95aadf2a7d) Importer(2089858483,192608db42251d675da83286b1cce702) (ScriptedImporter) -> (artifact id: '51e764ab4b02829a900dc752aa9d512c') in 0.007060943 seconds
Number of updated asset objects reloaded before import = 0Number of asset objects unloaded after import = 29

========================================================================
Received Import Request.
  Time since last request: 0.000023 seconds.
  path: Assets/Starter Assets/Runtime/Settings/Medium_PipelineAsset.asset
  artifactKey: Guid(e00893132ee3140498fd2709faa1a711) Importer(2089858483,192608db42251d675da83286b1cce702)
Start importing Assets/Starter Assets/Runtime/Settings/Medium_PipelineAsset.asset using Guid(e00893132ee3140498fd2709faa1a711) Importer(2089858483,192608db42251d675da83286b1cce702) (ScriptedImporter) -> (artifact id: '0284ac9eaa831bf0aeaaa24526e91bba') in 0.021820294 seconds
Number of updated asset objects reloaded before import = 0Number of asset objects unloaded after import = 2

========================================================================
Received Import Request.
  Time since last request: 0.000025 seconds.
  path: Assets/Starter Assets/Runtime/ThirdPersonController/Prefabs/PlayerFollowCamera.prefab
  artifactKey: Guid(a1a802ecaf6775746bb2a929fb554ad8) Importer(2089858483,192608db42251d675da83286b1cce702)
Start importing Assets/Starter Assets/Runtime/ThirdPersonController/Prefabs/PlayerFollowCamera.prefab using Guid(a1a802ecaf6775746bb2a929fb554ad8) Importer(2089858483,192608db42251d675da83286b1cce702) (ScriptedImporter) -> (artifact id: '94837b0cca40099f66dd9ef5c42b2850') in 0.02542874 seconds
Number of updated asset objects reloaded before import = 0Number of asset objects unloaded after import = 11

========================================================================
Received Import Request.
  Time since last request: 0.000019 seconds.
  path: Assets/Starter Assets/Runtime/Mobile/UI/TouchScreenInputDefaultStyle.tss
  artifactKey: Guid(271d0c8741016ff4eae1b9070589c571) Importer(2089858483,192608db42251d675da83286b1cce702)
Start importing Assets/Starter Assets/Runtime/Mobile/UI/TouchScreenInputDefaultStyle.tss using Guid(271d0c8741016ff4eae1b9070589c571) Importer(2089858483,192608db42251d675da83286b1cce702) (ScriptedImporter) -> (artifact id: 'e7f6d793ba8cbcfee392f18caee90089') in 0.024886875 seconds
Number of updated asset objects reloaded before import = 0Number of asset objects unloaded after import = 8

========================================================================
Received Import Request.
  Time since last request: 0.000020 seconds.
  path: Assets/Starter Assets/Sample/Environment/Prefabs/Stairs_200x100x200_Prefab.prefab
  artifactKey: Guid(466621a4836aa504c87c15d88722d465) Importer(2089858483,192608db42251d675da83286b1cce702)
Start importing Assets/Starter Assets/Sample/Environment/Prefabs/Stairs_200x100x200_Prefab.prefab using Guid(466621a4836aa504c87c15d88722d465) Importer(2089858483,192608db42251d675da83286b1cce702) (ScriptedImporter) -> (artifact id: '827985fd5260101c826c7c290feb5429') in 0.011607596 seconds
Number of updated asset objects reloaded before import = 0Number of asset objects unloaded after import = 10

========================================================================
Received Import Request.
  Time since last request: 0.000027 seconds.
  path: Assets/Starter Assets/Runtime/FirstPersonController/Prefabs/MainCamera.prefab
  artifactKey: Guid(2d3a85ecde41a8246a79669975912b74) Importer(2089858483,192608db42251d675da83286b1cce702)
Start importing Assets/Starter Assets/Runtime/FirstPersonController/Prefabs/MainCamera.prefab using Guid(2d3a85ecde41a8246a79669975912b74) Importer(2089858483,192608db42251d675da83286b1cce702) (ScriptedImporter) -> (artifact id: '47ae78e60f6839caab4609835af9d55a') in 0.057008737 seconds
Number of updated asset objects reloaded before import = 0Number of asset objects unloaded after import = 8

========================================================================
Received Import Request.
  Time since last request: 0.000042 seconds.
  path: Assets/Starter Assets/Runtime/ThirdPersonController/Prefabs/NestedParentArmature_Unpack.prefab
  artifactKey: Guid(c708a3b79cd542b42bbfedb17e213bc1) Importer(2089858483,192608db42251d675da83286b1cce702)
Start importing Assets/Starter Assets/Runtime/ThirdPersonController/Prefabs/NestedParentArmature_Unpack.prefab using Guid(c708a3b79cd542b42bbfedb17e213bc1) Importer(2089858483,192608db42251d675da83286b1cce702) (ScriptedImporter) -> (artifact id: '89535998fc65b454d1c28d8f140a0ac1') in 0.01806249 seconds
Number of updated asset objects reloaded before import = 0Number of asset objects unloaded after import = 190

========================================================================
Received Import Request.
  Time since last request: 0.000027 seconds.
  path: Assets/Starter Assets/Runtime/FirstPersonController/Prefabs/PlayerCapsule.prefab
  artifactKey: Guid(c5efc39a8aaf6e64ea40e9ad573e9b47) Importer(2089858483,192608db42251d675da83286b1cce702)
Start importing Assets/Starter Assets/Runtime/FirstPersonController/Prefabs/PlayerCapsule.prefab using Guid(c5efc39a8aaf6e64ea40e9ad573e9b47) Importer(2089858483,192608db42251d675da83286b1cce702) (ScriptedImporter) -> (artifact id: '4bdf4538ee2a4a4069cd47bb8d1ee243') in 0.044819528 seconds
Number of updated asset objects reloaded before import = 0Number of asset objects unloaded after import = 18

========================================================================
Received Import Request.
  Time since last request: 0.000025 seconds.
  path: Assets/Starter Assets/Sample/Environment/Prefabs/Box_350x250x200_Prefab.prefab
  artifactKey: Guid(7b846d8f536f007498c941069487ce81) Importer(2089858483,192608db42251d675da83286b1cce702)
Start importing Assets/Starter Assets/Sample/Environment/Prefabs/Box_350x250x200_Prefab.prefab using Guid(7b846d8f536f007498c941069487ce81) Importer(2089858483,192608db42251d675da83286b1cce702) (ScriptedImporter) -> (artifact id: '469bc415f79402cd492516923b38390a') in 0.018420918 seconds
Number of updated asset objects reloaded before import = 0Number of asset objects unloaded after import = 9

========================================================================
Received Import Request.
  Time since last request: 0.000023 seconds.
  path: Assets/Starter Assets/Sample/Environment/Prefabs/Box_350x250x300_Prefab.prefab
  artifactKey: Guid(687dbafc2b84b2846b9a4a7a7dae2a7e) Importer(2089858483,192608db42251d675da83286b1cce702)
Start importing Assets/Starter Assets/Sample/Environment/Prefabs/Box_350x250x300_Prefab.prefab using Guid(687dbafc2b84b2846b9a4a7a7dae2a7e) Importer(2089858483,192608db42251d675da83286b1cce702) (ScriptedImporter) -> (artifact id: '394a902e6695ec8fb2bc372934b6818e') in 0.010558482 seconds
Number of updated asset objects reloaded before import = 0Number of asset objects unloaded after import = 9

========================================================================
Received Import Request.
  Time since last request: 0.000037 seconds.
  path: Assets/Starter Assets/Runtime/FirstPersonController/Scripts/FirstPersonController.cs
  artifactKey: Guid(55919ac34a26952479f3fc91f777b2fa) Importer(2089858483,192608db42251d675da83286b1cce702)
Start importing Assets/Starter Assets/Runtime/FirstPersonController/Scripts/FirstPersonController.cs using Guid(55919ac34a26952479f3fc91f777b2fa) Importer(2089858483,192608db42251d675da83286b1cce702) (ScriptedImporter) -> (artifact id: 'c896ebbd135b35f5cca007fe79691caf') in 0.004026618 seconds
Number of updated asset objects reloaded before import = 0Number of asset objects unloaded after import = 0

========================================================================
Received Import Request.
  Time since last request: 0.000042 seconds.
  path: Assets/Starter Assets/Runtime/Mobile/Prefabs/UI_TouchScreenInput.prefab
  artifactKey: Guid(7d001cacf887eb14cbf269a09e3ec3ba) Importer(2089858483,192608db42251d675da83286b1cce702)
Start importing Assets/Starter Assets/Runtime/Mobile/Prefabs/UI_TouchScreenInput.prefab using Guid(7d001cacf887eb14cbf269a09e3ec3ba) Importer(2089858483,192608db42251d675da83286b1cce702) (ScriptedImporter) -> (artifact id: '48f1a8127cbb452ca15da215b33f42a2') in 0.038862647 seconds
Number of updated asset objects reloaded before import = 0Number of asset objects unloaded after import = 19

========================================================================
Received Import Request.
  Time since last request: 0.000025 seconds.
  path: Assets/TENKOKU - DYNAMIC SKY/_DEMO/TERRAIN/GRASS/tex_grass2.png
  artifactKey: Guid(3bdd4bdbe85006d4794e0799d05e23d7) Importer(2089858483,192608db42251d675da83286b1cce702)
Start importing Assets/TENKOKU - DYNAMIC SKY/_DEMO/TERRAIN/GRASS/tex_grass2.png using Guid(3bdd4bdbe85006d4794e0799d05e23d7) Importer(2089858483,192608db42251d675da83286b1cce702) (ScriptedImporter) -> (artifact id: '7ce97edf7b177cec75a7e163de2d297d') in 0.008171041 seconds
Number of updated asset objects reloaded before import = 0Number of asset objects unloaded after import = 1

========================================================================
Received Import Request.
  Time since last request: 0.000025 seconds.
  path: Assets/TENKOKU - DYNAMIC SKY/_DEMO/TERRAIN/GRASS/tex_grass1.png
  artifactKey: Guid(c026e7f93e47da04193b34061eb47981) Importer(2089858483,192608db42251d675da83286b1cce702)
Start importing Assets/TENKOKU - DYNAMIC SKY/_DEMO/TERRAIN/GRASS/tex_grass1.png using Guid(c026e7f93e47da04193b34061eb47981) Importer(2089858483,192608db42251d675da83286b1cce702) (ScriptedImporter) -> (artifact id: '7d6f55f86ba9454b250859cb03a99457') in 0.008579352 seconds
Number of updated asset objects reloaded before import = 0Number of asset objects unloaded after import = 1

========================================================================
Received Import Request.
  Time since last request: 0.000024 seconds.
  path: Assets/Tree_Packs/URP_Tree_Pack/Models/URP_Tree_3/URP_Tree_3_LOD_1.fbx
  artifactKey: Guid(fc71d47d7a4d9574bb7aaccbb2585322) Importer(2089858483,192608db42251d675da83286b1cce702)
Start importing Assets/Tree_Packs/URP_Tree_Pack/Models/URP_Tree_3/URP_Tree_3_LOD_1.fbx using Guid(fc71d47d7a4d9574bb7aaccbb2585322) Importer(2089858483,192608db42251d675da83286b1cce702) (ScriptedImporter) -> (artifact id: '282243873e6fb019087dc358799e4f73') in 0.019670602 seconds
Number of updated asset objects reloaded before import = 0Number of asset objects unloaded after import = 9

========================================================================
Received Import Request.
  Time since last request: 0.000024 seconds.
  path: Assets/Starter Assets/Sample/ThirdPersonController/Playground/ReflectionProbe-2.exr
  artifactKey: Guid(7e3f1677bc1aead4fb8791998078dcec) Importer(2089858483,192608db42251d675da83286b1cce702)
Start importing Assets/Starter Assets/Sample/ThirdPersonController/Playground/ReflectionProbe-2.exr using Guid(7e3f1677bc1aead4fb8791998078dcec) Importer(2089858483,192608db42251d675da83286b1cce702) (ScriptedImporter) -> (artifact id: '57f59aafe8525d6d42c08769efc9ffba') in 0.013093388 seconds
Number of updated asset objects reloaded before import = 0Number of asset objects unloaded after import = 1

========================================================================
Received Import Request.
  Time since last request: 0.000035 seconds.
  path: Assets/Starter Assets/Sample/ThirdPersonController/Playground/ReflectionProbe-1.exr
  artifactKey: Guid(1b8a4de7469ad774c80dd6678d94e6b9) Importer(2089858483,192608db42251d675da83286b1cce702)
Start importing Assets/Starter Assets/Sample/ThirdPersonController/Playground/ReflectionProbe-1.exr using Guid(1b8a4de7469ad774c80dd6678d94e6b9) Importer(2089858483,192608db42251d675da83286b1cce702) (ScriptedImporter) -> (artifact id: '78cec8da1d2932ae2ceb886b37bae659') in 0.011104114 seconds
Number of updated asset objects reloaded before import = 0Number of asset objects unloaded after import = 1

========================================================================
Received Import Request.
  Time since last request: 0.000039 seconds.
  path: Assets/TENKOKU - DYNAMIC SKY/_DEMO/SCRIPTS/CONTROLLER/ten_demo_InputController.cs
  artifactKey: Guid(4c250bd6575c8e345bed62a200fb9463) Importer(2089858483,192608db42251d675da83286b1cce702)
Start importing Assets/TENKOKU - DYNAMIC SKY/_DEMO/SCRIPTS/CONTROLLER/ten_demo_InputController.cs using Guid(4c250bd6575c8e345bed62a200fb9463) Importer(2089858483,192608db42251d675da83286b1cce702) (ScriptedImporter) -> (artifact id: '929db9c895ce5e033bfad9d4fe8fb847') in 0.005801515 seconds
Number of updated asset objects reloaded before import = 0Number of asset objects unloaded after import = 0

========================================================================
Received Import Request.
  Time since last request: 0.000028 seconds.
  path: Assets/Tree_Packs/URP_Tree_Pack/Textures/Global/IBL_Sky.mat
  artifactKey: Guid(ec9e42d159176684fb6a0bc9034633f1) Importer(2089858483,192608db42251d675da83286b1cce702)
Start importing Assets/Tree_Packs/URP_Tree_Pack/Textures/Global/IBL_Sky.mat using Guid(ec9e42d159176684fb6a0bc9034633f1) Importer(2089858483,192608db42251d675da83286b1cce702) (ScriptedImporter) -> (artifact id: 'cab7876f86e8915bb979911dde2141da') in 0.418172802 seconds
Number of updated asset objects reloaded before import = 0Number of asset objects unloaded after import = 2

========================================================================
Received Import Request.
  Time since last request: 0.000035 seconds.
  path: Assets/Starter Assets/Runtime/Mobile/UI/Images/UI_Icon_Look.png
  artifactKey: Guid(af0ae2dbf3d1efb4f82af377950704a2) Importer(2089858483,192608db42251d675da83286b1cce702)
Start importing Assets/Starter Assets/Runtime/Mobile/UI/Images/UI_Icon_Look.png using Guid(af0ae2dbf3d1efb4f82af377950704a2) Importer(2089858483,192608db42251d675da83286b1cce702) (ScriptedImporter) -> (artifact id: '0c2f787a44f0e22c8f3dec2dd230ac99') in 0.021643783 seconds
Number of updated asset objects reloaded before import = 0Number of asset objects unloaded after import = 3

========================================================================
Received Import Request.
  Time since last request: 0.000053 seconds.
  path: Assets/Starter Assets/Runtime/ThirdPersonController/Character/Animations/Locomotion--Walk_N.anim.fbx
  artifactKey: Guid(8269a9f8cf495034c817722ac21f309f) Importer(2089858483,192608db42251d675da83286b1cce702)
Start importing Assets/Starter Assets/Runtime/ThirdPersonController/Character/Animations/Locomotion--Walk_N.anim.fbx using Guid(8269a9f8cf495034c817722ac21f309f) Importer(2089858483,192608db42251d675da83286b1cce702) (ScriptedImporter) -> (artifact id: '59c07c42e5afe9586adcb830a0023509') in 0.020856156 seconds
Number of updated asset objects reloaded before import = 0Number of asset objects unloaded after import = 144

========================================================================
Received Import Request.
  Time since last request: 0.000024 seconds.
  path: Assets/Starter Assets/Runtime/Mobile/UI/Images/UI_Circle_Faded.png
  artifactKey: Guid(90ded0611e490aa4ba6961afbfc2280d) Importer(2089858483,192608db42251d675da83286b1cce702)
Start importing Assets/Starter Assets/Runtime/Mobile/UI/Images/UI_Circle_Faded.png using Guid(90ded0611e490aa4ba6961afbfc2280d) Importer(2089858483,192608db42251d675da83286b1cce702) (ScriptedImporter) -> (artifact id: 'c02aa337ffb76551c464f893bdf4af3d') in 0.034939312 seconds
Number of updated asset objects reloaded before import = 0Number of asset objects unloaded after import = 3

========================================================================
Received Import Request.
  Time since last request: 0.000030 seconds.
  path: Assets/Starter Assets/Runtime/Mobile/UI/Images/UI_Icon_Sprint.png
  artifactKey: Guid(b0fa70abd2a79904cb00b175dfd8ec7e) Importer(2089858483,192608db42251d675da83286b1cce702)
Start importing Assets/Starter Assets/Runtime/Mobile/UI/Images/UI_Icon_Sprint.png using Guid(b0fa70abd2a79904cb00b175dfd8ec7e) Importer(2089858483,192608db42251d675da83286b1cce702) (ScriptedImporter) -> (artifact id: '68192bd052e29d4799bab1376858c7a7') in 0.019783895 seconds
Number of updated asset objects reloaded before import = 0Number of asset objects unloaded after import = 3

========================================================================
Received Import Request.
  Time since last request: 0.000024 seconds.
  path: Assets/Starter Assets/Runtime/ThirdPersonController/Character/Animations/Locomotion--Run_N.anim.fbx
  artifactKey: Guid(16114d403eabb53438de032c6f0d1deb) Importer(2089858483,192608db42251d675da83286b1cce702)
Start importing Assets/Starter Assets/Runtime/ThirdPersonController/Character/Animations/Locomotion--Run_N.anim.fbx using Guid(16114d403eabb53438de032c6f0d1deb) Importer(2089858483,192608db42251d675da83286b1cce702) (ScriptedImporter) -> (artifact id: '7fd364a220ad8ab4b61b0041a2ff6789') in 0.012971265 seconds
Number of updated asset objects reloaded before import = 0Number of asset objects unloaded after import = 144

========================================================================
Received Import Request.
  Time since last request: 0.000027 seconds.
  path: Assets/Tree_Packs/URP_Tree_Pack/Textures/Global/Floor.mat
  artifactKey: Guid(6b664be96faef8f4ebef4a2d21041ecc) Importer(2089858483,192608db42251d675da83286b1cce702)
Start importing Assets/Tree_Packs/URP_Tree_Pack/Textures/Global/Floor.mat using Guid(6b664be96faef8f4ebef4a2d21041ecc) Importer(2089858483,192608db42251d675da83286b1cce702) (ScriptedImporter) -> (artifact id: '8961c696471fdba609e319b8844ea6e8') in 0.004368995 seconds
Number of updated asset objects reloaded before import = 0Number of asset objects unloaded after import = 1

========================================================================
Received Import Request.
  Time since last request: 0.000039 seconds.
  path: Assets/TENKOKU - DYNAMIC SKY/_DEMO/TERRAIN/GROUND/tex_grnd_sand.png
  artifactKey: Guid(0228b81dfc8b5e04794f4f6a8c2e77ac) Importer(2089858483,192608db42251d675da83286b1cce702)
Start importing Assets/TENKOKU - DYNAMIC SKY/_DEMO/TERRAIN/GROUND/tex_grnd_sand.png using Guid(0228b81dfc8b5e04794f4f6a8c2e77ac) Importer(2089858483,192608db42251d675da83286b1cce702) (ScriptedImporter) -> (artifact id: 'c1568bd092e40a801d110d16328998e0') in 0.012087589 seconds
Number of updated asset objects reloaded before import = 0Number of asset objects unloaded after import = 1

========================================================================
Received Import Request.
  Time since last request: 0.000021 seconds.
  path: Assets/Tree_Packs/URP_Tree_Pack/Textures/Trunk/URP_2_Trunk.png
  artifactKey: Guid(4314254d76e84044c85ed69aa835b694) Importer(2089858483,192608db42251d675da83286b1cce702)
Start importing Assets/Tree_Packs/URP_Tree_Pack/Textures/Trunk/URP_2_Trunk.png using Guid(4314254d76e84044c85ed69aa835b694) Importer(2089858483,192608db42251d675da83286b1cce702) (ScriptedImporter) -> (artifact id: '34803048a8b39d752c5b415487d8f455') in 0.013625189 seconds
Number of updated asset objects reloaded before import = 0Number of asset objects unloaded after import = 1

========================================================================
Received Import Request.
  Time since last request: 0.000022 seconds.
  path: Assets/Starter Assets/Sample/Environment/Art/Materials/GridBlue_01_Mat.mat
  artifactKey: Guid(ff188f58422043f489060e28a5e4e0c0) Importer(2089858483,192608db42251d675da83286b1cce702)
Start importing Assets/Starter Assets/Sample/Environment/Art/Materials/GridBlue_01_Mat.mat using Guid(ff188f58422043f489060e28a5e4e0c0) Importer(2089858483,192608db42251d675da83286b1cce702) (ScriptedImporter) -> (artifact id: '43180d759c46a5e9ff25b4bf177455af') in 0.013047304 seconds
Number of updated asset objects reloaded before import = 0Number of asset objects unloaded after import = 4

========================================================================
Received Import Request.
  Time since last request: 0.000024 seconds.
  path: Assets/Starter Assets/Runtime/ThirdPersonController/Character/Textures/Armature_Body_MetallicSmoothness.tif
  artifactKey: Guid(e73adacd5e8f6fc45a491dbd62e71ead) Importer(2089858483,192608db42251d675da83286b1cce702)
Start importing Assets/Starter Assets/Runtime/ThirdPersonController/Character/Textures/Armature_Body_MetallicSmoothness.tif using Guid(e73adacd5e8f6fc45a491dbd62e71ead) Importer(2089858483,192608db42251d675da83286b1cce702) (ScriptedImporter) -> (artifact id: '9e59c87d914f354ae578c5b83dbd7c35') in 0.016322845 seconds
Number of updated asset objects reloaded before import = 0Number of asset objects unloaded after import = 1

========================================================================
Received Import Request.
  Time since last request: 0.000024 seconds.
  path: Assets/Starter Assets/Runtime/ThirdPersonController/Character/Textures/Armature_Arms_Normal.tif
  artifactKey: Guid(104a45460231b8d4783e0bb2223be28c) Importer(2089858483,192608db42251d675da83286b1cce702)
Start importing Assets/Starter Assets/Runtime/ThirdPersonController/Character/Textures/Armature_Arms_Normal.tif using Guid(104a45460231b8d4783e0bb2223be28c) Importer(2089858483,192608db42251d675da83286b1cce702) (ScriptedImporter) -> (artifact id: 'afa1c461104c528039569bebaa2ada7e') in 0.018203767 seconds
Number of updated asset objects reloaded before import = 0Number of asset objects unloaded after import = 1

========================================================================
Received Import Request.
  Time since last request: 0.000030 seconds.
  path: Assets/Starter Assets/Runtime/ThirdPersonController/Character/Textures/Armature_Body_AlbedoTransparency.tif
  artifactKey: Guid(28d78c5517421f047b88352f3b18e8e7) Importer(2089858483,192608db42251d675da83286b1cce702)
Start importing Assets/Starter Assets/Runtime/ThirdPersonController/Character/Textures/Armature_Body_AlbedoTransparency.tif using Guid(28d78c5517421f047b88352f3b18e8e7) Importer(2089858483,192608db42251d675da83286b1cce702) (ScriptedImporter) -> (artifact id: '5bdf3ac50fcb260ecb52f7d4eea13876') in 0.016076439 seconds
Number of updated asset objects reloaded before import = 0Number of asset objects unloaded after import = 1

========================================================================
Received Import Request.
  Time since last request: 0.000049 seconds.
  path: Assets/Starter Assets/Runtime/ThirdPersonController/Character/Textures/Armature_Legs_AlbedoTransparency.tif
  artifactKey: Guid(c444e3d02d2fcff4d9fe5211d67652a0) Importer(2089858483,192608db42251d675da83286b1cce702)
Start importing Assets/Starter Assets/Runtime/ThirdPersonController/Character/Textures/Armature_Legs_AlbedoTransparency.tif using Guid(c444e3d02d2fcff4d9fe5211d67652a0) Importer(2089858483,192608db42251d675da83286b1cce702) (ScriptedImporter) -> (artifact id: '7639de8d026814f2bf272b976ffdccf3') in 0.012070468 seconds
Number of updated asset objects reloaded before import = 0Number of asset objects unloaded after import = 1

========================================================================
Received Import Request.
  Time since last request: 0.000028 seconds.
  path: Assets/Starter Assets/Runtime/ThirdPersonController/Character/Textures/Armature_Arms_MetallicSmoothness.tif
  artifactKey: Guid(b41d630ccc344454bb1f27587f9acd70) Importer(2089858483,192608db42251d675da83286b1cce702)
Start importing Assets/Starter Assets/Runtime/ThirdPersonController/Character/Textures/Armature_Arms_MetallicSmoothness.tif using Guid(b41d630ccc344454bb1f27587f9acd70) Importer(2089858483,192608db42251d675da83286b1cce702) (ScriptedImporter) -> (artifact id: '22ad63d24b8e824da5dc8e3e54eb3817') in 0.011564625 seconds
Number of updated asset objects reloaded before import = 0Number of asset objects unloaded after import = 1

========================================================================
Received Import Request.
  Time since last request: 0.000027 seconds.
  path: Assets/Starter Assets/Runtime/ThirdPersonController/Character/Textures/Armature_Legs_RGB.tif
  artifactKey: Guid(64d6bedfd9838e14fb51c78c8e947042) Importer(2089858483,192608db42251d675da83286b1cce702)
Start importing Assets/Starter Assets/Runtime/ThirdPersonController/Character/Textures/Armature_Legs_RGB.tif using Guid(64d6bedfd9838e14fb51c78c8e947042) Importer(2089858483,192608db42251d675da83286b1cce702) (ScriptedImporter) -> (artifact id: 'b659197368eca012472ca5a14491c783') in 0.018942947 seconds
Number of updated asset objects reloaded before import = 0Number of asset objects unloaded after import = 1

========================================================================
Received Import Request.
  Time since last request: 0.000025 seconds.
  path: Assets/Starter Assets/Runtime/ThirdPersonController/Character/Sfx/Player_Land.wav
  artifactKey: Guid(ff697d3070687ce4583faa0561a145a2) Importer(2089858483,192608db42251d675da83286b1cce702)
Start importing Assets/Starter Assets/Runtime/ThirdPersonController/Character/Sfx/Player_Land.wav using Guid(ff697d3070687ce4583faa0561a145a2) Importer(2089858483,192608db42251d675da83286b1cce702) (ScriptedImporter) -> (artifact id: 'a0499cc52719ac3181ec9b1cb698ff87') in 0.019769144 seconds
Number of updated asset objects reloaded before import = 0Number of asset objects unloaded after import = 1

========================================================================
Received Import Request.
  Time since last request: 0.000022 seconds.
  path: Assets/Starter Assets/Sample/Environment/Art/Materials/GridWhite_01_Mat.mat
  artifactKey: Guid(dbf898c9f9c4a2d46aa6336e23caeb61) Importer(2089858483,192608db42251d675da83286b1cce702)
Start importing Assets/Starter Assets/Sample/Environment/Art/Materials/GridWhite_01_Mat.mat using Guid(dbf898c9f9c4a2d46aa6336e23caeb61) Importer(2089858483,192608db42251d675da83286b1cce702) (ScriptedImporter) -> (artifact id: '321b47372c487059d6bcbe0bc9773bd0') in 0.012845496 seconds
Number of updated asset objects reloaded before import = 0Number of asset objects unloaded after import = 4

========================================================================
Received Import Request.
  Time since last request: 0.000036 seconds.
  path: Assets/Starter Assets/Runtime/ThirdPersonController/Character/Animations/Jump--InAir.anim.fbx
  artifactKey: Guid(063aa479676c4084ebf187660ca0a7b8) Importer(2089858483,192608db42251d675da83286b1cce702)
Start importing Assets/Starter Assets/Runtime/ThirdPersonController/Character/Animations/Jump--InAir.anim.fbx using Guid(063aa479676c4084ebf187660ca0a7b8) Importer(2089858483,192608db42251d675da83286b1cce702) (ScriptedImporter) -> (artifact id: '14ca7413c9f4967cc352a3e989ae5853') in 0.030403823 seconds
Number of updated asset objects reloaded before import = 0Number of asset objects unloaded after import = 144

========================================================================
Received Import Request.
  Time since last request: 0.000033 seconds.
  path: Assets/YughuesFreeBushes2018/Textures/T_Bush01_ao.tga
  artifactKey: Guid(380b04d9a2f3007438f6937306ba8158) Importer(2089858483,192608db42251d675da83286b1cce702)
Start importing Assets/YughuesFreeBushes2018/Textures/T_Bush01_ao.tga using Guid(380b04d9a2f3007438f6937306ba8158) Importer(2089858483,192608db42251d675da83286b1cce702) (ScriptedImporter) -> (artifact id: '7a1413f8eb0812e3b6e1381231b7ff6e') in 0.009899417 seconds
Number of updated asset objects reloaded before import = 0Number of asset objects unloaded after import = 1

========================================================================
Received Import Request.
  Time since last request: 0.000022 seconds.
  path: Assets/TENKOKU - DYNAMIC SKY/TEXTURES/renderTex_sky.renderTexture
  artifactKey: Guid(1a99aaf3b9544b14893c580821341403) Importer(2089858483,192608db42251d675da83286b1cce702)
Start importing Assets/TENKOKU - DYNAMIC SKY/TEXTURES/renderTex_sky.renderTexture using Guid(1a99aaf3b9544b14893c580821341403) Importer(2089858483,192608db42251d675da83286b1cce702) (ScriptedImporter) -> (artifact id: '9295e968b29089f3652d94b26fd5f1b8') in 0.005728765 seconds
Number of updated asset objects reloaded before import = 0Number of asset objects unloaded after import = 1

========================================================================
Received Import Request.
  Time since last request: 0.000027 seconds.
  path: Assets/SimplePoly City - Low Poly Assets/Prefab/Roads/Road Tile Small.prefab
  artifactKey: Guid(a1eb827aa0413ab4a8b3b08c0e1a8c56) Importer(2089858483,192608db42251d675da83286b1cce702)
Start importing Assets/SimplePoly City - Low Poly Assets/Prefab/Roads/Road Tile Small.prefab using Guid(a1eb827aa0413ab4a8b3b08c0e1a8c56) Importer(2089858483,192608db42251d675da83286b1cce702) (ScriptedImporter) -> (artifact id: 'a6eef1faf9cb4813ea7ed3a52c221676') in 0.009528928 seconds
Number of updated asset objects reloaded before import = 0Number of asset objects unloaded after import = 8

========================================================================
Received Import Request.
  Time since last request: 0.000023 seconds.
  path: Assets/SimplePoly City - Low Poly Assets/Prefab/Vehicles/Vehicle with Separated Wheels/Vehicle_Car_color01_separate.prefab
  artifactKey: Guid(d267fbb9e36c6e4458c9a8756d725a79) Importer(2089858483,192608db42251d675da83286b1cce702)
Start importing Assets/SimplePoly City - Low Poly Assets/Prefab/Vehicles/Vehicle with Separated Wheels/Vehicle_Car_color01_separate.prefab using Guid(d267fbb9e36c6e4458c9a8756d725a79) Importer(2089858483,192608db42251d675da83286b1cce702) (ScriptedImporter) -> (artifact id: '80bafef837f341ad92f0d443edade042') in 0.00601001 seconds
Number of updated asset objects reloaded before import = 0Number of asset objects unloaded after import = 29

========================================================================
Received Import Request.
  Time since last request: 0.000022 seconds.
  path: Assets/SimplePoly City - Low Poly Assets/Prefab/Roads/Road Intersection_02.prefab
  artifactKey: Guid(e5a98a4c41704e24eb7e4dafcc7c42b4) Importer(2089858483,192608db42251d675da83286b1cce702)
Start importing Assets/SimplePoly City - Low Poly Assets/Prefab/Roads/Road Intersection_02.prefab using Guid(e5a98a4c41704e24eb7e4dafcc7c42b4) Importer(2089858483,192608db42251d675da83286b1cce702) (ScriptedImporter) -> (artifact id: 'e41274645db3efe5d4c6e62c6c2ba6c0') in 0.011969251 seconds
Number of updated asset objects reloaded before import = 0Number of asset objects unloaded after import = 8

========================================================================
Received Import Request.
  Time since last request: 0.000033 seconds.
  path: Assets/Starter Assets/Sample/Environment/Art/Textures/Grid_01_Emissive.png
  artifactKey: Guid(d4d6919451fe3e24388816386a6d15a4) Importer(2089858483,192608db42251d675da83286b1cce702)
Start importing Assets/Starter Assets/Sample/Environment/Art/Textures/Grid_01_Emissive.png using Guid(d4d6919451fe3e24388816386a6d15a4) Importer(2089858483,192608db42251d675da83286b1cce702) (ScriptedImporter) -> (artifact id: '3d947286a0c6059084b52833bdf67fae') in 0.015990881 seconds
Number of updated asset objects reloaded before import = 0Number of asset objects unloaded after import = 1

========================================================================
Received Import Request.
  Time since last request: 0.000058 seconds.
  path: Assets/Tree_Packs/URP_Tree_Pack/Models/URP_Tree_2/Materials/Trunk.mat
  artifactKey: Guid(946553a4511af924ea54b2840e9b3b21) Importer(2089858483,192608db42251d675da83286b1cce702)
Start importing Assets/Tree_Packs/URP_Tree_Pack/Models/URP_Tree_2/Materials/Trunk.mat using Guid(946553a4511af924ea54b2840e9b3b21) Importer(2089858483,192608db42251d675da83286b1cce702) (ScriptedImporter) -> (artifact id: '71dd699847c7f36fd41ec1d2900bfd5f') in 0.006388903 seconds
Number of updated asset objects reloaded before import = 0Number of asset objects unloaded after import = 2

========================================================================
Received Import Request.
  Time since last request: 0.000027 seconds.
  path: Assets/Starter Assets/Sample/Environment/Art/Skybox/SkyboxLite.mat
  artifactKey: Guid(f6c51332ac7d92541a38fb263b09d2a8) Importer(2089858483,192608db42251d675da83286b1cce702)
Start importing Assets/Starter Assets/Sample/Environment/Art/Skybox/SkyboxLite.mat using Guid(f6c51332ac7d92541a38fb263b09d2a8) Importer(2089858483,192608db42251d675da83286b1cce702) (ScriptedImporter) -> (artifact id: 'f5229228bf62d7d2ad2ce66e3e225749') in 0.005969536 seconds
Number of updated asset objects reloaded before import = 0Number of asset objects unloaded after import = 1

========================================================================
Received Import Request.
  Time since last request: 0.000024 seconds.
  path: Assets/Starter Assets/Sample/Environment/Art/Models/Structure_Mesh.fbx
  artifactKey: Guid(d0a9bfb4b5f28174884e89dd76563ae8) Importer(2089858483,192608db42251d675da83286b1cce702)
Start importing Assets/Starter Assets/Sample/Environment/Art/Models/Structure_Mesh.fbx using Guid(d0a9bfb4b5f28174884e89dd76563ae8) Importer(2089858483,192608db42251d675da83286b1cce702) (ScriptedImporter) -> (artifact id: 'a01f19a19ef20e46dfc09a486b2ef781') in 0.030333076 seconds
Number of updated asset objects reloaded before import = 0Number of asset objects unloaded after import = 8

========================================================================
Received Import Request.
  Time since last request: 0.000023 seconds.
  path: Assets/Starter Assets/Sample/Environment/Art/Models/Wall_Mesh.fbx
  artifactKey: Guid(ff02a0a00ab750f48b09459b1cafd1b8) Importer(2089858483,192608db42251d675da83286b1cce702)
Start importing Assets/Starter Assets/Sample/Environment/Art/Models/Wall_Mesh.fbx using Guid(ff02a0a00ab750f48b09459b1cafd1b8) Importer(2089858483,192608db42251d675da83286b1cce702) (ScriptedImporter) -> (artifact id: '0c464a9b9f16a1a76ef43cb6b84039ae') in 0.024319406 seconds
Number of updated asset objects reloaded before import = 0Number of asset objects unloaded after import = 8

========================================================================
Received Import Request.
  Time since last request: 0.000029 seconds.
  path: Assets/Starter Assets/Sample/Environment/Art/Skybox/SkyboxLiteWarm.mat
  artifactKey: Guid(aeab33f69c199e54794f516d31450ec4) Importer(2089858483,192608db42251d675da83286b1cce702)
Start importing Assets/Starter Assets/Sample/Environment/Art/Skybox/SkyboxLiteWarm.mat using Guid(aeab33f69c199e54794f516d31450ec4) Importer(2089858483,192608db42251d675da83286b1cce702) (ScriptedImporter) -> (artifact id: '7f8a822260c04dec90abcded2ca8b6e2') in 0.009769391 seconds
Number of updated asset objects reloaded before import = 0Number of asset objects unloaded after import = 1

========================================================================
Received Import Request.
  Time since last request: 0.000038 seconds.
  path: Assets/Starter Assets/Sample/Environment/Art/Textures/Grid_01_Normal.png
  artifactKey: Guid(c5c221ed57a3bf6488f8eba0db28a004) Importer(2089858483,192608db42251d675da83286b1cce702)
Start importing Assets/Starter Assets/Sample/Environment/Art/Textures/Grid_01_Normal.png using Guid(c5c221ed57a3bf6488f8eba0db28a004) Importer(2089858483,192608db42251d675da83286b1cce702) (ScriptedImporter) -> (artifact id: 'fd5d5a04631149d846bbe0390e1c63f0') in 0.00904224 seconds
Number of updated asset objects reloaded before import = 0Number of asset objects unloaded after import = 1

========================================================================
Received Import Request.
  Time since last request: 0.000030 seconds.
  path: Assets/Tree_Packs/URP_Tree_Pack/Models/URP_Tree_1/Materials/Trunk.mat
  artifactKey: Guid(5075ca828a84d014a8a20f00c0b63146) Importer(2089858483,192608db42251d675da83286b1cce702)
Start importing Assets/Tree_Packs/URP_Tree_Pack/Models/URP_Tree_1/Materials/Trunk.mat using Guid(5075ca828a84d014a8a20f00c0b63146) Importer(2089858483,192608db42251d675da83286b1cce702) (ScriptedImporter) -> (artifact id: 'adb1e44cb5e24b8f83686951bd2354b1') in 0.008085503 seconds
Number of updated asset objects reloaded before import = 0Number of asset objects unloaded after import = 2

========================================================================
Received Import Request.
  Time since last request: 0.000025 seconds.
  path: Assets/Starter Assets/Runtime/ThirdPersonController/Character/Materials/Built-in_RP/M_ArmatureColor_Arms.mat
  artifactKey: Guid(dcce18b7a5cdb7d43a2cdeb041f727a3) Importer(2089858483,192608db42251d675da83286b1cce702)
Start importing Assets/Starter Assets/Runtime/ThirdPersonController/Character/Materials/Built-in_RP/M_ArmatureColor_Arms.mat using Guid(dcce18b7a5cdb7d43a2cdeb041f727a3) Importer(2089858483,192608db42251d675da83286b1cce702) (ScriptedImporter) -> (artifact id: '6ca1ae601e11b7c206b9900bd89730a3') in 0.062242014 seconds
Number of updated asset objects reloaded before import = 0Number of asset objects unloaded after import = 5

========================================================================
Received Import Request.
  Time since last request: 0.000021 seconds.
  path: Assets/SimplePoly City - Low Poly Assets/Prefab/Vehicles/Vehicle with Separated Wheels/Vehicle_SUV_color01_separate.prefab
  artifactKey: Guid(1dabf884aa0716149a1bc775f0b620d8) Importer(2089858483,192608db42251d675da83286b1cce702)
Start importing Assets/SimplePoly City - Low Poly Assets/Prefab/Vehicles/Vehicle with Separated Wheels/Vehicle_SUV_color01_separate.prefab using Guid(1dabf884aa0716149a1bc775f0b620d8) Importer(2089858483,192608db42251d675da83286b1cce702) (ScriptedImporter) -> (artifact id: '4b20c616bde32de25153614f6925e547') in 0.011684346 seconds
Number of updated asset objects reloaded before import = 0Number of asset objects unloaded after import = 29

========================================================================
Received Import Request.
  Time since last request: 0.000031 seconds.
  path: Assets/SimplePoly City - Low Poly Assets/Prefab/Natures/Natures_Rock_Big.prefab
  artifactKey: Guid(dac1a631b172e66469fb09e9987bcf57) Importer(2089858483,192608db42251d675da83286b1cce702)
Start importing Assets/SimplePoly City - Low Poly Assets/Prefab/Natures/Natures_Rock_Big.prefab using Guid(dac1a631b172e66469fb09e9987bcf57) Importer(2089858483,192608db42251d675da83286b1cce702) (ScriptedImporter) -> (artifact id: '5bb1cb86b634dce4e58fb647d097e8c1') in 0.007624287 seconds
Number of updated asset objects reloaded before import = 0Number of asset objects unloaded after import = 8

========================================================================
Received Import Request.
  Time since last request: 0.000041 seconds.
  path: Assets/SimplePoly City - Low Poly Assets/Prefab/Vehicles/Vehicle with Static Wheels/Vehicle_Pick up Truck_color03.prefab
  artifactKey: Guid(ce2dd4bb67fdc684dac928dc2cfb7a0f) Importer(2089858483,192608db42251d675da83286b1cce702)
Start importing Assets/SimplePoly City - Low Poly Assets/Prefab/Vehicles/Vehicle with Static Wheels/Vehicle_Pick up Truck_color03.prefab using Guid(ce2dd4bb67fdc684dac928dc2cfb7a0f) Importer(2089858483,192608db42251d675da83286b1cce702) (ScriptedImporter) -> (artifact id: 'd5d7184ac0aca563eb447a5cf4e02197') in 0.009793364 seconds
Number of updated asset objects reloaded before import = 0Number of asset objects unloaded after import = 8

========================================================================
Received Import Request.
  Time since last request: 0.000025 seconds.
  path: Assets/Starter Assets/Runtime/Mobile/UI/TouchScreenInputPanelSetting.asset
  artifactKey: Guid(6f80c07efbcffac4380910b5aac93c8d) Importer(2089858483,192608db42251d675da83286b1cce702)
Start importing Assets/Starter Assets/Runtime/Mobile/UI/TouchScreenInputPanelSetting.asset using Guid(6f80c07efbcffac4380910b5aac93c8d) Importer(2089858483,192608db42251d675da83286b1cce702) (ScriptedImporter) -> (artifact id: 'a411b19319551f1ad78c38f135ed646d') in 0.022971717 seconds
Number of updated asset objects reloaded before import = 0Number of asset objects unloaded after import = 9

========================================================================
Received Import Request.
  Time since last request: 0.000032 seconds.
  path: Assets/TENKOKU - DYNAMIC SKY/PREFABS/Tenkoku DynamicSky.prefab
  artifactKey: Guid(34d71198bd59f3a4db26f79e7ef0ff91) Importer(2089858483,192608db42251d675da83286b1cce702)
Start importing Assets/TENKOKU - DYNAMIC SKY/PREFABS/Tenkoku DynamicSky.prefab using Guid(34d71198bd59f3a4db26f79e7ef0ff91) Importer(2089858483,192608db42251d675da83286b1cce702) (ScriptedImporter) -> (artifact id: 'fac32a80a2336d823235570c276979b8') in 0.683135453 seconds
Number of updated asset objects reloaded before import = 0Number of asset objects unloaded after import = 185

========================================================================
Received Import Request.
  Time since last request: 0.000030 seconds.
  path: Assets/BodyGuards/Textures/Boduguard_03_Ao.tga
  artifactKey: Guid(ad84309fd7596a7449d9d8cb704b30f4) Importer(2089858483,192608db42251d675da83286b1cce702)
Start importing Assets/BodyGuards/Textures/Boduguard_03_Ao.tga using Guid(ad84309fd7596a7449d9d8cb704b30f4) Importer(2089858483,192608db42251d675da83286b1cce702) (ScriptedImporter) -> (artifact id: '248df26f047d24b1f50c8400d6760cb3') in 0.010732475 seconds
Number of updated asset objects reloaded before import = 0Number of asset objects unloaded after import = 1

========================================================================
Received Import Request.
  Time since last request: 0.000038 seconds.
  path: Assets/FantasyMedievalTown_LITE/Materials/MedievalTownLite_Emission.mat
  artifactKey: Guid(73539b96b877a34438c436a0ef700c9e) Importer(2089858483,192608db42251d675da83286b1cce702)
Start importing Assets/FantasyMedievalTown_LITE/Materials/MedievalTownLite_Emission.mat using Guid(73539b96b877a34438c436a0ef700c9e) Importer(2089858483,192608db42251d675da83286b1cce702) (ScriptedImporter) -> (artifact id: 'd73bbcfab84a51465ea75b03e4b8824c') in 0.004327814 seconds
Number of updated asset objects reloaded before import = 0Number of asset objects unloaded after import = 1

========================================================================
Received Import Request.
  Time since last request: 0.000024 seconds.
  path: Assets/FantasyMedievalTown_LITE/Models/HouseRoof_02.fbx
  artifactKey: Guid(3eaf9b5e0db8445458416f573951c626) Importer(2089858483,192608db42251d675da83286b1cce702)
Start importing Assets/FantasyMedievalTown_LITE/Models/HouseRoof_02.fbx using Guid(3eaf9b5e0db8445458416f573951c626) Importer(2089858483,192608db42251d675da83286b1cce702) (ScriptedImporter) -> (artifact id: '2629064b2e440db93b105d98bd5d8504') in 0.014775253 seconds
Number of updated asset objects reloaded before import = 0Number of asset objects unloaded after import = 20

========================================================================
Received Import Request.
  Time since last request: 317.753149 seconds.
  path: Assets/Animations/Breathing Idle.fbx
  artifactKey: Guid(8c91fc39ec76d8041acaaef595670418) Importer(815301076,1909f56bfc062723c751e8b465ee728b)
Start importing Assets/Animations/Breathing Idle.fbx using Guid(8c91fc39ec76d8041acaaef595670418) Importer(815301076,1909f56bfc062723c751e8b465ee728b) (PreviewImporter) -> (artifact id: '7c158324cdca265c26c8373cd42542aa') in 0.009316984 seconds
Number of updated asset objects reloaded before import = 0Number of asset objects unloaded after import = 135

========================================================================
Received Import Request.
  Time since last request: 133.146733 seconds.
  path: Assets/Animations/Breathing Idle.fbx
  artifactKey: Guid(8c91fc39ec76d8041acaaef595670418) Importer(815301076,1909f56bfc062723c751e8b465ee728b)
Start importing Assets/Animations/Breathing Idle.fbx using Guid(8c91fc39ec76d8041acaaef595670418) Importer(815301076,1909f56bfc062723c751e8b465ee728b) (PreviewImporter) -> (artifact id: '1c400ddd3bca16866bcc276340788d6e') in 0.014020504 seconds
Number of updated asset objects reloaded before import = 0Number of asset objects unloaded after import = 137

========================================================================
Received Import Request.
  Time since last request: 14.833427 seconds.
  path: Assets/Animations/Crouched Walking.fbx
  artifactKey: Guid(0ee3aaa6c6792314f84b7bb4ed1f7c9c) Importer(815301076,1909f56bfc062723c751e8b465ee728b)
Start importing Assets/Animations/Crouched Walking.fbx using Guid(0ee3aaa6c6792314f84b7bb4ed1f7c9c) Importer(815301076,1909f56bfc062723c751e8b465ee728b) (PreviewImporter) -> (artifact id: 'b9db422230281766c28bb774c6866c14') in 0.011895385 seconds
Number of updated asset objects reloaded before import = 0Number of asset objects unloaded after import = 137

========================================================================
Received Import Request.
  Time since last request: 11.988103 seconds.
  path: Assets/Animations/Crouching Idle.fbx
  artifactKey: Guid(83b81a2f7fbedf72b863e11d77461a72) Importer(815301076,1909f56bfc062723c751e8b465ee728b)
Start importing Assets/Animations/Crouching Idle.fbx using Guid(83b81a2f7fbedf72b863e11d77461a72) Importer(815301076,1909f56bfc062723c751e8b465ee728b) (PreviewImporter) -> (artifact id: '4fa3401e85b37798a64cf6c0d0588609') in 0.004713556 seconds
Number of updated asset objects reloaded before import = 0Number of asset objects unloaded after import = 137

========================================================================
Received Import Request.
  Time since last request: 7.764178 seconds.
  path: Assets/Animations/Walking.fbx
  artifactKey: Guid(0f3d7a9d0693dc11cbff7413f37a9ed1) Importer(815301076,1909f56bfc062723c751e8b465ee728b)
Start importing Assets/Animations/Walking.fbx using Guid(0f3d7a9d0693dc11cbff7413f37a9ed1) Importer(815301076,1909f56bfc062723c751e8b465ee728b) (PreviewImporter) -> (artifact id: 'e5d950d0683d076f1fe5c71df76601cd') in 0.011026564 seconds
Number of updated asset objects reloaded before import = 0Number of asset objects unloaded after import = 137

========================================================================
Received Import Request.
  Time since last request: 211.962179 seconds.
  path: Assets/Starter Assets/Sample
  artifactKey: Guid(91c3fe9c5761c87498f34619ed51aca6) Importer(815301076,1909f56bfc062723c751e8b465ee728b)
Start importing Assets/Starter Assets/Sample using Guid(91c3fe9c5761c87498f34619ed51aca6) Importer(815301076,1909f56bfc062723c751e8b465ee728b) (PreviewImporter) -> (artifact id: '7ee9c1b71e266beb44a8c951b726d059') in 0.000560836 seconds
Number of updated asset objects reloaded before import = 0Number of asset objects unloaded after import = 0

========================================================================
Received Import Request.
  Time since last request: 0.612574 seconds.
  path: Assets/Starter Assets/Sample/ThirdPersonController
  artifactKey: Guid(77e2bd1ff39e7584a8c36ca4df6b4e9a) Importer(815301076,1909f56bfc062723c751e8b465ee728b)
Start importing Assets/Starter Assets/Sample/ThirdPersonController using Guid(77e2bd1ff39e7584a8c36ca4df6b4e9a) Importer(815301076,1909f56bfc062723c751e8b465ee728b) (PreviewImporter) -> (artifact id: 'c6c56385f178c971b3a63f742323b80e') in 0.001004936 seconds
Number of updated asset objects reloaded before import = 0Number of asset objects unloaded after import = 0

========================================================================
Received Import Request.
  Time since last request: 5.927855 seconds.
  path: Assets/Starter Assets/Sample/FirstPersonController
  artifactKey: Guid(4852296b344778d4a91e6fc37030d745) Importer(815301076,1909f56bfc062723c751e8b465ee728b)
Start importing Assets/Starter Assets/Sample/FirstPersonController using Guid(4852296b344778d4a91e6fc37030d745) Importer(815301076,1909f56bfc062723c751e8b465ee728b) (PreviewImporter) -> (artifact id: '3738c8781a68eabf40ddf157348c4aef') in 0.001395472 seconds
Number of updated asset objects reloaded before import = 0Number of asset objects unloaded after import = 0

========================================================================
Received Import Request.
  Time since last request: 5.292178 seconds.
  path: Assets/Starter Assets/Editor/Unity.StartAssets.Editor.asmdef
  artifactKey: Guid(65197035c7dd3894d8e8f7a6513ffc01) Importer(815301076,1909f56bfc062723c751e8b465ee728b)
Start importing Assets/Starter Assets/Editor/Unity.StartAssets.Editor.asmdef using Guid(65197035c7dd3894d8e8f7a6513ffc01) Importer(815301076,1909f56bfc062723c751e8b465ee728b) (PreviewImporter) -> (artifact id: 'ee9ae9c6e571f84b775b91a6d7389fa4') in 0.000540445 seconds
Number of updated asset objects reloaded before import = 0Number of asset objects unloaded after import = 0

========================================================================
Received Import Request.
  Time since last request: 1.162067 seconds.
  path: Assets/Starter Assets/Editor/URPWizard
  artifactKey: Guid(a936c3509519d6b48bb3a44692f8695a) Importer(815301076,1909f56bfc062723c751e8b465ee728b)
Start importing Assets/Starter Assets/Editor/URPWizard using Guid(a936c3509519d6b48bb3a44692f8695a) Importer(815301076,1909f56bfc062723c751e8b465ee728b) (PreviewImporter) -> (artifact id: '83ded800823f8f3b5fa669622727aea1') in 0.001118453 seconds
Number of updated asset objects reloaded before import = 0Number of asset objects unloaded after import = 0

========================================================================
Received Import Request.
  Time since last request: 0.079501 seconds.
  path: Assets/Starter Assets/Editor/URPWizard/URPWizard.asmdef
  artifactKey: Guid(18828b1d1020dde47bec693eef18a5b9) Importer(815301076,1909f56bfc062723c751e8b465ee728b)
Start importing Assets/Starter Assets/Editor/URPWizard/URPWizard.asmdef using Guid(18828b1d1020dde47bec693eef18a5b9) Importer(815301076,1909f56bfc062723c751e8b465ee728b) (PreviewImporter) -> (artifact id: '9a8e14038b9b5f82411ca97c1daa7ab5') in 0.001115889 seconds
Number of updated asset objects reloaded before import = 0Number of asset objects unloaded after import = 0

========================================================================
Received Import Request.
  Time since last request: 2.289676 seconds.
  path: Assets/Starter Assets/Editor/ThirdPersonStarterAssetsDeployMenu.cs
  artifactKey: Guid(b70f45aa92a641feb261c5d55ce46edf) Importer(815301076,1909f56bfc062723c751e8b465ee728b)
Start importing Assets/Starter Assets/Editor/ThirdPersonStarterAssetsDeployMenu.cs using Guid(b70f45aa92a641feb261c5d55ce46edf) Importer(815301076,1909f56bfc062723c751e8b465ee728b) (PreviewImporter) -> (artifact id: '6d9b35e3a66d3ba33fb985cf616b3dab') in 0.000524565 seconds
Number of updated asset objects reloaded before import = 0Number of asset objects unloaded after import = 0

========================================================================
Received Import Request.
  Time since last request: 2.003876 seconds.
  path: Assets/Starter Assets/Editor/StarterAssetsDeployMenu.cs
  artifactKey: Guid(e75357183ea302c4d998136de2cc9669) Importer(815301076,1909f56bfc062723c751e8b465ee728b)
Start importing Assets/Starter Assets/Editor/StarterAssetsDeployMenu.cs using Guid(e75357183ea302c4d998136de2cc9669) Importer(815301076,1909f56bfc062723c751e8b465ee728b) (PreviewImporter) -> (artifact id: '68953d0dd2bacba0bac685a65ac4f2e1') in 0.000509883 seconds
Number of updated asset objects reloaded before import = 0Number of asset objects unloaded after import = 0

========================================================================
Received Import Request.
  Time since last request: 5.608049 seconds.
  path: Assets/Starter Assets/Sample/ThirdPersonController/Playground
  artifactKey: Guid(e6a4aa6f3d941a64c9a1e93aa05ea6da) Importer(815301076,1909f56bfc062723c751e8b465ee728b)
Start importing Assets/Starter Assets/Sample/ThirdPersonController/Playground using Guid(e6a4aa6f3d941a64c9a1e93aa05ea6da) Importer(815301076,1909f56bfc062723c751e8b465ee728b) (PreviewImporter) -> (artifact id: '2adf5cd1bca01efa296f112de3dd30e5') in 0.000796873 seconds
Number of updated asset objects reloaded before import = 0Number of asset objects unloaded after import = 0

========================================================================
Received Import Request.
  Time since last request: 0.150954 seconds.
  path: Assets/Starter Assets/Sample/ThirdPersonController/Playground/LightingData.asset
  artifactKey: Guid(51e8050f26ab504469d218c927558c5e) Importer(815301076,1909f56bfc062723c751e8b465ee728b)
Start importing Assets/Starter Assets/Sample/ThirdPersonController/Playground/LightingData.asset using Guid(51e8050f26ab504469d218c927558c5e) Importer(815301076,1909f56bfc062723c751e8b465ee728b) (PreviewImporter) -> (artifact id: 'bac7a6c7f56863bc6e982bfd8af9dd39') in 0.002938158 seconds
Number of updated asset objects reloaded before import = 0Number of asset objects unloaded after import = 2

========================================================================
Received Import Request.
  Time since last request: 0.000062 seconds.
  path: Assets/Starter Assets/Sample/ThirdPersonController/Playground/ReflectionProbe-2.exr
  artifactKey: Guid(7e3f1677bc1aead4fb8791998078dcec) Importer(815301076,1909f56bfc062723c751e8b465ee728b)
Start importing Assets/Starter Assets/Sample/ThirdPersonController/Playground/ReflectionProbe-2.exr using Guid(7e3f1677bc1aead4fb8791998078dcec) Importer(815301076,1909f56bfc062723c751e8b465ee728b) (PreviewImporter) -> (artifact id: '071bc35fa660b890a916c93bbd68fb69') in 0.067992287 seconds
Number of updated asset objects reloaded before import = 0Number of asset objects unloaded after import = 1

========================================================================
Received Import Request.
  Time since last request: 9.918784 seconds.
  path: Assets/Starter Assets/Runtime/ThirdPersonController/Scripts
  artifactKey: Guid(22db1f6f78cfb3440835ed6dee5f8e9e) Importer(815301076,1909f56bfc062723c751e8b465ee728b)
Start importing Assets/Starter Assets/Runtime/ThirdPersonController/Scripts using Guid(22db1f6f78cfb3440835ed6dee5f8e9e) Importer(815301076,1909f56bfc062723c751e8b465ee728b) (PreviewImporter) -> (artifact id: 'e9254b14fde761763f2f32a1cd810b6c') in 0.000546962 seconds
Number of updated asset objects reloaded before import = 0Number of asset objects unloaded after import = 0

========================================================================
Received Import Request.
  Time since last request: 1.224163 seconds.
  path: Assets/Starter Assets/Runtime/ThirdPersonController/Scripts/ThirdPersonController.cs
  artifactKey: Guid(26e54e5a728a9234ab24fcf1460ed8a2) Importer(815301076,1909f56bfc062723c751e8b465ee728b)
Start importing Assets/Starter Assets/Runtime/ThirdPersonController/Scripts/ThirdPersonController.cs using Guid(26e54e5a728a9234ab24fcf1460ed8a2) Importer(815301076,1909f56bfc062723c751e8b465ee728b) (PreviewImporter) -> (artifact id: '7ac99f5a2dfd078dbe9c7c3e8aebd0fc') in 0.000675915 seconds
Number of updated asset objects reloaded before import = 0Number of asset objects unloaded after import = 0

========================================================================
Received Prepare
'Packages/com.unity.cinemachine/Editor/Obsolete/CinemachineVirtualCameraBaseEditor.cs' contains partial class of Unity.Object, exactly 1 of the partial classes needs to be in a file with the same filename. This is to know the one that can be referenced from ie. GameObjects
'Packages/com.unity.cinemachine/Editor/Editors/CinemachineVirtualCameraBaseEditor.cs' contains partial class of Unity.Object, exactly 1 of the partial classes needs to be in a file with the same filename. This is to know the one that can be referenced from ie. GameObjects
Shader Hidden/ProbeVolume/VoxelizeScene is not supported: GPU does not support conservative rasterization
Refreshing native plugins compatible for Editor in 0.73 ms, found 0 plugins.
Preloading 0 native plugins for Editor in 0.00 ms.
Unloading 27 Unused Serialized files (Serialized files now loaded: 0)
Unloading 7119 unused Assets / (8.8 MB). Loaded Objects now: 8030.
Memory consumption went from 144.9 MB to 136.1 MB.
Total: 30.173595 ms (FindLiveObjects: 1.258225 ms CreateObjectMapping: 1.338692 ms MarkObjects: 21.343423 ms  DeleteObjects: 6.231072 ms)

Prepare: number of updated asset objects reloaded= 0
========================================================================
Received Import Request.
  Time since last request: 68.793168 seconds.
  path: Assets/Scripts/Crouch.cs
  artifactKey: Guid(0101beaee686b1241b9264ef050c780a) Importer(2089858483,192608db42251d675da83286b1cce702)
Start importing Assets/Scripts/Crouch.cs using Guid(0101beaee686b1241b9264ef050c780a) Importer(2089858483,192608db42251d675da83286b1cce702) (ScriptedImporter) -> (artifact id: '2984642d363d82683787c49921867d4d') in 0.004629652 seconds
Number of updated asset objects reloaded before import = 0Number of asset objects unloaded after import = 0

========================================================================
Received Prepare
Assembly reference Packages/com.unity.cinemachine/Editor/Samples/ExposeHDRPInternals/HDRP-Editor-ref.asmref has no target assembly definition
Assembly reference Packages/com.unity.cinemachine/Editor/Samples/ExposeHDRPInternals/HDRP-Editor-ref.asmref has no target assembly definition
Begin MonoManager ReloadAssembly
- Loaded All Assemblies, in  0.912 seconds
Assembly reference Packages/com.unity.cinemachine/Editor/Samples/ExposeHDRPInternals/HDRP-Editor-ref.asmref has no target assembly definition
'Packages/com.unity.cinemachine/Editor/Obsolete/CinemachineVirtualCameraBaseEditor.cs' contains partial class of Unity.Object, exactly 1 of the partial classes needs to be in a file with the same filename. This is to know the one that can be referenced from ie. GameObjects
'Packages/com.unity.cinemachine/Editor/Editors/CinemachineVirtualCameraBaseEditor.cs' contains partial class of Unity.Object, exactly 1 of the partial classes needs to be in a file with the same filename. This is to know the one that can be referenced from ie. GameObjects
Refreshing native plugins compatible for Editor in 0.56 ms, found 0 plugins.
Native extension for LinuxStandalone target not found
Assembly reference Packages/com.unity.cinemachine/Editor/Samples/ExposeHDRPInternals/HDRP-Editor-ref.asmref has no target assembly definition
[Package Manager] Failed to launch server process. Reason: Unity was launched with the -noUpm command-line argument
[Package Manager] Unable to send message (not connected to server process).
[Package Manager] Cannot connect to Unity Package Manager local server
[Package Manager] Failed to launch server process. Reason: Unity was launched with the -noUpm command-line argument
[Package Manager] Unable to send message (not connected to server process).
[Package Manager] Cannot connect to Unity Package Manager local server
Refreshing native plugins compatible for Editor in 0.70 ms, found 0 plugins.
[MODES] ModeService[none].Initialize
[MODES] ModeService[none].LoadModes
Mono: successfully reloaded assembly
- Finished resetting the current domain, in  1.075 seconds
Domain Reload Profiling: 1992ms
	BeginReloadAssembly (285ms)
		ExecutionOrderSort (0ms)
		DisableScriptedObjects (9ms)
		BackupInstance (0ms)
		ReleaseScriptingObjects (0ms)
		CreateAndSetChildDomain (124ms)
	RebuildCommonClasses (50ms)
	RebuildNativeTypeToScriptingClass (12ms)
	initialDomainReloadingComplete (36ms)
	LoadAllAssembliesAndSetupDomain (533ms)
		LoadAssemblies (337ms)
		RebuildTransferFunctionScriptingTraits (0ms)
		AnalyzeDomain (264ms)
			TypeCache.Refresh (14ms)
				TypeCache.ScanAssembly (1ms)
			BuildScriptInfoCaches (232ms)
			ResolveRequiredComponents (15ms)
	FinalizeReload (1076ms)
		ReleaseScriptCaches (0ms)
		RebuildScriptCaches (0ms)
		SetupLoadedEditorAssemblies (829ms)
			LogAssemblyErrors (0ms)
			InitializePlatformSupportModulesInManaged (5ms)
			SetLoadedEditorAssemblies (7ms)
			BeforeProcessingInitializeOnLoad (147ms)
			ProcessInitializeOnLoadAttributes (537ms)
			ProcessInitializeOnLoadMethodAttributes (129ms)
			AfterProcessingInitializeOnLoad (4ms)
			EditorAssembliesLoaded (0ms)
		ExecutionOrderSort2 (0ms)
		AwakeInstancesAfterBackupRestoration (18ms)
Shader Hidden/ProbeVolume/VoxelizeScene is not supported: GPU does not support conservative rasterization
Refreshing native plugins compatible for Editor in 0.65 ms, found 0 plugins.
Preloading 0 native plugins for Editor in 0.00 ms.
Unloading 27 Unused Serialized files (Serialized files now loaded: 0)
Unloading 7124 unused Assets / (7.0 MB). Loaded Objects now: 7929.
Memory consumption went from 151.0 MB to 144.0 MB.
Total: 12.769796 ms (FindLiveObjects: 0.614346 ms CreateObjectMapping: 0.686935 ms MarkObjects: 7.576451 ms  DeleteObjects: 3.890147 ms)

Prepare: number of updated asset objects reloaded= 0
========================================================================
Received Import Request.
  Time since last request: 15.886050 seconds.
  path: Assets/Scripts/Crouch.cs
  artifactKey: Guid(0101beaee686b1241b9264ef050c780a) Importer(815301076,1909f56bfc062723c751e8b465ee728b)
Start importing Assets/Scripts/Crouch.cs using Guid(0101beaee686b1241b9264ef050c780a) Importer(815301076,1909f56bfc062723c751e8b465ee728b) (PreviewImporter) -> (artifact id: '96832fd435e06109f08b2a18f86e3c7f') in 0.002402839 seconds
Number of updated asset objects reloaded before import = 0Number of asset objects unloaded after import = 0

========================================================================
Received Prepare
'Packages/com.unity.cinemachine/Editor/Obsolete/CinemachineVirtualCameraBaseEditor.cs' contains partial class of Unity.Object, exactly 1 of the partial classes needs to be in a file with the same filename. This is to know the one that can be referenced from ie. GameObjects
'Packages/com.unity.cinemachine/Editor/Editors/CinemachineVirtualCameraBaseEditor.cs' contains partial class of Unity.Object, exactly 1 of the partial classes needs to be in a file with the same filename. This is to know the one that can be referenced from ie. GameObjects
Shader Hidden/ProbeVolume/VoxelizeScene is not supported: GPU does not support conservative rasterization
Refreshing native plugins compatible for Editor in 0.67 ms, found 0 plugins.
Preloading 0 native plugins for Editor in 0.00 ms.
Unloading 27 Unused Serialized files (Serialized files now loaded: 0)
Unloading 7112 unused Assets / (6.4 MB). Loaded Objects now: 7929.
Memory consumption went from 151.0 MB to 144.7 MB.
Total: 12.813552 ms (FindLiveObjects: 0.644657 ms CreateObjectMapping: 0.687381 ms MarkObjects: 7.660857 ms  DeleteObjects: 3.819179 ms)

Prepare: number of updated asset objects reloaded= 0
========================================================================
Received Prepare
Assembly reference Packages/com.unity.cinemachine/Editor/Samples/ExposeHDRPInternals/HDRP-Editor-ref.asmref has no target assembly definition
Assembly reference Packages/com.unity.cinemachine/Editor/Samples/ExposeHDRPInternals/HDRP-Editor-ref.asmref has no target assembly definition
Begin MonoManager ReloadAssembly
- Loaded All Assemblies, in  0.871 seconds
Assembly reference Packages/com.unity.cinemachine/Editor/Samples/ExposeHDRPInternals/HDRP-Editor-ref.asmref has no target assembly definition
'Packages/com.unity.cinemachine/Editor/Obsolete/CinemachineVirtualCameraBaseEditor.cs' contains partial class of Unity.Object, exactly 1 of the partial classes needs to be in a file with the same filename. This is to know the one that can be referenced from ie. GameObjects
'Packages/com.unity.cinemachine/Editor/Editors/CinemachineVirtualCameraBaseEditor.cs' contains partial class of Unity.Object, exactly 1 of the partial classes needs to be in a file with the same filename. This is to know the one that can be referenced from ie. GameObjects
Refreshing native plugins compatible for Editor in 0.62 ms, found 0 plugins.
Native extension for LinuxStandalone target not found
Assembly reference Packages/com.unity.cinemachine/Editor/Samples/ExposeHDRPInternals/HDRP-Editor-ref.asmref has no target assembly definition
[Package Manager] Failed to launch server process. Reason: Unity was launched with the -noUpm command-line argument
[Package Manager] Unable to send message (not connected to server process).
[Package Manager] Cannot connect to Unity Package Manager local server
[Package Manager] Failed to launch server process. Reason: Unity was launched with the -noUpm command-line argument
[Package Manager] Unable to send message (not connected to server process).
[Package Manager] Cannot connect to Unity Package Manager local server
Refreshing native plugins compatible for Editor in 0.71 ms, found 0 plugins.
[MODES] ModeService[none].Initialize
[MODES] ModeService[none].LoadModes
Mono: successfully reloaded assembly
- Finished resetting the current domain, in  1.245 seconds
Domain Reload Profiling: 2120ms
	BeginReloadAssembly (205ms)
		ExecutionOrderSort (0ms)
		DisableScriptedObjects (7ms)
		BackupInstance (0ms)
		ReleaseScriptingObjects (0ms)
		CreateAndSetChildDomain (66ms)
	RebuildCommonClasses (52ms)
	RebuildNativeTypeToScriptingClass (13ms)
	initialDomainReloadingComplete (36ms)
	LoadAllAssembliesAndSetupDomain (569ms)
		LoadAssemblies (355ms)
		RebuildTransferFunctionScriptingTraits (0ms)
		AnalyzeDomain (274ms)
			TypeCache.Refresh (14ms)
				TypeCache.ScanAssembly (1ms)
			BuildScriptInfoCaches (240ms)
			ResolveRequiredComponents (18ms)
	FinalizeReload (1246ms)
		ReleaseScriptCaches (0ms)
		RebuildScriptCaches (0ms)
		SetupLoadedEditorAssemblies (970ms)
			LogAssemblyErrors (0ms)
			InitializePlatformSupportModulesInManaged (6ms)
			SetLoadedEditorAssemblies (10ms)
			BeforeProcessingInitializeOnLoad (218ms)
			ProcessInitializeOnLoadAttributes (590ms)
			ProcessInitializeOnLoadMethodAttributes (141ms)
			AfterProcessingInitializeOnLoad (4ms)
			EditorAssembliesLoaded (0ms)
		ExecutionOrderSort2 (0ms)
		AwakeInstancesAfterBackupRestoration (23ms)
Shader Hidden/ProbeVolume/VoxelizeScene is not supported: GPU does not support conservative rasterization
Refreshing native plugins compatible for Editor in 0.78 ms, found 0 plugins.
Preloading 0 native plugins for Editor in 0.00 ms.
Unloading 27 Unused Serialized files (Serialized files now loaded: 0)
Unloading 7124 unused Assets / (7.0 MB). Loaded Objects now: 7932.
Memory consumption went from 150.9 MB to 143.9 MB.
Total: 13.589376 ms (FindLiveObjects: 0.683533 ms CreateObjectMapping: 0.668328 ms MarkObjects: 8.125474 ms  DeleteObjects: 4.109987 ms)

Prepare: number of updated asset objects reloaded= 0
========================================================================
Received Prepare
Assembly reference Packages/com.unity.cinemachine/Editor/Samples/ExposeHDRPInternals/HDRP-Editor-ref.asmref has no target assembly definition
Assembly reference Packages/com.unity.cinemachine/Editor/Samples/ExposeHDRPInternals/HDRP-Editor-ref.asmref has no target assembly definition
Begin MonoManager ReloadAssembly
- Loaded All Assemblies, in  0.918 seconds
Assembly reference Packages/com.unity.cinemachine/Editor/Samples/ExposeHDRPInternals/HDRP-Editor-ref.asmref has no target assembly definition
'Packages/com.unity.cinemachine/Editor/Obsolete/CinemachineVirtualCameraBaseEditor.cs' contains partial class of Unity.Object, exactly 1 of the partial classes needs to be in a file with the same filename. This is to know the one that can be referenced from ie. GameObjects
'Packages/com.unity.cinemachine/Editor/Editors/CinemachineVirtualCameraBaseEditor.cs' contains partial class of Unity.Object, exactly 1 of the partial classes needs to be in a file with the same filename. This is to know the one that can be referenced from ie. GameObjects
Refreshing native plugins compatible for Editor in 0.61 ms, found 0 plugins.
Native extension for LinuxStandalone target not found
Assembly reference Packages/com.unity.cinemachine/Editor/Samples/ExposeHDRPInternals/HDRP-Editor-ref.asmref has no target assembly definition
[Package Manager] Failed to launch server process. Reason: Unity was launched with the -noUpm command-line argument
[Package Manager] Unable to send message (not connected to server process).
[Package Manager] Cannot connect to Unity Package Manager local server
[Package Manager] Failed to launch server process. Reason: Unity was launched with the -noUpm command-line argument
[Package Manager] Unable to send message (not connected to server process).
[Package Manager] Cannot connect to Unity Package Manager local server
Refreshing native plugins compatible for Editor in 0.72 ms, found 0 plugins.
[MODES] ModeService[none].Initialize
[MODES] ModeService[none].LoadModes
Mono: successfully reloaded assembly
- Finished resetting the current domain, in  1.143 seconds
Domain Reload Profiling: 2065ms
	BeginReloadAssembly (236ms)
		ExecutionOrderSort (0ms)
		DisableScriptedObjects (7ms)
		BackupInstance (0ms)
		ReleaseScriptingObjects (0ms)
		CreateAndSetChildDomain (70ms)
	RebuildCommonClasses (49ms)
	RebuildNativeTypeToScriptingClass (12ms)
	initialDomainReloadingComplete (35ms)
	LoadAllAssembliesAndSetupDomain (590ms)
		LoadAssemblies (379ms)
		RebuildTransferFunctionScriptingTraits (0ms)
		AnalyzeDomain (291ms)
			TypeCache.Refresh (15ms)
				TypeCache.ScanAssembly (1ms)
			BuildScriptInfoCaches (257ms)
			ResolveRequiredComponents (17ms)
	FinalizeReload (1144ms)
		ReleaseScriptCaches (0ms)
		RebuildScriptCaches (0ms)
		SetupLoadedEditorAssemblies (914ms)
			LogAssemblyErrors (0ms)
			InitializePlatformSupportModulesInManaged (4ms)
			SetLoadedEditorAssemblies (7ms)
			BeforeProcessingInitializeOnLoad (177ms)
			ProcessInitializeOnLoadAttributes (581ms)
			ProcessInitializeOnLoadMethodAttributes (141ms)
			AfterProcessingInitializeOnLoad (4ms)
			EditorAssembliesLoaded (0ms)
		ExecutionOrderSort2 (0ms)
		AwakeInstancesAfterBackupRestoration (18ms)
Shader Hidden/ProbeVolume/VoxelizeScene is not supported: GPU does not support conservative rasterization
Refreshing native plugins compatible for Editor in 0.70 ms, found 0 plugins.
Preloading 0 native plugins for Editor in 0.00 ms.
Unloading 27 Unused Serialized files (Serialized files now loaded: 0)
Unloading 7124 unused Assets / (6.1 MB). Loaded Objects now: 7935.
Memory consumption went from 150.9 MB to 144.8 MB.
Total: 13.615077 ms (FindLiveObjects: 0.654496 ms CreateObjectMapping: 0.782488 ms MarkObjects: 8.000371 ms  DeleteObjects: 4.175902 ms)

Prepare: number of updated asset objects reloaded= 0
========================================================================
Received Import Request.
  Time since last request: 246.652599 seconds.
  path: Assets/Starter Assets/Runtime/ThirdPersonController/Character/Animations/Jump--InAir.anim.fbx
  artifactKey: Guid(063aa479676c4084ebf187660ca0a7b8) Importer(815301076,1909f56bfc062723c751e8b465ee728b)
Start importing Assets/Starter Assets/Runtime/ThirdPersonController/Character/Animations/Jump--InAir.anim.fbx using Guid(063aa479676c4084ebf187660ca0a7b8) Importer(815301076,1909f56bfc062723c751e8b465ee728b) (PreviewImporter) -> (artifact id: '95268b21b884bae741a11ec0d667c3cd') in 0.085519011 seconds
Number of updated asset objects reloaded before import = 0Number of asset objects unloaded after import = 143

========================================================================
Received Import Request.
  Time since last request: 0.000028 seconds.
  path: Assets/Starter Assets/Runtime/ThirdPersonController/Character/Animations/Locomotion--Walk_N_Land.anim.fbx
  artifactKey: Guid(325a26d62b61fa94cb3c97c435efebc5) Importer(815301076,1909f56bfc062723c751e8b465ee728b)
Start importing Assets/Starter Assets/Runtime/ThirdPersonController/Character/Animations/Locomotion--Walk_N_Land.anim.fbx using Guid(325a26d62b61fa94cb3c97c435efebc5) Importer(815301076,1909f56bfc062723c751e8b465ee728b) (PreviewImporter) -> (artifact id: '2cba9e10aa24fa135219f58e45ddb4f9') in 0.005526651 seconds
Number of updated asset objects reloaded before import = 0Number of asset objects unloaded after import = 143

========================================================================
Received Import Request.
  Time since last request: 0.000038 seconds.
  path: Assets/Starter Assets/Runtime/ThirdPersonController/Character/Animations/Locomotion--Run_N.anim.fbx
  artifactKey: Guid(16114d403eabb53438de032c6f0d1deb) Importer(815301076,1909f56bfc062723c751e8b465ee728b)
Start importing Assets/Starter Assets/Runtime/ThirdPersonController/Character/Animations/Locomotion--Run_N.anim.fbx using Guid(16114d403eabb53438de032c6f0d1deb) Importer(815301076,1909f56bfc062723c751e8b465ee728b) (PreviewImporter) -> (artifact id: 'd1f75baf4dd897b9903a1ed381d34105') in 0.005418947 seconds
Number of updated asset objects reloaded before import = 0Number of asset objects unloaded after import = 143

========================================================================
Received Import Request.
  Time since last request: 0.000020 seconds.
  path: Assets/Starter Assets/Runtime/ThirdPersonController/Character/Animations/Locomotion--Walk_N.anim.fbx
  artifactKey: Guid(8269a9f8cf495034c817722ac21f309f) Importer(815301076,1909f56bfc062723c751e8b465ee728b)
Start importing Assets/Starter Assets/Runtime/ThirdPersonController/Character/Animations/Locomotion--Walk_N.anim.fbx using Guid(8269a9f8cf495034c817722ac21f309f) Importer(815301076,1909f56bfc062723c751e8b465ee728b) (PreviewImporter) -> (artifact id: 'd2b2f0dd564d3c701db67ad27453dd27') in 0.004536623 seconds
Number of updated asset objects reloaded before import = 0Number of asset objects unloaded after import = 143

========================================================================
Received Import Request.
  Time since last request: 0.363589 seconds.
  path: Assets/Starter Assets/Runtime/ThirdPersonController/Character/Animations/StarterAssetsThirdPerson.controller
  artifactKey: Guid(40db3173a05ae3242b1c182a09b0a183) Importer(815301076,1909f56bfc062723c751e8b465ee728b)
Start importing Assets/Starter Assets/Runtime/ThirdPersonController/Character/Animations/StarterAssetsThirdPerson.controller using Guid(40db3173a05ae3242b1c182a09b0a183) Importer(815301076,1909f56bfc062723c751e8b465ee728b) (PreviewImporter) -> (artifact id: 'f84ca43265bb36424a8858515dcf32d9') in 0.017465319 seconds
Number of updated asset objects reloaded before import = 0Number of asset objects unloaded after import = 21

========================================================================
Received Prepare
Assembly reference Packages/com.unity.cinemachine/Editor/Samples/ExposeHDRPInternals/HDRP-Editor-ref.asmref has no target assembly definition
Assembly reference Packages/com.unity.cinemachine/Editor/Samples/ExposeHDRPInternals/HDRP-Editor-ref.asmref has no target assembly definition
Begin MonoManager ReloadAssembly
- Loaded All Assemblies, in  0.882 seconds
Assembly reference Packages/com.unity.cinemachine/Editor/Samples/ExposeHDRPInternals/HDRP-Editor-ref.asmref has no target assembly definition
'Packages/com.unity.cinemachine/Editor/Obsolete/CinemachineVirtualCameraBaseEditor.cs' contains partial class of Unity.Object, exactly 1 of the partial classes needs to be in a file with the same filename. This is to know the one that can be referenced from ie. GameObjects
'Packages/com.unity.cinemachine/Editor/Editors/CinemachineVirtualCameraBaseEditor.cs' contains partial class of Unity.Object, exactly 1 of the partial classes needs to be in a file with the same filename. This is to know the one that can be referenced from ie. GameObjects
Refreshing native plugins compatible for Editor in 0.63 ms, found 0 plugins.
Native extension for LinuxStandalone target not found
Assembly reference Packages/com.unity.cinemachine/Editor/Samples/ExposeHDRPInternals/HDRP-Editor-ref.asmref has no target assembly definition
[Package Manager] Failed to launch server process. Reason: Unity was launched with the -noUpm command-line argument
[Package Manager] Unable to send message (not connected to server process).
[Package Manager] Cannot connect to Unity Package Manager local server
[Package Manager] Failed to launch server process. Reason: Unity was launched with the -noUpm command-line argument
[Package Manager] Unable to send message (not connected to server process).
[Package Manager] Cannot connect to Unity Package Manager local server
Refreshing native plugins compatible for Editor in 0.75 ms, found 0 plugins.
[MODES] ModeService[none].Initialize
[MODES] ModeService[none].LoadModes
Mono: successfully reloaded assembly
- Finished resetting the current domain, in  1.140 seconds
Domain Reload Profiling: 2027ms
	BeginReloadAssembly (209ms)
		ExecutionOrderSort (0ms)
		DisableScriptedObjects (7ms)
		BackupInstance (0ms)
		ReleaseScriptingObjects (0ms)
		CreateAndSetChildDomain (67ms)
	RebuildCommonClasses (49ms)
	RebuildNativeTypeToScriptingClass (14ms)
	initialDomainReloadingComplete (39ms)
	LoadAllAssembliesAndSetupDomain (574ms)
		LoadAssemblies (349ms)
		RebuildTransferFunctionScriptingTraits (0ms)
		AnalyzeDomain (286ms)
			TypeCache.Refresh (10ms)
				TypeCache.ScanAssembly (0ms)
			BuildScriptInfoCaches (255ms)
			ResolveRequiredComponents (17ms)
	FinalizeReload (1141ms)
		ReleaseScriptCaches (0ms)
		RebuildScriptCaches (0ms)
		SetupLoadedEditorAssemblies (925ms)
			LogAssemblyErrors (0ms)
			InitializePlatformSupportModulesInManaged (4ms)
			SetLoadedEditorAssemblies (7ms)
			BeforeProcessingInitializeOnLoad (156ms)
			ProcessInitializeOnLoadAttributes (611ms)
			ProcessInitializeOnLoadMethodAttributes (144ms)
			AfterProcessingInitializeOnLoad (4ms)
			EditorAssembliesLoaded (0ms)
		ExecutionOrderSort2 (0ms)
		AwakeInstancesAfterBackupRestoration (15ms)
Shader Hidden/ProbeVolume/VoxelizeScene is not supported: GPU does not support conservative rasterization
Refreshing native plugins compatible for Editor in 0.66 ms, found 0 plugins.
Preloading 0 native plugins for Editor in 0.00 ms.
Unloading 27 Unused Serialized files (Serialized files now loaded: 0)
Unloading 7124 unused Assets / (6.3 MB). Loaded Objects now: 7938.
Memory consumption went from 150.9 MB to 144.6 MB.
Total: 13.514258 ms (FindLiveObjects: 0.652600 ms CreateObjectMapping: 0.651663 ms MarkObjects: 8.071615 ms  DeleteObjects: 4.136269 ms)

Prepare: number of updated asset objects reloaded= 0
