Unity Editor version:    6000.0.58f2 (92dee566b325)
Branch:                  6000.0/respin/6000.0.58f2-44b8bf3a32
Build type:              Release
Batch mode:              YES
System name:             Linux
Distro version:          #1 ZEN SMP PREEMPT_DYNAMIC Thu, 23 Apr 2026 06:56:44 +0000
Kernel version:          6.19.14-zen1-1-zen
Architecture:            x86_64
Window Protocol:         Wayland (XWayland)
Available memory:        23731 MB
Using pre-set license
The selected window backend is (null) 
Desktop is 3840 x 1080 @ 60 Hz
Initialize udev device monitor.

COMMAND LINE ARGUMENTS:
Unity
-adb2
-batchMode
-noUpm
-name
AssetImportWorker0
-projectPath
/home/kastra/GenZ-Protest-Simulator
-logFile
Logs/AssetImportWorker0.log
-srvPort
36817
-job-worker-count
5
-background-job-worker-count
8
-gc-helper-count
1
Successfully changed project path to: /home/kastra/GenZ-Protest-Simulator

(Unity:592681): Gtk-CRITICAL **: 23:08:23.091: gtk_label_set_text: assertion 'GTK_IS_LABEL (label)' failed

(Unity:592681): Gtk-CRITICAL **: 23:08:23.092: gtk_label_set_text: assertion 'GTK_IS_LABEL (label)' failed
/home/kastra/GenZ-Protest-Simulator
[UnityMemory] Configuration Parameters - Can be set up in boot.config
    "memorysetup-bucket-allocator-granularity=16"
    "memorysetup-bucket-allocator-bucket-count=8"
    "memorysetup-bucket-allocator-block-size=33554432"
    "memorysetup-bucket-allocator-block-count=8"
    "memorysetup-main-allocator-block-size=16777216"
    "memorysetup-thread-allocator-block-size=16777216"
    "memorysetup-gfx-main-allocator-block-size=16777216"
    "memorysetup-gfx-thread-allocator-block-size=16777216"
    "memorysetup-cache-allocator-block-size=4194304"
    "memorysetup-typetree-allocator-block-size=2097152"
    "memorysetup-profiler-bucket-allocator-granularity=16"
    "memorysetup-profiler-bucket-allocator-bucket-count=8"
    "memorysetup-profiler-bucket-allocator-block-size=33554432"
    "memorysetup-profiler-bucket-allocator-block-count=8"
    "memorysetup-profiler-allocator-block-size=16777216"
    "memorysetup-profiler-editor-allocator-block-size=1048576"
    "memorysetup-temp-allocator-size-main=16777216"
    "memorysetup-job-temp-allocator-block-size=2097152"
    "memorysetup-job-temp-allocator-block-size-background=1048576"
    "memorysetup-job-temp-allocator-reduction-small-platforms=262144"
    "memorysetup-allocator-temp-initial-block-size-main=262144"
    "memorysetup-allocator-temp-initial-block-size-worker=262144"
    "memorysetup-temp-allocator-size-background-worker=32768"
    "memorysetup-temp-allocator-size-job-worker=262144"
    "memorysetup-temp-allocator-size-preload-manager=33554432"
    "memorysetup-temp-allocator-size-nav-mesh-worker=65536"
    "memorysetup-temp-allocator-size-audio-worker=65536"
    "memorysetup-temp-allocator-size-cloud-worker=32768"
    "memorysetup-temp-allocator-size-gi-baking-worker=262144"
    "memorysetup-temp-allocator-size-gi-baking-worker=262144"
    "memorysetup-temp-allocator-size-gi-baking-worker=262144"
    "memorysetup-temp-allocator-size-gi-baking-worker=262144"
    "memorysetup-temp-allocator-size-gi-baking-worker=262144"
    "memorysetup-temp-allocator-size-gfx=262144"
Player connection [140086091740800]  Target information:

Player connection [140086091740800]  * "[IP] 192.168.18.6 [Port] 0 [Flags] 2 [Guid] 3610546434 [EditorId] 3610546434 [Version] 1048832 [Id] LinuxEditor(16,192.168.18.6) [Debug] 1 [PackageName] LinuxEditor [ProjectName] Editor" 

Player connection [140086091740800] Host joined multi-casting on [225.0.0.222:54997]...
Player connection [140086091740800] Host joined alternative multi-casting on [225.0.0.222:34997]...
JobSystem: Creating JobQueue using job-worker-count value 5
Input System module state changed to: Initialized.
[Physics::Module] Initialized fallback backend.
[Physics::Module] Id: 0xdecafbad
Library Redirect Path: Library/
[Physics::Module] Selected backend.
[Physics::Module] Name: PhysX
[Physics::Module] Id: 0xf2b8ea05
[Physics::Module] SDK Version: 4.1.2
[Physics::Module] Integration Version: 1.0.0
[Physics::Module] Threading Mode: Multi-Threaded
Refreshing native plugins compatible for Editor in 0.50 ms, found 0 plugins.
Preloading 0 native plugins for Editor in 0.00 ms.
Initialize engine version: 6000.0.58f2 (92dee566b325)
[Subsystems] Discovering subsystems at path /home/kastra/Unity/Hub/Editor/6000.0.58f2/Editor/Data/Resources/UnitySubsystems
[Subsystems] Discovering subsystems at path /home/kastra/GenZ-Protest-Simulator/Assets
kGfxThreadingModeNonThreaded is not supported on OpenGL Core. Reverting to kGfxThreadingModeDirect instead.
GfxDevice: creating device client; kGfxThreadingModeDirect
GLX Extensions: GLX_ARB_context_flush_control GLX_ARB_create_context GLX_ARB_create_context_no_error GLX_ARB_create_context_profile GLX_ARB_create_context_robustness GLX_ARB_fbconfig_float GLX_ARB_framebuffer_sRGB GLX_ARB_get_proc_address GLX_ARB_multisample GLX_EXT_buffer_age GLX_EXT_create_context_es2_profile GLX_EXT_create_context_es_profile GLX_EXT_fbconfig_packed_float GLX_EXT_framebuffer_sRGB GLX_EXT_no_config_context GLX_EXT_swap_control GLX_EXT_swap_control_tear GLX_EXT_texture_from_pixmap GLX_EXT_visual_info GLX_EXT_visual_rating GLX_MESA_copy_sub_buffer GLX_MESA_gl_interop GLX_MESA_query_renderer GLX_MESA_swap_control GLX_OML_sync_control GLX_SGIS_multisample GLX_SGIX_fbconfig GLX_SGIX_pbuffer GLX_SGIX_visual_select_group GLX_SGI_make_current_read GLX_SGI_video_sync 
Renderer: Mesa Intel(R) UHD Graphics (ADL-S GT0.5)
Vendor:   Intel
Version:  4.6 (Core Profile) Mesa 26.0.5-arch1.1
GLES:     0
 GL_3DFX_texture_compression_FXT1 GL_AMD_conservative_depth GL_AMD_depth_clamp_separate GL_AMD_draw_buffers_blend GL_AMD_gpu_shader_int64 GL_AMD_multi_draw_indirect GL_AMD_performance_monitor GL_AMD_pinned_memory GL_AMD_query_buffer_object GL_AMD_seamless_cubemap_per_texture GL_AMD_shader_stencil_export GL_AMD_shader_trinary_minmax GL_AMD_texture_texture4 GL_AMD_vertex_shader_layer GL_AMD_vertex_shader_viewport_index GL_ANGLE_texture_compression_dxt3 GL_ANGLE_texture_compression_dxt5 GL_ARB_ES2_compatibility GL_ARB_ES3_1_compatibility GL_ARB_ES3_2_compatibility GL_ARB_ES3_compatibility GL_ARB_arrays_of_arrays GL_ARB_base_instance GL_ARB_blend_func_extended GL_ARB_buffer_storage GL_ARB_clear_buffer_object GL_ARB_clear_texture GL_ARB_clip_control GL_ARB_compressed_texture_pixel_storage GL_ARB_compute_shader GL_ARB_compute_variable_group_size GL_ARB_conditional_render_inverted GL_ARB_conservative_depth GL_ARB_copy_buffer GL_ARB_copy_image GL_ARB_cull_distance GL_ARB_debug_output GL_ARB_depth_buffer_float GL_ARB
_depth_clamp GL_ARB_derivative_control GL_ARB_direct_state_access GL_ARB_draw_buffers GL_ARB_draw_buffers_blend GL_ARB_draw_elements_base_vertex GL_ARB_draw_indirect GL_ARB_draw_instanced GL_ARB_enhanced_layouts GL_ARB_explicit_attrib_location GL_ARB_explicit_uniform_location GL_ARB_fragment_coord_conventions GL_ARB_fragment_layer_viewport GL_ARB_fragment_shader GL_ARB_fragment_shader_interlock GL_ARB_framebuffer_no_attachments GL_ARB_framebuffer_object GL_ARB_framebuffer_sRGB GL_ARB_get_program_binary GL_ARB_get_texture_sub_image GL_ARB_gl_spirv GL_ARB_gpu_shader5 GL_ARB_gpu_shader_fp64 GL_ARB_gpu_shader_int64 GL_ARB_half_float_pixel GL_ARB_half_float_vertex GL_ARB_indirect_parameters GL_ARB_instanced_arrays GL_ARB_internalformat_query GL_ARB_internalformat_query2 GL_ARB_invalidate_subdata GL_ARB_map_buffer_alignment GL_ARB_map_buffer_range GL_ARB_multi_bind GL_ARB_multi_draw_indirect GL_ARB_occlusion_query2 GL_ARB_parallel_shader_compile GL_ARB_pipeline_statistics_query GL_ARB_pixel_buffer_object GL_ARB_po
int_sprite GL_ARB_polygon_offset_clamp GL_ARB_post_depth_coverage GL_ARB_program_interface_query GL_ARB_provoking_vertex GL_ARB_query_buffer_object GL_ARB_robust_buffer_access_behavior GL_ARB_robustness GL_ARB_sample_shading GL_ARB_sampler_objects GL_ARB_seamless_cube_map GL_ARB_seamless_cubemap_per_texture GL_ARB_separate_shader_objects GL_ARB_shader_atomic_counter_ops GL_ARB_shader_atomic_counters GL_ARB_shader_ballot GL_ARB_shader_bit_encoding GL_ARB_shader_clock GL_ARB_shader_draw_parameters GL_ARB_shader_group_vote GL_ARB_shader_image_load_store GL_ARB_shader_image_size GL_ARB_shader_objects GL_ARB_shader_precision GL_ARB_shader_stencil_export GL_ARB_shader_storage_buffer_object GL_ARB_shader_subroutine GL_ARB_shader_texture_image_samples GL_ARB_shader_texture_lod GL_ARB_shader_viewport_layer_array GL_ARB_shading_language_420pack GL_ARB_shading_language_include GL_ARB_shading_language_packing GL_ARB_spirv_extensions GL_ARB_stencil_texturing GL_ARB_sync GL_ARB_tessellation_shader GL_ARB_texture_barrier G
L_ARB_texture_border_clamp GL_ARB_texture_buffer_object GL_ARB_texture_buffer_object_rgb32 GL_ARB_texture_buffer_range GL_ARB_texture_compression_bptc GL_ARB_texture_compression_rgtc GL_ARB_texture_cube_map_array GL_ARB_texture_filter_anisotropic GL_ARB_texture_filter_minmax GL_ARB_texture_float GL_ARB_texture_gather GL_ARB_texture_mirror_clamp_to_edge GL_ARB_texture_multisample GL_ARB_texture_non_power_of_two GL_ARB_texture_query_levels GL_ARB_texture_query_lod GL_ARB_texture_rectangle GL_ARB_texture_rg GL_ARB_texture_rgb10_a2ui GL_ARB_texture_stencil8 GL_ARB_texture_storage GL_ARB_texture_storage_multisample GL_ARB_texture_swizzle GL_ARB_texture_view GL_ARB_timer_query GL_ARB_transform_feedback2 GL_ARB_transform_feedback3 GL_ARB_transform_feedback_instanced GL_ARB_transform_feedback_overflow_query GL_ARB_uniform_buffer_object GL_ARB_vertex_array_bgra GL_ARB_vertex_array_object GL_ARB_vertex_attrib_64bit GL_ARB_vertex_attrib_binding GL_ARB_vertex_buffer_object GL_ARB_vertex_shader GL_ARB_vertex_type_10f_11f
_11f_rev GL_ARB_vertex_type_2_10_10_10_rev GL_ARB_viewport_array GL_ATI_blend_equation_separate GL_ATI_texture_float GL_EXT_EGL_image_storage GL_EXT_EGL_image_storage_compression GL_EXT_EGL_sync GL_EXT_abgr GL_EXT_blend_equation_separate GL_EXT_debug_label GL_EXT_demote_to_helper_invocation GL_EXT_depth_bounds_test GL_EXT_draw_buffers2 GL_EXT_draw_instanced GL_EXT_framebuffer_blit GL_EXT_framebuffer_multisample GL_EXT_framebuffer_multisample_blit_scaled GL_EXT_framebuffer_object GL_EXT_framebuffer_sRGB GL_EXT_memory_object GL_EXT_memory_object_fd GL_EXT_packed_depth_stencil GL_EXT_packed_float GL_EXT_pixel_buffer_object GL_EXT_polygon_offset_clamp GL_EXT_provoking_vertex GL_EXT_semaphore GL_EXT_semaphore_fd GL_EXT_shader_clock GL_EXT_shader_framebuffer_fetch GL_EXT_shader_framebuffer_fetch_non_coherent GL_EXT_shader_integer_mix GL_EXT_shader_samples_identical GL_EXT_texture_array GL_EXT_texture_compression_dxt1 GL_EXT_texture_compression_rgtc GL_EXT_texture_compression_s3tc GL_EXT_texture_filter_anisotropic 
GL_EXT_texture_integer GL_EXT_texture_sRGB GL_EXT_texture_sRGB_R8 GL_EXT_texture_sRGB_decode GL_EXT_texture_shadow_lod GL_EXT_texture_shared_exponent GL_EXT_texture_snorm GL_EXT_texture_storage GL_EXT_texture_swizzle GL_EXT_timer_query GL_EXT_transform_feedback GL_EXT_vertex_array_bgra GL_EXT_vertex_attrib_64bit GL_IBM_multimode_draw_arrays GL_INTEL_blackhole_render GL_INTEL_conservative_rasterization GL_INTEL_performance_query GL_INTEL_shader_atomic_float_minmax GL_INTEL_shader_integer_functions2 GL_KHR_blend_equation_advanced GL_KHR_blend_equation_advanced_coherent GL_KHR_context_flush_control GL_KHR_debug GL_KHR_no_error GL_KHR_parallel_shader_compile GL_KHR_robust_buffer_access_behavior GL_KHR_robustness GL_KHR_shader_subgroup GL_KHR_texture_compression_astc_ldr GL_KHR_texture_compression_astc_sliced_3d GL_MESA_framebuffer_flip_y GL_MESA_pack_invert GL_MESA_shader_integer_functions GL_MESA_texture_const_bandwidth GL_MESA_texture_signed_rgba GL_NV_alpha_to_coverage_dither_control GL_NV_compute_shader_deri
vatives GL_NV_conditional_render GL_NV_copy_image GL_NV_depth_clamp GL_NV_fragment_shader_interlock GL_NV_packed_depth_stencil GL_NV_texture_barrier GL_OES_EGL_image GL_S3_s3tc
OPENGL LOG: Creating OpenGL 4.6 graphics device ; Context level  <OpenGL 4.5> ; Context handle -793147008
Shader Hidden/ProbeVolume/VoxelizeScene is not supported: GPU does not support conservative rasterization
Initialize mono
Mono path[0] = '/home/kastra/Unity/Hub/Editor/6000.0.58f2/Editor/Data/Managed'
Mono path[1] = '/home/kastra/Unity/Hub/Editor/6000.0.58f2/Editor/Data/MonoBleedingEdge/lib/mono/unityjit-linux'
Mono config path = '/home/kastra/Unity/Hub/Editor/6000.0.58f2/Editor/Data/MonoBleedingEdge/etc'
Using monoOptions --debugger-agent=transport=dt_socket,embedding=1,server=y,suspend=n,address=127.0.0.1:56681
Begin MonoManager ReloadAssembly
Registering precompiled unity dll's ...
Register platform support module: /home/kastra/Unity/Hub/Editor/6000.0.58f2/Editor/Data/PlaybackEngines/LinuxStandaloneSupport/UnityEditor.LinuxStandalone.Extensions.dll
Registered in 0.001318 seconds.
- Loaded All Assemblies, in  0.267 seconds
Native extension for LinuxStandalone target not found
Mono: successfully reloaded assembly
- Finished resetting the current domain, in  0.317 seconds
Domain Reload Profiling: 584ms
	BeginReloadAssembly (54ms)
		ExecutionOrderSort (0ms)
		DisableScriptedObjects (0ms)
		BackupInstance (0ms)
		ReleaseScriptingObjects (0ms)
		CreateAndSetChildDomain (1ms)
	RebuildCommonClasses (31ms)
	RebuildNativeTypeToScriptingClass (7ms)
	initialDomainReloadingComplete (45ms)
	LoadAllAssembliesAndSetupDomain (130ms)
		LoadAssemblies (54ms)
		RebuildTransferFunctionScriptingTraits (0ms)
		AnalyzeDomain (128ms)
			TypeCache.Refresh (127ms)
				TypeCache.ScanAssembly (114ms)
			BuildScriptInfoCaches (0ms)
			ResolveRequiredComponents (0ms)
	FinalizeReload (317ms)
		ReleaseScriptCaches (0ms)
		RebuildScriptCaches (0ms)
		SetupLoadedEditorAssemblies (274ms)
			LogAssemblyErrors (0ms)
			InitializePlatformSupportModulesInManaged (19ms)
			SetLoadedEditorAssemblies (6ms)
			BeforeProcessingInitializeOnLoad (54ms)
			ProcessInitializeOnLoadAttributes (141ms)
			ProcessInitializeOnLoadMethodAttributes (54ms)
			AfterProcessingInitializeOnLoad (0ms)
			EditorAssembliesLoaded (0ms)
		ExecutionOrderSort2 (0ms)
		AwakeInstancesAfterBackupRestoration (0ms)
Assembly reference Packages/com.unity.cinemachine/Editor/Samples/ExposeHDRPInternals/HDRP-Editor-ref.asmref has no target assembly definition
========================================================================
Worker process is ready to serve import requests
Import Worker Mode flag is 0x00
Assembly reference Packages/com.unity.cinemachine/Editor/Samples/ExposeHDRPInternals/HDRP-Editor-ref.asmref has no target assembly definition
Assembly reference Packages/com.unity.cinemachine/Editor/Samples/ExposeHDRPInternals/HDRP-Editor-ref.asmref has no target assembly definition
Begin MonoManager ReloadAssembly
- Loaded All Assemblies, in  0.576 seconds
Assembly reference Packages/com.unity.cinemachine/Editor/Samples/ExposeHDRPInternals/HDRP-Editor-ref.asmref has no target assembly definition
'Packages/com.unity.cinemachine/Editor/Obsolete/CinemachineVirtualCameraBaseEditor.cs' contains partial class of Unity.Object, exactly 1 of the partial classes needs to be in a file with the same filename. This is to know the one that can be referenced from ie. GameObjects
'Packages/com.unity.cinemachine/Editor/Editors/CinemachineVirtualCameraBaseEditor.cs' contains partial class of Unity.Object, exactly 1 of the partial classes needs to be in a file with the same filename. This is to know the one that can be referenced from ie. GameObjects
Refreshing native plugins compatible for Editor in 0.37 ms, found 0 plugins.
Native extension for LinuxStandalone target not found
Assembly reference Packages/com.unity.cinemachine/Editor/Samples/ExposeHDRPInternals/HDRP-Editor-ref.asmref has no target assembly definition
Package Manager log level set to [2]
[Package Manager] Failed to launch server process. Reason: Unity was launched with the -noUpm command-line argument
[Package Manager] Unable to send message (not connected to server process).
[Package Manager] Cannot connect to Unity Package Manager local server
[Package Manager] Failed to launch server process. Reason: Unity was launched with the -noUpm command-line argument
[Package Manager] Unable to send message (not connected to server process).
[Package Manager] Cannot connect to Unity Package Manager local server
Refreshing native plugins compatible for Editor in 0.78 ms, found 0 plugins.
UpdateMenuTitleForLanguage: 10
[MODES] ModeService[none].Initialize
[MODES] ModeService[none].LoadModes
[MODES] Loading mode Default (0) for mode-current-id-GenZ-Protest-Simulator
Mono: successfully reloaded assembly
- Finished resetting the current domain, in  0.713 seconds
Domain Reload Profiling: 1288ms
	BeginReloadAssembly (107ms)
		ExecutionOrderSort (0ms)
		DisableScriptedObjects (5ms)
		BackupInstance (0ms)
		ReleaseScriptingObjects (0ms)
		CreateAndSetChildDomain (28ms)
	RebuildCommonClasses (28ms)
	RebuildNativeTypeToScriptingClass (6ms)
	initialDomainReloadingComplete (32ms)
	LoadAllAssembliesAndSetupDomain (401ms)
		LoadAssemblies (203ms)
		RebuildTransferFunctionScriptingTraits (0ms)
		AnalyzeDomain (239ms)
			TypeCache.Refresh (178ms)
				TypeCache.ScanAssembly (163ms)
			BuildScriptInfoCaches (50ms)
			ResolveRequiredComponents (10ms)
	FinalizeReload (713ms)
		ReleaseScriptCaches (0ms)
		RebuildScriptCaches (0ms)
		SetupLoadedEditorAssemblies (545ms)
			LogAssemblyErrors (0ms)
			InitializePlatformSupportModulesInManaged (2ms)
			SetLoadedEditorAssemblies (4ms)
			BeforeProcessingInitializeOnLoad (93ms)
			ProcessInitializeOnLoadAttributes (357ms)
			ProcessInitializeOnLoadMethodAttributes (86ms)
			AfterProcessingInitializeOnLoad (2ms)
			EditorAssembliesLoaded (0ms)
		ExecutionOrderSort2 (0ms)
		AwakeInstancesAfterBackupRestoration (4ms)
Shader Hidden/ProbeVolume/VoxelizeScene is not supported: GPU does not support conservative rasterization
AutoLocale: current locale expects 'C' but got 'en_US.UTF-8'Launched and connected shader compiler UnityShaderCompiler after 0.01 seconds
Refreshing native plugins compatible for Editor in 0.41 ms, found 0 plugins.
Preloading 0 native plugins for Editor in 0.00 ms.
Unloading 27 Unused Serialized files (Serialized files now loaded: 0)
Unloading 7137 unused Assets / (6.9 MB). Loaded Objects now: 7857.
Memory consumption went from 137.1 MB to 130.2 MB.
Total: 10.181357 ms (FindLiveObjects: 0.566802 ms CreateObjectMapping: 0.569591 ms MarkObjects: 6.010980 ms  DeleteObjects: 3.032473 ms)

========================================================================
Received Prepare
Assembly reference Packages/com.unity.cinemachine/Editor/Samples/ExposeHDRPInternals/HDRP-Editor-ref.asmref has no target assembly definition
Assembly reference Packages/com.unity.cinemachine/Editor/Samples/ExposeHDRPInternals/HDRP-Editor-ref.asmref has no target assembly definition
Begin MonoManager ReloadAssembly
- Loaded All Assemblies, in  0.566 seconds
Assembly reference Packages/com.unity.cinemachine/Editor/Samples/ExposeHDRPInternals/HDRP-Editor-ref.asmref has no target assembly definition
'Packages/com.unity.cinemachine/Editor/Obsolete/CinemachineVirtualCameraBaseEditor.cs' contains partial class of Unity.Object, exactly 1 of the partial classes needs to be in a file with the same filename. This is to know the one that can be referenced from ie. GameObjects
'Packages/com.unity.cinemachine/Editor/Editors/CinemachineVirtualCameraBaseEditor.cs' contains partial class of Unity.Object, exactly 1 of the partial classes needs to be in a file with the same filename. This is to know the one that can be referenced from ie. GameObjects
Refreshing native plugins compatible for Editor in 0.35 ms, found 0 plugins.
Native extension for LinuxStandalone target not found
Assembly reference Packages/com.unity.cinemachine/Editor/Samples/ExposeHDRPInternals/HDRP-Editor-ref.asmref has no target assembly definition
[Package Manager] Failed to launch server process. Reason: Unity was launched with the -noUpm command-line argument
[Package Manager] Unable to send message (not connected to server process).
[Package Manager] Cannot connect to Unity Package Manager local server
[Package Manager] Failed to launch server process. Reason: Unity was launched with the -noUpm command-line argument
[Package Manager] Unable to send message (not connected to server process).
[Package Manager] Cannot connect to Unity Package Manager local server
Refreshing native plugins compatible for Editor in 0.43 ms, found 0 plugins.
[MODES] ModeService[none].Initialize
[MODES] ModeService[none].LoadModes
Mono: successfully reloaded assembly
- Finished resetting the current domain, in  0.623 seconds
Domain Reload Profiling: 1193ms
	BeginReloadAssembly (150ms)
		ExecutionOrderSort (0ms)
		DisableScriptedObjects (4ms)
		BackupInstance (0ms)
		ReleaseScriptingObjects (0ms)
		CreateAndSetChildDomain (56ms)
	RebuildCommonClasses (29ms)
	RebuildNativeTypeToScriptingClass (7ms)
	initialDomainReloadingComplete (20ms)
	LoadAllAssembliesAndSetupDomain (362ms)
		LoadAssemblies (240ms)
		RebuildTransferFunctionScriptingTraits (0ms)
		AnalyzeDomain (160ms)
			TypeCache.Refresh (7ms)
				TypeCache.ScanAssembly (0ms)
			BuildScriptInfoCaches (142ms)
			ResolveRequiredComponents (10ms)
	FinalizeReload (624ms)
		ReleaseScriptCaches (0ms)
		RebuildScriptCaches (0ms)
		SetupLoadedEditorAssemblies (489ms)
			LogAssemblyErrors (0ms)
			InitializePlatformSupportModulesInManaged (3ms)
			SetLoadedEditorAssemblies (6ms)
			BeforeProcessingInitializeOnLoad (97ms)
			ProcessInitializeOnLoadAttributes (310ms)
			ProcessInitializeOnLoadMethodAttributes (71ms)
			AfterProcessingInitializeOnLoad (2ms)
			EditorAssembliesLoaded (0ms)
		ExecutionOrderSort2 (0ms)
		AwakeInstancesAfterBackupRestoration (9ms)
Shader Hidden/ProbeVolume/VoxelizeScene is not supported: GPU does not support conservative rasterization
Refreshing native plugins compatible for Editor in 0.39 ms, found 0 plugins.
Preloading 0 native plugins for Editor in 0.00 ms.
Unloading 27 Unused Serialized files (Serialized files now loaded: 0)
Unloading 7135 unused Assets / (7.0 MB). Loaded Objects now: 7873.
Memory consumption went from 147.9 MB to 141.0 MB.
Total: 8.544097 ms (FindLiveObjects: 0.496800 ms CreateObjectMapping: 0.525648 ms MarkObjects: 4.843358 ms  DeleteObjects: 2.676877 ms)

Prepare: number of updated asset objects reloaded= 0
========================================================================
Received Prepare
Assembly reference Packages/com.unity.cinemachine/Editor/Samples/ExposeHDRPInternals/HDRP-Editor-ref.asmref has no target assembly definition
Assembly reference Packages/com.unity.cinemachine/Editor/Samples/ExposeHDRPInternals/HDRP-Editor-ref.asmref has no target assembly definition
Begin MonoManager ReloadAssembly
- Loaded All Assemblies, in  0.512 seconds
Assembly reference Packages/com.unity.cinemachine/Editor/Samples/ExposeHDRPInternals/HDRP-Editor-ref.asmref has no target assembly definition
'Packages/com.unity.cinemachine/Editor/Obsolete/CinemachineVirtualCameraBaseEditor.cs' contains partial class of Unity.Object, exactly 1 of the partial classes needs to be in a file with the same filename. This is to know the one that can be referenced from ie. GameObjects
'Packages/com.unity.cinemachine/Editor/Editors/CinemachineVirtualCameraBaseEditor.cs' contains partial class of Unity.Object, exactly 1 of the partial classes needs to be in a file with the same filename. This is to know the one that can be referenced from ie. GameObjects
Refreshing native plugins compatible for Editor in 0.37 ms, found 0 plugins.
Native extension for LinuxStandalone target not found
Assembly reference Packages/com.unity.cinemachine/Editor/Samples/ExposeHDRPInternals/HDRP-Editor-ref.asmref has no target assembly definition
[Package Manager] Failed to launch server process. Reason: Unity was launched with the -noUpm command-line argument
[Package Manager] Unable to send message (not connected to server process).
[Package Manager] Cannot connect to Unity Package Manager local server
[Package Manager] Failed to launch server process. Reason: Unity was launched with the -noUpm command-line argument
[Package Manager] Unable to send message (not connected to server process).
[Package Manager] Cannot connect to Unity Package Manager local server
Refreshing native plugins compatible for Editor in 0.44 ms, found 0 plugins.
[MODES] ModeService[none].Initialize
[MODES] ModeService[none].LoadModes
Mono: successfully reloaded assembly
- Finished resetting the current domain, in  0.624 seconds
Domain Reload Profiling: 1138ms
	BeginReloadAssembly (130ms)
		ExecutionOrderSort (0ms)
		DisableScriptedObjects (4ms)
		BackupInstance (0ms)
		ReleaseScriptingObjects (0ms)
		CreateAndSetChildDomain (41ms)
	RebuildCommonClasses (28ms)
	RebuildNativeTypeToScriptingClass (7ms)
	initialDomainReloadingComplete (21ms)
	LoadAllAssembliesAndSetupDomain (329ms)
		LoadAssemblies (206ms)
		RebuildTransferFunctionScriptingTraits (0ms)
		AnalyzeDomain (160ms)
			TypeCache.Refresh (8ms)
				TypeCache.ScanAssembly (0ms)
			BuildScriptInfoCaches (141ms)
			ResolveRequiredComponents (9ms)
	FinalizeReload (624ms)
		ReleaseScriptCaches (0ms)
		RebuildScriptCaches (0ms)
		SetupLoadedEditorAssemblies (491ms)
			LogAssemblyErrors (0ms)
			InitializePlatformSupportModulesInManaged (2ms)
			SetLoadedEditorAssemblies (4ms)
			BeforeProcessingInitializeOnLoad (92ms)
			ProcessInitializeOnLoadAttributes (318ms)
			ProcessInitializeOnLoadMethodAttributes (72ms)
			AfterProcessingInitializeOnLoad (2ms)
			EditorAssembliesLoaded (0ms)
		ExecutionOrderSort2 (0ms)
		AwakeInstancesAfterBackupRestoration (10ms)
Shader Hidden/ProbeVolume/VoxelizeScene is not supported: GPU does not support conservative rasterization
Refreshing native plugins compatible for Editor in 0.41 ms, found 0 plugins.
Preloading 0 native plugins for Editor in 0.00 ms.
Unloading 27 Unused Serialized files (Serialized files now loaded: 0)
Unloading 7135 unused Assets / (7.3 MB). Loaded Objects now: 7876.
Memory consumption went from 148.0 MB to 140.7 MB.
Total: 9.182375 ms (FindLiveObjects: 0.521392 ms CreateObjectMapping: 0.557016 ms MarkObjects: 5.158205 ms  DeleteObjects: 2.943958 ms)

Prepare: number of updated asset objects reloaded= 0
========================================================================
Received Prepare
Assembly reference Packages/com.unity.cinemachine/Editor/Samples/ExposeHDRPInternals/HDRP-Editor-ref.asmref has no target assembly definition
Assembly reference Packages/com.unity.cinemachine/Editor/Samples/ExposeHDRPInternals/HDRP-Editor-ref.asmref has no target assembly definition
Begin MonoManager ReloadAssembly
- Loaded All Assemblies, in  0.524 seconds
Assembly reference Packages/com.unity.cinemachine/Editor/Samples/ExposeHDRPInternals/HDRP-Editor-ref.asmref has no target assembly definition
'Packages/com.unity.cinemachine/Editor/Obsolete/CinemachineVirtualCameraBaseEditor.cs' contains partial class of Unity.Object, exactly 1 of the partial classes needs to be in a file with the same filename. This is to know the one that can be referenced from ie. GameObjects
'Packages/com.unity.cinemachine/Editor/Editors/CinemachineVirtualCameraBaseEditor.cs' contains partial class of Unity.Object, exactly 1 of the partial classes needs to be in a file with the same filename. This is to know the one that can be referenced from ie. GameObjects
Refreshing native plugins compatible for Editor in 0.36 ms, found 0 plugins.
Native extension for LinuxStandalone target not found
Assembly reference Packages/com.unity.cinemachine/Editor/Samples/ExposeHDRPInternals/HDRP-Editor-ref.asmref has no target assembly definition
[Package Manager] Failed to launch server process. Reason: Unity was launched with the -noUpm command-line argument
[Package Manager] Unable to send message (not connected to server process).
[Package Manager] Cannot connect to Unity Package Manager local server
[Package Manager] Failed to launch server process. Reason: Unity was launched with the -noUpm command-line argument
[Package Manager] Unable to send message (not connected to server process).
[Package Manager] Cannot connect to Unity Package Manager local server
Refreshing native plugins compatible for Editor in 0.43 ms, found 0 plugins.
[MODES] ModeService[none].Initialize
[MODES] ModeService[none].LoadModes
Mono: successfully reloaded assembly
- Finished resetting the current domain, in  0.618 seconds
Domain Reload Profiling: 1146ms
	BeginReloadAssembly (136ms)
		ExecutionOrderSort (0ms)
		DisableScriptedObjects (4ms)
		BackupInstance (0ms)
		ReleaseScriptingObjects (0ms)
		CreateAndSetChildDomain (46ms)
	RebuildCommonClasses (28ms)
	RebuildNativeTypeToScriptingClass (7ms)
	initialDomainReloadingComplete (21ms)
	LoadAllAssembliesAndSetupDomain (335ms)
		LoadAssemblies (208ms)
		RebuildTransferFunctionScriptingTraits (0ms)
		AnalyzeDomain (162ms)
			TypeCache.Refresh (8ms)
				TypeCache.ScanAssembly (0ms)
			BuildScriptInfoCaches (143ms)
			ResolveRequiredComponents (10ms)
	FinalizeReload (619ms)
		ReleaseScriptCaches (0ms)
		RebuildScriptCaches (0ms)
		SetupLoadedEditorAssemblies (489ms)
			LogAssemblyErrors (0ms)
			InitializePlatformSupportModulesInManaged (2ms)
			SetLoadedEditorAssemblies (4ms)
			BeforeProcessingInitializeOnLoad (92ms)
			ProcessInitializeOnLoadAttributes (315ms)
			ProcessInitializeOnLoadMethodAttributes (72ms)
			AfterProcessingInitializeOnLoad (2ms)
			EditorAssembliesLoaded (0ms)
		ExecutionOrderSort2 (0ms)
		AwakeInstancesAfterBackupRestoration (9ms)
Shader Hidden/ProbeVolume/VoxelizeScene is not supported: GPU does not support conservative rasterization
Refreshing native plugins compatible for Editor in 0.41 ms, found 0 plugins.
Preloading 0 native plugins for Editor in 0.00 ms.
Unloading 27 Unused Serialized files (Serialized files now loaded: 0)
Unloading 7135 unused Assets / (6.7 MB). Loaded Objects now: 7879.
Memory consumption went from 148.0 MB to 141.3 MB.
Total: 8.748799 ms (FindLiveObjects: 0.486308 ms CreateObjectMapping: 0.512888 ms MarkObjects: 4.814677 ms  DeleteObjects: 2.933686 ms)

Prepare: number of updated asset objects reloaded= 0
========================================================================
Received Import Request.
  Time since last request: 14531.286456 seconds.
  path: Assets/Scenes/CanvasTimelineOut.playable
  artifactKey: Guid(bbd7f675bb0c848f5adfa1ee27bf8c99) Importer(815301076,1909f56bfc062723c751e8b465ee728b)
Start importing Assets/Scenes/CanvasTimelineOut.playable using Guid(bbd7f675bb0c848f5adfa1ee27bf8c99) Importer(815301076,1909f56bfc062723c751e8b465ee728b) (PreviewImporter) -> (artifact id: '84d825412a34c5153500d23410df0f92') in 0.02575111 seconds
Number of updated asset objects reloaded before import = 0Number of asset objects unloaded after import = 12

========================================================================
Received Import Request.
  Time since last request: 26.116511 seconds.
  path: Assets/Scenes/CanvasTimeline.playable
  artifactKey: Guid(590ff02449e8591a18eb1b479b0a2736) Importer(815301076,1909f56bfc062723c751e8b465ee728b)
Start importing Assets/Scenes/CanvasTimeline.playable using Guid(590ff02449e8591a18eb1b479b0a2736) Importer(815301076,1909f56bfc062723c751e8b465ee728b) (PreviewImporter) -> (artifact id: 'f9ac36c734585fb01eb42dee00966a22') in 0.002972352 seconds
Number of updated asset objects reloaded before import = 0Number of asset objects unloaded after import = 56

========================================================================
Received Import Request.
  Time since last request: 2.987369 seconds.
  path: Assets/Scenes/Outro.unity
  artifactKey: Guid(22ba3e07af26fc9908353a595a3cc2f3) Importer(815301076,1909f56bfc062723c751e8b465ee728b)
Start importing Assets/Scenes/Outro.unity using Guid(22ba3e07af26fc9908353a595a3cc2f3) Importer(815301076,1909f56bfc062723c751e8b465ee728b) (PreviewImporter) -> (artifact id: 'f6cee0829b4d57e188510a8275d35b88') in 0.000657819 seconds
Number of updated asset objects reloaded before import = 0Number of asset objects unloaded after import = 0

========================================================================
Received Prepare
Assembly reference Packages/com.unity.cinemachine/Editor/Samples/ExposeHDRPInternals/HDRP-Editor-ref.asmref has no target assembly definition
Assembly reference Packages/com.unity.cinemachine/Editor/Samples/ExposeHDRPInternals/HDRP-Editor-ref.asmref has no target assembly definition
Begin MonoManager ReloadAssembly
- Loaded All Assemblies, in  0.534 seconds
Assembly reference Packages/com.unity.cinemachine/Editor/Samples/ExposeHDRPInternals/HDRP-Editor-ref.asmref has no target assembly definition
'Packages/com.unity.cinemachine/Editor/Obsolete/CinemachineVirtualCameraBaseEditor.cs' contains partial class of Unity.Object, exactly 1 of the partial classes needs to be in a file with the same filename. This is to know the one that can be referenced from ie. GameObjects
'Packages/com.unity.cinemachine/Editor/Editors/CinemachineVirtualCameraBaseEditor.cs' contains partial class of Unity.Object, exactly 1 of the partial classes needs to be in a file with the same filename. This is to know the one that can be referenced from ie. GameObjects
Refreshing native plugins compatible for Editor in 0.36 ms, found 0 plugins.
Native extension for LinuxStandalone target not found
Assembly reference Packages/com.unity.cinemachine/Editor/Samples/ExposeHDRPInternals/HDRP-Editor-ref.asmref has no target assembly definition
[Package Manager] Failed to launch server process. Reason: Unity was launched with the -noUpm command-line argument
[Package Manager] Unable to send message (not connected to server process).
[Package Manager] Cannot connect to Unity Package Manager local server
[Package Manager] Failed to launch server process. Reason: Unity was launched with the -noUpm command-line argument
[Package Manager] Unable to send message (not connected to server process).
[Package Manager] Cannot connect to Unity Package Manager local server
Refreshing native plugins compatible for Editor in 0.44 ms, found 0 plugins.
[MODES] ModeService[none].Initialize
[MODES] ModeService[none].LoadModes
Mono: successfully reloaded assembly
- Finished resetting the current domain, in  0.624 seconds
Domain Reload Profiling: 1161ms
	BeginReloadAssembly (131ms)
		ExecutionOrderSort (0ms)
		DisableScriptedObjects (4ms)
		BackupInstance (0ms)
		ReleaseScriptingObjects (0ms)
		CreateAndSetChildDomain (44ms)
	RebuildCommonClasses (28ms)
	RebuildNativeTypeToScriptingClass (7ms)
	initialDomainReloadingComplete (21ms)
	LoadAllAssembliesAndSetupDomain (349ms)
		LoadAssemblies (214ms)
		RebuildTransferFunctionScriptingTraits (0ms)
		AnalyzeDomain (169ms)
			TypeCache.Refresh (10ms)
				TypeCache.ScanAssembly (0ms)
			BuildScriptInfoCaches (148ms)
			ResolveRequiredComponents (10ms)
	FinalizeReload (624ms)
		ReleaseScriptCaches (0ms)
		RebuildScriptCaches (0ms)
		SetupLoadedEditorAssemblies (496ms)
			LogAssemblyErrors (0ms)
			InitializePlatformSupportModulesInManaged (2ms)
			SetLoadedEditorAssemblies (4ms)
			BeforeProcessingInitializeOnLoad (101ms)
			ProcessInitializeOnLoadAttributes (316ms)
			ProcessInitializeOnLoadMethodAttributes (69ms)
			AfterProcessingInitializeOnLoad (2ms)
			EditorAssembliesLoaded (0ms)
		ExecutionOrderSort2 (0ms)
		AwakeInstancesAfterBackupRestoration (9ms)
Shader Hidden/ProbeVolume/VoxelizeScene is not supported: GPU does not support conservative rasterization
Refreshing native plugins compatible for Editor in 0.39 ms, found 0 plugins.
Preloading 0 native plugins for Editor in 0.00 ms.
Unloading 27 Unused Serialized files (Serialized files now loaded: 0)
Unloading 7135 unused Assets / (6.1 MB). Loaded Objects now: 7885.
Memory consumption went from 148.6 MB to 142.5 MB.
Total: 8.472873 ms (FindLiveObjects: 0.535974 ms CreateObjectMapping: 0.536579 ms MarkObjects: 4.738422 ms  DeleteObjects: 2.661112 ms)

Prepare: number of updated asset objects reloaded= 0
========================================================================
Received Prepare
Assembly reference Packages/com.unity.cinemachine/Editor/Samples/ExposeHDRPInternals/HDRP-Editor-ref.asmref has no target assembly definition
Assembly reference Packages/com.unity.cinemachine/Editor/Samples/ExposeHDRPInternals/HDRP-Editor-ref.asmref has no target assembly definition
Begin MonoManager ReloadAssembly
- Loaded All Assemblies, in  0.551 seconds
Assembly reference Packages/com.unity.cinemachine/Editor/Samples/ExposeHDRPInternals/HDRP-Editor-ref.asmref has no target assembly definition
'Packages/com.unity.cinemachine/Editor/Obsolete/CinemachineVirtualCameraBaseEditor.cs' contains partial class of Unity.Object, exactly 1 of the partial classes needs to be in a file with the same filename. This is to know the one that can be referenced from ie. GameObjects
'Packages/com.unity.cinemachine/Editor/Editors/CinemachineVirtualCameraBaseEditor.cs' contains partial class of Unity.Object, exactly 1 of the partial classes needs to be in a file with the same filename. This is to know the one that can be referenced from ie. GameObjects
Refreshing native plugins compatible for Editor in 0.39 ms, found 0 plugins.
Native extension for LinuxStandalone target not found
Assembly reference Packages/com.unity.cinemachine/Editor/Samples/ExposeHDRPInternals/HDRP-Editor-ref.asmref has no target assembly definition
[Package Manager] Failed to launch server process. Reason: Unity was launched with the -noUpm command-line argument
[Package Manager] Unable to send message (not connected to server process).
[Package Manager] Cannot connect to Unity Package Manager local server
[Package Manager] Failed to launch server process. Reason: Unity was launched with the -noUpm command-line argument
[Package Manager] Unable to send message (not connected to server process).
[Package Manager] Cannot connect to Unity Package Manager local server
Refreshing native plugins compatible for Editor in 0.43 ms, found 0 plugins.
[MODES] ModeService[none].Initialize
[MODES] ModeService[none].LoadModes
Mono: successfully reloaded assembly
- Finished resetting the current domain, in  0.667 seconds
Domain Reload Profiling: 1222ms
	BeginReloadAssembly (141ms)
		ExecutionOrderSort (0ms)
		DisableScriptedObjects (4ms)
		BackupInstance (0ms)
		ReleaseScriptingObjects (0ms)
		CreateAndSetChildDomain (45ms)
	RebuildCommonClasses (31ms)
	RebuildNativeTypeToScriptingClass (7ms)
	initialDomainReloadingComplete (24ms)
	LoadAllAssembliesAndSetupDomain (351ms)
		LoadAssemblies (229ms)
		RebuildTransferFunctionScriptingTraits (0ms)
		AnalyzeDomain (164ms)
			TypeCache.Refresh (7ms)
				TypeCache.ScanAssembly (0ms)
			BuildScriptInfoCaches (145ms)
			ResolveRequiredComponents (10ms)
	FinalizeReload (668ms)
		ReleaseScriptCaches (0ms)
		RebuildScriptCaches (0ms)
		SetupLoadedEditorAssemblies (534ms)
			LogAssemblyErrors (0ms)
			InitializePlatformSupportModulesInManaged (3ms)
			SetLoadedEditorAssemblies (4ms)
			BeforeProcessingInitializeOnLoad (123ms)
			ProcessInitializeOnLoadAttributes (330ms)
			ProcessInitializeOnLoadMethodAttributes (71ms)
			AfterProcessingInitializeOnLoad (2ms)
			EditorAssembliesLoaded (0ms)
		ExecutionOrderSort2 (0ms)
		AwakeInstancesAfterBackupRestoration (9ms)
Shader Hidden/ProbeVolume/VoxelizeScene is not supported: GPU does not support conservative rasterization
Refreshing native plugins compatible for Editor in 0.42 ms, found 0 plugins.
Preloading 0 native plugins for Editor in 0.00 ms.
Unloading 27 Unused Serialized files (Serialized files now loaded: 0)
Unloading 7135 unused Assets / (7.1 MB). Loaded Objects now: 7888.
Memory consumption went from 148.6 MB to 141.5 MB.
Total: 9.256368 ms (FindLiveObjects: 0.495864 ms CreateObjectMapping: 0.544444 ms MarkObjects: 5.209302 ms  DeleteObjects: 3.005570 ms)

Prepare: number of updated asset objects reloaded= 0
========================================================================
Received Prepare
Assembly reference Packages/com.unity.cinemachine/Editor/Samples/ExposeHDRPInternals/HDRP-Editor-ref.asmref has no target assembly definition
Assembly reference Packages/com.unity.cinemachine/Editor/Samples/ExposeHDRPInternals/HDRP-Editor-ref.asmref has no target assembly definition
Begin MonoManager ReloadAssembly
- Loaded All Assemblies, in  0.525 seconds
Assembly reference Packages/com.unity.cinemachine/Editor/Samples/ExposeHDRPInternals/HDRP-Editor-ref.asmref has no target assembly definition
'Packages/com.unity.cinemachine/Editor/Obsolete/CinemachineVirtualCameraBaseEditor.cs' contains partial class of Unity.Object, exactly 1 of the partial classes needs to be in a file with the same filename. This is to know the one that can be referenced from ie. GameObjects
'Packages/com.unity.cinemachine/Editor/Editors/CinemachineVirtualCameraBaseEditor.cs' contains partial class of Unity.Object, exactly 1 of the partial classes needs to be in a file with the same filename. This is to know the one that can be referenced from ie. GameObjects
Refreshing native plugins compatible for Editor in 0.37 ms, found 0 plugins.
Native extension for LinuxStandalone target not found
Assembly reference Packages/com.unity.cinemachine/Editor/Samples/ExposeHDRPInternals/HDRP-Editor-ref.asmref has no target assembly definition
[Package Manager] Failed to launch server process. Reason: Unity was launched with the -noUpm command-line argument
[Package Manager] Unable to send message (not connected to server process).
[Package Manager] Cannot connect to Unity Package Manager local server
[Package Manager] Failed to launch server process. Reason: Unity was launched with the -noUpm command-line argument
[Package Manager] Unable to send message (not connected to server process).
[Package Manager] Cannot connect to Unity Package Manager local server
Refreshing native plugins compatible for Editor in 0.45 ms, found 0 plugins.
[MODES] ModeService[none].Initialize
[MODES] ModeService[none].LoadModes
Mono: successfully reloaded assembly
- Finished resetting the current domain, in  0.655 seconds
Domain Reload Profiling: 1182ms
	BeginReloadAssembly (137ms)
		ExecutionOrderSort (0ms)
		DisableScriptedObjects (4ms)
		BackupInstance (0ms)
		ReleaseScriptingObjects (0ms)
		CreateAndSetChildDomain (45ms)
	RebuildCommonClasses (29ms)
	RebuildNativeTypeToScriptingClass (7ms)
	initialDomainReloadingComplete (21ms)
	LoadAllAssembliesAndSetupDomain (334ms)
		LoadAssemblies (207ms)
		RebuildTransferFunctionScriptingTraits (0ms)
		AnalyzeDomain (165ms)
			TypeCache.Refresh (8ms)
				TypeCache.ScanAssembly (0ms)
			BuildScriptInfoCaches (146ms)
			ResolveRequiredComponents (10ms)
	FinalizeReload (655ms)
		ReleaseScriptCaches (0ms)
		RebuildScriptCaches (0ms)
		SetupLoadedEditorAssemblies (520ms)
			LogAssemblyErrors (0ms)
			InitializePlatformSupportModulesInManaged (2ms)
			SetLoadedEditorAssemblies (5ms)
			BeforeProcessingInitializeOnLoad (107ms)
			ProcessInitializeOnLoadAttributes (332ms)
			ProcessInitializeOnLoadMethodAttributes (72ms)
			AfterProcessingInitializeOnLoad (2ms)
			EditorAssembliesLoaded (0ms)
		ExecutionOrderSort2 (0ms)
		AwakeInstancesAfterBackupRestoration (10ms)
Shader Hidden/ProbeVolume/VoxelizeScene is not supported: GPU does not support conservative rasterization
Refreshing native plugins compatible for Editor in 0.45 ms, found 0 plugins.
Preloading 0 native plugins for Editor in 0.00 ms.
Unloading 27 Unused Serialized files (Serialized files now loaded: 0)
Unloading 7135 unused Assets / (7.2 MB). Loaded Objects now: 7891.
Memory consumption went from 148.6 MB to 141.5 MB.
Total: 9.065247 ms (FindLiveObjects: 0.568146 ms CreateObjectMapping: 0.537759 ms MarkObjects: 5.049038 ms  DeleteObjects: 2.909041 ms)

Prepare: number of updated asset objects reloaded= 0
========================================================================
Received Import Request.
  Time since last request: 103.177763 seconds.
  path: Assets/Pictures
  artifactKey: Guid(3718c9ee750fa74c8b26443d72a57381) Importer(815301076,1909f56bfc062723c751e8b465ee728b)
Start importing Assets/Pictures using Guid(3718c9ee750fa74c8b26443d72a57381) Importer(815301076,1909f56bfc062723c751e8b465ee728b) (PreviewImporter) -> (artifact id: 'c297e84f6d70b95b07475e26028e1e8c') in 0.001698978 seconds
Number of updated asset objects reloaded before import = 0Number of asset objects unloaded after import = 0

========================================================================
Received Import Request.
  Time since last request: 2.883429 seconds.
  path: Assets/Pictures/original.png
  artifactKey: Guid(7fa6498c088e3c5d5a5c3787f6212b50) Importer(815301076,1909f56bfc062723c751e8b465ee728b)
Start importing Assets/Pictures/original.png using Guid(7fa6498c088e3c5d5a5c3787f6212b50) Importer(815301076,1909f56bfc062723c751e8b465ee728b) (PreviewImporter) -> (artifact id: '55985eb4dcc78b6f452f72c885814ce8') in 0.017140806 seconds
Number of updated asset objects reloaded before import = 0Number of asset objects unloaded after import = 1

========================================================================
Received Import Request.
  Time since last request: 106.347411 seconds.
  path: Assets/Tree_Packs/URP_Tree_Pack/Textures/Global/501-free-hdri-skies-com.hdr
  artifactKey: Guid(0a5be2fdf196bca48b0ea83ffbf90357) Importer(815301076,1909f56bfc062723c751e8b465ee728b)
Start importing Assets/Tree_Packs/URP_Tree_Pack/Textures/Global/501-free-hdri-skies-com.hdr using Guid(0a5be2fdf196bca48b0ea83ffbf90357) Importer(815301076,1909f56bfc062723c751e8b465ee728b) (PreviewImporter) -> (artifact id: 'a065d6322f186da6c149e9cf4c07c7ad') in 1.07031109 seconds
Number of updated asset objects reloaded before import = 0Number of asset objects unloaded after import = 1

========================================================================
Received Import Request.
  Time since last request: 0.000034 seconds.
  path: Assets/UnityTechnologies/ParticlePack/EffectExamples/Magic Effects/Textures/IceGrey.png
  artifactKey: Guid(2a1bcd71cf85fdc4e8c0def85e4f5d9e) Importer(815301076,1909f56bfc062723c751e8b465ee728b)
Start importing Assets/UnityTechnologies/ParticlePack/EffectExamples/Magic Effects/Textures/IceGrey.png using Guid(2a1bcd71cf85fdc4e8c0def85e4f5d9e) Importer(815301076,1909f56bfc062723c751e8b465ee728b) (PreviewImporter) -> (artifact id: '2f6195b67b641cc4aa10c6c995b13e24') in 0.021321075 seconds
Number of updated asset objects reloaded before import = 0Number of asset objects unloaded after import = 2

========================================================================
Received Import Request.
  Time since last request: 0.000035 seconds.
  path: Assets/SimplePoly City - Low Poly Assets/Textures/Props_TrafficProps.png
  artifactKey: Guid(b386becb3d87aa64c8d545289379e79e) Importer(815301076,1909f56bfc062723c751e8b465ee728b)
Start importing Assets/SimplePoly City - Low Poly Assets/Textures/Props_TrafficProps.png using Guid(b386becb3d87aa64c8d545289379e79e) Importer(815301076,1909f56bfc062723c751e8b465ee728b) (PreviewImporter) -> (artifact id: '244a88c123339ead391c19ab4d358683') in 0.003812927 seconds
Number of updated asset objects reloaded before import = 0Number of asset objects unloaded after import = 2

========================================================================
Received Import Request.
  Time since last request: 0.000021 seconds.
  path: Assets/UnityTechnologies/ParticlePack/EffectExamples/Fire & Explosion Effects/Textures/Flame03.tif
  artifactKey: Guid(408718fd5f763de42b12f849570ddf58) Importer(815301076,1909f56bfc062723c751e8b465ee728b)
Start importing Assets/UnityTechnologies/ParticlePack/EffectExamples/Fire & Explosion Effects/Textures/Flame03.tif using Guid(408718fd5f763de42b12f849570ddf58) Importer(815301076,1909f56bfc062723c751e8b465ee728b) (PreviewImporter) -> (artifact id: 'f0991994a1ae7423ed6bb8a019be5781') in 0.014293058 seconds
Number of updated asset objects reloaded before import = 0Number of asset objects unloaded after import = 2

========================================================================
Received Import Request.
  Time since last request: 0.000020 seconds.
  path: Assets/UnityTechnologies/ParticlePack/EffectExamples/Magic Effects/Textures/EarthCrackAlbedo.tif
  artifactKey: Guid(8127d72dd65a1454082d10767b2fcad4) Importer(815301076,1909f56bfc062723c751e8b465ee728b)
Start importing Assets/UnityTechnologies/ParticlePack/EffectExamples/Magic Effects/Textures/EarthCrackAlbedo.tif using Guid(8127d72dd65a1454082d10767b2fcad4) Importer(815301076,1909f56bfc062723c751e8b465ee728b) (PreviewImporter) -> (artifact id: '2f371c6b21a9895ee501a67e79a60c75') in 0.008253785 seconds
Number of updated asset objects reloaded before import = 0Number of asset objects unloaded after import = 2

========================================================================
Received Import Request.
  Time since last request: 0.000021 seconds.
  path: Assets/UnityTechnologies/ParticlePack/EffectExamples/Weapon Effects/Textures/GoopSprayAlbedo.tif
  artifactKey: Guid(3f4abfb4beaba874db09889251c0f146) Importer(815301076,1909f56bfc062723c751e8b465ee728b)
Start importing Assets/UnityTechnologies/ParticlePack/EffectExamples/Weapon Effects/Textures/GoopSprayAlbedo.tif using Guid(3f4abfb4beaba874db09889251c0f146) Importer(815301076,1909f56bfc062723c751e8b465ee728b) (PreviewImporter) -> (artifact id: '12c76d1c98a4dedfc5e27e4496df30be') in 0.004678176 seconds
Number of updated asset objects reloaded before import = 0Number of asset objects unloaded after import = 2

========================================================================
Received Import Request.
  Time since last request: 0.000021 seconds.
  path: Assets/UnityTechnologies/ParticlePack/EffectExamples/Goop Effects/Textures/GoopDropAlbedo.tif
  artifactKey: Guid(fd9fde9ce6505d546952963a514b1909) Importer(815301076,1909f56bfc062723c751e8b465ee728b)
Start importing Assets/UnityTechnologies/ParticlePack/EffectExamples/Goop Effects/Textures/GoopDropAlbedo.tif using Guid(fd9fde9ce6505d546952963a514b1909) Importer(815301076,1909f56bfc062723c751e8b465ee728b) (PreviewImporter) -> (artifact id: '6435070380c97c8dab51fe94370a4fff') in 0.00806784 seconds
Number of updated asset objects reloaded before import = 0Number of asset objects unloaded after import = 2

========================================================================
Received Import Request.
  Time since last request: 0.000023 seconds.
  path: Assets/Adventure_Character/Textures/Man_Body_Albedo.tga
  artifactKey: Guid(14a564f7fa4e12844919f637dc3c17ce) Importer(815301076,1909f56bfc062723c751e8b465ee728b)
Start importing Assets/Adventure_Character/Textures/Man_Body_Albedo.tga using Guid(14a564f7fa4e12844919f637dc3c17ce) Importer(815301076,1909f56bfc062723c751e8b465ee728b) (PreviewImporter) -> (artifact id: '043f5666e1baf849446802739aaf322a') in 0.028956315 seconds
Number of updated asset objects reloaded before import = 0Number of asset objects unloaded after import = 2

========================================================================
Received Import Request.
  Time since last request: 0.000023 seconds.
  path: Assets/FantasyMedievalTown_LITE/Textures/CartoonTownLite_Texture_01.png
  artifactKey: Guid(8ae098f12a8d453439ed9182a67f0521) Importer(815301076,1909f56bfc062723c751e8b465ee728b)
Start importing Assets/FantasyMedievalTown_LITE/Textures/CartoonTownLite_Texture_01.png using Guid(8ae098f12a8d453439ed9182a67f0521) Importer(815301076,1909f56bfc062723c751e8b465ee728b) (PreviewImporter) -> (artifact id: '00d611ee41da92d902b94e51edbd46e6') in 0.005672272 seconds
Number of updated asset objects reloaded before import = 0Number of asset objects unloaded after import = 2

========================================================================
Received Import Request.
  Time since last request: 0.000031 seconds.
  path: Assets/Starter Assets/Sample/FirstPersonController/Playground/ReflectionProbe-1.exr
  artifactKey: Guid(5515cbebf3ef1144ebf8d50ed9091e17) Importer(815301076,1909f56bfc062723c751e8b465ee728b)
Start importing Assets/Starter Assets/Sample/FirstPersonController/Playground/ReflectionProbe-1.exr using Guid(5515cbebf3ef1144ebf8d50ed9091e17) Importer(815301076,1909f56bfc062723c751e8b465ee728b) (PreviewImporter) -> (artifact id: 'ba8d2a0426eb6a0638e32d8ac8d6bb49') in 0.008330357 seconds
Number of updated asset objects reloaded before import = 0Number of asset objects unloaded after import = 1

========================================================================
Received Import Request.
  Time since last request: 0.000037 seconds.
  path: Assets/SimplePoly City - Low Poly Assets/Textures/Building_Coffee Shop.png
  artifactKey: Guid(939ea9febbadb6e4c906dcd31ca81e78) Importer(815301076,1909f56bfc062723c751e8b465ee728b)
Start importing Assets/SimplePoly City - Low Poly Assets/Textures/Building_Coffee Shop.png using Guid(939ea9febbadb6e4c906dcd31ca81e78) Importer(815301076,1909f56bfc062723c751e8b465ee728b) (PreviewImporter) -> (artifact id: '3bff534fd3f42f41d19b59fb5636d315') in 0.010090424 seconds
Number of updated asset objects reloaded before import = 0Number of asset objects unloaded after import = 2

========================================================================
Received Import Request.
  Time since last request: 0.000021 seconds.
  path: Assets/SimplePoly City - Low Poly Assets/Textures/Building_House_04_color02.png
  artifactKey: Guid(38f25d053637e924099f07d4d995d256) Importer(815301076,1909f56bfc062723c751e8b465ee728b)
Start importing Assets/SimplePoly City - Low Poly Assets/Textures/Building_House_04_color02.png using Guid(38f25d053637e924099f07d4d995d256) Importer(815301076,1909f56bfc062723c751e8b465ee728b) (PreviewImporter) -> (artifact id: 'c59f76d819c5c71a676c4903d3078e1b') in 0.00374131 seconds
Number of updated asset objects reloaded before import = 0Number of asset objects unloaded after import = 2

========================================================================
Received Import Request.
  Time since last request: 0.000022 seconds.
  path: Assets/UnityTechnologies/ParticlePack/EffectExamples/Misc Effects/Textures/FireFlyEmission.tif
  artifactKey: Guid(f16b4e9769a932a4ba18f3ae2964e3e9) Importer(815301076,1909f56bfc062723c751e8b465ee728b)
Start importing Assets/UnityTechnologies/ParticlePack/EffectExamples/Misc Effects/Textures/FireFlyEmission.tif using Guid(f16b4e9769a932a4ba18f3ae2964e3e9) Importer(815301076,1909f56bfc062723c751e8b465ee728b) (PreviewImporter) -> (artifact id: '185968dd29d0e11a5bd03578f52563b3') in 0.009860624 seconds
Number of updated asset objects reloaded before import = 0Number of asset objects unloaded after import = 2

========================================================================
Received Import Request.
  Time since last request: 0.000022 seconds.
  path: Assets/Materials/grass_05.png
  artifactKey: Guid(c93a895715410ed4483bbad352ee01d5) Importer(815301076,1909f56bfc062723c751e8b465ee728b)
Start importing Assets/Materials/grass_05.png using Guid(c93a895715410ed4483bbad352ee01d5) Importer(815301076,1909f56bfc062723c751e8b465ee728b) (PreviewImporter) -> (artifact id: '9f5ab84c3ed81c9a499b577c355febcc') in 0.008726981 seconds
Number of updated asset objects reloaded before import = 0Number of asset objects unloaded after import = 2

========================================================================
Received Import Request.
  Time since last request: 0.000029 seconds.
  path: Assets/SimplePoly City - Low Poly Assets/Textures/Building_House_03_color02.png
  artifactKey: Guid(676d0d512f2b34a4a8452af3bc34a78f) Importer(815301076,1909f56bfc062723c751e8b465ee728b)
Start importing Assets/SimplePoly City - Low Poly Assets/Textures/Building_House_03_color02.png using Guid(676d0d512f2b34a4a8452af3bc34a78f) Importer(815301076,1909f56bfc062723c751e8b465ee728b) (PreviewImporter) -> (artifact id: '4659cfdf2af32704c227b68fbc8d9ded') in 0.003966005 seconds
Number of updated asset objects reloaded before import = 0Number of asset objects unloaded after import = 2

========================================================================
Received Import Request.
  Time since last request: 0.000020 seconds.
  path: Assets/TextMesh Pro/Resources/Fonts & Materials/LiberationSans SDF.asset
  artifactKey: Guid(8f586378b4e144a9851e7b34d9b748ee) Importer(815301076,1909f56bfc062723c751e8b465ee728b)
Start importing Assets/TextMesh Pro/Resources/Fonts & Materials/LiberationSans SDF.asset using Guid(8f586378b4e144a9851e7b34d9b748ee) Importer(815301076,1909f56bfc062723c751e8b465ee728b) (PreviewImporter) -> (artifact id: '7b470b6f2085fa67ab7ec509c05fd5c3') in 0.038811608 seconds
Number of updated asset objects reloaded before import = 0Number of asset objects unloaded after import = 9

========================================================================
Received Import Request.
  Time since last request: 0.000029 seconds.
  path: Assets/UnityTechnologies/ParticlePack/EffectExamples/Smoke & Steam Effects/Textures/SmokeLoop01.tif
  artifactKey: Guid(d1b932090277f37428c753cf27824d4a) Importer(815301076,1909f56bfc062723c751e8b465ee728b)
Start importing Assets/UnityTechnologies/ParticlePack/EffectExamples/Smoke & Steam Effects/Textures/SmokeLoop01.tif using Guid(d1b932090277f37428c753cf27824d4a) Importer(815301076,1909f56bfc062723c751e8b465ee728b) (PreviewImporter) -> (artifact id: 'c4e2f9a44f2edae00906784e9ec6f0ac') in 0.013666543 seconds
Number of updated asset objects reloaded before import = 0Number of asset objects unloaded after import = 2

========================================================================
Received Import Request.
  Time since last request: 0.000033 seconds.
  path: Assets/UnityTechnologies/ParticlePack/Scenes/Main Scene with Legacy Particles/ReflectionProbe-7.exr
  artifactKey: Guid(ddd4189324d362341ae561547a6c3289) Importer(815301076,1909f56bfc062723c751e8b465ee728b)
Start importing Assets/UnityTechnologies/ParticlePack/Scenes/Main Scene with Legacy Particles/ReflectionProbe-7.exr using Guid(ddd4189324d362341ae561547a6c3289) Importer(815301076,1909f56bfc062723c751e8b465ee728b) (PreviewImporter) -> (artifact id: '27a49e78f2659a2de3dc570e8029fbf1') in 0.00880295 seconds
Number of updated asset objects reloaded before import = 0Number of asset objects unloaded after import = 1

========================================================================
Received Import Request.
  Time since last request: 0.000031 seconds.
  path: Assets/UnityTechnologies/ParticlePack/Scenes/Main Scene with Legacy Particles/ReflectionProbe-10.exr
  artifactKey: Guid(29b2d9c4f993bfc4fa52cf329612070b) Importer(815301076,1909f56bfc062723c751e8b465ee728b)
Start importing Assets/UnityTechnologies/ParticlePack/Scenes/Main Scene with Legacy Particles/ReflectionProbe-10.exr using Guid(29b2d9c4f993bfc4fa52cf329612070b) Importer(815301076,1909f56bfc062723c751e8b465ee728b) (PreviewImporter) -> (artifact id: 'cae7741aa63f067fe7b64338bd43d80b') in 0.008494721 seconds
Number of updated asset objects reloaded before import = 0Number of asset objects unloaded after import = 1

========================================================================
Received Import Request.
  Time since last request: 0.000021 seconds.
  path: Assets/UnityTechnologies/ParticlePack/EffectExamples/Fire & Explosion Effects/Textures/MediumFlame03.tif
  artifactKey: Guid(8ac487e221970a74fbf27f24086ea441) Importer(815301076,1909f56bfc062723c751e8b465ee728b)
Start importing Assets/UnityTechnologies/ParticlePack/EffectExamples/Fire & Explosion Effects/Textures/MediumFlame03.tif using Guid(8ac487e221970a74fbf27f24086ea441) Importer(815301076,1909f56bfc062723c751e8b465ee728b) (PreviewImporter) -> (artifact id: '6b874672b6f6460a3c8e065265fa799b') in 0.018547181 seconds
Number of updated asset objects reloaded before import = 0Number of asset objects unloaded after import = 2

========================================================================
Received Import Request.
  Time since last request: 0.000029 seconds.
  path: Assets/UnityTechnologies/ParticlePack/Scenes/Main Scene with Legacy Particles/ReflectionProbe-4.exr
  artifactKey: Guid(a68e6e8be6819074c9418cb1f1feea0d) Importer(815301076,1909f56bfc062723c751e8b465ee728b)
Start importing Assets/UnityTechnologies/ParticlePack/Scenes/Main Scene with Legacy Particles/ReflectionProbe-4.exr using Guid(a68e6e8be6819074c9418cb1f1feea0d) Importer(815301076,1909f56bfc062723c751e8b465ee728b) (PreviewImporter) -> (artifact id: '69a862024a4473a4c283d63ce17b330d') in 0.007126844 seconds
Number of updated asset objects reloaded before import = 0Number of asset objects unloaded after import = 1

========================================================================
Received Import Request.
  Time since last request: 0.000022 seconds.
  path: Assets/UnityTechnologies/ParticlePack/EffectExamples/Goop Effects/Textures/GoopDropNormals.tif
  artifactKey: Guid(e2e48048625d63c41a7219b81562326d) Importer(815301076,1909f56bfc062723c751e8b465ee728b)
Start importing Assets/UnityTechnologies/ParticlePack/EffectExamples/Goop Effects/Textures/GoopDropNormals.tif using Guid(e2e48048625d63c41a7219b81562326d) Importer(815301076,1909f56bfc062723c751e8b465ee728b) (PreviewImporter) -> (artifact id: 'd55f0517a0eb4a5fff89541f85f06128') in 0.037100878 seconds
Number of updated asset objects reloaded before import = 0Number of asset objects unloaded after import = 2

========================================================================
Received Import Request.
  Time since last request: 0.000023 seconds.
  path: Assets/UnityTechnologies/ParticlePack/EffectExamples/Fire & Explosion Effects/Textures/FireExplosion.tif
  artifactKey: Guid(59459fa5f4874d34c8a955afad00260b) Importer(815301076,1909f56bfc062723c751e8b465ee728b)
Start importing Assets/UnityTechnologies/ParticlePack/EffectExamples/Fire & Explosion Effects/Textures/FireExplosion.tif using Guid(59459fa5f4874d34c8a955afad00260b) Importer(815301076,1909f56bfc062723c751e8b465ee728b) (PreviewImporter) -> (artifact id: 'a1883fbc43869e233e03c0b1872212af') in 0.021122243 seconds
Number of updated asset objects reloaded before import = 0Number of asset objects unloaded after import = 2

========================================================================
Received Import Request.
  Time since last request: 0.000021 seconds.
  path: Assets/Low Poly Weapons/weapons/baseballBat/baseballbatTexture.gif
  artifactKey: Guid(4300dae951d00cb4eaf79f14bf6035a2) Importer(815301076,1909f56bfc062723c751e8b465ee728b)
Start importing Assets/Low Poly Weapons/weapons/baseballBat/baseballbatTexture.gif using Guid(4300dae951d00cb4eaf79f14bf6035a2) Importer(815301076,1909f56bfc062723c751e8b465ee728b) (PreviewImporter) -> (artifact id: 'cefa6e3fd4bb50c2b7954fc85cc67a62') in 0.005706609 seconds
Number of updated asset objects reloaded before import = 0Number of asset objects unloaded after import = 2

========================================================================
Received Import Request.
  Time since last request: 0.000027 seconds.
  path: Assets/UnityTechnologies/ParticlePack/EffectExamples/Legacy Particles/Textures/ImpactSplashParticle.tif
  artifactKey: Guid(a4948475d3e9a794cad36c380b171ea7) Importer(815301076,1909f56bfc062723c751e8b465ee728b)
Start importing Assets/UnityTechnologies/ParticlePack/EffectExamples/Legacy Particles/Textures/ImpactSplashParticle.tif using Guid(a4948475d3e9a794cad36c380b171ea7) Importer(815301076,1909f56bfc062723c751e8b465ee728b) (PreviewImporter) -> (artifact id: '8af6205c991dbd5a205aa567dfd630d5') in 0.004763974 seconds
Number of updated asset objects reloaded before import = 0Number of asset objects unloaded after import = 2

========================================================================
Received Import Request.
  Time since last request: 0.000036 seconds.
  path: Assets/Starter Assets/Runtime/ThirdPersonController/Character/Textures/Armature_Body_AlbedoTransparency.tif
  artifactKey: Guid(28d78c5517421f047b88352f3b18e8e7) Importer(815301076,1909f56bfc062723c751e8b465ee728b)
Start importing Assets/Starter Assets/Runtime/ThirdPersonController/Character/Textures/Armature_Body_AlbedoTransparency.tif using Guid(28d78c5517421f047b88352f3b18e8e7) Importer(815301076,1909f56bfc062723c751e8b465ee728b) (PreviewImporter) -> (artifact id: '6ae3fed079507ab0af490499cb29bfb2') in 0.016805614 seconds
Number of updated asset objects reloaded before import = 0Number of asset objects unloaded after import = 2

========================================================================
Received Import Request.
  Time since last request: 0.000024 seconds.
  path: Assets/Adventure_Character/Textures/Man_Cloth_Up_Albedo_03.tga
  artifactKey: Guid(af9d8bdb5bff58c449c7fa4f414869f3) Importer(815301076,1909f56bfc062723c751e8b465ee728b)
Start importing Assets/Adventure_Character/Textures/Man_Cloth_Up_Albedo_03.tga using Guid(af9d8bdb5bff58c449c7fa4f414869f3) Importer(815301076,1909f56bfc062723c751e8b465ee728b) (PreviewImporter) -> (artifact id: '3a75cbd5961a1bb6b15eceb5f59aa9a3') in 0.055892499 seconds
Number of updated asset objects reloaded before import = 0Number of asset objects unloaded after import = 2

========================================================================
Received Import Request.
  Time since last request: 0.000023 seconds.
  path: Assets/SimplePoly City - Low Poly Assets/Textures/Props_RoofProps.png
  artifactKey: Guid(c9a153aaa15e0194b8e8f7c16cdf5be7) Importer(815301076,1909f56bfc062723c751e8b465ee728b)
Start importing Assets/SimplePoly City - Low Poly Assets/Textures/Props_RoofProps.png using Guid(c9a153aaa15e0194b8e8f7c16cdf5be7) Importer(815301076,1909f56bfc062723c751e8b465ee728b) (PreviewImporter) -> (artifact id: '2995ee7569127b4a3bffcacb9cc909ce') in 0.008079737 seconds
Number of updated asset objects reloaded before import = 0Number of asset objects unloaded after import = 2

========================================================================
Received Import Request.
  Time since last request: 0.000024 seconds.
  path: Assets/UnityTechnologies/ParticlePack/EffectExamples/Weapon Effects/Textures/GoopStreakNormal.tif
  artifactKey: Guid(4b403858fefaded4bb58c22aa41b8769) Importer(815301076,1909f56bfc062723c751e8b465ee728b)
Start importing Assets/UnityTechnologies/ParticlePack/EffectExamples/Weapon Effects/Textures/GoopStreakNormal.tif using Guid(4b403858fefaded4bb58c22aa41b8769) Importer(815301076,1909f56bfc062723c751e8b465ee728b) (PreviewImporter) -> (artifact id: 'bde78599299f9adf71ce555d275812ef') in 0.009427877 seconds
Number of updated asset objects reloaded before import = 0Number of asset objects unloaded after import = 2

========================================================================
Received Import Request.
  Time since last request: 0.000023 seconds.
  path: Assets/Materials/MolotovText.png
  artifactKey: Guid(f4be29cf7e760ea8aae7a6a92021e330) Importer(815301076,1909f56bfc062723c751e8b465ee728b)
Start importing Assets/Materials/MolotovText.png using Guid(f4be29cf7e760ea8aae7a6a92021e330) Importer(815301076,1909f56bfc062723c751e8b465ee728b) (PreviewImporter) -> (artifact id: '0d5f75c596d0a3abd0ec2d4fa2216112') in 0.005562893 seconds
Number of updated asset objects reloaded before import = 0Number of asset objects unloaded after import = 2

========================================================================
Received Import Request.
  Time since last request: 0.000041 seconds.
  path: Assets/UnityTechnologies/ParticlePack/EffectExamples/Goop Effects/Textures/GoopSprayNormals.tif
  artifactKey: Guid(d3d3954ad53568b49b1fda6366f2b5ee) Importer(815301076,1909f56bfc062723c751e8b465ee728b)
Start importing Assets/UnityTechnologies/ParticlePack/EffectExamples/Goop Effects/Textures/GoopSprayNormals.tif using Guid(d3d3954ad53568b49b1fda6366f2b5ee) Importer(815301076,1909f56bfc062723c751e8b465ee728b) (PreviewImporter) -> (artifact id: '70c1fa17f1713b24d139bcb127412cf3') in 0.010039051 seconds
Number of updated asset objects reloaded before import = 0Number of asset objects unloaded after import = 2

========================================================================
Received Import Request.
  Time since last request: 0.000047 seconds.
  path: Assets/UnityTechnologies/ParticlePack/EffectExamples/Misc Effects/Textures/SmokeySteam.tif
  artifactKey: Guid(e983aba8ca13b244893617f34e99d00b) Importer(815301076,1909f56bfc062723c751e8b465ee728b)
Start importing Assets/UnityTechnologies/ParticlePack/EffectExamples/Misc Effects/Textures/SmokeySteam.tif using Guid(e983aba8ca13b244893617f34e99d00b) Importer(815301076,1909f56bfc062723c751e8b465ee728b) (PreviewImporter) -> (artifact id: 'e4663e6fd0a8c9cbdf32a2b2148c8a6f') in 0.043789896 seconds
Number of updated asset objects reloaded before import = 0Number of asset objects unloaded after import = 2

========================================================================
Received Import Request.
  Time since last request: 0.000020 seconds.
  path: Assets/SimplePoly City - Low Poly Assets/Textures/Building_Fruits  Shop.png
  artifactKey: Guid(06486f90deb2cc24492333b868a4b0a2) Importer(815301076,1909f56bfc062723c751e8b465ee728b)
Start importing Assets/SimplePoly City - Low Poly Assets/Textures/Building_Fruits  Shop.png using Guid(06486f90deb2cc24492333b868a4b0a2) Importer(815301076,1909f56bfc062723c751e8b465ee728b) (PreviewImporter) -> (artifact id: '65d39c459425652522f972f59069e891') in 0.005787433 seconds
Number of updated asset objects reloaded before import = 0Number of asset objects unloaded after import = 2

========================================================================
Received Import Request.
  Time since last request: 0.000022 seconds.
  path: Assets/Low Poly Weapons/weapons/sniper/riffle.gif
  artifactKey: Guid(53097f24f7c65e94293f7cf805efedf0) Importer(815301076,1909f56bfc062723c751e8b465ee728b)
Start importing Assets/Low Poly Weapons/weapons/sniper/riffle.gif using Guid(53097f24f7c65e94293f7cf805efedf0) Importer(815301076,1909f56bfc062723c751e8b465ee728b) (PreviewImporter) -> (artifact id: 'f02a76e068f3d96b4b243cce3acf130e') in 0.013685676 seconds
Number of updated asset objects reloaded before import = 0Number of asset objects unloaded after import = 2

========================================================================
Received Import Request.
  Time since last request: 0.000033 seconds.
  path: Assets/Adventure_Character/Textures/Man_Cloth_Down_Metallic.tga
  artifactKey: Guid(fbb02d1059395f94ca8cdb1d9cc8b9d3) Importer(815301076,1909f56bfc062723c751e8b465ee728b)
Start importing Assets/Adventure_Character/Textures/Man_Cloth_Down_Metallic.tga using Guid(fbb02d1059395f94ca8cdb1d9cc8b9d3) Importer(815301076,1909f56bfc062723c751e8b465ee728b) (PreviewImporter) -> (artifact id: 'ccaab43ee45ef8baec78dc6f96a59ea9') in 0.023584977 seconds
Number of updated asset objects reloaded before import = 0Number of asset objects unloaded after import = 2

========================================================================
Received Import Request.
  Time since last request: 0.000021 seconds.
  path: Assets/UnityTechnologies/ParticlePack/EffectExamples/Magic Effects/Textures/EarthCrackEmissive.tif
  artifactKey: Guid(77c621fe6d401b943993b4d3131e17a1) Importer(815301076,1909f56bfc062723c751e8b465ee728b)
Start importing Assets/UnityTechnologies/ParticlePack/EffectExamples/Magic Effects/Textures/EarthCrackEmissive.tif using Guid(77c621fe6d401b943993b4d3131e17a1) Importer(815301076,1909f56bfc062723c751e8b465ee728b) (PreviewImporter) -> (artifact id: 'ee3f9fbd208ad371ede8232c14b1b0de') in 0.016291861 seconds
Number of updated asset objects reloaded before import = 0Number of asset objects unloaded after import = 2

========================================================================
Received Import Request.
  Time since last request: 0.000024 seconds.
  path: Assets/Adventure_Character/Textures/Man_Body_Metallic.tga
  artifactKey: Guid(72cb5a51a442407438404bf56648f700) Importer(815301076,1909f56bfc062723c751e8b465ee728b)
Start importing Assets/Adventure_Character/Textures/Man_Body_Metallic.tga using Guid(72cb5a51a442407438404bf56648f700) Importer(815301076,1909f56bfc062723c751e8b465ee728b) (PreviewImporter) -> (artifact id: 'afbe521411b115ea93ba3896e72c9a1a') in 0.033853469 seconds
Number of updated asset objects reloaded before import = 0Number of asset objects unloaded after import = 2

========================================================================
Received Import Request.
  Time since last request: 0.000024 seconds.
  path: Assets/Low Poly Weapons/weapons/grenadeLauncher/grenadeLauncher.gif
  artifactKey: Guid(26dfa16d18a7e1d46bbcf035a2d5d74d) Importer(815301076,1909f56bfc062723c751e8b465ee728b)
Start importing Assets/Low Poly Weapons/weapons/grenadeLauncher/grenadeLauncher.gif using Guid(26dfa16d18a7e1d46bbcf035a2d5d74d) Importer(815301076,1909f56bfc062723c751e8b465ee728b) (PreviewImporter) -> (artifact id: 'afed0ffc35ec93e4681b87a11a8ef5ec') in 0.014330552 seconds
Number of updated asset objects reloaded before import = 0Number of asset objects unloaded after import = 2

========================================================================
Received Import Request.
  Time since last request: 0.000033 seconds.
  path: Assets/PBR_Grass_Textures/Textures/grass_04.png
  artifactKey: Guid(d328b36fe895dc54d82ce105d47de6c5) Importer(815301076,1909f56bfc062723c751e8b465ee728b)
Start importing Assets/PBR_Grass_Textures/Textures/grass_04.png using Guid(d328b36fe895dc54d82ce105d47de6c5) Importer(815301076,1909f56bfc062723c751e8b465ee728b) (PreviewImporter) -> (artifact id: '3eb4256ecdde3f7eca9b909320f90f08') in 0.066780768 seconds
Number of updated asset objects reloaded before import = 0Number of asset objects unloaded after import = 2

========================================================================
Received Import Request.
  Time since last request: 0.000025 seconds.
  path: Assets/Starter Assets/Runtime/ThirdPersonController/Character/Textures/Armature_Body_RGB.tif
  artifactKey: Guid(a95378e0fd5828442a6ed903fb3b0bf7) Importer(815301076,1909f56bfc062723c751e8b465ee728b)
Start importing Assets/Starter Assets/Runtime/ThirdPersonController/Character/Textures/Armature_Body_RGB.tif using Guid(a95378e0fd5828442a6ed903fb3b0bf7) Importer(815301076,1909f56bfc062723c751e8b465ee728b) (PreviewImporter) -> (artifact id: '23a291b3ec640f85d69e6503e5292269') in 0.015780893 seconds
Number of updated asset objects reloaded before import = 0Number of asset objects unloaded after import = 2

========================================================================
Received Import Request.
  Time since last request: 0.000022 seconds.
  path: Assets/SimplePoly City - Low Poly Assets/Textures/Building_House_01_color01.png
  artifactKey: Guid(993a27af83ba79149af2300cdf16973a) Importer(815301076,1909f56bfc062723c751e8b465ee728b)
Start importing Assets/SimplePoly City - Low Poly Assets/Textures/Building_House_01_color01.png using Guid(993a27af83ba79149af2300cdf16973a) Importer(815301076,1909f56bfc062723c751e8b465ee728b) (PreviewImporter) -> (artifact id: 'f4ca4ba3cae7b208c911987964f2ba30') in 0.009634635 seconds
Number of updated asset objects reloaded before import = 0Number of asset objects unloaded after import = 2

========================================================================
Received Import Request.
  Time since last request: 0.000021 seconds.
  path: Assets/Low Poly Weapons/weapons/pistol/clipText.png
  artifactKey: Guid(ff808adccd6d64346a8ee012c048b420) Importer(815301076,1909f56bfc062723c751e8b465ee728b)
Start importing Assets/Low Poly Weapons/weapons/pistol/clipText.png using Guid(ff808adccd6d64346a8ee012c048b420) Importer(815301076,1909f56bfc062723c751e8b465ee728b) (PreviewImporter) -> (artifact id: '9eac35336a8ec83e5afca394dd02ffe6') in 0.007732232 seconds
Number of updated asset objects reloaded before import = 0Number of asset objects unloaded after import = 2

========================================================================
Received Import Request.
  Time since last request: 0.000018 seconds.
  path: Assets/Starter Assets/Runtime/ThirdPersonController/Character/Textures/Armature_Arms_Normal.tif
  artifactKey: Guid(104a45460231b8d4783e0bb2223be28c) Importer(815301076,1909f56bfc062723c751e8b465ee728b)
Start importing Assets/Starter Assets/Runtime/ThirdPersonController/Character/Textures/Armature_Arms_Normal.tif using Guid(104a45460231b8d4783e0bb2223be28c) Importer(815301076,1909f56bfc062723c751e8b465ee728b) (PreviewImporter) -> (artifact id: 'bb3db089d7f8bec3ec7828fc007430fa') in 0.040247529 seconds
Number of updated asset objects reloaded before import = 0Number of asset objects unloaded after import = 2

========================================================================
Received Import Request.
  Time since last request: 0.000028 seconds.
  path: Assets/SimplePoly City - Low Poly Assets/Textures/Building_Fast Food.png
  artifactKey: Guid(06b4c0119aac8524ca9230c7fabe315b) Importer(815301076,1909f56bfc062723c751e8b465ee728b)
Start importing Assets/SimplePoly City - Low Poly Assets/Textures/Building_Fast Food.png using Guid(06b4c0119aac8524ca9230c7fabe315b) Importer(815301076,1909f56bfc062723c751e8b465ee728b) (PreviewImporter) -> (artifact id: 'a2a706da5b4ae7fe26ae24563b4f3ba5') in 0.012541858 seconds
Number of updated asset objects reloaded before import = 0Number of asset objects unloaded after import = 2

========================================================================
Received Import Request.
  Time since last request: 0.000033 seconds.
  path: Assets/UnityTechnologies/ParticlePack/EffectExamples/Fire & Explosion Effects/Textures/shockwave.tif
  artifactKey: Guid(492f3349f92767645a752364a5d18422) Importer(815301076,1909f56bfc062723c751e8b465ee728b)
Start importing Assets/UnityTechnologies/ParticlePack/EffectExamples/Fire & Explosion Effects/Textures/shockwave.tif using Guid(492f3349f92767645a752364a5d18422) Importer(815301076,1909f56bfc062723c751e8b465ee728b) (PreviewImporter) -> (artifact id: '02325e47d5ea7c097d63313d28e6db57') in 0.012090869 seconds
Number of updated asset objects reloaded before import = 0Number of asset objects unloaded after import = 2

========================================================================
Received Import Request.
  Time since last request: 0.000020 seconds.
  path: Assets/PBR_Grass_Textures/Textures/grass_05_maskmap.png
  artifactKey: Guid(64ca5e4c2567f2542be0737dda0b80dc) Importer(815301076,1909f56bfc062723c751e8b465ee728b)
Start importing Assets/PBR_Grass_Textures/Textures/grass_05_maskmap.png using Guid(64ca5e4c2567f2542be0737dda0b80dc) Importer(815301076,1909f56bfc062723c751e8b465ee728b) (PreviewImporter) -> (artifact id: '8605f2b0598d16dc26cb67cde7521533') in 0.127961754 seconds
Number of updated asset objects reloaded before import = 0Number of asset objects unloaded after import = 2

========================================================================
Received Import Request.
  Time since last request: 0.000020 seconds.
  path: Assets/PBR_Grass_Textures/Textures/grass_04_ao.png
  artifactKey: Guid(bf64c87dd7e962f4881f59938515497f) Importer(815301076,1909f56bfc062723c751e8b465ee728b)
Start importing Assets/PBR_Grass_Textures/Textures/grass_04_ao.png using Guid(bf64c87dd7e962f4881f59938515497f) Importer(815301076,1909f56bfc062723c751e8b465ee728b) (PreviewImporter) -> (artifact id: 'b43a51f3836a490fabb61078e3752408') in 0.041564545 seconds
Number of updated asset objects reloaded before import = 0Number of asset objects unloaded after import = 2

========================================================================
Received Import Request.
  Time since last request: 0.000028 seconds.
  path: Assets/TENKOKU - DYNAMIC SKY/TEXTURES/renderTex_sky.renderTexture
  artifactKey: Guid(1a99aaf3b9544b14893c580821341403) Importer(815301076,1909f56bfc062723c751e8b465ee728b)
Start importing Assets/TENKOKU - DYNAMIC SKY/TEXTURES/renderTex_sky.renderTexture using Guid(1a99aaf3b9544b14893c580821341403) Importer(815301076,1909f56bfc062723c751e8b465ee728b) (PreviewImporter) -> (artifact id: '1393a4ee0cb6b8f035133829dfe963ca') in 0.005252591 seconds
Number of updated asset objects reloaded before import = 0Number of asset objects unloaded after import = 2

========================================================================
Received Import Request.
  Time since last request: 0.000026 seconds.
  path: Assets/Starter Assets/Runtime/ThirdPersonController/Character/Textures/Armature_Arms_MetallicSmoothness.tif
  artifactKey: Guid(b41d630ccc344454bb1f27587f9acd70) Importer(815301076,1909f56bfc062723c751e8b465ee728b)
Start importing Assets/Starter Assets/Runtime/ThirdPersonController/Character/Textures/Armature_Arms_MetallicSmoothness.tif using Guid(b41d630ccc344454bb1f27587f9acd70) Importer(815301076,1909f56bfc062723c751e8b465ee728b) (PreviewImporter) -> (artifact id: 'd04948d785c3d0c13a17e56c55e200ae') in 0.039249091 seconds
Number of updated asset objects reloaded before import = 0Number of asset objects unloaded after import = 2

========================================================================
Received Import Request.
  Time since last request: 0.000022 seconds.
  path: Assets/UnityTechnologies/ParticlePack/EffectExamples/Weapon Effects/Textures/GoopSprayNormal.tif
  artifactKey: Guid(041de061027a6f7478b69332b265342b) Importer(815301076,1909f56bfc062723c751e8b465ee728b)
Start importing Assets/UnityTechnologies/ParticlePack/EffectExamples/Weapon Effects/Textures/GoopSprayNormal.tif using Guid(041de061027a6f7478b69332b265342b) Importer(815301076,1909f56bfc062723c751e8b465ee728b) (PreviewImporter) -> (artifact id: '309c26512cd079f18c17db2f863edf8c') in 0.036036473 seconds
Number of updated asset objects reloaded before import = 0Number of asset objects unloaded after import = 2

========================================================================
Received Import Request.
  Time since last request: 0.000025 seconds.
  path: Assets/UnityTechnologies/ParticlePack/Shared/Environment/Textures/MetalTrim_Normal.tif
  artifactKey: Guid(2927ac255e81f184b8459509e4b3dce4) Importer(815301076,1909f56bfc062723c751e8b465ee728b)
Start importing Assets/UnityTechnologies/ParticlePack/Shared/Environment/Textures/MetalTrim_Normal.tif using Guid(2927ac255e81f184b8459509e4b3dce4) Importer(815301076,1909f56bfc062723c751e8b465ee728b) (PreviewImporter) -> (artifact id: 'c0027291bde1bcf5bbca333619287266') in 0.032894713 seconds
Number of updated asset objects reloaded before import = 0Number of asset objects unloaded after import = 2

========================================================================
Received Import Request.
  Time since last request: 0.000023 seconds.
  path: Assets/SimplePoly City - Low Poly Assets/Textures/Building_House_02_color01.png
  artifactKey: Guid(de3664eefb900b74fbdeb9a2a87c0cd9) Importer(815301076,1909f56bfc062723c751e8b465ee728b)
Start importing Assets/SimplePoly City - Low Poly Assets/Textures/Building_House_02_color01.png using Guid(de3664eefb900b74fbdeb9a2a87c0cd9) Importer(815301076,1909f56bfc062723c751e8b465ee728b) (PreviewImporter) -> (artifact id: '8b1155ecb11eadbf048e62dc53001203') in 0.007932447 seconds
Number of updated asset objects reloaded before import = 0Number of asset objects unloaded after import = 2

========================================================================
Received Import Request.
  Time since last request: 0.000017 seconds.
  path: Assets/Starter Assets/Runtime/ThirdPersonController/Character/Textures/Armature_Legs_AlbedoTransparency.tif
  artifactKey: Guid(c444e3d02d2fcff4d9fe5211d67652a0) Importer(815301076,1909f56bfc062723c751e8b465ee728b)
Start importing Assets/Starter Assets/Runtime/ThirdPersonController/Character/Textures/Armature_Legs_AlbedoTransparency.tif using Guid(c444e3d02d2fcff4d9fe5211d67652a0) Importer(815301076,1909f56bfc062723c751e8b465ee728b) (PreviewImporter) -> (artifact id: '43000666b892f9f1165dd58ec6624a3e') in 0.016951603 seconds
Number of updated asset objects reloaded before import = 0Number of asset objects unloaded after import = 2

========================================================================
Received Import Request.
  Time since last request: 0.000031 seconds.
  path: Assets/UnityTechnologies/ParticlePack/EffectExamples/Fire & Explosion Effects/Textures/EnergyEffect.tif
  artifactKey: Guid(5dd198d85c911d44f8a3f9f9d6b00be4) Importer(815301076,1909f56bfc062723c751e8b465ee728b)
Start importing Assets/UnityTechnologies/ParticlePack/EffectExamples/Fire & Explosion Effects/Textures/EnergyEffect.tif using Guid(5dd198d85c911d44f8a3f9f9d6b00be4) Importer(815301076,1909f56bfc062723c751e8b465ee728b) (PreviewImporter) -> (artifact id: 'e56a075ff5fa61396fd03b0a6cc39a7c') in 0.03282453 seconds
Number of updated asset objects reloaded before import = 0Number of asset objects unloaded after import = 2

========================================================================
Received Import Request.
  Time since last request: 0.000028 seconds.
  path: Assets/PBR_Grass_Textures/Textures/grass_04_maskmap.png
  artifactKey: Guid(cd629ca419b808242a1d70610b903ae2) Importer(815301076,1909f56bfc062723c751e8b465ee728b)
Start importing Assets/PBR_Grass_Textures/Textures/grass_04_maskmap.png using Guid(cd629ca419b808242a1d70610b903ae2) Importer(815301076,1909f56bfc062723c751e8b465ee728b) (PreviewImporter) -> (artifact id: '1d12c66040651b853f3d9b78024b7cb9') in 0.101505477 seconds
Number of updated asset objects reloaded before import = 0Number of asset objects unloaded after import = 2

========================================================================
Received Import Request.
  Time since last request: 0.000019 seconds.
  path: Assets/SimplePoly City - Low Poly Assets/Textures/Building_House_01_color02.png
  artifactKey: Guid(330683d110e88b7478da95a46f14a30a) Importer(815301076,1909f56bfc062723c751e8b465ee728b)
Start importing Assets/SimplePoly City - Low Poly Assets/Textures/Building_House_01_color02.png using Guid(330683d110e88b7478da95a46f14a30a) Importer(815301076,1909f56bfc062723c751e8b465ee728b) (PreviewImporter) -> (artifact id: '158876da86fa5ceffa1f00472ec87ffc') in 0.010937676 seconds
Number of updated asset objects reloaded before import = 0Number of asset objects unloaded after import = 2

========================================================================
Received Import Request.
  Time since last request: 0.000022 seconds.
  path: Assets/UnityTechnologies/ParticlePack/EffectExamples/Magic Effects/Textures/SmokePuff.png
  artifactKey: Guid(577c1423813e21143b40ba6f80bbde2a) Importer(815301076,1909f56bfc062723c751e8b465ee728b)
Start importing Assets/UnityTechnologies/ParticlePack/EffectExamples/Magic Effects/Textures/SmokePuff.png using Guid(577c1423813e21143b40ba6f80bbde2a) Importer(815301076,1909f56bfc062723c751e8b465ee728b) (PreviewImporter) -> (artifact id: '96e55dc1aee13d089bb7d0e52e9c66ef') in 0.014750749 seconds
Number of updated asset objects reloaded before import = 0Number of asset objects unloaded after import = 2

========================================================================
Received Import Request.
  Time since last request: 0.000020 seconds.
  path: Assets/SimplePoly City - Low Poly Assets/Textures/Props_BillBoard_large.png
  artifactKey: Guid(28abf4ed6741ed84c9b83df6cecde508) Importer(815301076,1909f56bfc062723c751e8b465ee728b)
Start importing Assets/SimplePoly City - Low Poly Assets/Textures/Props_BillBoard_large.png using Guid(28abf4ed6741ed84c9b83df6cecde508) Importer(815301076,1909f56bfc062723c751e8b465ee728b) (PreviewImporter) -> (artifact id: 'bd250e66c993c3b0ec385f954f8807d2') in 0.008499548 seconds
Number of updated asset objects reloaded before import = 0Number of asset objects unloaded after import = 2

========================================================================
Received Import Request.
  Time since last request: 0.000021 seconds.
  path: Assets/Low Poly Weapons/weapons/miniGun/minigun.gif
  artifactKey: Guid(bfa98c84f3686794ba19a4ce80d056ad) Importer(815301076,1909f56bfc062723c751e8b465ee728b)
Start importing Assets/Low Poly Weapons/weapons/miniGun/minigun.gif using Guid(bfa98c84f3686794ba19a4ce80d056ad) Importer(815301076,1909f56bfc062723c751e8b465ee728b) (PreviewImporter) -> (artifact id: 'ce69f4a81234ce7b82be2664cce14ef9') in 0.015218909 seconds
Number of updated asset objects reloaded before import = 0Number of asset objects unloaded after import = 2

========================================================================
Received Import Request.
  Time since last request: 0.000029 seconds.
  path: Assets/UnityTechnologies/ParticlePack/EffectExamples/Magic Effects/Textures/Ramp01.png
  artifactKey: Guid(71187563f01d2654d96d736a7c082f68) Importer(815301076,1909f56bfc062723c751e8b465ee728b)
Start importing Assets/UnityTechnologies/ParticlePack/EffectExamples/Magic Effects/Textures/Ramp01.png using Guid(71187563f01d2654d96d736a7c082f68) Importer(815301076,1909f56bfc062723c751e8b465ee728b) (PreviewImporter) -> (artifact id: '1ef29a25fd378a4dd56a81457ebecf99') in 0.016527763 seconds
Number of updated asset objects reloaded before import = 0Number of asset objects unloaded after import = 2

========================================================================
Received Import Request.
  Time since last request: 0.000019 seconds.
  path: Assets/SimplePoly City - Low Poly Assets/Textures/Building_Residential_color02.png
  artifactKey: Guid(84b90ff10d36543418f423d8e1f20c3c) Importer(815301076,1909f56bfc062723c751e8b465ee728b)
Start importing Assets/SimplePoly City - Low Poly Assets/Textures/Building_Residential_color02.png using Guid(84b90ff10d36543418f423d8e1f20c3c) Importer(815301076,1909f56bfc062723c751e8b465ee728b) (PreviewImporter) -> (artifact id: 'a1fe829f7de57eb67b3e5a6e3ab9fa82') in 0.01205377 seconds
Number of updated asset objects reloaded before import = 0Number of asset objects unloaded after import = 2

========================================================================
Received Import Request.
  Time since last request: 0.000023 seconds.
  path: Assets/SimplePoly City - Low Poly Assets/Textures/Building Sky_big_color03.png
  artifactKey: Guid(68678103389a4c1458454df2673310fc) Importer(815301076,1909f56bfc062723c751e8b465ee728b)
Start importing Assets/SimplePoly City - Low Poly Assets/Textures/Building Sky_big_color03.png using Guid(68678103389a4c1458454df2673310fc) Importer(815301076,1909f56bfc062723c751e8b465ee728b) (PreviewImporter) -> (artifact id: 'fac24da072cbd3fdba80e0835aaa10b6') in 0.011216758 seconds
Number of updated asset objects reloaded before import = 0Number of asset objects unloaded after import = 2

========================================================================
Received Import Request.
  Time since last request: 0.000020 seconds.
  path: Assets/UnityTechnologies/ParticlePack/EffectExamples/Misc Effects/Textures/DissolveChunks.tif
  artifactKey: Guid(fde6fc28f8943fd4aa8bf43327cd0fc0) Importer(815301076,1909f56bfc062723c751e8b465ee728b)
Start importing Assets/UnityTechnologies/ParticlePack/EffectExamples/Misc Effects/Textures/DissolveChunks.tif using Guid(fde6fc28f8943fd4aa8bf43327cd0fc0) Importer(815301076,1909f56bfc062723c751e8b465ee728b) (PreviewImporter) -> (artifact id: 'cb4dfbd159ebdb84b915c69c48f64fa5') in 0.041583477 seconds
Number of updated asset objects reloaded before import = 0Number of asset objects unloaded after import = 2

========================================================================
Received Import Request.
  Time since last request: 0.000019 seconds.
  path: Assets/UnityTechnologies/ParticlePack/EffectExamples/Weapon Effects/Textures/FleshNormals.tif
  artifactKey: Guid(82b123d008de09948adc8d1433889121) Importer(815301076,1909f56bfc062723c751e8b465ee728b)
Start importing Assets/UnityTechnologies/ParticlePack/EffectExamples/Weapon Effects/Textures/FleshNormals.tif using Guid(82b123d008de09948adc8d1433889121) Importer(815301076,1909f56bfc062723c751e8b465ee728b) (PreviewImporter) -> (artifact id: 'ade974f613aa98d5ec415b40748304ba') in 0.011419398 seconds
Number of updated asset objects reloaded before import = 0Number of asset objects unloaded after import = 2

========================================================================
Received Import Request.
  Time since last request: 0.000020 seconds.
  path: Assets/SimplePoly City - Low Poly Assets/Textures/Building_House_02_color03.png
  artifactKey: Guid(c8eafda441adc3e46951fc68b9da655a) Importer(815301076,1909f56bfc062723c751e8b465ee728b)
Start importing Assets/SimplePoly City - Low Poly Assets/Textures/Building_House_02_color03.png using Guid(c8eafda441adc3e46951fc68b9da655a) Importer(815301076,1909f56bfc062723c751e8b465ee728b) (PreviewImporter) -> (artifact id: '4f606bf0863b5c4b27b6aa53a55c59f9') in 0.014451123 seconds
Number of updated asset objects reloaded before import = 0Number of asset objects unloaded after import = 2

========================================================================
Received Import Request.
  Time since last request: 0.000023 seconds.
  path: Assets/SimplePoly City - Low Poly Assets/Textures/Building_Factory.png
  artifactKey: Guid(952048546b1814f4480519f6d11e8c3c) Importer(815301076,1909f56bfc062723c751e8b465ee728b)
Start importing Assets/SimplePoly City - Low Poly Assets/Textures/Building_Factory.png using Guid(952048546b1814f4480519f6d11e8c3c) Importer(815301076,1909f56bfc062723c751e8b465ee728b) (PreviewImporter) -> (artifact id: '8dc858fe17b6b3bc11ffd01df179fac4') in 0.005817943 seconds
Number of updated asset objects reloaded before import = 0Number of asset objects unloaded after import = 2

========================================================================
Received Import Request.
  Time since last request: 0.000028 seconds.
  path: Assets/SimplePoly City - Low Poly Assets/Textures/Building_House_02_color02.png
  artifactKey: Guid(9cbdc88e77793ec4ab1d9f074f284bc5) Importer(815301076,1909f56bfc062723c751e8b465ee728b)
Start importing Assets/SimplePoly City - Low Poly Assets/Textures/Building_House_02_color02.png using Guid(9cbdc88e77793ec4ab1d9f074f284bc5) Importer(815301076,1909f56bfc062723c751e8b465ee728b) (PreviewImporter) -> (artifact id: 'a88c3265b5fcc1679fe2da5368ea61f2') in 0.013852823 seconds
Number of updated asset objects reloaded before import = 0Number of asset objects unloaded after import = 2

========================================================================
Received Import Request.
  Time since last request: 0.000022 seconds.
  path: Assets/UnityTechnologies/ParticlePack/EffectExamples/Weapon Effects/Textures/FleshBulletHoleHeight.tif
  artifactKey: Guid(5382afe8f6b22e24d9568f8c0be503a7) Importer(815301076,1909f56bfc062723c751e8b465ee728b)
Start importing Assets/UnityTechnologies/ParticlePack/EffectExamples/Weapon Effects/Textures/FleshBulletHoleHeight.tif using Guid(5382afe8f6b22e24d9568f8c0be503a7) Importer(815301076,1909f56bfc062723c751e8b465ee728b) (PreviewImporter) -> (artifact id: 'e1dff0186f66072cfc8bb95100fc78bf') in 0.010454323 seconds
Number of updated asset objects reloaded before import = 0Number of asset objects unloaded after import = 2

========================================================================
Received Import Request.
  Time since last request: 0.000017 seconds.
  path: Assets/SimplePoly City - Low Poly Assets/Textures/Building Sky_small_color02.png
  artifactKey: Guid(81c454060dd1fd74d9e2b2e1ca3d0a58) Importer(815301076,1909f56bfc062723c751e8b465ee728b)
Start importing Assets/SimplePoly City - Low Poly Assets/Textures/Building Sky_small_color02.png using Guid(81c454060dd1fd74d9e2b2e1ca3d0a58) Importer(815301076,1909f56bfc062723c751e8b465ee728b) (PreviewImporter) -> (artifact id: '5c27d2fd534e41c8879f01795a7f9caf') in 0.020570423 seconds
Number of updated asset objects reloaded before import = 0Number of asset objects unloaded after import = 2

========================================================================
Received Import Request.
  Time since last request: 0.000024 seconds.
  path: Assets/SimplePoly City - Low Poly Assets/Textures/Building_House_03_color03.png
  artifactKey: Guid(e7e8298ecf8f3ff4c8c778c73cbed0d6) Importer(815301076,1909f56bfc062723c751e8b465ee728b)
Start importing Assets/SimplePoly City - Low Poly Assets/Textures/Building_House_03_color03.png using Guid(e7e8298ecf8f3ff4c8c778c73cbed0d6) Importer(815301076,1909f56bfc062723c751e8b465ee728b) (PreviewImporter) -> (artifact id: '6224b14dcdbfe885cdaa4e2e8d6d63bc') in 0.003676627 seconds
Number of updated asset objects reloaded before import = 0Number of asset objects unloaded after import = 2

========================================================================
Received Import Request.
  Time since last request: 0.000019 seconds.
  path: Assets/TENKOKU - DYNAMIC SKY/RESOURCES/textures/gui_tex_tenkokudiv.psd
  artifactKey: Guid(4155a4c1bceff4148ab76393e4b738b7) Importer(815301076,1909f56bfc062723c751e8b465ee728b)
Start importing Assets/TENKOKU - DYNAMIC SKY/RESOURCES/textures/gui_tex_tenkokudiv.psd using Guid(4155a4c1bceff4148ab76393e4b738b7) Importer(815301076,1909f56bfc062723c751e8b465ee728b) (PreviewImporter) -> (artifact id: '42b85109964016239b96675a6da94598') in 0.019259228 seconds
Number of updated asset objects reloaded before import = 0Number of asset objects unloaded after import = 2

========================================================================
Received Import Request.
  Time since last request: 0.000022 seconds.
  path: Assets/Adventure_Character/Textures/Man_Cloth_Down_Ao.tga
  artifactKey: Guid(edd22e070a7d8cd439892d92f4878181) Importer(815301076,1909f56bfc062723c751e8b465ee728b)
Start importing Assets/Adventure_Character/Textures/Man_Cloth_Down_Ao.tga using Guid(edd22e070a7d8cd439892d92f4878181) Importer(815301076,1909f56bfc062723c751e8b465ee728b) (PreviewImporter) -> (artifact id: '373c83bc74723a9e5fb4f8fc12d4dd5b') in 0.035469182 seconds
Number of updated asset objects reloaded before import = 0Number of asset objects unloaded after import = 2

========================================================================
Received Import Request.
  Time since last request: 0.000025 seconds.
  path: Assets/SimplePoly City - Low Poly Assets/Textures/Building_Gift Shop.png
  artifactKey: Guid(0ddba491ce4a04c4b8def1195e6300d8) Importer(815301076,1909f56bfc062723c751e8b465ee728b)
Start importing Assets/SimplePoly City - Low Poly Assets/Textures/Building_Gift Shop.png using Guid(0ddba491ce4a04c4b8def1195e6300d8) Importer(815301076,1909f56bfc062723c751e8b465ee728b) (PreviewImporter) -> (artifact id: '1a65b016d62a12be971ff0fb2a28477a') in 0.003971993 seconds
Number of updated asset objects reloaded before import = 0Number of asset objects unloaded after import = 2

========================================================================
Received Import Request.
  Time since last request: 0.000034 seconds.
  path: Assets/SimplePoly City - Low Poly Assets/Textures/Road Concrete Tile.png
  artifactKey: Guid(41a8ddb58ec5ea540a8a4c19d8cda877) Importer(815301076,1909f56bfc062723c751e8b465ee728b)
Start importing Assets/SimplePoly City - Low Poly Assets/Textures/Road Concrete Tile.png using Guid(41a8ddb58ec5ea540a8a4c19d8cda877) Importer(815301076,1909f56bfc062723c751e8b465ee728b) (PreviewImporter) -> (artifact id: 'f9f4c8619853f2fb76c61e08d2985879') in 0.019714689 seconds
Number of updated asset objects reloaded before import = 0Number of asset objects unloaded after import = 2

========================================================================
Received Import Request.
  Time since last request: 0.000019 seconds.
  path: Assets/Starter Assets/Sample/Environment/Art/Textures/Grid_01_Emissive.png
  artifactKey: Guid(d4d6919451fe3e24388816386a6d15a4) Importer(815301076,1909f56bfc062723c751e8b465ee728b)
Start importing Assets/Starter Assets/Sample/Environment/Art/Textures/Grid_01_Emissive.png using Guid(d4d6919451fe3e24388816386a6d15a4) Importer(815301076,1909f56bfc062723c751e8b465ee728b) (PreviewImporter) -> (artifact id: 'ef4dc53e7c70b9115b13169f0f49c579') in 0.010153522 seconds
Number of updated asset objects reloaded before import = 0Number of asset objects unloaded after import = 2

========================================================================
Received Import Request.
  Time since last request: 0.000022 seconds.
  path: Assets/UnityTechnologies/ParticlePack/EffectExamples/Fire & Explosion Effects/Textures/Ramp03.png
  artifactKey: Guid(595a5c1164fec844f8e6b477620221f6) Importer(815301076,1909f56bfc062723c751e8b465ee728b)
Start importing Assets/UnityTechnologies/ParticlePack/EffectExamples/Fire & Explosion Effects/Textures/Ramp03.png using Guid(595a5c1164fec844f8e6b477620221f6) Importer(815301076,1909f56bfc062723c751e8b465ee728b) (PreviewImporter) -> (artifact id: '6bbbeca2d8dc74489edf3c2834002ec6') in 0.015887113 seconds
Number of updated asset objects reloaded before import = 0Number of asset objects unloaded after import = 2

========================================================================
Received Import Request.
  Time since last request: 0.000018 seconds.
  path: Assets/PBR_Grass_Textures/Textures/grass_02_normal.png
  artifactKey: Guid(66319961537921f499d8f1b181eabbc4) Importer(815301076,1909f56bfc062723c751e8b465ee728b)
Start importing Assets/PBR_Grass_Textures/Textures/grass_02_normal.png using Guid(66319961537921f499d8f1b181eabbc4) Importer(815301076,1909f56bfc062723c751e8b465ee728b) (PreviewImporter) -> (artifact id: '94e3c0eda954474d265cae74ac127a7d') in 0.040781607 seconds
Number of updated asset objects reloaded before import = 0Number of asset objects unloaded after import = 2

========================================================================
Received Import Request.
  Time since last request: 0.000021 seconds.
  path: Assets/PBR_Grass_Textures/Textures/grass_01_ao.png
  artifactKey: Guid(d21f0d935be318743a856c0b6b43c641) Importer(815301076,1909f56bfc062723c751e8b465ee728b)
Start importing Assets/PBR_Grass_Textures/Textures/grass_01_ao.png using Guid(d21f0d935be318743a856c0b6b43c641) Importer(815301076,1909f56bfc062723c751e8b465ee728b) (PreviewImporter) -> (artifact id: '06486e5ec307322f7b8b5d68772cabd5') in 0.044736926 seconds
Number of updated asset objects reloaded before import = 0Number of asset objects unloaded after import = 2

========================================================================
Received Import Request.
  Time since last request: 0.000020 seconds.
  path: Assets/TENKOKU - DYNAMIC SKY/RESOURCES/textures/gui_tex_tenkoku_divhorz.psd
  artifactKey: Guid(c0a11b59e01c2704190adf8e2bed3aa9) Importer(815301076,1909f56bfc062723c751e8b465ee728b)
Start importing Assets/TENKOKU - DYNAMIC SKY/RESOURCES/textures/gui_tex_tenkoku_divhorz.psd using Guid(c0a11b59e01c2704190adf8e2bed3aa9) Importer(815301076,1909f56bfc062723c751e8b465ee728b) (PreviewImporter) -> (artifact id: 'dd0b982d6d2fa34c62ffabbcca4259ac') in 0.011767611 seconds
Number of updated asset objects reloaded before import = 0Number of asset objects unloaded after import = 2

========================================================================
Received Import Request.
  Time since last request: 0.000034 seconds.
  path: Assets/UnityTechnologies/ParticlePack/Scenes/Main Scene with Legacy Particles/ReflectionProbe-2.exr
  artifactKey: Guid(bf8cdc0bcdf76b946b3dbef9014bafca) Importer(815301076,1909f56bfc062723c751e8b465ee728b)
Start importing Assets/UnityTechnologies/ParticlePack/Scenes/Main Scene with Legacy Particles/ReflectionProbe-2.exr using Guid(bf8cdc0bcdf76b946b3dbef9014bafca) Importer(815301076,1909f56bfc062723c751e8b465ee728b) (PreviewImporter) -> (artifact id: '4d906e38ae46f96a1aaee296ae5b4c7b') in 0.018641592 seconds
Number of updated asset objects reloaded before import = 0Number of asset objects unloaded after import = 1

========================================================================
Received Import Request.
  Time since last request: 0.000018 seconds.
  path: Assets/UnityTechnologies/ParticlePack/EffectExamples/Weapon Effects/Textures/BulletHoleRockAlbedo.tif
  artifactKey: Guid(15240786ea512f046bf64137f0abe4a1) Importer(815301076,1909f56bfc062723c751e8b465ee728b)
Start importing Assets/UnityTechnologies/ParticlePack/EffectExamples/Weapon Effects/Textures/BulletHoleRockAlbedo.tif using Guid(15240786ea512f046bf64137f0abe4a1) Importer(815301076,1909f56bfc062723c751e8b465ee728b) (PreviewImporter) -> (artifact id: 'c7a00d4767f252e0e735fd65938b4d05') in 0.014248177 seconds
Number of updated asset objects reloaded before import = 0Number of asset objects unloaded after import = 2

========================================================================
Received Import Request.
  Time since last request: 0.000031 seconds.
  path: Assets/UnityTechnologies/ParticlePack/EffectExamples/Fire & Explosion Effects/Textures/Flame02.tif
  artifactKey: Guid(838696ee09635f647b630a61fac71a72) Importer(815301076,1909f56bfc062723c751e8b465ee728b)
Start importing Assets/UnityTechnologies/ParticlePack/EffectExamples/Fire & Explosion Effects/Textures/Flame02.tif using Guid(838696ee09635f647b630a61fac71a72) Importer(815301076,1909f56bfc062723c751e8b465ee728b) (PreviewImporter) -> (artifact id: '4f44f9530c3ddceb9750c4963a33644e') in 0.014737318 seconds
Number of updated asset objects reloaded before import = 0Number of asset objects unloaded after import = 2

========================================================================
Received Import Request.
  Time since last request: 0.000019 seconds.
  path: Assets/UnityTechnologies/ParticlePack/Shared/Environment/Textures/MetalTrim_Albedo.tif
  artifactKey: Guid(7c10f0a67c3c8364eb12dfc8a5e7b54b) Importer(815301076,1909f56bfc062723c751e8b465ee728b)
Start importing Assets/UnityTechnologies/ParticlePack/Shared/Environment/Textures/MetalTrim_Albedo.tif using Guid(7c10f0a67c3c8364eb12dfc8a5e7b54b) Importer(815301076,1909f56bfc062723c751e8b465ee728b) (PreviewImporter) -> (artifact id: '3e91edd03d41de95b27fb3c5f2591c93') in 0.010730042 seconds
Number of updated asset objects reloaded before import = 0Number of asset objects unloaded after import = 2

========================================================================
Received Import Request.
  Time since last request: 0.000020 seconds.
  path: Assets/UnityTechnologies/ParticlePack/EffectExamples/Fire & Explosion Effects/Textures/SmokePuff02.png
  artifactKey: Guid(d3c9883e2f0eef44f9241b6f8428f9fc) Importer(815301076,1909f56bfc062723c751e8b465ee728b)
Start importing Assets/UnityTechnologies/ParticlePack/EffectExamples/Fire & Explosion Effects/Textures/SmokePuff02.png using Guid(d3c9883e2f0eef44f9241b6f8428f9fc) Importer(815301076,1909f56bfc062723c751e8b465ee728b) (PreviewImporter) -> (artifact id: '56f09208bf80caf9bdb4b9dea5f3ca09') in 0.01531199 seconds
Number of updated asset objects reloaded before import = 0Number of asset objects unloaded after import = 2

========================================================================
Received Import Request.
  Time since last request: 0.000019 seconds.
  path: Assets/SimplePoly City - Low Poly Assets/Textures/Building_Shoes Shop.png
  artifactKey: Guid(2b65a3a19e6eed944b6118802215ede0) Importer(815301076,1909f56bfc062723c751e8b465ee728b)
Start importing Assets/SimplePoly City - Low Poly Assets/Textures/Building_Shoes Shop.png using Guid(2b65a3a19e6eed944b6118802215ede0) Importer(815301076,1909f56bfc062723c751e8b465ee728b) (PreviewImporter) -> (artifact id: 'fb0983d430b165ae606338efafaee33a') in 0.005949718 seconds
Number of updated asset objects reloaded before import = 0Number of asset objects unloaded after import = 2

========================================================================
Received Import Request.
  Time since last request: 0.000021 seconds.
  path: Assets/TENKOKU - DYNAMIC SKY/TEXTURES/ReflectTex_Normals.psd
  artifactKey: Guid(b81e01fb5abc67040999fa2bd1a67228) Importer(815301076,1909f56bfc062723c751e8b465ee728b)
Start importing Assets/TENKOKU - DYNAMIC SKY/TEXTURES/ReflectTex_Normals.psd using Guid(b81e01fb5abc67040999fa2bd1a67228) Importer(815301076,1909f56bfc062723c751e8b465ee728b) (PreviewImporter) -> (artifact id: '97e73272efb7e153f4a8ddb69a216d8f') in 0.046595441 seconds
Number of updated asset objects reloaded before import = 0Number of asset objects unloaded after import = 1

========================================================================
Received Import Request.
  Time since last request: 0.000025 seconds.
  path: Assets/Low Poly Weapons/weapons/weaponBox/boxTexture.gif
  artifactKey: Guid(842e5aaa9110ae14e859e2e6e15f045e) Importer(815301076,1909f56bfc062723c751e8b465ee728b)
Start importing Assets/Low Poly Weapons/weapons/weaponBox/boxTexture.gif using Guid(842e5aaa9110ae14e859e2e6e15f045e) Importer(815301076,1909f56bfc062723c751e8b465ee728b) (PreviewImporter) -> (artifact id: '352bd8b189ce9b42afe8a2a458447330') in 0.008550946 seconds
Number of updated asset objects reloaded before import = 0Number of asset objects unloaded after import = 2

========================================================================
Received Import Request.
  Time since last request: 0.000040 seconds.
  path: Assets/Low Poly Weapons/weapons/combatKnife/combatKnife.gif
  artifactKey: Guid(a2b80fc5961d94044bf8888e7b0ba8b6) Importer(815301076,1909f56bfc062723c751e8b465ee728b)
Start importing Assets/Low Poly Weapons/weapons/combatKnife/combatKnife.gif using Guid(a2b80fc5961d94044bf8888e7b0ba8b6) Importer(815301076,1909f56bfc062723c751e8b465ee728b) (PreviewImporter) -> (artifact id: 'dc0ffd1e971d44e32744be7156e31652') in 0.007561112 seconds
Number of updated asset objects reloaded before import = 0Number of asset objects unloaded after import = 2

========================================================================
Received Import Request.
  Time since last request: 0.000020 seconds.
  path: Assets/PBR_Grass_Textures/Textures/grass_05_normal.png
  artifactKey: Guid(1ca8d7047c5f9cd4bbc921f704f093fe) Importer(815301076,1909f56bfc062723c751e8b465ee728b)
Start importing Assets/PBR_Grass_Textures/Textures/grass_05_normal.png using Guid(1ca8d7047c5f9cd4bbc921f704f093fe) Importer(815301076,1909f56bfc062723c751e8b465ee728b) (PreviewImporter) -> (artifact id: 'f74d6927a75bfc63b05e674c1f059bff') in 0.050302131 seconds
Number of updated asset objects reloaded before import = 0Number of asset objects unloaded after import = 2

========================================================================
Received Import Request.
  Time since last request: 0.000019 seconds.
  path: Assets/SimplePoly City - Low Poly Assets/Textures/Building_Books Shop.png
  artifactKey: Guid(29d6ba98d5bca734695ddaf5fdf19baf) Importer(815301076,1909f56bfc062723c751e8b465ee728b)
Start importing Assets/SimplePoly City - Low Poly Assets/Textures/Building_Books Shop.png using Guid(29d6ba98d5bca734695ddaf5fdf19baf) Importer(815301076,1909f56bfc062723c751e8b465ee728b) (PreviewImporter) -> (artifact id: 'bc982b8534aaf109fc1b31295cff76e8') in 0.010270644 seconds
Number of updated asset objects reloaded before import = 0Number of asset objects unloaded after import = 2

========================================================================
Received Import Request.
  Time since last request: 0.000020 seconds.
  path: Assets/Starter Assets/Sample/FirstPersonController/Playground/ReflectionProbe-2.exr
  artifactKey: Guid(c49ef192a57a5af42a728163b2468c8a) Importer(815301076,1909f56bfc062723c751e8b465ee728b)
Start importing Assets/Starter Assets/Sample/FirstPersonController/Playground/ReflectionProbe-2.exr using Guid(c49ef192a57a5af42a728163b2468c8a) Importer(815301076,1909f56bfc062723c751e8b465ee728b) (PreviewImporter) -> (artifact id: '577e75ea9cdb283e4a53c870198f76bd') in 0.009526353 seconds
Number of updated asset objects reloaded before import = 0Number of asset objects unloaded after import = 1

========================================================================
Received Import Request.
  Time since last request: 0.000019 seconds.
  path: Assets/UnityTechnologies/ParticlePack/EffectExamples/Fire & Explosion Effects/Textures/FireBallEmission.tif
  artifactKey: Guid(d9d8e2fe51aaf4a40b6a5581589afa98) Importer(815301076,1909f56bfc062723c751e8b465ee728b)
Start importing Assets/UnityTechnologies/ParticlePack/EffectExamples/Fire & Explosion Effects/Textures/FireBallEmission.tif using Guid(d9d8e2fe51aaf4a40b6a5581589afa98) Importer(815301076,1909f56bfc062723c751e8b465ee728b) (PreviewImporter) -> (artifact id: '900e441b35b1d40dd245944f48a0824f') in 0.043679855 seconds
Number of updated asset objects reloaded before import = 0Number of asset objects unloaded after import = 2

========================================================================
Received Import Request.
  Time since last request: 0.000025 seconds.
  path: Assets/SimplePoly City - Low Poly Assets/Textures/Building_Stadium.png
  artifactKey: Guid(96eac2b1cb544804b8e1ddc0c8c7e73e) Importer(815301076,1909f56bfc062723c751e8b465ee728b)
Start importing Assets/SimplePoly City - Low Poly Assets/Textures/Building_Stadium.png using Guid(96eac2b1cb544804b8e1ddc0c8c7e73e) Importer(815301076,1909f56bfc062723c751e8b465ee728b) (PreviewImporter) -> (artifact id: '769a94dcc1c4f42e326f0a4c0f179ecf') in 0.004439998 seconds
Number of updated asset objects reloaded before import = 0Number of asset objects unloaded after import = 2

========================================================================
Received Import Request.
  Time since last request: 0.000033 seconds.
  path: Assets/UnityTechnologies/ParticlePack/EffectExamples/Smoke & Steam Effects/Textures/smokeysteam.tif
  artifactKey: Guid(76e25da1cefc7f446bcc43a70fb13a0f) Importer(815301076,1909f56bfc062723c751e8b465ee728b)
Start importing Assets/UnityTechnologies/ParticlePack/EffectExamples/Smoke & Steam Effects/Textures/smokeysteam.tif using Guid(76e25da1cefc7f446bcc43a70fb13a0f) Importer(815301076,1909f56bfc062723c751e8b465ee728b) (PreviewImporter) -> (artifact id: '20f080aaa1039743d4e95d25b6efb58c') in 0.03360484 seconds
Number of updated asset objects reloaded before import = 0Number of asset objects unloaded after import = 2

========================================================================
Received Import Request.
  Time since last request: 0.000019 seconds.
  path: Assets/UnityTechnologies/ParticlePack/Shared/Environment/Textures/PaintLines_Albedo.tif
  artifactKey: Guid(38143a5229e9669428ed806d033bed14) Importer(815301076,1909f56bfc062723c751e8b465ee728b)
Start importing Assets/UnityTechnologies/ParticlePack/Shared/Environment/Textures/PaintLines_Albedo.tif using Guid(38143a5229e9669428ed806d033bed14) Importer(815301076,1909f56bfc062723c751e8b465ee728b) (PreviewImporter) -> (artifact id: 'ce1552a3a82e9e05a1dfb1ecd846b9d0') in 0.031280063 seconds
Number of updated asset objects reloaded before import = 0Number of asset objects unloaded after import = 2

========================================================================
Received Import Request.
  Time since last request: 0.000018 seconds.
  path: Assets/UnityTechnologies/ParticlePack/Scenes/Main Scene with Legacy Particles/ReflectionProbe-0.exr
  artifactKey: Guid(1b240d419def8924fb3c0f0f324549a0) Importer(815301076,1909f56bfc062723c751e8b465ee728b)
Start importing Assets/UnityTechnologies/ParticlePack/Scenes/Main Scene with Legacy Particles/ReflectionProbe-0.exr using Guid(1b240d419def8924fb3c0f0f324549a0) Importer(815301076,1909f56bfc062723c751e8b465ee728b) (PreviewImporter) -> (artifact id: '68fdee1dd88145e95c6ee01948c1a7f4') in 0.013573204 seconds
Number of updated asset objects reloaded before import = 0Number of asset objects unloaded after import = 1

========================================================================
Received Import Request.
  Time since last request: 0.000020 seconds.
  path: Assets/UnityTechnologies/ParticlePack/EffectExamples/Misc Effects/Textures/HexagonPattern_Opt.tif
  artifactKey: Guid(e304ed1ad36fd0844b6a602a1e8a6bb8) Importer(815301076,1909f56bfc062723c751e8b465ee728b)
Start importing Assets/UnityTechnologies/ParticlePack/EffectExamples/Misc Effects/Textures/HexagonPattern_Opt.tif using Guid(e304ed1ad36fd0844b6a602a1e8a6bb8) Importer(815301076,1909f56bfc062723c751e8b465ee728b) (PreviewImporter) -> (artifact id: 'fa2d51995dfc7730a0dd4565c6443f95') in 0.016676562 seconds
Number of updated asset objects reloaded before import = 0Number of asset objects unloaded after import = 2

========================================================================
Received Import Request.
  Time since last request: 0.000020 seconds.
  path: Assets/SimplePoly City - Low Poly Assets/Textures/Building_Restaurant.png
  artifactKey: Guid(10b9543b11ed20e46ac740b4f092470d) Importer(815301076,1909f56bfc062723c751e8b465ee728b)
Start importing Assets/SimplePoly City - Low Poly Assets/Textures/Building_Restaurant.png using Guid(10b9543b11ed20e46ac740b4f092470d) Importer(815301076,1909f56bfc062723c751e8b465ee728b) (PreviewImporter) -> (artifact id: 'df9a62db3fe6842bf6a14ca1e41d8330') in 0.0112749 seconds
Number of updated asset objects reloaded before import = 0Number of asset objects unloaded after import = 2

========================================================================
Received Import Request.
  Time since last request: 0.000022 seconds.
  path: Assets/UnityTechnologies/ParticlePack/EffectExamples/Weapon Effects/Textures/BulletHoleMetalThroughNormal.tif
  artifactKey: Guid(b284a0bea151ce444957bb92f6b50ac4) Importer(815301076,1909f56bfc062723c751e8b465ee728b)
Start importing Assets/UnityTechnologies/ParticlePack/EffectExamples/Weapon Effects/Textures/BulletHoleMetalThroughNormal.tif using Guid(b284a0bea151ce444957bb92f6b50ac4) Importer(815301076,1909f56bfc062723c751e8b465ee728b) (PreviewImporter) -> (artifact id: 'd65f01ae961a830d810a481525dcb353') in 0.007847884 seconds
Number of updated asset objects reloaded before import = 0Number of asset objects unloaded after import = 2

========================================================================
Received Import Request.
  Time since last request: 0.000033 seconds.
  path: Assets/Adventure_Character/Textures/Man_Cloth_Up_Ao.tga
  artifactKey: Guid(eded4b4cdcba5c444b98bc1734e3f36b) Importer(815301076,1909f56bfc062723c751e8b465ee728b)
Start importing Assets/Adventure_Character/Textures/Man_Cloth_Up_Ao.tga using Guid(eded4b4cdcba5c444b98bc1734e3f36b) Importer(815301076,1909f56bfc062723c751e8b465ee728b) (PreviewImporter) -> (artifact id: '000b1a9a21d7e464cc14b29eab41b8e9') in 0.015907033 seconds
Number of updated asset objects reloaded before import = 0Number of asset objects unloaded after import = 2

========================================================================
Received Import Request.
  Time since last request: 0.000034 seconds.
  path: Assets/PBR_Grass_Textures/Textures/grass_05_ao.png
  artifactKey: Guid(03c7206836b381e45a4f95c9d1f32116) Importer(815301076,1909f56bfc062723c751e8b465ee728b)
Start importing Assets/PBR_Grass_Textures/Textures/grass_05_ao.png using Guid(03c7206836b381e45a4f95c9d1f32116) Importer(815301076,1909f56bfc062723c751e8b465ee728b) (PreviewImporter) -> (artifact id: 'b5fd26e3f0aca41863ac6253b1757755') in 0.037038394 seconds
Number of updated asset objects reloaded before import = 0Number of asset objects unloaded after import = 2

========================================================================
Received Import Request.
  Time since last request: 0.000024 seconds.
  path: Assets/UnityTechnologies/ParticlePack/EffectExamples/Water Effects/Textures/RippleNormal.tif
  artifactKey: Guid(b31676a3103837945920ebc3cff4e14e) Importer(815301076,1909f56bfc062723c751e8b465ee728b)
Start importing Assets/UnityTechnologies/ParticlePack/EffectExamples/Water Effects/Textures/RippleNormal.tif using Guid(b31676a3103837945920ebc3cff4e14e) Importer(815301076,1909f56bfc062723c751e8b465ee728b) (PreviewImporter) -> (artifact id: 'd8ac678a56ee60127cc46db96dc06fb0') in 0.020139727 seconds
Number of updated asset objects reloaded before import = 0Number of asset objects unloaded after import = 2

========================================================================
Received Import Request.
  Time since last request: 0.000025 seconds.
  path: Assets/UnityTechnologies/ParticlePack/EffectExamples/Smoke & Steam Effects/Textures/Flame01.tif
  artifactKey: Guid(e2580e97efd2aa34580ef00fbec9a2d4) Importer(815301076,1909f56bfc062723c751e8b465ee728b)
Start importing Assets/UnityTechnologies/ParticlePack/EffectExamples/Smoke & Steam Effects/Textures/Flame01.tif using Guid(e2580e97efd2aa34580ef00fbec9a2d4) Importer(815301076,1909f56bfc062723c751e8b465ee728b) (PreviewImporter) -> (artifact id: '3854c7c6c82c8aeb1a88109c1768bdf0') in 0.044000902 seconds
Number of updated asset objects reloaded before import = 0Number of asset objects unloaded after import = 2

========================================================================
Received Import Request.
  Time since last request: 0.000018 seconds.
  path: Assets/PBR_Grass_Textures/Textures/grass_03_maskmap.png
  artifactKey: Guid(ba6dd8e7becdd124380f3a72bd00f812) Importer(815301076,1909f56bfc062723c751e8b465ee728b)
Start importing Assets/PBR_Grass_Textures/Textures/grass_03_maskmap.png using Guid(ba6dd8e7becdd124380f3a72bd00f812) Importer(815301076,1909f56bfc062723c751e8b465ee728b) (PreviewImporter) -> (artifact id: '6bdb8b5e1177e0adada5559bdfda2fab') in 0.049129382 seconds
Number of updated asset objects reloaded before import = 0Number of asset objects unloaded after import = 2

========================================================================
Received Import Request.
  Time since last request: 0.000024 seconds.
  path: Assets/SimplePoly City - Low Poly Assets/Textures/Building Sky_big_color02.png
  artifactKey: Guid(076be1fece3e1944da63c954eb29d137) Importer(815301076,1909f56bfc062723c751e8b465ee728b)
Start importing Assets/SimplePoly City - Low Poly Assets/Textures/Building Sky_big_color02.png using Guid(076be1fece3e1944da63c954eb29d137) Importer(815301076,1909f56bfc062723c751e8b465ee728b) (PreviewImporter) -> (artifact id: 'c96c0177217f0aa5ceaee4dbc38552d1') in 0.029379964 seconds
Number of updated asset objects reloaded before import = 0Number of asset objects unloaded after import = 2

========================================================================
Received Import Request.
  Time since last request: 0.000037 seconds.
  path: Assets/UnityTechnologies/ParticlePack/EffectExamples/Fire & Explosion Effects/Textures/MedumFlame02.tif
  artifactKey: Guid(abae5aff661c865459feb3f058a09ae9) Importer(815301076,1909f56bfc062723c751e8b465ee728b)
Start importing Assets/UnityTechnologies/ParticlePack/EffectExamples/Fire & Explosion Effects/Textures/MedumFlame02.tif using Guid(abae5aff661c865459feb3f058a09ae9) Importer(815301076,1909f56bfc062723c751e8b465ee728b) (PreviewImporter) -> (artifact id: 'ee403857cd638cc5658b04a671b8c3f8') in 0.077407521 seconds
Number of updated asset objects reloaded before import = 0Number of asset objects unloaded after import = 2

========================================================================
Received Import Request.
  Time since last request: 0.000030 seconds.
  path: Assets/Starter Assets/Sample/ThirdPersonController/Playground/ReflectionProbe-2.exr
  artifactKey: Guid(7e3f1677bc1aead4fb8791998078dcec) Importer(815301076,1909f56bfc062723c751e8b465ee728b)
Start importing Assets/Starter Assets/Sample/ThirdPersonController/Playground/ReflectionProbe-2.exr using Guid(7e3f1677bc1aead4fb8791998078dcec) Importer(815301076,1909f56bfc062723c751e8b465ee728b) (PreviewImporter) -> (artifact id: '071bc35fa660b890a916c93bbd68fb69') in 0.014143797 seconds
Number of updated asset objects reloaded before import = 0Number of asset objects unloaded after import = 1

========================================================================
Received Import Request.
  Time since last request: 0.000022 seconds.
  path: Assets/UnityTechnologies/ParticlePack/EffectExamples/Magic Effects/Textures/Ramp02.png
  artifactKey: Guid(26534f2d5894add499249fc1b8373a24) Importer(815301076,1909f56bfc062723c751e8b465ee728b)
Start importing Assets/UnityTechnologies/ParticlePack/EffectExamples/Magic Effects/Textures/Ramp02.png using Guid(26534f2d5894add499249fc1b8373a24) Importer(815301076,1909f56bfc062723c751e8b465ee728b) (PreviewImporter) -> (artifact id: 'e0048e173b3a97dc63cdd3914efe0333') in 0.010911278 seconds
Number of updated asset objects reloaded before import = 0Number of asset objects unloaded after import = 2

========================================================================
Received Import Request.
  Time since last request: 0.000019 seconds.
  path: Assets/UnityTechnologies/ParticlePack/EffectExamples/Weapon Effects/Textures/FleshBulletHoleNormal.tif
  artifactKey: Guid(372fe723afe65ed41a5b38da5faf82a1) Importer(815301076,1909f56bfc062723c751e8b465ee728b)
Start importing Assets/UnityTechnologies/ParticlePack/EffectExamples/Weapon Effects/Textures/FleshBulletHoleNormal.tif using Guid(372fe723afe65ed41a5b38da5faf82a1) Importer(815301076,1909f56bfc062723c751e8b465ee728b) (PreviewImporter) -> (artifact id: '43790d933a81a57bd06cfde7b0bb02f0') in 0.023049952 seconds
Number of updated asset objects reloaded before import = 0Number of asset objects unloaded after import = 2

========================================================================
Received Import Request.
  Time since last request: 0.000021 seconds.
  path: Assets/PBR_Grass_Textures/Textures/grass_01_normal.png
  artifactKey: Guid(9955698b184ee234590c49a05a2a09e5) Importer(815301076,1909f56bfc062723c751e8b465ee728b)
Start importing Assets/PBR_Grass_Textures/Textures/grass_01_normal.png using Guid(9955698b184ee234590c49a05a2a09e5) Importer(815301076,1909f56bfc062723c751e8b465ee728b) (PreviewImporter) -> (artifact id: 'a2e1537ac676b20ae4aa8c4b1841e559') in 0.034992111 seconds
Number of updated asset objects reloaded before import = 0Number of asset objects unloaded after import = 2

========================================================================
Received Import Request.
  Time since last request: 0.000024 seconds.
  path: Assets/Stylized Door/Textures/m_Door.png
  artifactKey: Guid(862a161b44e45d444afcc1004916274b) Importer(815301076,1909f56bfc062723c751e8b465ee728b)
Start importing Assets/Stylized Door/Textures/m_Door.png using Guid(862a161b44e45d444afcc1004916274b) Importer(815301076,1909f56bfc062723c751e8b465ee728b) (PreviewImporter) -> (artifact id: 'c2468a18bd38680472199e03e5f1cf29') in 0.009765443 seconds
Number of updated asset objects reloaded before import = 0Number of asset objects unloaded after import = 2

========================================================================
Received Import Request.
  Time since last request: 0.000024 seconds.
  path: Assets/PBR_Grass_Textures/Textures/grass_03.png
  artifactKey: Guid(d2af4f613f58aa04e9bcf494a8ec1b58) Importer(815301076,1909f56bfc062723c751e8b465ee728b)
Start importing Assets/PBR_Grass_Textures/Textures/grass_03.png using Guid(d2af4f613f58aa04e9bcf494a8ec1b58) Importer(815301076,1909f56bfc062723c751e8b465ee728b) (PreviewImporter) -> (artifact id: '99faf7b89ec26e15b70244b80922096f') in 0.043584051 seconds
Number of updated asset objects reloaded before import = 0Number of asset objects unloaded after import = 2

========================================================================
Received Import Request.
  Time since last request: 0.000022 seconds.
  path: Assets/UnityTechnologies/ParticlePack/EffectExamples/Water Effects/Textures/RippleAlbedo.png
  artifactKey: Guid(8ed4f18f263651d4b865df353c6c8fa8) Importer(815301076,1909f56bfc062723c751e8b465ee728b)
Start importing Assets/UnityTechnologies/ParticlePack/EffectExamples/Water Effects/Textures/RippleAlbedo.png using Guid(8ed4f18f263651d4b865df353c6c8fa8) Importer(815301076,1909f56bfc062723c751e8b465ee728b) (PreviewImporter) -> (artifact id: '070e4a012432ca57aa70775fd34f1160') in 0.012917127 seconds
Number of updated asset objects reloaded before import = 0Number of asset objects unloaded after import = 2

========================================================================
Received Import Request.
  Time since last request: 0.000022 seconds.
  path: Assets/UnityTechnologies/ParticlePack/EffectExamples/Goop Effects/Textures/GoopPoolNormals.tif
  artifactKey: Guid(969a5ea5264ae2e4cb261f0dfbdb7877) Importer(815301076,1909f56bfc062723c751e8b465ee728b)
Start importing Assets/UnityTechnologies/ParticlePack/EffectExamples/Goop Effects/Textures/GoopPoolNormals.tif using Guid(969a5ea5264ae2e4cb261f0dfbdb7877) Importer(815301076,1909f56bfc062723c751e8b465ee728b) (PreviewImporter) -> (artifact id: 'd69eca471394ca5ca63587c1801ae4b0') in 0.00826956 seconds
Number of updated asset objects reloaded before import = 0Number of asset objects unloaded after import = 2

========================================================================
Received Import Request.
  Time since last request: 0.000022 seconds.
  path: Assets/UnityTechnologies/ParticlePack/EffectExamples/Weapon Effects/Textures/BulletHoleMetalThroughAlbedo.tif
  artifactKey: Guid(4dcc91061fcec7d40a6d7c381bf1eabc) Importer(815301076,1909f56bfc062723c751e8b465ee728b)
Start importing Assets/UnityTechnologies/ParticlePack/EffectExamples/Weapon Effects/Textures/BulletHoleMetalThroughAlbedo.tif using Guid(4dcc91061fcec7d40a6d7c381bf1eabc) Importer(815301076,1909f56bfc062723c751e8b465ee728b) (PreviewImporter) -> (artifact id: '3f0fd482dfd457afa7e655c4dca44db1') in 0.016874936 seconds
Number of updated asset objects reloaded before import = 0Number of asset objects unloaded after import = 2

========================================================================
Received Import Request.
  Time since last request: 0.000019 seconds.
  path: Assets/PBR_Grass_Textures/Textures/grass_03_normal.png
  artifactKey: Guid(a34dbb64b78c32a478a651544f7585a8) Importer(815301076,1909f56bfc062723c751e8b465ee728b)
Start importing Assets/PBR_Grass_Textures/Textures/grass_03_normal.png using Guid(a34dbb64b78c32a478a651544f7585a8) Importer(815301076,1909f56bfc062723c751e8b465ee728b) (PreviewImporter) -> (artifact id: 'f0cb1fb67117483ba42879fc4f15baec') in 0.080047649 seconds
Number of updated asset objects reloaded before import = 0Number of asset objects unloaded after import = 2

========================================================================
Received Import Request.
  Time since last request: 0.000032 seconds.
  path: Assets/UnityTechnologies/ParticlePack/EffectExamples/Weapon Effects/Textures/FleshBulletHoleAlbedo.tif
  artifactKey: Guid(5ef8c65d978f7f74e8a6cb763425f6db) Importer(815301076,1909f56bfc062723c751e8b465ee728b)
Start importing Assets/UnityTechnologies/ParticlePack/EffectExamples/Weapon Effects/Textures/FleshBulletHoleAlbedo.tif using Guid(5ef8c65d978f7f74e8a6cb763425f6db) Importer(815301076,1909f56bfc062723c751e8b465ee728b) (PreviewImporter) -> (artifact id: '95365f4a7f174d30b8e263ab0bacd526') in 0.017589142 seconds
Number of updated asset objects reloaded before import = 0Number of asset objects unloaded after import = 2

========================================================================
Received Import Request.
  Time since last request: 0.000029 seconds.
  path: Assets/UnityTechnologies/ParticlePack/TutorialInfo/Icons/ReadmeLogo.png
  artifactKey: Guid(cfa6d60f1f958ba46a105ca98716c259) Importer(815301076,1909f56bfc062723c751e8b465ee728b)
Start importing Assets/UnityTechnologies/ParticlePack/TutorialInfo/Icons/ReadmeLogo.png using Guid(cfa6d60f1f958ba46a105ca98716c259) Importer(815301076,1909f56bfc062723c751e8b465ee728b) (PreviewImporter) -> (artifact id: '627021a95799729d9eed95c35f5b47dd') in 0.015698893 seconds
Number of updated asset objects reloaded before import = 0Number of asset objects unloaded after import = 2

========================================================================
Received Import Request.
  Time since last request: 0.000019 seconds.
  path: Assets/UnityTechnologies/ParticlePack/Shared/Environment/Textures/PaintLines_normal.tif
  artifactKey: Guid(782e7ac390503b248abaa7f49096c6aa) Importer(815301076,1909f56bfc062723c751e8b465ee728b)
Start importing Assets/UnityTechnologies/ParticlePack/Shared/Environment/Textures/PaintLines_normal.tif using Guid(782e7ac390503b248abaa7f49096c6aa) Importer(815301076,1909f56bfc062723c751e8b465ee728b) (PreviewImporter) -> (artifact id: '291246d92421cdd61f0bf2f9a116577a') in 0.015297181 seconds
Number of updated asset objects reloaded before import = 0Number of asset objects unloaded after import = 2

========================================================================
Received Import Request.
  Time since last request: 0.000021 seconds.
  path: Assets/TENKOKU - DYNAMIC SKY/RESOURCES/textures/gui_tex_tenkokudivrev.psd
  artifactKey: Guid(41cb06fe8a991374e80546ca63fab097) Importer(815301076,1909f56bfc062723c751e8b465ee728b)
Start importing Assets/TENKOKU - DYNAMIC SKY/RESOURCES/textures/gui_tex_tenkokudivrev.psd using Guid(41cb06fe8a991374e80546ca63fab097) Importer(815301076,1909f56bfc062723c751e8b465ee728b) (PreviewImporter) -> (artifact id: '62b2a6711a68252f143d0c79f2d5d0f8') in 0.008940026 seconds
Number of updated asset objects reloaded before import = 0Number of asset objects unloaded after import = 2

========================================================================
Received Import Request.
  Time since last request: 0.000020 seconds.
  path: Assets/Adventure_Character/Textures/Man_Cloth_Up_Albedo_02.tga
  artifactKey: Guid(758821f6ff36cf443ab0c41209186a93) Importer(815301076,1909f56bfc062723c751e8b465ee728b)
Start importing Assets/Adventure_Character/Textures/Man_Cloth_Up_Albedo_02.tga using Guid(758821f6ff36cf443ab0c41209186a93) Importer(815301076,1909f56bfc062723c751e8b465ee728b) (PreviewImporter) -> (artifact id: 'ec4eecaed7b13fdaefd4f50727460bd2') in 0.116769441 seconds
Number of updated asset objects reloaded before import = 0Number of asset objects unloaded after import = 2

========================================================================
Received Import Request.
  Time since last request: 0.000029 seconds.
  path: Assets/UnityTechnologies/ParticlePack/EffectExamples/Weapon Effects/Textures/SandDecalNormal.tif
  artifactKey: Guid(c20545af53730ab459c576122c7e80ab) Importer(815301076,1909f56bfc062723c751e8b465ee728b)
Start importing Assets/UnityTechnologies/ParticlePack/EffectExamples/Weapon Effects/Textures/SandDecalNormal.tif using Guid(c20545af53730ab459c576122c7e80ab) Importer(815301076,1909f56bfc062723c751e8b465ee728b) (PreviewImporter) -> (artifact id: 'cbd407a52ac7c4d540423a050bbb59ff') in 0.015399328 seconds
Number of updated asset objects reloaded before import = 0Number of asset objects unloaded after import = 2

========================================================================
Received Import Request.
  Time since last request: 0.000029 seconds.
  path: Assets/TextMesh Pro/Sprites/EmojiOne.png
  artifactKey: Guid(dffef66376be4fa480fb02b19edbe903) Importer(815301076,1909f56bfc062723c751e8b465ee728b)
Start importing Assets/TextMesh Pro/Sprites/EmojiOne.png using Guid(dffef66376be4fa480fb02b19edbe903) Importer(815301076,1909f56bfc062723c751e8b465ee728b) (PreviewImporter) -> (artifact id: '8c88082386f3452ff7f7354f951dbbf8') in 0.006527964 seconds
Number of updated asset objects reloaded before import = 0Number of asset objects unloaded after import = 2

========================================================================
Received Import Request.
  Time since last request: 0.000023 seconds.
  path: Assets/SimplePoly City - Low Poly Assets/Textures/Building_House_03_color01.png
  artifactKey: Guid(22102af343715b9418233bc6460f0a8d) Importer(815301076,1909f56bfc062723c751e8b465ee728b)
Start importing Assets/SimplePoly City - Low Poly Assets/Textures/Building_House_03_color01.png using Guid(22102af343715b9418233bc6460f0a8d) Importer(815301076,1909f56bfc062723c751e8b465ee728b) (PreviewImporter) -> (artifact id: '2751b3f8b52cd0f4c3ae11d4c1dd7ab0') in 0.015277883 seconds
Number of updated asset objects reloaded before import = 0Number of asset objects unloaded after import = 2

========================================================================
Received Import Request.
  Time since last request: 0.000029 seconds.
  path: Assets/UnityTechnologies/ParticlePack/Shared/Environment/Textures/ConcreteWall_Albedo.tif
  artifactKey: Guid(dd79a67bb902a074da2a53f94862061d) Importer(815301076,1909f56bfc062723c751e8b465ee728b)
Start importing Assets/UnityTechnologies/ParticlePack/Shared/Environment/Textures/ConcreteWall_Albedo.tif using Guid(dd79a67bb902a074da2a53f94862061d) Importer(815301076,1909f56bfc062723c751e8b465ee728b) (PreviewImporter) -> (artifact id: '247e097c224a016f0405b2b994046447') in 0.041472145 seconds
Number of updated asset objects reloaded before import = 0Number of asset objects unloaded after import = 2

========================================================================
Received Import Request.
  Time since last request: 0.000020 seconds.
  path: Assets/UnityTechnologies/ParticlePack/Shared/Environment/Textures/ConcreteFloor_Normal.tif
  artifactKey: Guid(40e100f406e502b45bff1eb6d3930958) Importer(815301076,1909f56bfc062723c751e8b465ee728b)
Start importing Assets/UnityTechnologies/ParticlePack/Shared/Environment/Textures/ConcreteFloor_Normal.tif using Guid(40e100f406e502b45bff1eb6d3930958) Importer(815301076,1909f56bfc062723c751e8b465ee728b) (PreviewImporter) -> (artifact id: '82ad4d392130fa4bc6ee642d9614446b') in 0.045083326 seconds
Number of updated asset objects reloaded before import = 0Number of asset objects unloaded after import = 2

========================================================================
Received Import Request.
  Time since last request: 0.000019 seconds.
  path: Assets/Starter Assets/Sample/ThirdPersonController/Playground/ReflectionProbe-1.exr
  artifactKey: Guid(1b8a4de7469ad774c80dd6678d94e6b9) Importer(815301076,1909f56bfc062723c751e8b465ee728b)
Start importing Assets/Starter Assets/Sample/ThirdPersonController/Playground/ReflectionProbe-1.exr using Guid(1b8a4de7469ad774c80dd6678d94e6b9) Importer(815301076,1909f56bfc062723c751e8b465ee728b) (PreviewImporter) -> (artifact id: 'aeca2f7f3be8c9b0c36ff59d02a7106f') in 0.017991193 seconds
Number of updated asset objects reloaded before import = 0Number of asset objects unloaded after import = 1

========================================================================
Received Import Request.
  Time since last request: 0.000024 seconds.
  path: Assets/UnityTechnologies/ParticlePack/EffectExamples/Goop Effects/Textures/GoopStreamAlbedo.tif
  artifactKey: Guid(1a55072e908ebe74e962a97efbc17416) Importer(815301076,1909f56bfc062723c751e8b465ee728b)
Start importing Assets/UnityTechnologies/ParticlePack/EffectExamples/Goop Effects/Textures/GoopStreamAlbedo.tif using Guid(1a55072e908ebe74e962a97efbc17416) Importer(815301076,1909f56bfc062723c751e8b465ee728b) (PreviewImporter) -> (artifact id: '591993fcbeae8bdf50fe4f57b60ac9ca') in 0.006678799 seconds
Number of updated asset objects reloaded before import = 0Number of asset objects unloaded after import = 2

========================================================================
Received Import Request.
  Time since last request: 0.000035 seconds.
  path: Assets/SimplePoly City - Low Poly Assets/Textures/Building_Music Store.png
  artifactKey: Guid(c15bccaa0f3e30e4caa83edea73909bc) Importer(815301076,1909f56bfc062723c751e8b465ee728b)
Start importing Assets/SimplePoly City - Low Poly Assets/Textures/Building_Music Store.png using Guid(c15bccaa0f3e30e4caa83edea73909bc) Importer(815301076,1909f56bfc062723c751e8b465ee728b) (PreviewImporter) -> (artifact id: 'a62b50343b06daee531fb619b34e0d01') in 0.006909875 seconds
Number of updated asset objects reloaded before import = 0Number of asset objects unloaded after import = 2

========================================================================
Received Import Request.
  Time since last request: 0.000023 seconds.
  path: Assets/SimplePoly City - Low Poly Assets/Textures/Building_House_01_color03.png
  artifactKey: Guid(08441d6894e45b14ca36aee71ac5ba19) Importer(815301076,1909f56bfc062723c751e8b465ee728b)
Start importing Assets/SimplePoly City - Low Poly Assets/Textures/Building_House_01_color03.png using Guid(08441d6894e45b14ca36aee71ac5ba19) Importer(815301076,1909f56bfc062723c751e8b465ee728b) (PreviewImporter) -> (artifact id: '4cbccee9181ced05ce018ca1256ab3a9') in 0.007521003 seconds
Number of updated asset objects reloaded before import = 0Number of asset objects unloaded after import = 2

========================================================================
Received Import Request.
  Time since last request: 0.000023 seconds.
  path: Assets/Low Poly Weapons/weapons/rifle/RifleText.gif
  artifactKey: Guid(028c8c5de3d5ab0408d51b72de074a70) Importer(815301076,1909f56bfc062723c751e8b465ee728b)
Start importing Assets/Low Poly Weapons/weapons/rifle/RifleText.gif using Guid(028c8c5de3d5ab0408d51b72de074a70) Importer(815301076,1909f56bfc062723c751e8b465ee728b) (PreviewImporter) -> (artifact id: 'ed489bbfc064c0bacd32a41a6fcf08dc') in 0.016837749 seconds
Number of updated asset objects reloaded before import = 0Number of asset objects unloaded after import = 2

========================================================================
Received Import Request.
  Time since last request: 0.000019 seconds.
  path: Assets/UnityTechnologies/ParticlePack/EffectExamples/Magic Effects/Textures/IceNormals.tif
  artifactKey: Guid(78e71b9e097c52e4cba00d81ed4dbe74) Importer(815301076,1909f56bfc062723c751e8b465ee728b)
Start importing Assets/UnityTechnologies/ParticlePack/EffectExamples/Magic Effects/Textures/IceNormals.tif using Guid(78e71b9e097c52e4cba00d81ed4dbe74) Importer(815301076,1909f56bfc062723c751e8b465ee728b) (PreviewImporter) -> (artifact id: 'aadbb7bba045c2bd016cb3de4717c22b') in 0.031389565 seconds
Number of updated asset objects reloaded before import = 0Number of asset objects unloaded after import = 2

========================================================================
Received Import Request.
  Time since last request: 0.000028 seconds.
  path: Assets/UnityTechnologies/ParticlePack/Scenes/Main Scene with Legacy Particles/ReflectionProbe-8.exr
  artifactKey: Guid(a992f7e0d9c88e440aadebfe20f6e7af) Importer(815301076,1909f56bfc062723c751e8b465ee728b)
Start importing Assets/UnityTechnologies/ParticlePack/Scenes/Main Scene with Legacy Particles/ReflectionProbe-8.exr using Guid(a992f7e0d9c88e440aadebfe20f6e7af) Importer(815301076,1909f56bfc062723c751e8b465ee728b) (PreviewImporter) -> (artifact id: '921b5acb43c126dc13febf020f4ddbc8') in 0.006472904 seconds
Number of updated asset objects reloaded before import = 0Number of asset objects unloaded after import = 1

========================================================================
Received Import Request.
  Time since last request: 2.710132 seconds.
  path: Assets/UnityTechnologies/ParticlePack/EffectExamples/Water Effects/Textures/SphereAlbedo.tif
  artifactKey: Guid(feebd9fe3a61f384286140f9201d038d) Importer(815301076,1909f56bfc062723c751e8b465ee728b)
Start importing Assets/UnityTechnologies/ParticlePack/EffectExamples/Water Effects/Textures/SphereAlbedo.tif using Guid(feebd9fe3a61f384286140f9201d038d) Importer(815301076,1909f56bfc062723c751e8b465ee728b) (PreviewImporter) -> (artifact id: 'f12c7fdd50d11ab92b6f9d3af4719846') in 0.006965496 seconds
Number of updated asset objects reloaded before import = 0Number of asset objects unloaded after import = 2

========================================================================
Received Import Request.
  Time since last request: 0.000022 seconds.
  path: Assets/UnityTechnologies/ParticlePack/EffectExamples/Water Effects/Textures/SplashDropAlbedo.tif
  artifactKey: Guid(50d576b32d1c88f4abcea02ff8e68dbe) Importer(815301076,1909f56bfc062723c751e8b465ee728b)
Start importing Assets/UnityTechnologies/ParticlePack/EffectExamples/Water Effects/Textures/SplashDropAlbedo.tif using Guid(50d576b32d1c88f4abcea02ff8e68dbe) Importer(815301076,1909f56bfc062723c751e8b465ee728b) (PreviewImporter) -> (artifact id: 'c964fd4832d013c78e9e63f1850a39ff') in 0.035265864 seconds
Number of updated asset objects reloaded before import = 0Number of asset objects unloaded after import = 2

========================================================================
Received Import Request.
  Time since last request: 0.000020 seconds.
  path: Assets/Dnk_Dev/Brick_Fence/Textures/T_Brick_Fence_01_Grill_N.TGA
  artifactKey: Guid(6fbb09e7e81f8ca448caab4c9f55f17e) Importer(815301076,1909f56bfc062723c751e8b465ee728b)
Start importing Assets/Dnk_Dev/Brick_Fence/Textures/T_Brick_Fence_01_Grill_N.TGA using Guid(6fbb09e7e81f8ca448caab4c9f55f17e) Importer(815301076,1909f56bfc062723c751e8b465ee728b) (PreviewImporter) -> (artifact id: '3d90987e66b37db50a47ef86cffc80df') in 0.007419746 seconds
Number of updated asset objects reloaded before import = 0Number of asset objects unloaded after import = 2

========================================================================
Received Import Request.
  Time since last request: 0.000017 seconds.
  path: Assets/Dnk_Dev/Brick_Fence/Textures/T_Brick_BigGate_02.TGA
  artifactKey: Guid(0a30883441f68bc4592e96e3ecd9c0d2) Importer(815301076,1909f56bfc062723c751e8b465ee728b)
Start importing Assets/Dnk_Dev/Brick_Fence/Textures/T_Brick_BigGate_02.TGA using Guid(0a30883441f68bc4592e96e3ecd9c0d2) Importer(815301076,1909f56bfc062723c751e8b465ee728b) (PreviewImporter) -> (artifact id: '3ad85bc1463f4425598b87c9f8badd40') in 0.017172439 seconds
Number of updated asset objects reloaded before import = 0Number of asset objects unloaded after import = 2

========================================================================
Received Import Request.
  Time since last request: 0.000029 seconds.
  path: Assets/Dnk_Dev/Brick_Fence/Textures/T_Brick_fence_03_N.tga
  artifactKey: Guid(2e3a38629e4d5d94289a519535ea73b8) Importer(815301076,1909f56bfc062723c751e8b465ee728b)
Start importing Assets/Dnk_Dev/Brick_Fence/Textures/T_Brick_fence_03_N.tga using Guid(2e3a38629e4d5d94289a519535ea73b8) Importer(815301076,1909f56bfc062723c751e8b465ee728b) (PreviewImporter) -> (artifact id: '36df2edcda511ba3a747a764eff335e8') in 0.00724278 seconds
Number of updated asset objects reloaded before import = 0Number of asset objects unloaded after import = 2

========================================================================
Received Import Request.
  Time since last request: 0.000027 seconds.
  path: Assets/YughuesFreeBushes2018/Textures/T_Bush02_s.tga
  artifactKey: Guid(407d2b8d0747a274c83fefc085e4d37c) Importer(815301076,1909f56bfc062723c751e8b465ee728b)
Start importing Assets/YughuesFreeBushes2018/Textures/T_Bush02_s.tga using Guid(407d2b8d0747a274c83fefc085e4d37c) Importer(815301076,1909f56bfc062723c751e8b465ee728b) (PreviewImporter) -> (artifact id: '19634c10e298235d650feee549ff9ecf') in 0.004231183 seconds
Number of updated asset objects reloaded before import = 0Number of asset objects unloaded after import = 2

========================================================================
Received Import Request.
  Time since last request: 0.000019 seconds.
  path: Assets/YughuesFreeBushes2018/Textures/T_Bush04_d.tga
  artifactKey: Guid(c9a41128f14763d4eab561ef48c769b4) Importer(815301076,1909f56bfc062723c751e8b465ee728b)
Start importing Assets/YughuesFreeBushes2018/Textures/T_Bush04_d.tga using Guid(c9a41128f14763d4eab561ef48c769b4) Importer(815301076,1909f56bfc062723c751e8b465ee728b) (PreviewImporter) -> (artifact id: '6f107450937cd3bcf4e40ecfe2a9b783') in 0.050043022 seconds
Number of updated asset objects reloaded before import = 0Number of asset objects unloaded after import = 2

========================================================================
Received Import Request.
  Time since last request: 0.000016 seconds.
  path: Assets/YughuesFreeBushes2018/Textures/T_Bush03_ao.tga
  artifactKey: Guid(30d2e3318757c534d90937e9c4b0a1d0) Importer(815301076,1909f56bfc062723c751e8b465ee728b)
Start importing Assets/YughuesFreeBushes2018/Textures/T_Bush03_ao.tga using Guid(30d2e3318757c534d90937e9c4b0a1d0) Importer(815301076,1909f56bfc062723c751e8b465ee728b) (PreviewImporter) -> (artifact id: 'c954157b38230d62e88932532220d09a') in 0.006172735 seconds
Number of updated asset objects reloaded before import = 0Number of asset objects unloaded after import = 2

========================================================================
Received Import Request.
  Time since last request: 0.000018 seconds.
  path: Assets/Dnk_Dev/Brick_Fence/Textures/T_Brick_Fence_02B.TGA
  artifactKey: Guid(10ed0014f0bba5c42b5dfde630c634a9) Importer(815301076,1909f56bfc062723c751e8b465ee728b)
Start importing Assets/Dnk_Dev/Brick_Fence/Textures/T_Brick_Fence_02B.TGA using Guid(10ed0014f0bba5c42b5dfde630c634a9) Importer(815301076,1909f56bfc062723c751e8b465ee728b) (PreviewImporter) -> (artifact id: 'a781974ee7cc07c855cece8ccb165306') in 0.014231932 seconds
Number of updated asset objects reloaded before import = 0Number of asset objects unloaded after import = 2

========================================================================
Received Import Request.
  Time since last request: 0.000023 seconds.
  path: Assets/Dnk_Dev/Brick_Fence/Textures/T_Brick_Fence_01_N.tga
  artifactKey: Guid(ade757d6a29b6b848993c55f436bd610) Importer(815301076,1909f56bfc062723c751e8b465ee728b)
Start importing Assets/Dnk_Dev/Brick_Fence/Textures/T_Brick_Fence_01_N.tga using Guid(ade757d6a29b6b848993c55f436bd610) Importer(815301076,1909f56bfc062723c751e8b465ee728b) (PreviewImporter) -> (artifact id: '91f69a87143521906783dbb9379b45ef') in 0.008048406 seconds
Number of updated asset objects reloaded before import = 0Number of asset objects unloaded after import = 2

========================================================================
Received Import Request.
  Time since last request: 0.000023 seconds.
  path: Assets/TENKOKU - DYNAMIC SKY/TEXTURES/tex_aurora_a.psd
  artifactKey: Guid(9e51a16c221c36b49abfbb3a66787a56) Importer(815301076,1909f56bfc062723c751e8b465ee728b)
Start importing Assets/TENKOKU - DYNAMIC SKY/TEXTURES/tex_aurora_a.psd using Guid(9e51a16c221c36b49abfbb3a66787a56) Importer(815301076,1909f56bfc062723c751e8b465ee728b) (PreviewImporter) -> (artifact id: '14fb61b09e5687e1b63e736812106263') in 0.007740856 seconds
Number of updated asset objects reloaded before import = 0Number of asset objects unloaded after import = 2

========================================================================
Received Import Request.
  Time since last request: 0.000018 seconds.
  path: Assets/TENKOKU - DYNAMIC SKY/TEXTURES/tex_aurora_norm.psd
  artifactKey: Guid(5a6b418ea0e065549978f750abf5531e) Importer(815301076,1909f56bfc062723c751e8b465ee728b)
Start importing Assets/TENKOKU - DYNAMIC SKY/TEXTURES/tex_aurora_norm.psd using Guid(5a6b418ea0e065549978f750abf5531e) Importer(815301076,1909f56bfc062723c751e8b465ee728b) (PreviewImporter) -> (artifact id: '8b801a57971d9fd0cb43c64edf0376a0') in 0.018377609 seconds
Number of updated asset objects reloaded before import = 0Number of asset objects unloaded after import = 2

========================================================================
Received Import Request.
  Time since last request: 0.000020 seconds.
  path: Assets/GVOZDY/Round Four-Tier Water Fountain/Textures/T_fountain_4_light_Normal.png
  artifactKey: Guid(307c0e04c575de149939203dd75d6350) Importer(815301076,1909f56bfc062723c751e8b465ee728b)
Start importing Assets/GVOZDY/Round Four-Tier Water Fountain/Textures/T_fountain_4_light_Normal.png using Guid(307c0e04c575de149939203dd75d6350) Importer(815301076,1909f56bfc062723c751e8b465ee728b) (PreviewImporter) -> (artifact id: '0819fc88010b0e72b9054a786baf1918') in 0.02742929 seconds
Number of updated asset objects reloaded before import = 0Number of asset objects unloaded after import = 2

========================================================================
Received Import Request.
  Time since last request: 0.000033 seconds.
  path: Assets/YughuesFreeBushes2018/Textures/T_Bush01_n.tga
  artifactKey: Guid(2f1e681c00689bf429eece67c03d8635) Importer(815301076,1909f56bfc062723c751e8b465ee728b)
Start importing Assets/YughuesFreeBushes2018/Textures/T_Bush01_n.tga using Guid(2f1e681c00689bf429eece67c03d8635) Importer(815301076,1909f56bfc062723c751e8b465ee728b) (PreviewImporter) -> (artifact id: 'b92ce4abf809f6c080bbfb2a4439f20e') in 0.005928652 seconds
Number of updated asset objects reloaded before import = 0Number of asset objects unloaded after import = 2

========================================================================
Received Import Request.
  Time since last request: 0.000022 seconds.
  path: Assets/UnityTechnologies/ParticlePack/EffectExamples/Weapon Effects/Textures/StoneAlbedo.tif
  artifactKey: Guid(d6971144598309840aa5627e0797e545) Importer(815301076,1909f56bfc062723c751e8b465ee728b)
Start importing Assets/UnityTechnologies/ParticlePack/EffectExamples/Weapon Effects/Textures/StoneAlbedo.tif using Guid(d6971144598309840aa5627e0797e545) Importer(815301076,1909f56bfc062723c751e8b465ee728b) (PreviewImporter) -> (artifact id: '882a3d072e4389fdf21de770c3bf935a') in 0.010251135 seconds
Number of updated asset objects reloaded before import = 0Number of asset objects unloaded after import = 2

========================================================================
Received Import Request.
  Time since last request: 0.000023 seconds.
  path: Assets/GVOZDY/Round Four-Tier Water Fountain/Textures/T_fountain_4_dark_albedo.png
  artifactKey: Guid(17e67f3daecdd5a4da069ee867a40b28) Importer(815301076,1909f56bfc062723c751e8b465ee728b)
Start importing Assets/GVOZDY/Round Four-Tier Water Fountain/Textures/T_fountain_4_dark_albedo.png using Guid(17e67f3daecdd5a4da069ee867a40b28) Importer(815301076,1909f56bfc062723c751e8b465ee728b) (PreviewImporter) -> (artifact id: '7a63dcb80121b7d5eabcb0ddd2629e9a') in 0.033776751 seconds
Number of updated asset objects reloaded before import = 0Number of asset objects unloaded after import = 2

========================================================================
Received Import Request.
  Time since last request: 0.000020 seconds.
  path: Assets/UnityTechnologies/ParticlePack/EffectExamples/Water Effects/Textures/SplashNormal.tif
  artifactKey: Guid(73e81e5a6e5b6874582e6c6d405d7491) Importer(815301076,1909f56bfc062723c751e8b465ee728b)
Start importing Assets/UnityTechnologies/ParticlePack/EffectExamples/Water Effects/Textures/SplashNormal.tif using Guid(73e81e5a6e5b6874582e6c6d405d7491) Importer(815301076,1909f56bfc062723c751e8b465ee728b) (PreviewImporter) -> (artifact id: '762aba045f4aceec08fdf37d2ffc5199') in 0.023768445 seconds
Number of updated asset objects reloaded before import = 0Number of asset objects unloaded after import = 2

========================================================================
Received Import Request.
  Time since last request: 0.000018 seconds.
  path: Assets/TENKOKU - DYNAMIC SKY/TEXTURES/tex_moonsphere.psd
  artifactKey: Guid(1ac62c3237e1f3d4cbede38438a0edda) Importer(815301076,1909f56bfc062723c751e8b465ee728b)
Start importing Assets/TENKOKU - DYNAMIC SKY/TEXTURES/tex_moonsphere.psd using Guid(1ac62c3237e1f3d4cbede38438a0edda) Importer(815301076,1909f56bfc062723c751e8b465ee728b) (PreviewImporter) -> (artifact id: 'a6e7765e17832b8461b71b020be2bb2d') in 0.024851588 seconds
Number of updated asset objects reloaded before import = 0Number of asset objects unloaded after import = 2

========================================================================
Received Import Request.
  Time since last request: 0.000021 seconds.
  path: Assets/TENKOKU - DYNAMIC SKY/TEXTURES/tex_suneclipse.psd
  artifactKey: Guid(cbf431e13d0689f41b1649c1aad07115) Importer(815301076,1909f56bfc062723c751e8b465ee728b)
Start importing Assets/TENKOKU - DYNAMIC SKY/TEXTURES/tex_suneclipse.psd using Guid(cbf431e13d0689f41b1649c1aad07115) Importer(815301076,1909f56bfc062723c751e8b465ee728b) (PreviewImporter) -> (artifact id: '05c1a215f0a3cc78b81bd5641b57e04e') in 0.003942688 seconds
Number of updated asset objects reloaded before import = 0Number of asset objects unloaded after import = 2

========================================================================
Received Import Request.
  Time since last request: 0.000020 seconds.
  path: Assets/YughuesFreeBushes2018/Textures/T_Bush05_d.tga
  artifactKey: Guid(e5e8c327df51a9d4f90c9c4feba738cf) Importer(815301076,1909f56bfc062723c751e8b465ee728b)
Start importing Assets/YughuesFreeBushes2018/Textures/T_Bush05_d.tga using Guid(e5e8c327df51a9d4f90c9c4feba738cf) Importer(815301076,1909f56bfc062723c751e8b465ee728b) (PreviewImporter) -> (artifact id: 'b362dd3ef22a7c43c8fc3cfe56e17634') in 0.005302397 seconds
Number of updated asset objects reloaded before import = 0Number of asset objects unloaded after import = 2

========================================================================
Received Import Request.
  Time since last request: 0.000027 seconds.
  path: Assets/UnityTechnologies/ParticlePack/EffectExamples/Fire & Explosion Effects/Textures/TinyFlame.tif
  artifactKey: Guid(4aa9e9c9f98c7a449ac023f74184d0b0) Importer(815301076,1909f56bfc062723c751e8b465ee728b)
Start importing Assets/UnityTechnologies/ParticlePack/EffectExamples/Fire & Explosion Effects/Textures/TinyFlame.tif using Guid(4aa9e9c9f98c7a449ac023f74184d0b0) Importer(815301076,1909f56bfc062723c751e8b465ee728b) (PreviewImporter) -> (artifact id: '0d244a0f074add740b60ec714714e11b') in 0.042877127 seconds
Number of updated asset objects reloaded before import = 0Number of asset objects unloaded after import = 2

========================================================================
Received Import Request.
  Time since last request: 0.000021 seconds.
  path: Assets/UnityTechnologies/ParticlePack/EffectExamples/Weapon Effects/Textures/StreamNormal.tif
  artifactKey: Guid(dbf5fd5c04eedf2418e86c377cf5b95b) Importer(815301076,1909f56bfc062723c751e8b465ee728b)
Start importing Assets/UnityTechnologies/ParticlePack/EffectExamples/Weapon Effects/Textures/StreamNormal.tif using Guid(dbf5fd5c04eedf2418e86c377cf5b95b) Importer(815301076,1909f56bfc062723c751e8b465ee728b) (PreviewImporter) -> (artifact id: 'df9b1e075fe0c4f6e16876b370535338') in 0.028053551 seconds
Number of updated asset objects reloaded before import = 0Number of asset objects unloaded after import = 2

========================================================================
Received Import Request.
  Time since last request: 0.000022 seconds.
  path: Assets/TENKOKU - DYNAMIC SKY/EFFECTS/Textures/tex_fxSnowSheet.psd
  artifactKey: Guid(dc2b86b75f92c7142a85a369dd553acb) Importer(815301076,1909f56bfc062723c751e8b465ee728b)
Start importing Assets/TENKOKU - DYNAMIC SKY/EFFECTS/Textures/tex_fxSnowSheet.psd using Guid(dc2b86b75f92c7142a85a369dd553acb) Importer(815301076,1909f56bfc062723c751e8b465ee728b) (PreviewImporter) -> (artifact id: '8ada7a79308a96ddbee3384c7112700c') in 0.003806342 seconds
Number of updated asset objects reloaded before import = 0Number of asset objects unloaded after import = 2

========================================================================
Received Import Request.
  Time since last request: 0.000020 seconds.
  path: Assets/Dnk_Dev/Brick_Fence/Textures/T_Brick_BigGate_01_N.tga
  artifactKey: Guid(81413cfb489a98c4c92a371122298eb2) Importer(815301076,1909f56bfc062723c751e8b465ee728b)
Start importing Assets/Dnk_Dev/Brick_Fence/Textures/T_Brick_BigGate_01_N.tga using Guid(81413cfb489a98c4c92a371122298eb2) Importer(815301076,1909f56bfc062723c751e8b465ee728b) (PreviewImporter) -> (artifact id: '40c4a03730ae13eaf95c8ec1d21209b0') in 0.044546554 seconds
Number of updated asset objects reloaded before import = 0Number of asset objects unloaded after import = 2

========================================================================
Received Import Request.
  Time since last request: 0.000018 seconds.
  path: Assets/TENKOKU - DYNAMIC SKY/_DEMO/TERRAIN/GROUND/tex_grnd_grass_n.png
  artifactKey: Guid(091cd676e8593664eb0723e5b3c55566) Importer(815301076,1909f56bfc062723c751e8b465ee728b)
Start importing Assets/TENKOKU - DYNAMIC SKY/_DEMO/TERRAIN/GROUND/tex_grnd_grass_n.png using Guid(091cd676e8593664eb0723e5b3c55566) Importer(815301076,1909f56bfc062723c751e8b465ee728b) (PreviewImporter) -> (artifact id: '3ecbdd7ae020ab37125e06607ae025aa') in 0.022492927 seconds
Number of updated asset objects reloaded before import = 0Number of asset objects unloaded after import = 2

========================================================================
Received Import Request.
  Time since last request: 0.000027 seconds.
  path: Assets/TENKOKU - DYNAMIC SKY/TEXTURES/tex_BRDFLighting.psd
  artifactKey: Guid(c10569c6fc0f82b448ab46079dc0e156) Importer(815301076,1909f56bfc062723c751e8b465ee728b)
Start importing Assets/TENKOKU - DYNAMIC SKY/TEXTURES/tex_BRDFLighting.psd using Guid(c10569c6fc0f82b448ab46079dc0e156) Importer(815301076,1909f56bfc062723c751e8b465ee728b) (PreviewImporter) -> (artifact id: '51e87e55529561ba0bde35d3166ffa41') in 0.018035926 seconds
Number of updated asset objects reloaded before import = 0Number of asset objects unloaded after import = 2

========================================================================
Received Import Request.
  Time since last request: 0.000032 seconds.
  path: Assets/YughuesFreeBushes2018/Textures/T_Bush05_s.tga
  artifactKey: Guid(aa68df921e660f847a4213639930a582) Importer(815301076,1909f56bfc062723c751e8b465ee728b)
Start importing Assets/YughuesFreeBushes2018/Textures/T_Bush05_s.tga using Guid(aa68df921e660f847a4213639930a582) Importer(815301076,1909f56bfc062723c751e8b465ee728b) (PreviewImporter) -> (artifact id: '1e3af8f2a92947b0fac753921854186e') in 0.009732801 seconds
Number of updated asset objects reloaded before import = 0Number of asset objects unloaded after import = 2

========================================================================
Received Import Request.
  Time since last request: 0.000019 seconds.
  path: Assets/TENKOKU - DYNAMIC SKY/_DEMO/TERRAIN/GRASS/tex_grass2.png
  artifactKey: Guid(3bdd4bdbe85006d4794e0799d05e23d7) Importer(815301076,1909f56bfc062723c751e8b465ee728b)
Start importing Assets/TENKOKU - DYNAMIC SKY/_DEMO/TERRAIN/GRASS/tex_grass2.png using Guid(3bdd4bdbe85006d4794e0799d05e23d7) Importer(815301076,1909f56bfc062723c751e8b465ee728b) (PreviewImporter) -> (artifact id: '8b4a4311cf0f76f1788a9844d7b41b7a') in 0.013031556 seconds
Number of updated asset objects reloaded before import = 0Number of asset objects unloaded after import = 2

========================================================================
Received Import Request.
  Time since last request: 0.000021 seconds.
  path: Assets/TENKOKU - DYNAMIC SKY/TEXTURES/Worley128.asset
  artifactKey: Guid(e46268ec38db56c4eb938afc0315e2b1) Importer(815301076,1909f56bfc062723c751e8b465ee728b)
Start importing Assets/TENKOKU - DYNAMIC SKY/TEXTURES/Worley128.asset using Guid(e46268ec38db56c4eb938afc0315e2b1) Importer(815301076,1909f56bfc062723c751e8b465ee728b) (PreviewImporter) -> (artifact id: 'd1187517064db89118027a8e9277653e') in 0.045234525 seconds
Number of updated asset objects reloaded before import = 0Number of asset objects unloaded after import = 2

========================================================================
Received Import Request.
  Time since last request: 0.000041 seconds.
  path: Assets/UnityTechnologies/ParticlePack/EffectExamples/Weapon Effects/Textures/TinyStonesNormals.tif
  artifactKey: Guid(a00b2df6dc199854ba60af0c001a51b2) Importer(815301076,1909f56bfc062723c751e8b465ee728b)
Start importing Assets/UnityTechnologies/ParticlePack/EffectExamples/Weapon Effects/Textures/TinyStonesNormals.tif using Guid(a00b2df6dc199854ba60af0c001a51b2) Importer(815301076,1909f56bfc062723c751e8b465ee728b) (PreviewImporter) -> (artifact id: 'f74aca14a9e4be1dd14710d1661a0080') in 0.004876202 seconds
Number of updated asset objects reloaded before import = 0Number of asset objects unloaded after import = 2

========================================================================
Received Import Request.
  Time since last request: 0.000021 seconds.
  path: Assets/Starter Assets/Runtime/Mobile/UI/Images/UI_Icon_Jump.png
  artifactKey: Guid(751aa1b6637101946b2fdbb7aa27d6ad) Importer(815301076,1909f56bfc062723c751e8b465ee728b)
Start importing Assets/Starter Assets/Runtime/Mobile/UI/Images/UI_Icon_Jump.png using Guid(751aa1b6637101946b2fdbb7aa27d6ad) Importer(815301076,1909f56bfc062723c751e8b465ee728b) (PreviewImporter) -> (artifact id: '95e578404d82949b579a1310e98fdb74') in 0.037120921 seconds
Number of updated asset objects reloaded before import = 0Number of asset objects unloaded after import = 3

========================================================================
Received Import Request.
  Time since last request: 0.000025 seconds.
  path: Assets/Tree_Packs/URP_Tree_Pack/Textures/Leaf/URP_2_Leaf.png
  artifactKey: Guid(eff71e4f80e0e1f46ac9d63ca9a9993f) Importer(815301076,1909f56bfc062723c751e8b465ee728b)
Start importing Assets/Tree_Packs/URP_Tree_Pack/Textures/Leaf/URP_2_Leaf.png using Guid(eff71e4f80e0e1f46ac9d63ca9a9993f) Importer(815301076,1909f56bfc062723c751e8b465ee728b) (PreviewImporter) -> (artifact id: 'e332bf4601974df4877a3cdc77e2fb0c') in 0.008836863 seconds
Number of updated asset objects reloaded before import = 0Number of asset objects unloaded after import = 2

========================================================================
Received Import Request.
  Time since last request: 0.000025 seconds.
  path: Assets/SimplePoly City - Low Poly Assets/Textures/Vehicle_Container_2.png
  artifactKey: Guid(26083320078152146942aeac058c39ad) Importer(815301076,1909f56bfc062723c751e8b465ee728b)
Start importing Assets/SimplePoly City - Low Poly Assets/Textures/Vehicle_Container_2.png using Guid(26083320078152146942aeac058c39ad) Importer(815301076,1909f56bfc062723c751e8b465ee728b) (PreviewImporter) -> (artifact id: 'f22dfe6b9e9a7186849a76c06e00ddad') in 0.003910708 seconds
Number of updated asset objects reloaded before import = 0Number of asset objects unloaded after import = 2

========================================================================
Received Import Request.
  Time since last request: 0.000035 seconds.
  path: Assets/SimplePoly City - Low Poly Assets/Textures/Vehicle_Bus_1.png
  artifactKey: Guid(ecaab76e4a44928409e626a300feff17) Importer(815301076,1909f56bfc062723c751e8b465ee728b)
Start importing Assets/SimplePoly City - Low Poly Assets/Textures/Vehicle_Bus_1.png using Guid(ecaab76e4a44928409e626a300feff17) Importer(815301076,1909f56bfc062723c751e8b465ee728b) (PreviewImporter) -> (artifact id: 'c72b10b1322a7c931cb4fea15f01975a') in 0.004114905 seconds
Number of updated asset objects reloaded before import = 0Number of asset objects unloaded after import = 2

========================================================================
Received Import Request.
  Time since last request: 0.000018 seconds.
  path: Assets/SimplePoly City - Low Poly Assets/Textures/Vehicle_Truck_1.png
  artifactKey: Guid(e595569ca689c8c4ead585e8746e4fbb) Importer(815301076,1909f56bfc062723c751e8b465ee728b)
Start importing Assets/SimplePoly City - Low Poly Assets/Textures/Vehicle_Truck_1.png using Guid(e595569ca689c8c4ead585e8746e4fbb) Importer(815301076,1909f56bfc062723c751e8b465ee728b) (PreviewImporter) -> (artifact id: '34af8fec625d216fa0aeba1def973a67') in 0.003820035 seconds
Number of updated asset objects reloaded before import = 0Number of asset objects unloaded after import = 2

========================================================================
Received Import Request.
  Time since last request: 0.000019 seconds.
  path: Assets/SimplePoly City - Low Poly Assets/Textures/Vehicle_Police Car.png
  artifactKey: Guid(c0aa9f00c18fd8f40babb473766f37eb) Importer(815301076,1909f56bfc062723c751e8b465ee728b)
Start importing Assets/SimplePoly City - Low Poly Assets/Textures/Vehicle_Police Car.png using Guid(c0aa9f00c18fd8f40babb473766f37eb) Importer(815301076,1909f56bfc062723c751e8b465ee728b) (PreviewImporter) -> (artifact id: '34cc4bf50a1d712bdcceccd2d40832a6') in 0.003784256 seconds
Number of updated asset objects reloaded before import = 0Number of asset objects unloaded after import = 2

========================================================================
Received Import Request.
  Time since last request: 0.000018 seconds.
  path: Assets/SimplePoly City - Low Poly Assets/Textures/Vehicle_Taxi.png
  artifactKey: Guid(d9fe8b9f6a8a040408a6a74b3714c665) Importer(815301076,1909f56bfc062723c751e8b465ee728b)
Start importing Assets/SimplePoly City - Low Poly Assets/Textures/Vehicle_Taxi.png using Guid(d9fe8b9f6a8a040408a6a74b3714c665) Importer(815301076,1909f56bfc062723c751e8b465ee728b) (PreviewImporter) -> (artifact id: '339929b106bdfec4c4c862229da15284') in 0.003773018 seconds
Number of updated asset objects reloaded before import = 0Number of asset objects unloaded after import = 2

========================================================================
Received Import Request.
  Time since last request: 0.000016 seconds.
  path: Assets/SimplePoly City - Low Poly Assets/Textures/Vehicle_Container_3.png
  artifactKey: Guid(8eac3f6a5408bf54683eca8076ada1d7) Importer(815301076,1909f56bfc062723c751e8b465ee728b)
Start importing Assets/SimplePoly City - Low Poly Assets/Textures/Vehicle_Container_3.png using Guid(8eac3f6a5408bf54683eca8076ada1d7) Importer(815301076,1909f56bfc062723c751e8b465ee728b) (PreviewImporter) -> (artifact id: 'c5cda53b850ddbbe85795b8f63d6dd67') in 0.003803696 seconds
Number of updated asset objects reloaded before import = 0Number of asset objects unloaded after import = 2

========================================================================
Received Import Request.
  Time since last request: 0.000019 seconds.
  path: Assets/UnityTechnologies/ParticlePack/EffectExamples/Legacy Particles/Textures/WaterfallDropTexture.tif
  artifactKey: Guid(4c7faa55abd0f344fa05772d2e92c07d) Importer(815301076,1909f56bfc062723c751e8b465ee728b)
Start importing Assets/UnityTechnologies/ParticlePack/EffectExamples/Legacy Particles/Textures/WaterfallDropTexture.tif using Guid(4c7faa55abd0f344fa05772d2e92c07d) Importer(815301076,1909f56bfc062723c751e8b465ee728b) (PreviewImporter) -> (artifact id: 'f12c1a3eebbcee41230048fa2b62c2be') in 0.007366571 seconds
Number of updated asset objects reloaded before import = 0Number of asset objects unloaded after import = 2

========================================================================
Received Import Request.
  Time since last request: 0.000018 seconds.
  path: Assets/UnityTechnologies/ParticlePack/EffectExamples/Legacy Particles/Textures/WaterRippleEdgeParticle.tif
  artifactKey: Guid(0d42969205605384aacd59e290220577) Importer(815301076,1909f56bfc062723c751e8b465ee728b)
Start importing Assets/UnityTechnologies/ParticlePack/EffectExamples/Legacy Particles/Textures/WaterRippleEdgeParticle.tif using Guid(0d42969205605384aacd59e290220577) Importer(815301076,1909f56bfc062723c751e8b465ee728b) (PreviewImporter) -> (artifact id: 'd5eb608ee3f05fdeadfad6269bc2518b') in 0.004444186 seconds
Number of updated asset objects reloaded before import = 0Number of asset objects unloaded after import = 2

========================================================================
Received Import Request.
  Time since last request: 0.000016 seconds.
  path: Assets/UnityTechnologies/ParticlePack/EffectExamples/Weapon Effects/Textures/WoodAlbedo.tif
  artifactKey: Guid(b81b746ea3b5a4f4ab92a152e3b0b01d) Importer(815301076,1909f56bfc062723c751e8b465ee728b)
Start importing Assets/UnityTechnologies/ParticlePack/EffectExamples/Weapon Effects/Textures/WoodAlbedo.tif using Guid(b81b746ea3b5a4f4ab92a152e3b0b01d) Importer(815301076,1909f56bfc062723c751e8b465ee728b) (PreviewImporter) -> (artifact id: '96cf62f88a2128c7343620413cffa71c') in 0.019634022 seconds
Number of updated asset objects reloaded before import = 0Number of asset objects unloaded after import = 2

========================================================================
Received Import Request.
  Time since last request: 0.000015 seconds.
  path: Assets/SimplePoly City - Low Poly Assets/Textures/Vehicle_SUV_2.png
  artifactKey: Guid(c1310564a8560dc47a4aa00e7324ae1d) Importer(815301076,1909f56bfc062723c751e8b465ee728b)
Start importing Assets/SimplePoly City - Low Poly Assets/Textures/Vehicle_SUV_2.png using Guid(c1310564a8560dc47a4aa00e7324ae1d) Importer(815301076,1909f56bfc062723c751e8b465ee728b) (PreviewImporter) -> (artifact id: 'fcabc397eb1d55672c7c663a3c321505') in 0.003784347 seconds
Number of updated asset objects reloaded before import = 0Number of asset objects unloaded after import = 2

========================================================================
Received Import Request.
  Time since last request: 0.000017 seconds.
  path: Assets/UnityTechnologies/ParticlePack/EffectExamples/Weapon Effects/Textures/WoodNormals.tif
  artifactKey: Guid(43cfa3b308732c941a0fbb4334ecefcc) Importer(815301076,1909f56bfc062723c751e8b465ee728b)
Start importing Assets/UnityTechnologies/ParticlePack/EffectExamples/Weapon Effects/Textures/WoodNormals.tif using Guid(43cfa3b308732c941a0fbb4334ecefcc) Importer(815301076,1909f56bfc062723c751e8b465ee728b) (PreviewImporter) -> (artifact id: 'ab90c089f55bcf2ce1e08cdec0786de7') in 0.014177276 seconds
Number of updated asset objects reloaded before import = 0Number of asset objects unloaded after import = 2

========================================================================
Received Import Request.
  Time since last request: 0.000022 seconds.
  path: Assets/Tree_Packs/URP_Tree_Pack/Textures/Leaf/URP_3_Leaf.png
  artifactKey: Guid(22240601055987b4ea815af3f7d81e40) Importer(815301076,1909f56bfc062723c751e8b465ee728b)
Start importing Assets/Tree_Packs/URP_Tree_Pack/Textures/Leaf/URP_3_Leaf.png using Guid(22240601055987b4ea815af3f7d81e40) Importer(815301076,1909f56bfc062723c751e8b465ee728b) (PreviewImporter) -> (artifact id: '5e20a8445f905d2e4b7b43263b7071f8') in 0.011930168 seconds
Number of updated asset objects reloaded before import = 0Number of asset objects unloaded after import = 2

========================================================================
Received Import Request.
  Time since last request: 0.000033 seconds.
  path: Assets/Starter Assets/Runtime/Mobile/UI/Images/UI_Icon_Move.png
  artifactKey: Guid(ff7bfa7addf40784d86f62b8e4a034a6) Importer(815301076,1909f56bfc062723c751e8b465ee728b)
Start importing Assets/Starter Assets/Runtime/Mobile/UI/Images/UI_Icon_Move.png using Guid(ff7bfa7addf40784d86f62b8e4a034a6) Importer(815301076,1909f56bfc062723c751e8b465ee728b) (PreviewImporter) -> (artifact id: 'b0807249fbf063fcece8b226d17c9ace') in 0.03130658 seconds
Number of updated asset objects reloaded before import = 0Number of asset objects unloaded after import = 3

========================================================================
Received Import Request.
  Time since last request: 0.000018 seconds.
  path: Assets/UnityTechnologies/ParticlePack/EffectExamples/Fire & Explosion Effects/Textures/TinyStones.png
  artifactKey: Guid(ce97ed62c0a56e84ab25e22c8dfd5bca) Importer(815301076,1909f56bfc062723c751e8b465ee728b)
Start importing Assets/UnityTechnologies/ParticlePack/EffectExamples/Fire & Explosion Effects/Textures/TinyStones.png using Guid(ce97ed62c0a56e84ab25e22c8dfd5bca) Importer(815301076,1909f56bfc062723c751e8b465ee728b) (PreviewImporter) -> (artifact id: '47714c55dcef99b337da222bf73448af') in 0.020659408 seconds
Number of updated asset objects reloaded before import = 0Number of asset objects unloaded after import = 2

========================================================================
Received Import Request.
  Time since last request: 0.000020 seconds.
  path: Assets/TENKOKU - DYNAMIC SKY/_DEMO/TERRAIN/GROUND/tex_grnd_cliff_n.png
  artifactKey: Guid(1852a9f77c7e1e54e81e24073fa51083) Importer(815301076,1909f56bfc062723c751e8b465ee728b)
Start importing Assets/TENKOKU - DYNAMIC SKY/_DEMO/TERRAIN/GROUND/tex_grnd_cliff_n.png using Guid(1852a9f77c7e1e54e81e24073fa51083) Importer(815301076,1909f56bfc062723c751e8b465ee728b) (PreviewImporter) -> (artifact id: '26adbe4e42789961119ae2d415000d5e') in 0.016437232 seconds
Number of updated asset objects reloaded before import = 0Number of asset objects unloaded after import = 2

========================================================================
Received Import Request.
  Time since last request: 0.000025 seconds.
  path: Assets/Dnk_Dev/Brick_Fence/Textures/T_Brick_BigGate_02_N.tga
  artifactKey: Guid(b2ff7aef75536ec438d11c804cf4ffe5) Importer(815301076,1909f56bfc062723c751e8b465ee728b)
Start importing Assets/Dnk_Dev/Brick_Fence/Textures/T_Brick_BigGate_02_N.tga using Guid(b2ff7aef75536ec438d11c804cf4ffe5) Importer(815301076,1909f56bfc062723c751e8b465ee728b) (PreviewImporter) -> (artifact id: '24ba6aac98cfc04112e96c1f45c65d38') in 0.031791589 seconds
Number of updated asset objects reloaded before import = 0Number of asset objects unloaded after import = 2

========================================================================
Received Import Request.
  Time since last request: 0.000018 seconds.
  path: Assets/Low Poly Weapons/weapons/uzi/uziText.gif
  artifactKey: Guid(fb8209312a94557478e5eec7ddb56b0e) Importer(815301076,1909f56bfc062723c751e8b465ee728b)
Start importing Assets/Low Poly Weapons/weapons/uzi/uziText.gif using Guid(fb8209312a94557478e5eec7ddb56b0e) Importer(815301076,1909f56bfc062723c751e8b465ee728b) (PreviewImporter) -> (artifact id: '513b22ea507e9790b811e6ea7406821f') in 0.012051932 seconds
Number of updated asset objects reloaded before import = 0Number of asset objects unloaded after import = 2

========================================================================
Received Import Request.
  Time since last request: 0.000021 seconds.
  path: Assets/TENKOKU - DYNAMIC SKY/_DEMO/TERRAIN/GROUND/tex_grnd_sand.png
  artifactKey: Guid(0228b81dfc8b5e04794f4f6a8c2e77ac) Importer(815301076,1909f56bfc062723c751e8b465ee728b)
Start importing Assets/TENKOKU - DYNAMIC SKY/_DEMO/TERRAIN/GROUND/tex_grnd_sand.png using Guid(0228b81dfc8b5e04794f4f6a8c2e77ac) Importer(815301076,1909f56bfc062723c751e8b465ee728b) (PreviewImporter) -> (artifact id: '9c25cc7f8473d34a9b773f6cfa4d81e0') in 0.018398727 seconds
Number of updated asset objects reloaded before import = 0Number of asset objects unloaded after import = 2

========================================================================
Received Import Request.
  Time since last request: 0.000030 seconds.
  path: Assets/SimplePoly City - Low Poly Assets/Textures/Vehicle_SUV_3.png
  artifactKey: Guid(c7411d1e8e5de194b87905fdd4856618) Importer(815301076,1909f56bfc062723c751e8b465ee728b)
Start importing Assets/SimplePoly City - Low Poly Assets/Textures/Vehicle_SUV_3.png using Guid(c7411d1e8e5de194b87905fdd4856618) Importer(815301076,1909f56bfc062723c751e8b465ee728b) (PreviewImporter) -> (artifact id: '94b4f70b233d56a09b0c163ce2686bd7') in 0.011943775 seconds
Number of updated asset objects reloaded before import = 0Number of asset objects unloaded after import = 2

========================================================================
Received Import Request.
  Time since last request: 0.000021 seconds.
  path: Assets/Tree_Packs/URP_Tree_Pack/Textures/Trunk/URP_2_Trunk.png
  artifactKey: Guid(4314254d76e84044c85ed69aa835b694) Importer(815301076,1909f56bfc062723c751e8b465ee728b)
Start importing Assets/Tree_Packs/URP_Tree_Pack/Textures/Trunk/URP_2_Trunk.png using Guid(4314254d76e84044c85ed69aa835b694) Importer(815301076,1909f56bfc062723c751e8b465ee728b) (PreviewImporter) -> (artifact id: 'a254d322aefa08bc991ce839c97f0f99') in 0.043627928 seconds
Number of updated asset objects reloaded before import = 0Number of asset objects unloaded after import = 2

========================================================================
Received Import Request.
  Time since last request: 0.000021 seconds.
  path: Assets/YughuesFreeBushes2018/Textures/T_Bush01_ao.tga
  artifactKey: Guid(380b04d9a2f3007438f6937306ba8158) Importer(815301076,1909f56bfc062723c751e8b465ee728b)
Start importing Assets/YughuesFreeBushes2018/Textures/T_Bush01_ao.tga using Guid(380b04d9a2f3007438f6937306ba8158) Importer(815301076,1909f56bfc062723c751e8b465ee728b) (PreviewImporter) -> (artifact id: '034776fba1ece17d98bfcc890e62196a') in 0.007675827 seconds
Number of updated asset objects reloaded before import = 0Number of asset objects unloaded after import = 2

========================================================================
Received Import Request.
  Time since last request: 0.000018 seconds.
  path: Assets/Low Poly Weapons/weapons/weaponBox/wheatPic.gif
  artifactKey: Guid(801f3349fe97b104d94340f0006b6677) Importer(815301076,1909f56bfc062723c751e8b465ee728b)
Start importing Assets/Low Poly Weapons/weapons/weaponBox/wheatPic.gif using Guid(801f3349fe97b104d94340f0006b6677) Importer(815301076,1909f56bfc062723c751e8b465ee728b) (PreviewImporter) -> (artifact id: '768002642d12730f384dc108229cf21c') in 0.011234999 seconds
Number of updated asset objects reloaded before import = 0Number of asset objects unloaded after import = 2

========================================================================
Received Import Request.
  Time since last request: 0.000019 seconds.
  path: Assets/TENKOKU - DYNAMIC SKY/RESOURCES/textures/tex_distortion.psd
  artifactKey: Guid(f67c814b5e4f2e042a8c81fd5b507a37) Importer(815301076,1909f56bfc062723c751e8b465ee728b)
Start importing Assets/TENKOKU - DYNAMIC SKY/RESOURCES/textures/tex_distortion.psd using Guid(f67c814b5e4f2e042a8c81fd5b507a37) Importer(815301076,1909f56bfc062723c751e8b465ee728b) (PreviewImporter) -> (artifact id: 'dca01642397b3209b83c66395eb69ab4') in 0.045430703 seconds
Number of updated asset objects reloaded before import = 0Number of asset objects unloaded after import = 2

========================================================================
Received Import Request.
  Time since last request: 247.613091 seconds.
  path: Assets/UnityTechnologies/ParticlePack/EffectExamples/Misc Effects/Animations/@EllenIdle.fbx
  artifactKey: Guid(73e3d6d0fdcfc1d4483701317ca34665) Importer(815301076,1909f56bfc062723c751e8b465ee728b)
Start importing Assets/UnityTechnologies/ParticlePack/EffectExamples/Misc Effects/Animations/@EllenIdle.fbx using Guid(73e3d6d0fdcfc1d4483701317ca34665) Importer(815301076,1909f56bfc062723c751e8b465ee728b) (PreviewImporter) -> (artifact id: '3002e88563447def67f1a948d62098f8') in 0.225650514 seconds
Number of updated asset objects reloaded before import = 0Number of asset objects unloaded after import = 225

========================================================================
Received Import Request.
  Time since last request: 0.000033 seconds.
  path: Assets/UnityTechnologies/ParticlePack/Shared/Environment/Models/CornerWall.fbx
  artifactKey: Guid(29175e748bfc77b4194c165e0258b930) Importer(815301076,1909f56bfc062723c751e8b465ee728b)
Start importing Assets/UnityTechnologies/ParticlePack/Shared/Environment/Models/CornerWall.fbx using Guid(29175e748bfc77b4194c165e0258b930) Importer(815301076,1909f56bfc062723c751e8b465ee728b) (PreviewImporter) -> (artifact id: '64a5359df67915d7b4fd3fa1a0d0bb7c') in 0.05479683 seconds
Number of updated asset objects reloaded before import = 0Number of asset objects unloaded after import = 25

========================================================================
Received Import Request.
  Time since last request: 0.000033 seconds.
  path: Assets/SimplePoly City - Low Poly Assets/Models/Building_Bakery.fbx
  artifactKey: Guid(ea9803764c3c1e74b83f6dda1cfa0885) Importer(815301076,1909f56bfc062723c751e8b465ee728b)
Start importing Assets/SimplePoly City - Low Poly Assets/Models/Building_Bakery.fbx using Guid(ea9803764c3c1e74b83f6dda1cfa0885) Importer(815301076,1909f56bfc062723c751e8b465ee728b) (PreviewImporter) -> (artifact id: '1323507dab7f436a503d8563023304b4') in 0.010348061 seconds
Number of updated asset objects reloaded before import = 0Number of asset objects unloaded after import = 9

========================================================================
Received Import Request.
  Time since last request: 0.000036 seconds.
  path: Assets/SimplePoly City - Low Poly Assets/Models/Building_House_03_color01.fbx
  artifactKey: Guid(4290fe0579b63f4429763c6c6d2f242d) Importer(815301076,1909f56bfc062723c751e8b465ee728b)
Start importing Assets/SimplePoly City - Low Poly Assets/Models/Building_House_03_color01.fbx using Guid(4290fe0579b63f4429763c6c6d2f242d) Importer(815301076,1909f56bfc062723c751e8b465ee728b) (PreviewImporter) -> (artifact id: 'a2039a39910ec8bf9a55cf4593d525a7') in 0.01027596 seconds
Number of updated asset objects reloaded before import = 0Number of asset objects unloaded after import = 9

========================================================================
Received Import Request.
  Time since last request: 0.000021 seconds.
  path: Assets/Dnk_Dev/Brick_Fence/Prefab/P_Brick_Fence_02b.prefab
  artifactKey: Guid(25ba94a98b71b934fb8ec6f732f3b9a3) Importer(815301076,1909f56bfc062723c751e8b465ee728b)
Start importing Assets/Dnk_Dev/Brick_Fence/Prefab/P_Brick_Fence_02b.prefab using Guid(25ba94a98b71b934fb8ec6f732f3b9a3) Importer(815301076,1909f56bfc062723c751e8b465ee728b) (PreviewImporter) -> (artifact id: '432b2223001c0e20f2cf65bbbec4e5cf') in 0.02058026 seconds
Number of updated asset objects reloaded before import = 0Number of asset objects unloaded after import = 21

========================================================================
Received Import Request.
  Time since last request: 0.000020 seconds.
  path: Assets/SimplePoly City - Low Poly Assets/Prefab/Buildings/Building_Super Market.prefab
  artifactKey: Guid(c3e95e72d6dba334594c3c5c37fcf18a) Importer(815301076,1909f56bfc062723c751e8b465ee728b)
Start importing Assets/SimplePoly City - Low Poly Assets/Prefab/Buildings/Building_Super Market.prefab using Guid(c3e95e72d6dba334594c3c5c37fcf18a) Importer(815301076,1909f56bfc062723c751e8b465ee728b) (PreviewImporter) -> (artifact id: '5e3dc64c0767db8bc950738f490fa8b6') in 0.008226683 seconds
Number of updated asset objects reloaded before import = 0Number of asset objects unloaded after import = 10

========================================================================
Received Import Request.
  Time since last request: 0.000019 seconds.
  path: Assets/SimplePoly City - Low Poly Assets/Models/Building_House_01_color01.fbx
  artifactKey: Guid(6fddb771ca917c6498310bcc16a817e6) Importer(815301076,1909f56bfc062723c751e8b465ee728b)
Start importing Assets/SimplePoly City - Low Poly Assets/Models/Building_House_01_color01.fbx using Guid(6fddb771ca917c6498310bcc16a817e6) Importer(815301076,1909f56bfc062723c751e8b465ee728b) (PreviewImporter) -> (artifact id: '4b4caadaccf888d0a939253c143a7601') in 0.012400077 seconds
Number of updated asset objects reloaded before import = 0Number of asset objects unloaded after import = 9

========================================================================
Received Import Request.
  Time since last request: 0.000017 seconds.
  path: Assets/Adventure_Character/Mesh/Man_Mesh.FBX
  artifactKey: Guid(b8a7488d12adc39498433d60811eab1a) Importer(815301076,1909f56bfc062723c751e8b465ee728b)
Start importing Assets/Adventure_Character/Mesh/Man_Mesh.FBX using Guid(b8a7488d12adc39498433d60811eab1a) Importer(815301076,1909f56bfc062723c751e8b465ee728b) (PreviewImporter) -> (artifact id: '2c506d27a611d0414ef32fb0dff87390') in 1.429916138 seconds
Number of updated asset objects reloaded before import = 0Number of asset objects unloaded after import = 189

========================================================================
Received Import Request.
  Time since last request: 0.000028 seconds.
  path: Assets/SimplePoly City - Low Poly Assets/Prefab/Buildings/Building Sky_small_color03.prefab
  artifactKey: Guid(35807f23e7899e541b60b2fb2bbb51ef) Importer(815301076,1909f56bfc062723c751e8b465ee728b)
Start importing Assets/SimplePoly City - Low Poly Assets/Prefab/Buildings/Building Sky_small_color03.prefab using Guid(35807f23e7899e541b60b2fb2bbb51ef) Importer(815301076,1909f56bfc062723c751e8b465ee728b) (PreviewImporter) -> (artifact id: 'eac11a936ef89640f16c3124aa1374d1') in 0.028992963 seconds
Number of updated asset objects reloaded before import = 0Number of asset objects unloaded after import = 10

========================================================================
Received Import Request.
  Time since last request: 0.000044 seconds.
  path: Assets/FantasyMedievalTown_LITE/Models/Corner_01.fbx
  artifactKey: Guid(ef0ac6ba221fc8d4c9a218702e7255ba) Importer(815301076,1909f56bfc062723c751e8b465ee728b)
Start importing Assets/FantasyMedievalTown_LITE/Models/Corner_01.fbx using Guid(ef0ac6ba221fc8d4c9a218702e7255ba) Importer(815301076,1909f56bfc062723c751e8b465ee728b) (PreviewImporter) -> (artifact id: 'afb7236fb65415f5c275886917124353') in 0.135118881 seconds
Number of updated asset objects reloaded before import = 0Number of asset objects unloaded after import = 20

========================================================================
Received Import Request.
  Time since last request: 0.000024 seconds.
  path: Assets/YughuesFreeBushes2018/Meshes/Bush05.FBX
  artifactKey: Guid(fe3ef29f6dae00344b41413c90b4cc57) Importer(815301076,1909f56bfc062723c751e8b465ee728b)
Start importing Assets/YughuesFreeBushes2018/Meshes/Bush05.FBX using Guid(fe3ef29f6dae00344b41413c90b4cc57) Importer(815301076,1909f56bfc062723c751e8b465ee728b) (PreviewImporter) -> (artifact id: '51f9f017f365c6102c6327bf697fd519') in 0.139618851 seconds
Number of updated asset objects reloaded before import = 0Number of asset objects unloaded after import = 25

========================================================================
Received Import Request.
  Time since last request: 0.000026 seconds.
  path: Assets/Adventure_Character/Prefabs/Man_02.prefab
  artifactKey: Guid(7ee9a881584999e498cd568894ff4b39) Importer(815301076,1909f56bfc062723c751e8b465ee728b)
Start importing Assets/Adventure_Character/Prefabs/Man_02.prefab using Guid(7ee9a881584999e498cd568894ff4b39) Importer(815301076,1909f56bfc062723c751e8b465ee728b) (PreviewImporter) -> (artifact id: '044122dabe2d8a79444294d815305242') in 0.212948206 seconds
Number of updated asset objects reloaded before import = 0Number of asset objects unloaded after import = 199

========================================================================
Received Import Request.
  Time since last request: 0.000037 seconds.
  path: Assets/SimplePoly City - Low Poly Assets/Prefab/Buildings/Building_Factory.prefab
  artifactKey: Guid(f6674c1362ba984468bc1e71a2323d66) Importer(815301076,1909f56bfc062723c751e8b465ee728b)
Start importing Assets/SimplePoly City - Low Poly Assets/Prefab/Buildings/Building_Factory.prefab using Guid(f6674c1362ba984468bc1e71a2323d66) Importer(815301076,1909f56bfc062723c751e8b465ee728b) (PreviewImporter) -> (artifact id: 'aab73fe0de40456269f84003df0fb78b') in 0.063910342 seconds
Number of updated asset objects reloaded before import = 0Number of asset objects unloaded after import = 10

========================================================================
Received Import Request.
  Time since last request: 0.000022 seconds.
  path: Assets/SimplePoly City - Low Poly Assets/Prefab/Props/Props_Bench_1.prefab
  artifactKey: Guid(62125825e49febf4a89f76daf85d9ca7) Importer(815301076,1909f56bfc062723c751e8b465ee728b)
Start importing Assets/SimplePoly City - Low Poly Assets/Prefab/Props/Props_Bench_1.prefab using Guid(62125825e49febf4a89f76daf85d9ca7) Importer(815301076,1909f56bfc062723c751e8b465ee728b) (PreviewImporter) -> (artifact id: 'd25e78b2af0455c46079a22bb7b3508a') in 0.008327152 seconds
Number of updated asset objects reloaded before import = 0Number of asset objects unloaded after import = 10

========================================================================
Received Import Request.
  Time since last request: 0.000024 seconds.
  path: Assets/UnityTechnologies/ParticlePack/EffectExamples/Water Effects/Models/DropSplash.fbx
  artifactKey: Guid(e6c27adf3e47c024da4e786f5898c785) Importer(815301076,1909f56bfc062723c751e8b465ee728b)
Start importing Assets/UnityTechnologies/ParticlePack/EffectExamples/Water Effects/Models/DropSplash.fbx using Guid(e6c27adf3e47c024da4e786f5898c785) Importer(815301076,1909f56bfc062723c751e8b465ee728b) (PreviewImporter) -> (artifact id: '818ca862c27703ec91049ed2761ad009') in 0.022133253 seconds
Number of updated asset objects reloaded before import = 0Number of asset objects unloaded after import = 7

========================================================================
Received Import Request.
  Time since last request: 0.000022 seconds.
  path: Assets/Starter Assets/Sample/Environment/Prefabs/Box_350x250x300_Prefab.prefab
  artifactKey: Guid(687dbafc2b84b2846b9a4a7a7dae2a7e) Importer(815301076,1909f56bfc062723c751e8b465ee728b)
Start importing Assets/Starter Assets/Sample/Environment/Prefabs/Box_350x250x300_Prefab.prefab using Guid(687dbafc2b84b2846b9a4a7a7dae2a7e) Importer(815301076,1909f56bfc062723c751e8b465ee728b) (PreviewImporter) -> (artifact id: '787b7b4ca69f615067bd7e0218118c13') in 0.88235262 seconds
Number of updated asset objects reloaded before import = 0Number of asset objects unloaded after import = 12

========================================================================
Received Import Request.
  Time since last request: 0.000026 seconds.
  path: Assets/UnityTechnologies/ParticlePack/EffectExamples/Fire & Explosion Effects/Prefabs/LargeFlames.prefab
  artifactKey: Guid(bb98861c48ad2024ca93498c7dd93a6c) Importer(815301076,1909f56bfc062723c751e8b465ee728b)
Start importing Assets/UnityTechnologies/ParticlePack/EffectExamples/Fire & Explosion Effects/Prefabs/LargeFlames.prefab using Guid(bb98861c48ad2024ca93498c7dd93a6c) Importer(815301076,1909f56bfc062723c751e8b465ee728b) (PreviewImporter) -> (artifact id: '980cb921d6e7f1dd694609ca1c3b494f') in 0.138423822 seconds
Number of updated asset objects reloaded before import = 0Number of asset objects unloaded after import = 13

========================================================================
Received Import Request.
  Time since last request: 0.000042 seconds.
  path: Assets/FantasyMedievalTown_LITE/Models/Barrel_01.fbx
  artifactKey: Guid(cdc53b9a9d57cf0438bfb99c9c550b26) Importer(815301076,1909f56bfc062723c751e8b465ee728b)
Start importing Assets/FantasyMedievalTown_LITE/Models/Barrel_01.fbx using Guid(cdc53b9a9d57cf0438bfb99c9c550b26) Importer(815301076,1909f56bfc062723c751e8b465ee728b) (PreviewImporter) -> (artifact id: 'af861947ed32f5e711e695c529001f5e') in 0.045697113 seconds
Number of updated asset objects reloaded before import = 0Number of asset objects unloaded after import = 20

========================================================================
Received Import Request.
  Time since last request: 0.000020 seconds.
  path: Assets/SimplePoly City - Low Poly Assets/Prefab/Natures/Natures_Pot Bush_small.prefab
  artifactKey: Guid(800befcc62026a34693972077c91698d) Importer(815301076,1909f56bfc062723c751e8b465ee728b)
Start importing Assets/SimplePoly City - Low Poly Assets/Prefab/Natures/Natures_Pot Bush_small.prefab using Guid(800befcc62026a34693972077c91698d) Importer(815301076,1909f56bfc062723c751e8b465ee728b) (PreviewImporter) -> (artifact id: '5de35661474a79335c67af272f3a419a') in 0.016026347 seconds
Number of updated asset objects reloaded before import = 0Number of asset objects unloaded after import = 10

========================================================================
Received Import Request.
  Time since last request: 0.000017 seconds.
  path: Assets/SimplePoly City - Low Poly Assets/Prefab/Buildings/Building_Drug Store.prefab
  artifactKey: Guid(5dd9f8de2583df543859013bcdc56639) Importer(815301076,1909f56bfc062723c751e8b465ee728b)
Start importing Assets/SimplePoly City - Low Poly Assets/Prefab/Buildings/Building_Drug Store.prefab using Guid(5dd9f8de2583df543859013bcdc56639) Importer(815301076,1909f56bfc062723c751e8b465ee728b) (PreviewImporter) -> (artifact id: '4ae6521273cc93d6e8aa248db22f1702') in 0.016685967 seconds
Number of updated asset objects reloaded before import = 0Number of asset objects unloaded after import = 10

========================================================================
Received Import Request.
  Time since last request: 0.000021 seconds.
  path: Assets/SimplePoly City - Low Poly Assets/Prefab/Props/Props_Dustbin.prefab
  artifactKey: Guid(d59a4f6080634af41a616bc51af1d2d9) Importer(815301076,1909f56bfc062723c751e8b465ee728b)
Start importing Assets/SimplePoly City - Low Poly Assets/Prefab/Props/Props_Dustbin.prefab using Guid(d59a4f6080634af41a616bc51af1d2d9) Importer(815301076,1909f56bfc062723c751e8b465ee728b) (PreviewImporter) -> (artifact id: '59d2375bd926fa362dbd69fdd23702c5') in 0.006263318 seconds
Number of updated asset objects reloaded before import = 0Number of asset objects unloaded after import = 10

========================================================================
Received Import Request.
  Time since last request: 0.000023 seconds.
  path: Assets/SimplePoly City - Low Poly Assets/Models/Building Sky_small_color01.fbx
  artifactKey: Guid(47a83e21f77098142be8ace3346172ed) Importer(815301076,1909f56bfc062723c751e8b465ee728b)
Start importing Assets/SimplePoly City - Low Poly Assets/Models/Building Sky_small_color01.fbx using Guid(47a83e21f77098142be8ace3346172ed) Importer(815301076,1909f56bfc062723c751e8b465ee728b) (PreviewImporter) -> (artifact id: '79790078df6663e2f32c28963a77ce39') in 0.012365668 seconds
Number of updated asset objects reloaded before import = 0Number of asset objects unloaded after import = 9

========================================================================
Received Import Request.
  Time since last request: 0.000033 seconds.
  path: Assets/SimplePoly City - Low Poly Assets/Prefab/Buildings/Building_Bakery.prefab
  artifactKey: Guid(65abb0f1b521f834bae80ea4c9d93734) Importer(815301076,1909f56bfc062723c751e8b465ee728b)
Start importing Assets/SimplePoly City - Low Poly Assets/Prefab/Buildings/Building_Bakery.prefab using Guid(65abb0f1b521f834bae80ea4c9d93734) Importer(815301076,1909f56bfc062723c751e8b465ee728b) (PreviewImporter) -> (artifact id: 'da7067c80f945980e2e9fc3ca1565d0e') in 0.009150102 seconds
Number of updated asset objects reloaded before import = 0Number of asset objects unloaded after import = 10

========================================================================
Received Import Request.
  Time since last request: 0.000038 seconds.
  path: Assets/YughuesFreeBushes2018/Meshes/OLD/bush_05.obj
  artifactKey: Guid(e4f2790c692af6a4586d9bfdab387609) Importer(815301076,1909f56bfc062723c751e8b465ee728b)
Start importing Assets/YughuesFreeBushes2018/Meshes/OLD/bush_05.obj using Guid(e4f2790c692af6a4586d9bfdab387609) Importer(815301076,1909f56bfc062723c751e8b465ee728b) (PreviewImporter) -> (artifact id: 'b00edc1cfb5dec4a8b3d654788147325') in 0.03151964 seconds
Number of updated asset objects reloaded before import = 0Number of asset objects unloaded after import = 10

========================================================================
Received Import Request.
  Time since last request: 0.000029 seconds.
  path: Assets/SimplePoly City - Low Poly Assets/Prefab/Natures/Natures_Grass Tile.prefab
  artifactKey: Guid(b74c48c2e73e17c418c9394124b75daf) Importer(815301076,1909f56bfc062723c751e8b465ee728b)
Start importing Assets/SimplePoly City - Low Poly Assets/Prefab/Natures/Natures_Grass Tile.prefab using Guid(b74c48c2e73e17c418c9394124b75daf) Importer(815301076,1909f56bfc062723c751e8b465ee728b) (PreviewImporter) -> (artifact id: '71186c7d0df0ce8759f352f428d444bf') in 0.017653403 seconds
Number of updated asset objects reloaded before import = 0Number of asset objects unloaded after import = 10

========================================================================
Received Import Request.
  Time since last request: 0.000020 seconds.
  path: Assets/SimplePoly City - Low Poly Assets/Models/Building_Drug Store.fbx
  artifactKey: Guid(1860d34e1bb20454eafce0acf664508b) Importer(815301076,1909f56bfc062723c751e8b465ee728b)
Start importing Assets/SimplePoly City - Low Poly Assets/Models/Building_Drug Store.fbx using Guid(1860d34e1bb20454eafce0acf664508b) Importer(815301076,1909f56bfc062723c751e8b465ee728b) (PreviewImporter) -> (artifact id: '0044f66eeda873a2ade80c6bb9391e3c') in 0.01029071 seconds
Number of updated asset objects reloaded before import = 0Number of asset objects unloaded after import = 9

========================================================================
Received Import Request.
  Time since last request: 0.000028 seconds.
  path: Assets/SimplePoly City - Low Poly Assets/Models/Natures_Rock_Big.fbx
  artifactKey: Guid(9af6d300c4b48bb4ebe9539c44d73f0c) Importer(815301076,1909f56bfc062723c751e8b465ee728b)
Start importing Assets/SimplePoly City - Low Poly Assets/Models/Natures_Rock_Big.fbx using Guid(9af6d300c4b48bb4ebe9539c44d73f0c) Importer(815301076,1909f56bfc062723c751e8b465ee728b) (PreviewImporter) -> (artifact id: 'c9e3b4fed717d9f20a9d897cec4a19b2') in 0.017044478 seconds
Number of updated asset objects reloaded before import = 0Number of asset objects unloaded after import = 9

========================================================================
Received Import Request.
  Time since last request: 0.000038 seconds.
  path: Assets/Stylized Door/Prefabs/Door.prefab
  artifactKey: Guid(d11cbcf1bd1e5f346839e2f676d89830) Importer(815301076,1909f56bfc062723c751e8b465ee728b)
Start importing Assets/Stylized Door/Prefabs/Door.prefab using Guid(d11cbcf1bd1e5f346839e2f676d89830) Importer(815301076,1909f56bfc062723c751e8b465ee728b) (PreviewImporter) -> (artifact id: 'ebd9d37348e36ac1afc8e7d871f568f2') in 0.013171963 seconds
Number of updated asset objects reloaded before import = 0Number of asset objects unloaded after import = 35

========================================================================
Received Import Request.
  Time since last request: 0.000031 seconds.
  path: Assets/FantasyMedievalTown_LITE/Prefabs/HouseRoof_02_LITE.prefab
  artifactKey: Guid(4f2713344093cbc42be1bc8cee65aa05) Importer(815301076,1909f56bfc062723c751e8b465ee728b)
Start importing Assets/FantasyMedievalTown_LITE/Prefabs/HouseRoof_02_LITE.prefab using Guid(4f2713344093cbc42be1bc8cee65aa05) Importer(815301076,1909f56bfc062723c751e8b465ee728b) (PreviewImporter) -> (artifact id: '413dc1515522d68c9253493c7610d692') in 0.012599963 seconds
Number of updated asset objects reloaded before import = 0Number of asset objects unloaded after import = 25

========================================================================
Received Import Request.
  Time since last request: 0.000043 seconds.
  path: Assets/SimplePoly City - Low Poly Assets/Models/Building_House_02_color01.fbx
  artifactKey: Guid(8cb6d953267a0884288df6a274f09c40) Importer(815301076,1909f56bfc062723c751e8b465ee728b)
Start importing Assets/SimplePoly City - Low Poly Assets/Models/Building_House_02_color01.fbx using Guid(8cb6d953267a0884288df6a274f09c40) Importer(815301076,1909f56bfc062723c751e8b465ee728b) (PreviewImporter) -> (artifact id: '508c3c775334b0f0a38dff30b27c0b11') in 0.015687393 seconds
Number of updated asset objects reloaded before import = 0Number of asset objects unloaded after import = 9

========================================================================
Received Import Request.
  Time since last request: 0.000028 seconds.
  path: Assets/SimplePoly City - Low Poly Assets/Models/Natures_Pot Bush_small.fbx
  artifactKey: Guid(2c5a85095f7a19d479cf428b0ed03e0b) Importer(815301076,1909f56bfc062723c751e8b465ee728b)
Start importing Assets/SimplePoly City - Low Poly Assets/Models/Natures_Pot Bush_small.fbx using Guid(2c5a85095f7a19d479cf428b0ed03e0b) Importer(815301076,1909f56bfc062723c751e8b465ee728b) (PreviewImporter) -> (artifact id: '7e98ac82c48c9f55bf2a6cf62e4ecf39') in 0.019628478 seconds
Number of updated asset objects reloaded before import = 0Number of asset objects unloaded after import = 9

========================================================================
Received Import Request.
  Time since last request: 0.000024 seconds.
  path: Assets/UnityTechnologies/ParticlePack/EffectExamples/Magic Effects/Prefabs/IceLance.prefab
  artifactKey: Guid(1a1c02facd51d87458dcaa3a761e2c03) Importer(815301076,1909f56bfc062723c751e8b465ee728b)
Start importing Assets/UnityTechnologies/ParticlePack/EffectExamples/Magic Effects/Prefabs/IceLance.prefab using Guid(1a1c02facd51d87458dcaa3a761e2c03) Importer(815301076,1909f56bfc062723c751e8b465ee728b) (PreviewImporter) -> (artifact id: '4f1c5c2eab374ed1f9ba7aaa60374cb9') in 2.892859063 seconds
Number of updated asset objects reloaded before import = 0Number of asset objects unloaded after import = 46

========================================================================
Received Import Request.
  Time since last request: 0.000025 seconds.
  path: Assets/SimplePoly City - Low Poly Assets/Models/Building_Restaurant.fbx
  artifactKey: Guid(efc62b24c745a1f469c0d1453dfb41e3) Importer(815301076,1909f56bfc062723c751e8b465ee728b)
Start importing Assets/SimplePoly City - Low Poly Assets/Models/Building_Restaurant.fbx using Guid(efc62b24c745a1f469c0d1453dfb41e3) Importer(815301076,1909f56bfc062723c751e8b465ee728b) (PreviewImporter) -> (artifact id: 'b284a61fed1cb437e3b0a82f8a94d0da') in 0.012217573 seconds
Number of updated asset objects reloaded before import = 0Number of asset objects unloaded after import = 9

========================================================================
Received Import Request.
  Time since last request: 0.000034 seconds.
  path: Assets/FantasyMedievalTown_LITE/Models/HouseWall_08.fbx
  artifactKey: Guid(f8a8c40c38c3827428f0d23ae93856a4) Importer(815301076,1909f56bfc062723c751e8b465ee728b)
Start importing Assets/FantasyMedievalTown_LITE/Models/HouseWall_08.fbx using Guid(f8a8c40c38c3827428f0d23ae93856a4) Importer(815301076,1909f56bfc062723c751e8b465ee728b) (PreviewImporter) -> (artifact id: '7415b2f6ad486f2ac4ee0540921e74ee') in 0.038124936 seconds
Number of updated asset objects reloaded before import = 0Number of asset objects unloaded after import = 15

========================================================================
Received Import Request.
  Time since last request: 0.000030 seconds.
  path: Assets/SimplePoly City - Low Poly Assets/Models/Building_Gas Station.fbx
  artifactKey: Guid(25449c1a4c4ca004ead70b6c0889695b) Importer(815301076,1909f56bfc062723c751e8b465ee728b)
Start importing Assets/SimplePoly City - Low Poly Assets/Models/Building_Gas Station.fbx using Guid(25449c1a4c4ca004ead70b6c0889695b) Importer(815301076,1909f56bfc062723c751e8b465ee728b) (PreviewImporter) -> (artifact id: '9927e738f88a58c7159ee4a5aaa46d3a') in 0.017052894 seconds
Number of updated asset objects reloaded before import = 0Number of asset objects unloaded after import = 9

========================================================================
Received Import Request.
  Time since last request: 0.000025 seconds.
  path: Assets/SimplePoly City - Low Poly Assets/Models/Building_Shoes Shop.fbx
  artifactKey: Guid(27c09c8008c0ada409e024a1dc2186c0) Importer(815301076,1909f56bfc062723c751e8b465ee728b)
Start importing Assets/SimplePoly City - Low Poly Assets/Models/Building_Shoes Shop.fbx using Guid(27c09c8008c0ada409e024a1dc2186c0) Importer(815301076,1909f56bfc062723c751e8b465ee728b) (PreviewImporter) -> (artifact id: '8a2a1df552494c180218631b96639856') in 0.012646209 seconds
Number of updated asset objects reloaded before import = 0Number of asset objects unloaded after import = 9

========================================================================
Received Import Request.
  Time since last request: 0.000020 seconds.
  path: Assets/Starter Assets/Runtime/FirstPersonController/Prefabs/MainCamera.prefab
  artifactKey: Guid(2d3a85ecde41a8246a79669975912b74) Importer(815301076,1909f56bfc062723c751e8b465ee728b)
Start importing Assets/Starter Assets/Runtime/FirstPersonController/Prefabs/MainCamera.prefab using Guid(2d3a85ecde41a8246a79669975912b74) Importer(815301076,1909f56bfc062723c751e8b465ee728b) (PreviewImporter) -> (artifact id: 'd87943210c851102e4c508709a6b2096') in 0.003935876 seconds
Number of updated asset objects reloaded before import = 0Number of asset objects unloaded after import = 8

========================================================================
Received Import Request.
  Time since last request: 0.000022 seconds.
  path: Assets/Starter Assets/Sample/Environment/Prefabs/Box_100x100x100_Prefab.prefab
  artifactKey: Guid(e5f4daf24146ee040b5a2d7a73b30aa0) Importer(815301076,1909f56bfc062723c751e8b465ee728b)
Start importing Assets/Starter Assets/Sample/Environment/Prefabs/Box_100x100x100_Prefab.prefab using Guid(e5f4daf24146ee040b5a2d7a73b30aa0) Importer(815301076,1909f56bfc062723c751e8b465ee728b) (PreviewImporter) -> (artifact id: '91873d59e7083083cc1587acbfa749d7') in 0.009207633 seconds
Number of updated asset objects reloaded before import = 0Number of asset objects unloaded after import = 11

========================================================================
Received Import Request.
  Time since last request: 0.000022 seconds.
  path: Assets/YughuesFreeBushes2018/Meshes/OLD/bush_03.obj
  artifactKey: Guid(622cd4aba51b9004bafb09b503395868) Importer(815301076,1909f56bfc062723c751e8b465ee728b)
Start importing Assets/YughuesFreeBushes2018/Meshes/OLD/bush_03.obj using Guid(622cd4aba51b9004bafb09b503395868) Importer(815301076,1909f56bfc062723c751e8b465ee728b) (PreviewImporter) -> (artifact id: '5e1f1886a7062391c8b3d631d9f08212') in 0.055174694 seconds
Number of updated asset objects reloaded before import = 0Number of asset objects unloaded after import = 22

========================================================================
Received Import Request.
  Time since last request: 0.000026 seconds.
  path: Assets/UnityTechnologies/ParticlePack/EffectExamples/Misc Effects/Models/FireFly.fbx
  artifactKey: Guid(dc6b02b1d8deafa448e0985c40c217ae) Importer(815301076,1909f56bfc062723c751e8b465ee728b)
Start importing Assets/UnityTechnologies/ParticlePack/EffectExamples/Misc Effects/Models/FireFly.fbx using Guid(dc6b02b1d8deafa448e0985c40c217ae) Importer(815301076,1909f56bfc062723c751e8b465ee728b) (PreviewImporter) -> (artifact id: '149ca34f0f68dfb16775747cf8fdb474') in 0.010850655 seconds
Number of updated asset objects reloaded before import = 0Number of asset objects unloaded after import = 7

========================================================================
Received Import Request.
  Time since last request: 0.000043 seconds.
  path: Assets/UnityTechnologies/ParticlePack/EffectExamples/Fire & Explosion Effects/Prefabs/FlameThrower.prefab
  artifactKey: Guid(007c57e2df8e9b144b99f471b84f3d56) Importer(815301076,1909f56bfc062723c751e8b465ee728b)
Start importing Assets/UnityTechnologies/ParticlePack/EffectExamples/Fire & Explosion Effects/Prefabs/FlameThrower.prefab using Guid(007c57e2df8e9b144b99f471b84f3d56) Importer(815301076,1909f56bfc062723c751e8b465ee728b) (PreviewImporter) -> (artifact id: 'a008ec1fa09d1bdd760afe1b2d90b566') in 0.020080049 seconds
Number of updated asset objects reloaded before import = 0Number of asset objects unloaded after import = 20

========================================================================
Received Import Request.
  Time since last request: 0.000022 seconds.
  path: Assets/UnityTechnologies/ParticlePack/EffectExamples/Misc Effects/Models/Flakes.fbx
  artifactKey: Guid(dc789956fe23a1941adff98b407addf0) Importer(815301076,1909f56bfc062723c751e8b465ee728b)
Start importing Assets/UnityTechnologies/ParticlePack/EffectExamples/Misc Effects/Models/Flakes.fbx using Guid(dc789956fe23a1941adff98b407addf0) Importer(815301076,1909f56bfc062723c751e8b465ee728b) (PreviewImporter) -> (artifact id: '50bd64b68f18c7719acf0ad08a7a7fd4') in 0.041487808 seconds
Number of updated asset objects reloaded before import = 0Number of asset objects unloaded after import = 19

========================================================================
Received Import Request.
  Time since last request: 0.000022 seconds.
  path: Assets/SimplePoly City - Low Poly Assets/Prefab/Natures/Natures_Big Tree.prefab
  artifactKey: Guid(b82e76f4092b7d24aaeecddf36fe8d3b) Importer(815301076,1909f56bfc062723c751e8b465ee728b)
Start importing Assets/SimplePoly City - Low Poly Assets/Prefab/Natures/Natures_Big Tree.prefab using Guid(b82e76f4092b7d24aaeecddf36fe8d3b) Importer(815301076,1909f56bfc062723c751e8b465ee728b) (PreviewImporter) -> (artifact id: '32b209329c8a317c402506522a2bd130') in 0.00990538 seconds
Number of updated asset objects reloaded before import = 0Number of asset objects unloaded after import = 10

========================================================================
Received Import Request.
  Time since last request: 0.000023 seconds.
  path: Assets/FantasyMedievalTown_LITE/Prefabs/FlowerPot_03_LITE.prefab
  artifactKey: Guid(1a09ebba9d893894da11cb4098853e64) Importer(815301076,1909f56bfc062723c751e8b465ee728b)
Start importing Assets/FantasyMedievalTown_LITE/Prefabs/FlowerPot_03_LITE.prefab using Guid(1a09ebba9d893894da11cb4098853e64) Importer(815301076,1909f56bfc062723c751e8b465ee728b) (PreviewImporter) -> (artifact id: '18c087361069b1030895ee5233ae2b18') in 1.269636473 seconds
Number of updated asset objects reloaded before import = 0Number of asset objects unloaded after import = 19

========================================================================
Received Import Request.
  Time since last request: 0.000027 seconds.
  path: Assets/SimplePoly City - Low Poly Assets/Models/Natures_House Floor.fbx
  artifactKey: Guid(c7327ddbb4f55824eb37461c53fdd55d) Importer(815301076,1909f56bfc062723c751e8b465ee728b)
Start importing Assets/SimplePoly City - Low Poly Assets/Models/Natures_House Floor.fbx using Guid(c7327ddbb4f55824eb37461c53fdd55d) Importer(815301076,1909f56bfc062723c751e8b465ee728b) (PreviewImporter) -> (artifact id: 'c6ad058283f0fab974f8fa534102733b') in 0.013343151 seconds
Number of updated asset objects reloaded before import = 0Number of asset objects unloaded after import = 9

========================================================================
Received Import Request.
  Time since last request: 0.000032 seconds.
  path: Assets/Low Poly Weapons/weapons/pistol/pistol.fbx
  artifactKey: Guid(93e042d0c806d3d408abf0080bc775ae) Importer(815301076,1909f56bfc062723c751e8b465ee728b)
Start importing Assets/Low Poly Weapons/weapons/pistol/pistol.fbx using Guid(93e042d0c806d3d408abf0080bc775ae) Importer(815301076,1909f56bfc062723c751e8b465ee728b) (PreviewImporter) -> (artifact id: '4f14ae745555935a7b98507ab99f2184') in 0.151479451 seconds
Number of updated asset objects reloaded before import = 0Number of asset objects unloaded after import = 50

========================================================================
Received Import Request.
  Time since last request: 0.000024 seconds.
  path: Assets/TENKOKU - DYNAMIC SKY/EFFECTS/fxRainFogTest.prefab
  artifactKey: Guid(cc416020c0c84ff4daab581666ec99a4) Importer(815301076,1909f56bfc062723c751e8b465ee728b)
Start importing Assets/TENKOKU - DYNAMIC SKY/EFFECTS/fxRainFogTest.prefab using Guid(cc416020c0c84ff4daab581666ec99a4) Importer(815301076,1909f56bfc062723c751e8b465ee728b) (PreviewImporter) -> (artifact id: '1d2c369025fd543e4d9f11ed7be2043f') in 0.009627611 seconds
Number of updated asset objects reloaded before import = 0Number of asset objects unloaded after import = 8

========================================================================
Received Import Request.
  Time since last request: 0.000019 seconds.
  path: Assets/TENKOKU - DYNAMIC SKY/EFFECTS/fxRainSplash.prefab
  artifactKey: Guid(ab51236a129e8fb4b95d7d6cfbabbec9) Importer(815301076,1909f56bfc062723c751e8b465ee728b)
Start importing Assets/TENKOKU - DYNAMIC SKY/EFFECTS/fxRainSplash.prefab using Guid(ab51236a129e8fb4b95d7d6cfbabbec9) Importer(815301076,1909f56bfc062723c751e8b465ee728b) (PreviewImporter) -> (artifact id: '3be1d57956d048b202eaa8f8e7be09cc') in 0.020186691 seconds
Number of updated asset objects reloaded before import = 0Number of asset objects unloaded after import = 8

========================================================================
Received Import Request.
  Time since last request: 0.000026 seconds.
  path: Assets/Low Poly Weapons/weapons/combatKnife/combatKnife.fbx
  artifactKey: Guid(78b5cbe777d209e4d99cd918f948e5e4) Importer(815301076,1909f56bfc062723c751e8b465ee728b)
Start importing Assets/Low Poly Weapons/weapons/combatKnife/combatKnife.fbx using Guid(78b5cbe777d209e4d99cd918f948e5e4) Importer(815301076,1909f56bfc062723c751e8b465ee728b) (PreviewImporter) -> (artifact id: '634201c0aad290f98bcda4cf63c64940') in 0.026265071 seconds
Number of updated asset objects reloaded before import = 0Number of asset objects unloaded after import = 8

========================================================================
Received Import Request.
  Time since last request: 0.000036 seconds.
  path: Assets/FantasyMedievalTown_LITE/Models/Lantern_01.fbx
  artifactKey: Guid(c80cde09c2f58844bacf5ac2bf60dee9) Importer(815301076,1909f56bfc062723c751e8b465ee728b)
Start importing Assets/FantasyMedievalTown_LITE/Models/Lantern_01.fbx using Guid(c80cde09c2f58844bacf5ac2bf60dee9) Importer(815301076,1909f56bfc062723c751e8b465ee728b) (PreviewImporter) -> (artifact id: '92994270bdb46587e09860099e7097e4') in 0.049216118 seconds
Number of updated asset objects reloaded before import = 0Number of asset objects unloaded after import = 20

========================================================================
Received Import Request.
  Time since last request: 0.000031 seconds.
  path: Assets/SimplePoly City - Low Poly Assets/Models/Natures_Grass Tile.fbx
  artifactKey: Guid(fbb8756519c039b4f804c77c5e3293f9) Importer(815301076,1909f56bfc062723c751e8b465ee728b)
Start importing Assets/SimplePoly City - Low Poly Assets/Models/Natures_Grass Tile.fbx using Guid(fbb8756519c039b4f804c77c5e3293f9) Importer(815301076,1909f56bfc062723c751e8b465ee728b) (PreviewImporter) -> (artifact id: 'bc034839102fcb487d2a10d8d60c709a') in 0.012949347 seconds
Number of updated asset objects reloaded before import = 0Number of asset objects unloaded after import = 9

========================================================================
Received Import Request.
  Time since last request: 0.000024 seconds.
  path: Assets/SimplePoly City - Low Poly Assets/Prefab/Buildings/Building Sky_big_color02.prefab
  artifactKey: Guid(694e1313d3f12e84aaf959ff6960ddaf) Importer(815301076,1909f56bfc062723c751e8b465ee728b)
Start importing Assets/SimplePoly City - Low Poly Assets/Prefab/Buildings/Building Sky_big_color02.prefab using Guid(694e1313d3f12e84aaf959ff6960ddaf) Importer(815301076,1909f56bfc062723c751e8b465ee728b) (PreviewImporter) -> (artifact id: 'ce413b469091bd30de5c32693f8f02b2') in 0.019116541 seconds
Number of updated asset objects reloaded before import = 0Number of asset objects unloaded after import = 10

========================================================================
Received Import Request.
  Time since last request: 0.000022 seconds.
  path: Assets/SimplePoly City - Low Poly Assets/Prefab/Buildings/Building Sky_big_color03.prefab
  artifactKey: Guid(1d3fc70685d97b748ac1264d8da02551) Importer(815301076,1909f56bfc062723c751e8b465ee728b)
Start importing Assets/SimplePoly City - Low Poly Assets/Prefab/Buildings/Building Sky_big_color03.prefab using Guid(1d3fc70685d97b748ac1264d8da02551) Importer(815301076,1909f56bfc062723c751e8b465ee728b) (PreviewImporter) -> (artifact id: '04c1c80d4d89872d61b6dc64d792780d') in 0.01277776 seconds
Number of updated asset objects reloaded before import = 0Number of asset objects unloaded after import = 10

========================================================================
Received Import Request.
  Time since last request: 0.000020 seconds.
  path: Assets/SimplePoly City - Low Poly Assets/Prefab/Buildings/Building_Fast Food.prefab
  artifactKey: Guid(4dc7028a3a83758439585b7c7c98cb27) Importer(815301076,1909f56bfc062723c751e8b465ee728b)
Start importing Assets/SimplePoly City - Low Poly Assets/Prefab/Buildings/Building_Fast Food.prefab using Guid(4dc7028a3a83758439585b7c7c98cb27) Importer(815301076,1909f56bfc062723c751e8b465ee728b) (PreviewImporter) -> (artifact id: 'dc925d77d51ff1d270090b250bd4d087') in 0.009409775 seconds
Number of updated asset objects reloaded before import = 0Number of asset objects unloaded after import = 10

========================================================================
Received Import Request.
  Time since last request: 0.000023 seconds.
  path: Assets/UnityTechnologies/ParticlePack/EffectExamples/Fire & Explosion Effects/Prefabs/BigExplosion.prefab
  artifactKey: Guid(e1b08032bec16ba4eb1ae23cbd572664) Importer(815301076,1909f56bfc062723c751e8b465ee728b)
Start importing Assets/UnityTechnologies/ParticlePack/EffectExamples/Fire & Explosion Effects/Prefabs/BigExplosion.prefab using Guid(e1b08032bec16ba4eb1ae23cbd572664) Importer(815301076,1909f56bfc062723c751e8b465ee728b) (PreviewImporter) -> (artifact id: '58c27872329a9fc8ae602c9df44b8fa3') in 1.119314393 seconds
Number of updated asset objects reloaded before import = 0Number of asset objects unloaded after import = 53

========================================================================
Received Import Request.
  Time since last request: 0.000050 seconds.
  path: Assets/UnityTechnologies/ParticlePack/EffectExamples/Goop Effects/Prefabs/GoopSprayEffect.prefab
  artifactKey: Guid(abb9f519b142e304d9c45b56afa768bc) Importer(815301076,1909f56bfc062723c751e8b465ee728b)
Start importing Assets/UnityTechnologies/ParticlePack/EffectExamples/Goop Effects/Prefabs/GoopSprayEffect.prefab using Guid(abb9f519b142e304d9c45b56afa768bc) Importer(815301076,1909f56bfc062723c751e8b465ee728b) (PreviewImporter) -> (artifact id: 'bb42d2c9d1dfb2f1b24aa6a020ac0296') in 0.999754706 seconds
Number of updated asset objects reloaded before import = 0Number of asset objects unloaded after import = 14

========================================================================
Received Import Request.
  Time since last request: 0.000033 seconds.
  path: Assets/SimplePoly City - Low Poly Assets/Prefab/Natures/Natures_House Floor.prefab
  artifactKey: Guid(2d5fb229ae2945742b900a405a5e7a0b) Importer(815301076,1909f56bfc062723c751e8b465ee728b)
Start importing Assets/SimplePoly City - Low Poly Assets/Prefab/Natures/Natures_House Floor.prefab using Guid(2d5fb229ae2945742b900a405a5e7a0b) Importer(815301076,1909f56bfc062723c751e8b465ee728b) (PreviewImporter) -> (artifact id: '2405cd61e127767a2d04e72e709c7c03') in 0.007187815 seconds
Number of updated asset objects reloaded before import = 0Number of asset objects unloaded after import = 12

========================================================================
Received Import Request.
  Time since last request: 0.000020 seconds.
  path: Assets/SimplePoly City - Low Poly Assets/Prefab/Natures/Natures_Rock_small.prefab
  artifactKey: Guid(9ec25066ec33fa84d9227e27c5f5a8a0) Importer(815301076,1909f56bfc062723c751e8b465ee728b)
Start importing Assets/SimplePoly City - Low Poly Assets/Prefab/Natures/Natures_Rock_small.prefab using Guid(9ec25066ec33fa84d9227e27c5f5a8a0) Importer(815301076,1909f56bfc062723c751e8b465ee728b) (PreviewImporter) -> (artifact id: 'aa747b95a99a34850c4234fe516f3dda') in 0.018675271 seconds
Number of updated asset objects reloaded before import = 0Number of asset objects unloaded after import = 10

========================================================================
Received Import Request.
  Time since last request: 0.000018 seconds.
  path: Assets/Starter Assets/Runtime/ThirdPersonController/Character/Models/Armature.fbx
  artifactKey: Guid(36078ab0369161e49a29d349ae3e0739) Importer(815301076,1909f56bfc062723c751e8b465ee728b)
Start importing Assets/Starter Assets/Runtime/ThirdPersonController/Character/Models/Armature.fbx using Guid(36078ab0369161e49a29d349ae3e0739) Importer(815301076,1909f56bfc062723c751e8b465ee728b) (PreviewImporter) -> (artifact id: '4d087e7a888d7b74a77fafab3d041d1d') in 0.039164217 seconds
Number of updated asset objects reloaded before import = 0Number of asset objects unloaded after import = 150

========================================================================
Received Import Request.
  Time since last request: 0.000021 seconds.
  path: Assets/SimplePoly City - Low Poly Assets/Models/Natures_Bush_01.fbx
  artifactKey: Guid(736724502c2975348b2f19e5e99e1ec5) Importer(815301076,1909f56bfc062723c751e8b465ee728b)
Start importing Assets/SimplePoly City - Low Poly Assets/Models/Natures_Bush_01.fbx using Guid(736724502c2975348b2f19e5e99e1ec5) Importer(815301076,1909f56bfc062723c751e8b465ee728b) (PreviewImporter) -> (artifact id: 'f5fb2c2db3ad390ddecb3fa6e93fe782') in 0.019207647 seconds
Number of updated asset objects reloaded before import = 0Number of asset objects unloaded after import = 9

========================================================================
Received Import Request.
  Time since last request: 0.000023 seconds.
  path: Assets/UnityTechnologies/ParticlePack/EffectExamples/Misc Effects/Prefabs/ParticlesLight.prefab
  artifactKey: Guid(61a6b3a108030e54ba372fe7097916d0) Importer(815301076,1909f56bfc062723c751e8b465ee728b)
Start importing Assets/UnityTechnologies/ParticlePack/EffectExamples/Misc Effects/Prefabs/ParticlesLight.prefab using Guid(61a6b3a108030e54ba372fe7097916d0) Importer(815301076,1909f56bfc062723c751e8b465ee728b) (PreviewImporter) -> (artifact id: 'f38f599146b012da623d3034808bdcaf') in 0.00169903 seconds
Number of updated asset objects reloaded before import = 0Number of asset objects unloaded after import = 6

========================================================================
Received Import Request.
  Time since last request: 0.000025 seconds.
  path: Assets/SimplePoly City - Low Poly Assets/Prefab/Buildings/Building_House_04_color01.prefab
  artifactKey: Guid(63243ce2fd6113e4384abc2d949cb799) Importer(815301076,1909f56bfc062723c751e8b465ee728b)
Start importing Assets/SimplePoly City - Low Poly Assets/Prefab/Buildings/Building_House_04_color01.prefab using Guid(63243ce2fd6113e4384abc2d949cb799) Importer(815301076,1909f56bfc062723c751e8b465ee728b) (PreviewImporter) -> (artifact id: 'd0598f56fc4b0b1d977214f6b23d7df0') in 0.00886785 seconds
Number of updated asset objects reloaded before import = 0Number of asset objects unloaded after import = 10

========================================================================
Received Import Request.
  Time since last request: 0.000025 seconds.
  path: Assets/GVOZDY/Round Four-Tier Water Fountain/Prefabs/fountain_4_light.prefab
  artifactKey: Guid(03a5331808f24d844b75b1d8c16614c5) Importer(815301076,1909f56bfc062723c751e8b465ee728b)
Start importing Assets/GVOZDY/Round Four-Tier Water Fountain/Prefabs/fountain_4_light.prefab using Guid(03a5331808f24d844b75b1d8c16614c5) Importer(815301076,1909f56bfc062723c751e8b465ee728b) (PreviewImporter) -> (artifact id: 'ec976f843096fefc41a7449f527f37e8') in 0.030272309 seconds
Number of updated asset objects reloaded before import = 0Number of asset objects unloaded after import = 21

========================================================================
Received Import Request.
  Time since last request: 0.000036 seconds.
  path: Assets/Starter Assets/Runtime/ThirdPersonController/Prefabs/PlayerArmature.prefab
  artifactKey: Guid(64dce48905ffd9b4293e595fa6941544) Importer(815301076,1909f56bfc062723c751e8b465ee728b)
Start importing Assets/Starter Assets/Runtime/ThirdPersonController/Prefabs/PlayerArmature.prefab using Guid(64dce48905ffd9b4293e595fa6941544) Importer(815301076,1909f56bfc062723c751e8b465ee728b) (PreviewImporter) -> (artifact id: '0e594baf74734565ad8c1acd14756f2d') in 1.173838988 seconds
Number of updated asset objects reloaded before import = 0Number of asset objects unloaded after import = 206

========================================================================
Received Import Request.
  Time since last request: 0.000034 seconds.
  path: Assets/UnityTechnologies/ParticlePack/EffectExamples/Smoke & Steam Effects/Prefabs/PressurisedSteam.prefab
  artifactKey: Guid(61bb62591466c3649bdf4905822d72f6) Importer(815301076,1909f56bfc062723c751e8b465ee728b)
Start importing Assets/UnityTechnologies/ParticlePack/EffectExamples/Smoke & Steam Effects/Prefabs/PressurisedSteam.prefab using Guid(61bb62591466c3649bdf4905822d72f6) Importer(815301076,1909f56bfc062723c751e8b465ee728b) (PreviewImporter) -> (artifact id: 'f354c1c9b9245e8d941a3e468f6a1b57') in 0.012517763 seconds
Number of updated asset objects reloaded before import = 0Number of asset objects unloaded after import = 13

========================================================================
Received Import Request.
  Time since last request: 0.000033 seconds.
  path: Assets/SimplePoly City - Low Poly Assets/Prefab/Props/Props_Roof Antenna.prefab
  artifactKey: Guid(acf38ccf2258add4ba3aa2d89b708d2a) Importer(815301076,1909f56bfc062723c751e8b465ee728b)
Start importing Assets/SimplePoly City - Low Poly Assets/Prefab/Props/Props_Roof Antenna.prefab using Guid(acf38ccf2258add4ba3aa2d89b708d2a) Importer(815301076,1909f56bfc062723c751e8b465ee728b) (PreviewImporter) -> (artifact id: 'e92ee6f4ef6fdedf9a269fd9a97fbfaa') in 0.009599414 seconds
Number of updated asset objects reloaded before import = 0Number of asset objects unloaded after import = 10

========================================================================
Received Import Request.
  Time since last request: 0.000022 seconds.
  path: Assets/FantasyMedievalTown_LITE/Models/HouseBase_03.fbx
  artifactKey: Guid(d09939746e87823448a3634191a50b4e) Importer(815301076,1909f56bfc062723c751e8b465ee728b)
Start importing Assets/FantasyMedievalTown_LITE/Models/HouseBase_03.fbx using Guid(d09939746e87823448a3634191a50b4e) Importer(815301076,1909f56bfc062723c751e8b465ee728b) (PreviewImporter) -> (artifact id: '5e3a216aadd28bf3f76b31412466faaa') in 0.064687954 seconds
Number of updated asset objects reloaded before import = 0Number of asset objects unloaded after import = 20

========================================================================
Received Import Request.
  Time since last request: 0.000021 seconds.
  path: Assets/SimplePoly City - Low Poly Assets/Models/Natures_Fir Tree.fbx
  artifactKey: Guid(a4051385261ccbb45a4060203fd8d66e) Importer(815301076,1909f56bfc062723c751e8b465ee728b)
Start importing Assets/SimplePoly City - Low Poly Assets/Models/Natures_Fir Tree.fbx using Guid(a4051385261ccbb45a4060203fd8d66e) Importer(815301076,1909f56bfc062723c751e8b465ee728b) (PreviewImporter) -> (artifact id: '3edaa174444b63ee7cbec7f8adb743f4') in 0.015363674 seconds
Number of updated asset objects reloaded before import = 0Number of asset objects unloaded after import = 9

========================================================================
Received Import Request.
  Time since last request: 0.000025 seconds.
  path: Assets/SimplePoly City - Low Poly Assets/Models/Props_Hydrant.fbx
  artifactKey: Guid(aa7a6aea7692eb346af29dcc7e73ee95) Importer(815301076,1909f56bfc062723c751e8b465ee728b)
Start importing Assets/SimplePoly City - Low Poly Assets/Models/Props_Hydrant.fbx using Guid(aa7a6aea7692eb346af29dcc7e73ee95) Importer(815301076,1909f56bfc062723c751e8b465ee728b) (PreviewImporter) -> (artifact id: 'e8662547b1882120f5ab892db390a406') in 0.008227904 seconds
Number of updated asset objects reloaded before import = 0Number of asset objects unloaded after import = 9

========================================================================
Received Import Request.
  Time since last request: 0.000025 seconds.
  path: Assets/Starter Assets/Sample/Environment/Art/Models/Box_350x250x300_Mesh.fbx
  artifactKey: Guid(d2f0da3998423f44594868ffed55c3e6) Importer(815301076,1909f56bfc062723c751e8b465ee728b)
Start importing Assets/Starter Assets/Sample/Environment/Art/Models/Box_350x250x300_Mesh.fbx using Guid(d2f0da3998423f44594868ffed55c3e6) Importer(815301076,1909f56bfc062723c751e8b465ee728b) (PreviewImporter) -> (artifact id: '990b7ad29a096bd874b7bf6a356264af') in 0.020330804 seconds
Number of updated asset objects reloaded before import = 0Number of asset objects unloaded after import = 8

========================================================================
Received Import Request.
  Time since last request: 0.000032 seconds.
  path: Assets/Adventure_Character/Prefabs/Man_Full.prefab
  artifactKey: Guid(5358fd1db56fd5f4ebd3a9185f223155) Importer(815301076,1909f56bfc062723c751e8b465ee728b)
Start importing Assets/Adventure_Character/Prefabs/Man_Full.prefab using Guid(5358fd1db56fd5f4ebd3a9185f223155) Importer(815301076,1909f56bfc062723c751e8b465ee728b) (PreviewImporter) -> (artifact id: '7b943ffc965dbe5b0bb0562734aac68d') in 0.211717955 seconds
Number of updated asset objects reloaded before import = 0Number of asset objects unloaded after import = 199

========================================================================
Received Import Request.
  Time since last request: 0.000040 seconds.
  path: Assets/Adventure_Character/Prefabs/Man_04.prefab
  artifactKey: Guid(889d24f8fc349cf45b463fb9b13b0143) Importer(815301076,1909f56bfc062723c751e8b465ee728b)
Start importing Assets/Adventure_Character/Prefabs/Man_04.prefab using Guid(889d24f8fc349cf45b463fb9b13b0143) Importer(815301076,1909f56bfc062723c751e8b465ee728b) (PreviewImporter) -> (artifact id: '26d871cf5de7ab105ada42e1e52cba8b') in 0.150063112 seconds
Number of updated asset objects reloaded before import = 0Number of asset objects unloaded after import = 199

========================================================================
Received Import Request.
  Time since last request: 0.000028 seconds.
  path: Assets/SimplePoly City - Low Poly Assets/Prefab/Natures/Natures_Bush_02.prefab
  artifactKey: Guid(f75f232634166cc459a69e7fd7a30880) Importer(815301076,1909f56bfc062723c751e8b465ee728b)
Start importing Assets/SimplePoly City - Low Poly Assets/Prefab/Natures/Natures_Bush_02.prefab using Guid(f75f232634166cc459a69e7fd7a30880) Importer(815301076,1909f56bfc062723c751e8b465ee728b) (PreviewImporter) -> (artifact id: 'c29594cd61145aee87a561a6478720bd') in 0.006915746 seconds
Number of updated asset objects reloaded before import = 0Number of asset objects unloaded after import = 10

========================================================================
Received Import Request.
  Time since last request: 0.000020 seconds.
  path: Assets/SimplePoly City - Low Poly Assets/Prefab/Buildings/Building_Stadium.prefab
  artifactKey: Guid(00b78b03851cb0748b61d9005fb73b49) Importer(815301076,1909f56bfc062723c751e8b465ee728b)
Start importing Assets/SimplePoly City - Low Poly Assets/Prefab/Buildings/Building_Stadium.prefab using Guid(00b78b03851cb0748b61d9005fb73b49) Importer(815301076,1909f56bfc062723c751e8b465ee728b) (PreviewImporter) -> (artifact id: 'd4aaeaa6564215004d32597a53b82f43') in 0.012131721 seconds
Number of updated asset objects reloaded before import = 0Number of asset objects unloaded after import = 10

========================================================================
Received Import Request.
  Time since last request: 0.000030 seconds.
  path: Assets/UnityTechnologies/ParticlePack/Shared/Environment/Models/LongOverhangWall.fbx
  artifactKey: Guid(8e725cb41275efd4b90ded8d12a97e28) Importer(815301076,1909f56bfc062723c751e8b465ee728b)
Start importing Assets/UnityTechnologies/ParticlePack/Shared/Environment/Models/LongOverhangWall.fbx using Guid(8e725cb41275efd4b90ded8d12a97e28) Importer(815301076,1909f56bfc062723c751e8b465ee728b) (PreviewImporter) -> (artifact id: '5396982831138c06f6d00914ea001c89') in 0.07247792 seconds
Number of updated asset objects reloaded before import = 0Number of asset objects unloaded after import = 25

========================================================================
Received Import Request.
  Time since last request: 0.000036 seconds.
  path: Assets/SimplePoly City - Low Poly Assets/Prefab/Buildings/Building_House_02_color03.prefab
  artifactKey: Guid(3a0bc997d3424474696ad8d2e7d684ab) Importer(815301076,1909f56bfc062723c751e8b465ee728b)
Start importing Assets/SimplePoly City - Low Poly Assets/Prefab/Buildings/Building_House_02_color03.prefab using Guid(3a0bc997d3424474696ad8d2e7d684ab) Importer(815301076,1909f56bfc062723c751e8b465ee728b) (PreviewImporter) -> (artifact id: '8d1b3ab62e92adc0d8ed0e58161cd494') in 0.006624424 seconds
Number of updated asset objects reloaded before import = 0Number of asset objects unloaded after import = 10

========================================================================
Received Import Request.
  Time since last request: 0.000022 seconds.
  path: Assets/Starter Assets/Runtime/ThirdPersonController/Character/Animations/Locomotion--Run_S.anim.fbx
  artifactKey: Guid(a073c604c44135e438eeeaef77058ac5) Importer(815301076,1909f56bfc062723c751e8b465ee728b)
Start importing Assets/Starter Assets/Runtime/ThirdPersonController/Character/Animations/Locomotion--Run_S.anim.fbx using Guid(a073c604c44135e438eeeaef77058ac5) Importer(815301076,1909f56bfc062723c751e8b465ee728b) (PreviewImporter) -> (artifact id: 'e20ae0ac5b246b4bb8e4440807d4a3da') in 0.002939284 seconds
Number of updated asset objects reloaded before import = 0Number of asset objects unloaded after import = 143

